image_id,hash,fold,label,azimuth,prob_A_azimuth
train_00001.png,fddcfff9568c0f3443658153f3b53ac57336aaa2c9717fc35862110c0c370642,2,1,77.69,0.8997404044852213
train_00002.png,692aceacc4d1534baa3a5badd3054e7366d2005f18b078e57c8d57e15532719b,2,1,75.97,0.8957750676555452
train_00003.png,3e4248a2f774619ddd081e234a1cd2e890f9b209d634106ee5fe8d9cb526c4c2,0,1,172.66,0.934409405164246
train_00004.png,27c66b3122934f68c70d5b3a25436feaa5ca66e1371c72f7dea022f151d41e30,3,1,150.14,0.9510591755556566
train_00005.png,77ac19bae183ba6f0cf4337af7e6dee6152372dff1e6071d0cc98f842872a021,3,0,109.42,0.9451107754799094
train_00006.png,8691fddf2ebf032a271209446f9bf1975c789f81ef37b1aa1f20c63e67bf3e39,2,0,303.84,0.394538944401569
train_00007.png,bcb2666eb7f8d47cba1575bed73383c465bd1a1bb3d7d6be4893bf8abc9ad4bb,4,1,267.33,0.5209339123163307
train_00008.png,9dffd0868034ec7a1de80bd747cf41441bd3c7343d371cb6968dc2abaaea6f8f,3,1,356.73,0.4898985778673867
train_00009.png,81467dccf61cbb6409febe99a9aeba37963f8c46d2707d0a52d9807482acd0fa,3,0,177.07,0.9297616971386576
train_00010.png,b6fc7bb38b0eed34a0da3dbd358153a40c88e48955a1e3ceabfbbbbf2da46321,2,0,326.32,0.3969111837677759
train_00011.png,76ea507bd4812990d24667df8922281e57409bcdb9e217a697735b01b1f195f5,1,1,278.78,0.4662839978860608
train_00012.png,381e0cf99567a6e6e3a51060f250bfe026e124299d6de218d234134e9de77fb7,2,0,286.2,0.43636947729493025
train_00013.png,1ac017eef09fc7721c7e9e4c0f18c38a7e709418953e29fd1371088e8feef279,4,1,248.34,0.6377048334671662
train_00014.png,81a725f6b6eca71d144b75c3ac34c55f97ad721ba1ed3d6e6f30ff92cbf2fa5f,4,1,153.4,0.9478468286920847
train_00015.png,447cdcc9bc663768f96e710ddf395e2810ddeac1546a5aa06d888783d82192ff,1,0,277.36,0.4730514125964645
train_00016.png,f86ff699c31a3d736d6cdf6b5d9690e5d69e6c1b965f8bb0d2f8ec53cf505a29,3,0,283.31,0.4487386095009164
train_00017.png,c33e7d454cff1738227c6578f2450f35a1d7c94a215ad73c389f301c822c8996,4,0,289.09,0.4232956367263769
train_00018.png,3520b0e659df9284a5df958753239092d032ff50ef8a536a8590585378e095f4,4,0,354.6,0.47825838694530554
train_00019.png,64762108c3341e9dc7cf3e5f20fc7f8fc97004277dacb645e76a0e435a867404,4,0,265.65,0.5304502249783134
train_00020.png,759c5e3488ed063c8a5f31e84370049f57763ff2c433092fd3a734c54b11a626,3,0,106.18,0.9426778163732571
train_00021.png,feb43b6320287ec2241dd31a3a37e40d326e024a7b91fff1ccf152a9c3439268,2,1,132.16,0.9507184646681675
train_00022.png,8e8bc06471827f9b4d89801efb956ed0e94a93b71be775e47aa2e3d373093192,1,0,276.76,0.4759782095669165
train_00023.png,e3bc931a8b344249a4ef044a7e5e706b371a7a3c6293c92538f529199ab5234c,4,0,288.13,0.4264612689498188
train_00024.png,a17d48b77299a9fe18ffd280c1b66e1efb74a554adae7a51e751cbb71dd82aca,0,1,320.0,0.37851400678178326
train_00025.png,aa150407530eb030e259be24743350d291b3a42d5d7db0120bfcbc0ff59dbc47,1,1,140.59,0.9550468713554439
train_00026.png,2e42e6bdde6a9363dbd54f205bb34f8c6d5540de0f8d146b43d864e1cf04dbd3,2,0,289.84,0.4246202784556869
train_00027.png,6fdf3202ad353453c4779900b3cc68c70c04741b12affc4e8775ddaef866e1d2,3,1,70.81,0.8831856812958621
train_00028.png,a314616fa7549c067bea7676a0eae35ae635072768966e72d39ae4ab3dbcb084,0,0,331.15,0.3939762850021089
train_00029.png,926b7f4682fca88787b50066d9565fc08f58d27183a80bfab465a06cfb041ec9,1,0,278.81,0.46614346994927336
train_00030.png,349afb546f4ca3dc98d1e8da67c8ec6c856bf6d74d4a9ba953afa8a1024eeb7c,4,1,277.01,0.471130472358578
train_00031.png,7d6c6ba27cab735432121ff0654ee80e114ebd3556f032b2287b3ff553523329,2,1,177.89,0.923311554962467
train_00032.png,ad4092f2c2b01439c913fb13006f25d66e381e506b5382fc9b84102ec809f574,3,1,184.36,0.918724621383864
train_00033.png,fc158c29ed67df1f2ea06d60afbfb687eb55056ae04e3dbd18d874ecfa2d0db9,3,0,295.85,0.40789369594466024
train_00034.png,3483e504a6a74a3dfcb8e7958f6b75d2033384353e1fac31759cddfc07c55bbe,0,1,6.6,0.5436714574007672
train_00035.png,60f5604b0fdbe2656f24bfbfa9bafbbfc0dad862d12e6cc47b2b9521c5d69072,2,1,33.94,0.7205439581686485
train_00036.png,53bfbf4ce9016417b851159089153237c521fdf90ecb55c0e15b7d66db514cf8,1,0,312.04,0.37877609652627486
train_00037.png,7352be2750b867ac033cd60f855650fac04a1312581c2002436c2689d921f91e,1,0,253.09,0.616002094566733
train_00038.png,dfa37ba2fae32d6fda20b6711590652f38bea958a4451466b9c2b7c1d4e11ec0,2,0,344.03,0.44268008873183523
train_00039.png,1eb6e4c0ca6b65a98c81b6136ed18f283bf28ffacb77f3ddcd82ed38d2f5ecd6,4,0,161.59,0.9429634091210872
train_00040.png,73ea9e956de5cfff84616a70de9f5babb27ad8ec697295ed1ba2ae4b9de292c7,3,0,256.77,0.5905935935620275
train_00041.png,569d02edd82cbc8fb2ebb3e8abfd2c1b18b815750425dfde564aec141438fad7,3,0,285.28,0.4410475027635019
train_00042.png,fb776c3b3140f08c431e95d002eb51ed9ea0807ce1efc9c0332bc50ec9efdeaf,1,1,30.84,0.6928154027811747
train_00043.png,6e34a319cbb89cdb5222f6ebc5a1aedff649924964f53167ca17194281605a6b,1,1,296.16,0.4030753785670536
train_00044.png,9adc777a973500d6cf944621305561ae643b61ea98db251c3df5f94a22fbdbd5,4,1,19.58,0.6236620997428615
train_00045.png,7ef58c657a446e26fd77697687fe35c1cc097dc25e34e6c9842dbe91f16d9849,3,0,133.83,0.9536087747341611
train_00046.png,d2bab1edb92e00d42466e3b388710be76e95cf1bc7770561bc4cf5811e0d68c8,3,0,282.61,0.4515824492859653
train_00047.png,3a6c331866c38eb87bd21f8ea61b9088b0d35e25a1749ef9b00527ff541edebb,2,1,98.85,0.9337223000103156
train_00048.png,e33c4382448e8100c887c060d3d6510c078320ce9e2e177e6af2718e3c0ea883,4,1,46.78,0.7865490145189792
train_00049.png,67c3ea6ee8b7386cf62afe76a3b3ac2d62a11f11d2734f2750f98bdd6c3f2857,2,0,331.51,0.40633834549483516
train_00050.png,0d89c5b8e7f00ff1fc681fbf8624e8a69f7a982faa59a0903cbe223a31693f51,1,0,123.83,0.9535199247834705
train_00051.png,e151c12562f9c2d4706b96dbe76f5dc6f7d79e7d4fc1b1c7ae5d4b89f6baa0af,0,1,12.87,0.582665533538914
train_00052.png,3d60c234408fc83c292813a00935830d8b739ba0a2a83d6f8f1551425cd86d78,3,0,337.04,0.4128845428591593
train_00053.png,1646c2b4e8cc6a0d48309542bf35bc73d52bbdb95a53bdf5152ef539f5ea2c0a,4,1,173.36,0.9317840683112073
train_00054.png,ca382a860c894a98a7bc14f7fa870c3f1b3c82e3872c5cb5f65f400eec616924,4,0,272.23,0.4945790560481747
train_00055.png,153db39ca2d87bd0f015ecb866426ee2fa3001b3fc761ba8b6c0b9bb3286f3b7,3,0,337.46,0.41403753636053264
train_00056.png,b7774a978dab5ec01321e4c712cb47c36fc035a46b48a0c6d933079a9fb07fc9,1,1,100.94,0.9391874130753964
train_00057.png,54094ba2bcf233310e6e978f15559bbb7d08960f5c30c2a78ee4bf9781f9d48f,3,1,241.67,0.6872257331298818
train_00058.png,79f38869e5b6e86b9972f7eb3f63e9dd6b6b7236e4e9d06bbae67efe25672cc0,3,1,335.58,0.409048794615279
train_00059.png,d071b9c4cc16ed1e273c96673afe39ff81d12d095cb0b6f8f998477ce85ac8cd,3,0,301.06,0.3966976457319751
train_00060.png,2d435630f4a3fc5f4cbe549e33c1920466c56961387c4813efd344074e4ccc66,2,1,324.35,0.39420527894038687
train_00061.png,5902d38fa12d52801362b56ee4e20dc7989a9eede8ca4173bbc702ce9c0449bf,0,1,305.69,0.38174026985506465
train_00062.png,bccfcb245974f4c099a191318dbdc703316917eb19b3ac67b8ff15a0683e8cd0,2,0,325.45,0.3956569781769193
train_00063.png,aaab53844b01b52c15f1718e1b8e08fc7494aa7e8cfb2a1af71a01cb1b4fc38b,4,1,132.37,0.9519548990219189
train_00064.png,69c0690d19fd056f2781fc5562692b1ce801cebda519884682b26c927b8618a1,0,1,70.21,0.883650467349506
train_00065.png,ed54a2d8dba51808ad3d4ea329ee6f91f774d467794f3799c183a2bf3c6a9f68,2,1,168.25,0.9351297145564436
train_00066.png,bc94bbde1fcbfdbf28746b1cb902e51f20b37f1c2f21cd9955b107aed93e088b,0,0,348.43,0.4489789332563991
train_00067.png,6961af327e3528e42a306c32928e6f0f68f5c3865a604ecb4ac280a2b5c18ff0,2,1,306.51,0.39155107753611906
train_00068.png,2bae64758629cb1c19948f03c60f20f04ea8433fee587047d39fbc13a0a36d78,0,0,346.16,0.43964615705420285
train_00069.png,b547237c38b1cb755d9f80ac0ab5ff00a953b68e6821d5fffe8366cf633fff9b,3,1,2.14,0.5185342197567087
train_00070.png,8d22b96f0d139f3888e14ea10bdac15432be3c92091b645787e5f7e3eb4ae459,0,0,312.47,0.37698253167036755
train_00071.png,8095a81c30dbd3f416e5ed9c8c2f5751782dd1095408811386c43a82bf627386,3,1,35.98,0.7282808179146925
train_00072.png,f67416926528270b74b5b5d51a0ad4c83d34ef7d4797b6bac11c7db25d7ee46d,1,1,80.61,0.9080882666884641
train_00073.png,83fb25c7421f664dc4d573353c8c98c0925ab1750bfdf5f325702a897c1358a5,0,1,168.74,0.9386404804320708
train_00074.png,dbcab613245758bd07da224e3a60f717f4b233d809ff5708ec4dadc700c000cc,3,1,167.76,0.9401172673198595
train_00075.png,591ef3c675f1f44a05b9451bdac13094cd4000caecd1c0e3a3212f2ce2d79b5d,0,0,356.48,0.48685291454797175
train_00076.png,5d5fa3a08bc0f7cf5b87064ed04b983ffc253fade64014db71c90ed6b2773362,2,0,305.99,0.3920638258367778
train_00077.png,d490f7bbafbeb0ca98265ce4c9280bdb8b6857d586ddfdd7396a9efe856b8ad0,2,1,271.92,0.4971774947887651
train_00078.png,bd24299ed4a6859466ac0c99e7263ecf12aa5c6cf89a8bd09b2c05a9ea49f12a,0,0,280.1,0.4520824626964238
train_00079.png,7f43abc1c09c1ae434aa920719cee2710be7e8556a05811881b62886a56e4d30,1,1,49.28,0.7991044643578705
train_00080.png,d04824db1c7c3927a9b38a91716455fcbbda11aff0d537974a3a6013d7dcfc7d,2,1,195.93,0.887170245762469
train_00081.png,048c37320c4402462ab2995a7994770f83beeceebc71469f031e58f67d05807d,1,0,340.18,0.41485184563367317
train_00082.png,c9ce6450ddfc9050935c60f782d612bbf38d2302bf302697b3d9b8fb5344c777,1,1,287.59,0.429572979395652
train_00083.png,5400f69250542b459f0626695a32e3b360ee3f9948e7e66874db7b92600e4ed1,3,1,356.37,0.4880945529210197
train_00084.png,3549d3ab1d1d07a2f1cb952c9f34f463286f67c5a0c30508feca292f8b0a1ae1,4,1,183.38,0.9173111948301471
train_00085.png,c4d1de4d67681043784f1f6474de158048efcb74815bb81b270f9e9d5d2b1aed,0,0,272.24,0.4896116545349795
train_00086.png,eb7e541724a03ad97d225187b46497ee2323234c7166b85b8dedf3860840c86e,1,0,296.83,0.4013975802305233
train_00087.png,f8797b8b7e665e288d5707df58e9891d901623033a0af71a04901809af20a977,4,1,312.75,0.3815230772530426
train_00088.png,30f0497945f1c4cc60c84d9ba6ddf82ef8b74c3b2da72086d7a8a31cc538c888,4,0,316.56,0.3813342357761042
train_00089.png,4fc4f4c0e36bc50dc8f34875391069aec61dcd2933dd7b18e32288b674000b33,3,1,60.82,0.8503482924474104
train_00090.png,9361fe9b4d5644e5de1a549ca6fdae33c4cb9337f7c7632f2df9c1fa786ee293,3,1,98.57,0.9354282889831855
train_00091.png,f7ca423c0ab86eae13531f59910dcf8295e602e9ccc6899f6b3a6dd533b8a01f,0,1,116.85,0.9501429050003184
train_00092.png,b10515cf2e418e56a7d53263143f97424e6dbc19daa971a0e59740ffce425ff8,0,1,67.23,0.8747405573329022
train_00093.png,a322f86290c204bd377f9dd2df1611d560aab10b136ad3ecd5acb18985049728,2,0,285.82,0.4376876124447383
train_00094.png,2e7171ebb19bf396e9636f6349fe140f0812022c4402e32c673eea067767d7db,2,1,213.46,0.8279862254098922
train_00095.png,12614b828a27614692d5d707a99ca088e31d3319d7631a563f78c32ca10707e9,4,1,20.46,0.6293163354745502
train_00096.png,8b37e4f937fe31a6a352f45e243e852605364fd3e5e572afaca7e288fcc4aae9,1,0,167.16,0.9430011988162256
train_00097.png,960345e312c4c966119f9e5139b1ef4c2ffa64dd194a8cd3dc17bdea348aa368,4,1,209.17,0.8490380058945814
train_00098.png,ad00816309557b098f9a9459b50360aa45e5b3db4ce70b943d6446d3dc09b989,2,1,23.82,0.6584799999540765
train_00099.png,2e591245bf2822973329c009f60a22e3c29dd9985dfe8d6202ae7225cddc6980,0,0,319.61,0.37825857106406224
train_00100.png,4841543f153ddff2ba248bd32e114c342f359c2a176733c5be240528634da7fb,0,0,321.88,0.38001552815881195
train_00101.png,da4ddc33a44c1a92a58658952ac8daf62213886e9568b9e11de09aa22a956362,1,0,355.42,0.4761000682900925
train_00102.png,d9bee7ec84d69330513dc2d5c95ce7d1da35ea6552b797a21682c1b8a15be938,0,0,324.53,0.3828927038968914
train_00103.png,d07f4525841bba1631019de6a796e43c883ca36e16ca33f16b50067462f3f765,1,0,250.42,0.6335277466833257
train_00104.png,c82bbc01f1995da677620cc77d4aabbf78c2417b86cd779be07bb17e6b8d9e10,0,0,170.92,0.9363691275065702
train_00105.png,f6b56199c60baaf4bb8232f903d254d1de622162c9b8b2f3b8328c2a99eaf941,2,1,15.56,0.6065078091089601
train_00106.png,b19253b9af0000a36b737e153312b7b31bbfac2f4148aace908901b7f714a93e,2,0,277.6,0.47030873871978
train_00107.png,e81a2d4827d13ab4058b99a8fb9b026f3d2d765231439533bd9ea531c8dc51ad,3,1,24.64,0.6575387896782523
train_00108.png,255efc664013ed12930559be5f480960c8f0b39cd40afc8433100c934e82c9d8,3,0,271.23,0.5054844636680534
train_00109.png,ac1283cd57da92772bbf5b848f6c0bd2c75e8ad0fef6a939bcbc3040c6e344a1,4,0,327.58,0.39099098762764234
train_00110.png,f03c49c866aff939139d35b946889f0c2ef8a8d2ea45dcb2a9e6a26259c9f0ec,0,1,182.36,0.9207855309882753
train_00111.png,9b5b8cf813ef42ffdd17919316ff04a4e5fa6c074db7ddd9a397f050b3d78132,2,1,36.57,0.7358715622084049
train_00112.png,257f30f19bfab6f43953a092e47182cc91c16b5bcc5b268b10afbdec722047c1,0,1,9.98,0.5644211239262698
train_00113.png,368015b144fc75d0c14228d81c0f3dce242678de195f1f967442a078d261e22d,3,1,265.42,0.5379116171189979
train_00114.png,2ba9bdff0ff84a1dc3644ca8f8afd8c218411d3c0816134d5ffc00d57f10ae63,4,0,359.15,0.5012259800076736
train_00115.png,5f48355806e377045caa941f6d6e3a04cad0235545b0734cf497b7656a837f1b,3,0,290.41,0.4232270865551581
train_00116.png,0d0f99f5885bd1b4c6ec85245e9547319087bc65c83f0526e16a4e93fd39ef3f,4,1,292.25,0.4136763203206937
train_00117.png,eaaac28ceff37b358090df91848d229e910fd0025beca2d3b50f45ab0f531816,1,0,317.7,0.3779046515659851
train_00118.png,eeef71bfbb831e28449f550d9a5dbbf80d83305479ed5afdb2321dac2fc0d036,3,1,27.52,0.6759591677032857
train_00119.png,2810a43f0c7430123209fe329dff7f5f9f0018833e643058712c2462914da13f,2,0,274.61,0.4840379520733243
train_00120.png,d7be7f5ff6d6de2ef1bfc0de6d458a709332fecfb8f71ea05b81ce1c57b36958,1,0,300.77,0.39269438507941845
train_00121.png,77867fe721e46baaface2d310645c23407ae485748848b5b3bc18a1b22c3735a,3,1,345.36,0.4398077794369134
train_00122.png,450378f6d0cd9ed97d32a0f59f39d898b0933ffdc11f6e4c053b1de84207cb70,1,1,200.83,0.8849991662437485
train_00123.png,7e66d24d4dc9464bacf17fb060d0477c5082f7ca01aaffe819deeff526c9dd4a,4,0,302.08,0.3916990981810769
train_00124.png,1c9ae77e010a2a2bdc8630a89d6a96fdd6d739d311ad633696c2c26b217fd185,1,1,215.05,0.8350442063857008
train_00125.png,ac8eadf83945abc0f09d075dcab012b842d509459d9d3feb22d5a281acd4fc5f,2,0,346.97,0.4539344779772162
train_00126.png,1fb0513f37c888a2e259b7d9155e76b94e0e34a8a5a3f83367637bf38ec3bd7d,0,1,272.05,0.4906010093339838
train_00127.png,5bf77dfe70a3121322264359e3c03324449de341b8c01c2867f6e8a8555542a6,0,1,348.88,0.4509018048313693
train_00128.png,cb964b9689ce3aa8eb967c13aba8a2452e235aa5331f113e06014ee99e96a83e,4,1,343.01,0.4300020932485095
train_00129.png,2cd87ab9022def87e9cd0754f03abc6ae13000292f789430d6974fa8f250a183,0,0,351.31,0.46169320669289127
train_00130.png,52c28d31daa6babac6f53de2f654157bac9a8a2652b23665653d96e624ea3cb4,0,0,346.34,0.44036364671327644
train_00131.png,4801423faca1f5b579267e87f37817a936dc6a53b19be124a913befe9d4dac11,2,0,273.97,0.48709813105645217
train_00132.png,22627d7f047d9c9c11e7e6aaa0d81c5cf29fce08ec9d6f429c83279dcfbb967e,3,0,332.88,0.4026621036949025
train_00133.png,6f1dc22aa521f7ffc3ccb27029d185f9c6c0fc0dc6ea884a498145a0b88c4417,1,0,309.12,0.3808234987953886
train_00134.png,1d7736e818aec4d607252d066bd7f5b63bd34f3a23927873edc59c99b9706398,3,0,271.19,0.5056975525255247
train_00135.png,b59ebf03f004848618e3ecf8b179e0735993edc7f119e4d98d36264f5e809117,2,0,271.64,0.49858622896738697
train_00136.png,2b963b6d30ae42acde2b30b27e74bd8a2804515ee57b1098085c64abb95d38aa,4,1,164.85,0.9404030108243028
train_00137.png,525c077acd8b34ad9238558b8065336c1de25b4d992cec394808b5e293013922,4,0,313.44,0.38135457170959036
train_00138.png,69ec2a76392695bdaef0ccf0cc80e2b04a40e352733236ddfc0f052dd3d0a0f2,1,0,320.09,0.3787631667444497
train_00139.png,735caf32efee27ab233f75bd183c3318a1302d4e90736dfedaf99ef3aa01def1,3,1,274.57,0.4882401612453024
train_00140.png,76d259531b223339a9c16407ff9985d5c6b9028c97538339dbaa6f3669df2f5e,2,1,86.26,0.9165387444200658
train_00141.png,b4ad51baa2220c41687ea92725fdf39ba89742811bbf6802b1ba379b7cf5042c,4,0,293.27,0.41083519937853114
train_00142.png,be85929775e2bcb1f5dc51a91529fd12dfdd487f0581f836b29fa51668e1ae9a,0,1,35.0,0.7248193818036096
train_00143.png,3fe8cd08d7d2addd48fd7dd040b3ba63131c32a80222726b6f5292b29679453e,4,1,346.35,0.44230565852227693
train_00144.png,ff70dc226ebdbca990b771a8afffb1ec4fa4881d6273b2f3f1480a054735460e,3,0,335.75,0.4094816429570516
train_00145.png,a161c050f97c4297a8c5df6b7accda983a3bb1ea0d8eb3deadf867b77581f7ea,1,0,337.02,0.40575274081900736
train_00146.png,912c3dd829d02b7dd1f1d441229dabf31e583009c1ba5ca9043edfb9d8d63f70,3,1,314.64,0.3836243265183353
train_00147.png,e9926ce028f73a2d939237bfc7f7b7596f1f073c8b16a58e01a3fc1e564d0183,3,1,203.46,0.8733241290641474
train_00148.png,84faf3026c8aa4581a9c96c42479f49caaec6542e397c3b14d9d6a50217e47ad,0,1,212.16,0.8383121351728465
train_00149.png,baa67d36d908d9aefdc2e2f069ffac399bbf9184794a8d00095eb69805351b2e,2,1,10.39,0.5746636905581611
train_00150.png,19a9fa339d46bfd05184242ead88fca17d9e33eb2cdd167b0b2597ad61dac6b0,2,0,82.8,0.9103200839616526
train_00151.png,fb72651972a8720d2c6727e3e6142b98c4c99a134a996ea3001645107e36a702,4,1,358.56,0.4981319132396918
train_00152.png,90b77f28db7d7498e8b53f65199260b113d85adea804a2e6650c7d84ae03e77a,3,0,289.95,0.4246929645501821
train_00153.png,55aebe66cddb39468a8f2a965d0834881f0ec91d4a187c3a9fdbb4b7e0dbaf5e,0,1,329.45,0.3905984753797485
train_00154.png,1ad62d070c3a1ef2d190754c3ef4f80f46c994eea4967a6b3dc6fd3a984e151b,1,1,195.37,0.8993865045596142
train_00155.png,60cdd5b7464e97d1330d69aa95c6e2023cd133c8856278b14f3cdf34d04d171e,1,1,51.59,0.8103483670168985
train_00156.png,0b9ad7b28047a6589978b1103a57accd6cbaaf52e22c92b7f746e7ec02a46e87,3,0,305.45,0.38992532696864673
train_00157.png,e09bf532bca1a005106763cc9f604e79ffc363c45a16b5f4d85c24243a68c52f,2,0,345.19,0.44700058399418025
train_00158.png,e86d2cfbfab4a26c302fd0ff75079224f90f7b3fa467549baabd538ee278437a,0,1,293.06,0.4061587636047122
train_00159.png,cd978ce2230cfb3319daad1dbbc2c14e5266bf930cb3a3fbdc3ee4bcd633443e,1,1,23.35,0.6441412196342813
train_00160.png,23932156a86d5c42b249d56d987d099ae5075e5c3de1fd252846959fed32f12f,1,1,82.83,0.9126612788910413
train_00161.png,bb860d9d586e593a5c22e9cb7318952fa2fee1ec916a32ad46ecd1f60888847f,0,1,263.65,0.5376986749380191
train_00162.png,293af3698211b2684d9a1fbc431f7231beb781575e1c1392e947118eb8b8f8a0,3,1,309.93,0.3855232032512418
train_00163.png,c186b8eb63b6ec98ffc984d23c83c62f6c31c56d4c00a0ec1f28d5066081f78d,0,0,327.34,0.38691709088466386
train_00164.png,9bfc55b8fb3bbeef2f7e5b359ca2944df846ac71c92411e0bbd7d0b01225e5d2,3,1,81.77,0.9096930411962859
train_00165.png,6abfbfd2d43d2500c91c84742916594e2dc13ab6d75840f3b6685c3fbe365052,1,0,279.32,0.4637701464728875
train_00166.png,43f5d1010fbf472fc009bb649c1638852654cf99688532553b2a2583dff27655,0,1,137.35,0.9539049909806415
train_00167.png,57a893401131fb3da536710b2799c120ec2183fbe2104c904c127ecce9c31821,3,1,185.05,0.9175256264332892
train_00168.png,27b3587c0f414ce6fad8ef0e9351240953b6f29692583707b8e8f89a88671a7e,3,1,251.73,0.6227532098054628
train_00169.png,47f5e144c78c00c25f476825ddcc914e3e1682cf7dbc270384185f804c17204a,0,1,180.36,0.9240013696575812
train_00170.png,0afd541cd451d9107e098519aa885791fc08d7cfde91d37a4e4c9ce23d93143e,2,0,327.23,0.39832327183487853
train_00171.png,e1bf8c1201ccb6d55213f3a878024ed4f0b1bd2a6c5d8e5515896b6f0debd203,1,1,221.8,0.8044032552635441
train_00172.png,2b5d2d361c2e0217c80fa10ef8c8a52d6ff8cb8337fea648fbf02e5d59591ab8,2,1,209.23,0.8447960937316435
train_00173.png,d3ff0ffa79bd117c79cb9bf7f15c385e56be394124951b8a3dfc60857bb25a60,1,1,31.49,0.6969535083765891
train_00174.png,812413c830124ed846827991e0db5dd43e254cba53a8df1ba51383a05a0ce682,2,1,94.61,0.9287986967162951
train_00175.png,a9b359b03cf9c701c3b9419169e905e2cd3a655b8ae49572d2b2ca197719b9fb,3,0,292.97,0.41555003805276675
train_00176.png,552a47acc34d8f6ed2a8daeda16d9c876e3a6ff74e4035174ef7dc8f12f89487,3,0,274.78,0.48719334003165765
train_00177.png,b3f7adbb6276647133369ff3ac8f2030e3ab6ab58795a07c4721b2f13bf19a99,2,0,299.88,0.4005947144680586
train_00178.png,1ee30dbb9f3517f3d6c4e6fc776cd04e72f148b00f0869aece51067442055de6,3,1,64.33,0.8629180858142151
train_00179.png,5676af02508bb7c9e5926d94a86ffc1c9d26911b9e74bc61d5bd343e56bbea83,3,1,134.37,0.9536263933220281
train_00180.png,2727d3e29f2bb662f5c1c7d5fa550c65de6e29ec035ccd33fc8418a240129b7a,0,0,357.11,0.490113272834899
train_00181.png,66320d86245ca74aa523bd3de170edf9b152cc4c23eebf7be8fffcd88846f5cb,4,1,85.95,0.9159635291079267
train_00182.png,d16ead631bf56795bdab588d2edb10f5f155bbb91a78ccfb539d031d46610b08,0,0,348.2,0.44800536286400083
train_00183.png,b6e7e14a101fda9a59fe045a63cf953fc3e60d39fa2eac7a94629ab0c30c5231,3,0,329.24,0.39550805832984604
train_00184.png,853ddbdbeedf67914b8a9dbfe341d0275c0ca2824dee3c99fa78b42f927ec3e5,4,1,322.39,0.3845523510780062
train_00185.png,e09bf532bca1a005106763cc9f604e79ffc363c45a16b5f4d85c24243a68c52f,2,1,88.18,0.9196866149498704
train_00186.png,59aedf7c72f193e2c4ec68e8bf5d3252f28f7da0b445a0a7a2696ee0c9b4fc67,0,0,358.99,0.5000791710204029
train_00187.png,7a75f606f5bf6598230cdde6237906244182dc26886deb96e64e9246e63969dc,0,1,163.39,0.9434140388826848
train_00188.png,643e7a20139930e716cf8079a1216a1ad0d7ac2d92799d943394cb4ec1b9b5ac,0,1,330.41,0.3924607759585161
train_00189.png,a24aa60f8e85ea3cc1ff1dd54bdf6a6cf42a3259a4c837ded3bb414c6a4dcd32,4,0,337.49,0.4126462623775577
train_00190.png,b59fd9bf0377c2d627a68e59b2bb2fed5cc043a3882c974ed5ca2cf72fef0ade,1,1,46.51,0.7849388122111837
train_00191.png,6cd52316818f6094325f80f768fe612a8730f34f154eec4fffc4a8a048ea54ab,1,0,342.8,0.42335655015936813
train_00192.png,80136b0876f9f9109843550e405cfeaf2531518d2024ea731b8e457fdfcf0d2d,4,1,345.13,0.4376563934006943
train_00193.png,1e3f6c36c562392382b9663eb72a4b9ae17d45eb0a1f583c6ef616eb1c4111b6,1,1,335.05,0.4007250934457605
train_00194.png,d1060ac5d31c4458910146ae519b068f724f504aded5256448810ffc48acfc13,0,1,69.31,0.881040899575217
train_00195.png,5882a5c585ddbe62ddd5f203ae25fcc25bda7a6fd4c2061dae61dd64c3b5c019,4,1,340.33,0.4211075620878741
train_00196.png,44e5b6dc6e044739433a073d53578db1065082c79161a1632913ee70de804317,0,1,18.13,0.6166705065642297
train_00197.png,c1542101207e841e387ef94cb10534b9cecd5124f08d01e1178e943ec5862fc3,2,0,307.97,0.3902902176637506
train_00198.png,e651557107459501234bb793351dac7a253f636953e36c90e4a17c3ce3ffa2d1,4,0,350.78,0.4606555934080206
train_00199.png,a9cc321f58f2ae4ca93a7caf350baf207e70c0229965620594fcba97853f49ec,4,0,129.77,0.9517040258837675
train_00200.png,3bf6ff1fa7b4691e88d00fc73f821b6ba0089b92af1992d220f3bdb90c672939,1,1,144.05,0.9545423570481376
train_00201.png,179e1b93d4bb4b483c9ba3c01863086e12bedab2da869255e1eb37763b243ffc,0,1,284.38,0.4346327187070572
train_00202.png,81995af0d3a9960fa75022018f824cc6d62b198234bec15d4164f1a32cf92422,2,1,177.05,0.9245178448946688
train_00203.png,7e57e4728414d6bd5fa0306b3c8809c1037586b70a30b81451c1ed587d849ed4,3,1,189.04,0.9100139447460217
train_00204.png,bf8eb8a5e7e4e007480704d9426363a07ba78e0f5bc4d7e62ce50a80a6fceb35,0,1,261.27,0.5520784847375377
train_00205.png,c92d09ce5e840d47d3454c3483ddc68007c410daadd021f60f32c211c1e1abc9,4,1,172.53,0.9327595123799733
train_00206.png,4fdd8028c9ff403b1c826de851a28c7dffac8646d8a278102ebdf02f8a80a654,4,1,54.96,0.8250092745366064
train_00207.png,0aadfaac2858dd2ee9d6fd21c1116972e52854bac0c0575c424a6ae55d6a8651,0,0,179.63,0.9251192672132911
train_00208.png,4993ce48e86a65b128e27ad3e7dd16a7d979e449936ef4256b3835fabda3bac1,1,0,277.64,0.4716991673154011
train_00209.png,4b3718cda81ba3d7acfcb3fac8ff9b52ee674b27b4fcfaaafbf836ebb56f01ff,3,1,301.22,0.3964080596405775
train_00210.png,bfa92f24ece9f0a08e5ef5085d674ef6b8e6003678721a91dac814ab3c398261,0,1,79.66,0.9071133999414072
train_00211.png,ca060a46f94245c084d52086b3d52d9a32f420bf1c145a6e9354a14a2635adee,0,1,284.55,0.4339852628056636
train_00212.png,af5a034c5574f6c5734dc495f29d3dc95c7b43d326eeab0952bad3c5ee7414d1,4,1,340.67,0.42218724644235894
train_00213.png,7935169baee71b503a3b16be47e5159b31828588dfacfa58faef534e467a8e98,2,0,327.89,0.3994115269622059
train_00214.png,44c14c60f9fd89d55034bbeb2739fdfcee81b0048c12cebbebb30b6f7abc98cc,4,1,173.86,0.9311812811486582
train_00215.png,628832d55b3ec79d18268d945268cbc4029d144eea161fe988d3b1bf4cc5900c,2,1,145.32,0.9492545742447428
train_00216.png,c98fb1956de4d70d5148e20dabd6289b5d33e750755864e857dc7cea497f3301,4,0,327.25,0.3904812539309075
train_00217.png,0f2392c2d0cfada105dae57b1adfb1de9336c9fcacc7cae795b4b955732b5d24,1,1,157.72,0.9496046321625186
train_00218.png,1266071ad315eed25dabed7863c188aa7af0b59271b62dde3f298b98364a5865,2,1,78.18,0.9008315504992299
train_00219.png,79a79425f46ed074a96708cd3b3cf082a54c76e7143b3614c19c2c0a98e70a35,2,1,187.11,0.9074798727044946
train_00220.png,c86e8aada953881846d76ee8164464a316a2cdd4978085849952b777e9975a22,0,1,148.7,0.9516070644689835
train_00221.png,aae0bf2480d4c3d8f6149e6450a8ee4359182c8ae5fcc64962e1a6436b4c9fbc,2,1,293.6,0.4141717587178817
train_00222.png,32bbd9c23ae5eae33b6a0afd1666d9a65cbfa8a5c6cc9e251dde66ea48030cf1,1,1,90.79,0.9264812318820942
train_00223.png,a4841a112fb2777057c729e5c6f7147f6620d59f0c1f284fc6e62d0e8a421e39,2,1,118.29,0.9476044094369616
train_00224.png,82ac9e2c28beb707c0f813cd3d0080f54246d056b6630942cbce2adfc503e0b1,0,1,32.78,0.7111969948241995
train_00225.png,7e613c2184c288ae73981ac5c792c9d97a25bf874f94c92a33c291b949c68e36,1,1,346.74,0.4377642760018284
train_00226.png,04bbf26ee374871955471eb56d7f43f86f110010da425358dc168647506bc69b,0,1,82.79,0.9134422248533159
train_00227.png,e3b9023212a1fe08da1d51c19b5ee062cc527f29c2026a465058b1ebdb79b7c3,3,1,84.19,0.9143937653920042
train_00228.png,7693dfeb745e5da7e73b50ae8544e79fe3864e2ced41bcce243ad769341d9a20,3,1,208.88,0.855026825387124
train_00229.png,784210f820a261d4d5439165317d2c2e5ac5500668ed983fe5b8878f7731fe7b,2,1,115.07,0.946148576658428
train_00230.png,a3775374c7749029709a9c36987ba934b824326d9cf501d28b4ee66940e85631,2,0,323.8,0.39353557678206713
train_00231.png,7d7f130cb15eae2054abf0462d61dd26b5158eb9fef7121c32f5396ff3d18f01,2,0,315.77,0.3880185403356289
train_00232.png,0ebc8054c82b794bcb518e0c734477d6e80e0833974d06e124192e911d223519,0,1,155.91,0.9484018022499479
train_00233.png,0bba911e91a81e93a6746d6a08e0964b7dad33020931b5e6a09ba73f0129c00a,0,1,282.41,0.44239168178359334
train_00234.png,0a17a5c03eb85db0769d2a9853e3ee74c58270ec945a452b9dd9152da4e13895,2,1,15.24,0.6045109377939766
train_00235.png,11eec725b07f59ed8da2c6a1cb2ae0fe625f17af61cc8ac03f4ac0cf459c6bc4,4,0,309.0,0.38347798803626204
train_00236.png,b1f094c1418d4ebb203482bceaebabc236f75db0cd01867c7dab68fdfcad9a58,4,0,302.04,0.39176403639864216
train_00237.png,66642f32d925b19af8213c6fa22a741f83410f61f4b67ecd5838038b788b3350,0,0,45.59,0.7847948001489953
train_00238.png,d916a1d6d1c842cabd338a11632aafb51ce5c1562c1c896cc8ed07322b8a91ef,0,0,305.87,0.3815387120593392
train_00239.png,74d342c091067c2b39fbce255e6c2e013cec729c79b59307ce0416c7146f00f0,1,0,296.89,0.40125013229966083
train_00240.png,69c25fe1c44f3c3c2bba75dfa502d4187b4172e7e2b92508dd4914fe59b2297f,2,1,201.14,0.8723840931118318
train_00241.png,8dc9159f6d68112f5201b4618ebb19bfcef82341a45ea60826698bdbe9bb4b54,2,0,297.29,0.4056045231067103
train_00242.png,6246d65505f390f5d52bdd461c5cf754eb847d297d85652bafb311e3fb4bc0a9,1,1,123.83,0.9535199247834705
train_00243.png,696644c3a99ebc7dcf9999523fb5b54238d012b77196625d3d38c2afa996609d,3,0,112.81,0.9472840539678136
train_00244.png,c3ef4c5bb83e9538f2bfbc2e48595bb641e74871edcabb874e3b9d5cd06ea047,2,0,244.32,0.6604474340008911
train_00245.png,f562180be7d6e59d1ac94203db366cb43674f3f53d67777a59621adf2e942881,0,1,304.43,0.38326625776072176
train_00246.png,cfc48c56753047ecad286dab681e0620200b466d449e75e5790068682fbb1b5d,4,0,28.43,0.6803072218971473
train_00247.png,7c6911b1609545a82049cb73b060de631c2b1f01ea6b05c4fcb006b15e3536e2,2,1,317.79,0.3886559296638822
train_00248.png,f85e1a05a9ff4bf4629927a6467977ad902a6ee56481e15298d34c609d31d98e,2,1,135.11,0.9507609962698915
train_00249.png,2ddb3f51a4a28cc68518ab9271f74f4c033a11023216e5ed8ccd1b4bed36aa95,3,1,100.39,0.9373732034783775
train_00250.png,6dfd6484ede7b99d586f25e09b31a38f6eb97d403340f74e87f661344767a004,2,1,227.05,0.7628008429206399
train_00251.png,ab9a94c36f2c568769430adbcfdc5962cbe38511f4885d15c13220e8f097c648,4,1,196.28,0.8896987190128162
train_00252.png,a76901c4e5cd3c89245067fce72aec3def5d4c7e8fd07acc58f1ba5b5013b6fe,0,0,271.78,0.4920132112014575
train_00253.png,f34df6f84d17a7a4ff375aad01d607e46d6082a756460c7283ce546cb95b7391,4,1,172.86,0.9323754169809526
train_00254.png,f97c204df540bcfd23751bc85f8e9bb9a4f5f355cef83ac4e47f1fdeb4b302cd,3,1,284.58,0.44372728099056463
train_00255.png,1ac07e3641c10a12612b663e85e9b97b966cc8568e6eb46244210bf7e99604e6,0,1,222.6,0.7902831762680843
train_00256.png,72f05325989f73250a4e97e4dd07302a94907f5a021d1d9cebe7a3439334f3d4,3,1,319.42,0.3845550542273025
train_00257.png,ea283e3edb213c1ad65c0c33499232aa4aae5df72be7fab1c78a9fa02f5abfd5,4,1,224.74,0.7792596908056669
train_00258.png,a56a94ea216e3b0a7830b75ddca3822ed06f632754910e1db91ceee08544fcc0,2,0,349.1,0.4627076031342089
train_00259.png,eecb5dcc909227ec3087b6bb4daf3d6ac70f732368f5ee0035b01aed083e9931,1,1,158.94,0.9489131697606734
train_00260.png,9c0ff4850a4c5dc0e11224b8bd0ec71b93e8d46ca4dcc16a6b9ec38f5c4c2f0a,3,1,263.86,0.5470766731259994
train_00261.png,d2becc1ae81720877f32406be21a76a2f40e518077220c0ffe6efaf9c30dc9dd,2,1,87.24,0.9181715249806456
train_00262.png,a9c68fd825a59fb3c13d61cf3989f74cb21ee2d508caa184dec3f22aa793b0b3,4,1,115.86,0.9474382511265295
train_00263.png,20f0989a5f9ca9fb9a4f8a9f99e0b9ed5364f8f1d4d4d0462e48e0889e3191b5,2,1,186.13,0.9094053623396293
train_00264.png,8aea5ad7115775030e495a7381136e6cb8ac6097ab8cb09017f9d9a400c20dd0,1,0,7.54,0.5428943558278151
train_00265.png,81467dccf61cbb6409febe99a9aeba37963f8c46d2707d0a52d9807482acd0fa,3,1,239.59,0.7002461895254365
train_00266.png,bd155536b6b2f0b087b31cca37a7e90ec9449828d311e122ce07f5bc5e41f7a3,0,1,315.43,0.37672923798990676
train_00267.png,e337531b0f7db143e563e5c1e913ade44e1a874e7b6d7421091e4a05932c8fe0,2,1,134.68,0.9507679984988644
train_00268.png,a6405c7bb7a64b12129f65e11a88050de0f5ac6f16094df049080f8a70af7654,4,1,58.11,0.8381058800349962
train_00269.png,ad2024f850b55883ec858300ffb801232ff5db5d9b32ff9156a9a6e9e58dcfc7,3,0,288.0,0.4311973241006277
train_00270.png,57e7be95ba8167aa50565f2183954f8161b579abe9ad95d42720ec8035c3bd49,0,1,139.81,0.9536743846162329
train_00271.png,594aa718fbc1040499a4296107c00f8313ac929ddc6a7ba9756cfac76051fbc0,0,1,171.74,0.9354622481125249
train_00272.png,60e45537e03ea4d58927d34fe0971255dca3570fb15cf5068a7bdae596f69773,4,0,326.98,0.3900743390659054
train_00273.png,e77de4d51353a872ea06f9334e0746d081264d664a53e87fd65982814fbdc976,3,1,315.96,0.38359363175472777
train_00274.png,d2822206ead5a99130e95a9b986ad8524f4a8893c9de089b12b92b96bfa6f91f,0,0,341.09,0.421064457790815
train_00275.png,bb032546b95f858c04a0fec9bbae261bb98e1d5319baf2d399e39c50c6088a92,3,1,256.58,0.5917928018920289
train_00276.png,8767bb533076e9134acecefab0112bb8bd65abfdd2ecc85bdfff3a4076c14c66,1,1,141.4,0.9549541520372175
train_00277.png,7a50ff01d4185c9fc3d99e32c82c0ba5c2cd52e5a6a520a97a174d31b2987e93,4,1,174.73,0.9301047215541587
train_00278.png,4eb98f08c02f9bbd76f1ac1d5a9a8413e767d0eef8272a51a01b9e40a8000a7c,2,1,203.12,0.8661689426224835
train_00279.png,d164a5ece70aa53fc0f51141a96c1941fe675f1a7b58db939532f0080ebabd69,3,1,180.61,0.924760220414946
train_00280.png,7834c24592d5633174722d3e3e648506dd1d82c88adb936aa4784d3fa37f1ed4,3,0,306.91,0.3882124677819519
train_00281.png,612aba1cb04634fa3694e7e2a6b8209594462c18c3a98a9120767cd36012346d,4,0,295.57,0.404903876788499
train_00282.png,79863c81e51b22cb9c4e77051a485e5f69a501a39448aa27fec742b73f446f5e,4,1,207.79,0.8541040598757104
train_00283.png,7dcb5974604f85aaf10cf771e8590eee9833f70ff63473b5123c28e34c0bec36,1,1,317.48,0.37786223411960196
train_00284.png,df7898aec0f2fbaed326d75702f7dd49ee05e7d1776cc97dcaf0f853b1a335a1,2,1,10.64,0.5761787260425698
train_00285.png,64665912721d056c9bb9b8c1b8953ccda3dda44b902c30911ffc0f4219f5e7e4,3,1,59.28,0.8444652648557068
train_00286.png,ea029881fbd1f096ba6b86f56b2576be2ea5a9963275d984c5daa3412df7023f,2,1,19.31,0.6300560527721262
train_00287.png,09d0a584142ff5355f1dd05fc7268ee885113c06f64f6e37bcdd31e63505d03b,1,0,337.18,0.4061828617199144
train_00288.png,63475eeda20a3fe1d1299227d64bd8b3ec9c16f0955e65eab616dbcd45259c3a,4,1,43.71,0.7705149492558734
train_00289.png,f08de62881924b13f0531ecbbf5faf0e52763e4f5ed2e3b7a8298aafbe825ae1,4,1,53.86,0.820209806267194
train_00290.png,8a8b743e0c6c36586390928b70698b4cae39cdcf15a0238fdcb1cac2a8ef131e,0,1,111.33,0.9472364993378051
train_00291.png,5443e09866760146bfc5ef6fc8b131fc0f21977dd42854c968b0cd6543f564dd,3,1,115.96,0.9489860258278717
train_00292.png,2db21518dcc7fed9389f521e6d5bc376ccec7e8842fec6292fe045425d972c10,2,0,311.02,0.3885066560300634
train_00293.png,26eeea4199f023a312553f104a861fc7dde91ee438bf323fc988488f1e237dbe,4,1,321.55,0.3838269493884088
train_00294.png,6e698408937f669ca9da37a5baa0afd9f13e1aede87ef5fe31c5b8fe892ae946,3,1,236.21,0.7209598129344418
train_00295.png,be3c1d67dcb5af60eab28bf608b561a99fbae123278424e52a7faa76b01902a0,0,1,320.14,0.378610398132389
train_00296.png,ded5e6b9b491f9705a653abab9579601c89e230f955418e3e97d2d974b240f0b,4,1,313.66,0.38131333592698996
train_00297.png,5b68c2ebdda7722825cda0a54504aa05f9048ca123364ba41e486f2950cea867,1,0,342.28,0.42159973008042845
train_00298.png,2bc65dd395d4cb0251a75eb6dbce64dc19cbfd63a2adb8aaa215f368178a0293,0,1,61.14,0.8540306523875049
train_00299.png,d2399947c5805eeaf7b03e335ec0c6b2ee612effdf95936ce566fa457a8d23a5,4,0,349.14,0.45359776530855866
train_00300.png,9f4e623fbf747e977221bb8a486932af709c7efa8b78c462180532f7db22e700,4,0,276.19,0.47498261601460917
train_00301.png,95ef849b480385d2caab799657c6fb88fa4d0c82c707432f0bb9800e94c4a963,1,1,133.46,0.9552037850806432
train_00302.png,696130cbe5c29d47f5e7e3c3095df7f3de9f063aa41695ff38b79ee5aad26677,0,1,201.67,0.875838461978824
train_00303.png,0deab7590555cdcd2889a220a8f5e5b8a60db0c49591e8a899b640147a4b497d,1,1,280.01,0.46060653685052966
train_00304.png,95bbddd94e5d7460cdac7373771d054c4ce09978dd7439b3b3be7fcad7d6e764,1,0,291.02,0.41785203876123905
train_00305.png,e503b7631fe20d4cb6e699cd13b0b35fb71a4528c5327afb60d65c67265fe370,0,1,186.0,0.9143244303121267
train_00306.png,db7e54b048d97b101ded93fb86e53d6e4730a8e9049c8af237cbdbdc3ddb8367,1,1,252.18,0.6219672839512798
train_00307.png,269cd86ca35ff7f00c8037a50dd8bbf9161be26172d18bfa85e57e303293654a,2,1,238.1,0.6990102963396692
train_00308.png,74d52637025e1483267b716b14702994456cc1339d25be06dc545d2a617a8707,1,0,280.82,0.45696291756067514
train_00309.png,2948f691c022f16a27d1c2e9483c7e034bfc621f23bbdb07d1c6fb32b329725c,3,1,191.95,0.9038742562839995
train_00310.png,e5dbe834bb16098c422267111e39b44341e9d59592ef8425f9b778d4eecef5e9,3,0,270.34,0.5102609594350068
train_00311.png,1218533bfee23dd79b08232b1fc009a6e540dce9e2bb083abea60afe924a6143,1,1,51.55,0.8101581477696135
train_00312.png,232b482251c42021d372929a47240a494df55f3b63b466f5cd8652dd1b5d7aaa,1,1,309.86,0.3802016638825804
train_00313.png,c39ee30830203fabefa3e704973f46e144fb49eb2b2bec1b847bad2a23c54e03,4,1,126.91,0.9512362949479408
train_00314.png,8e5894ab5184a6753190140f94b79cc862fbb31c4d206e366e8ac1eefb754cc2,3,1,355.75,0.4850189808039639
train_00315.png,26559b655ed13c2085cd69984bacb8c10487865aa81287c73e5b1f0e15ce3812,2,0,319.95,0.3898954934597875
train_00316.png,65a0fe4478b6178a47821e2e98648bb52acf727c42c5ffb9bde85be58a33ee87,0,1,79.43,0.9066219660197443
train_00317.png,9e713ace7ad726fb64c7b0d7358057c1fb79655612008f351b6a31f0c8e56a85,0,1,299.83,0.390548878779672
train_00318.png,efc8ced58eb8bb95c88fd00c780c122689b9d2eca86901c235ce767601b32968,3,1,304.24,0.39154888573919683
train_00319.png,790d5950630bbc7c7fce7ee65b842df32fcd45aa1beff6ef8efecd8ebc3758f8,1,1,225.21,0.7872127149176333
train_00320.png,f91510e91fd421791c8727ff2d75f484b1bf6361f5e4537aa3485129f66d5ea2,0,1,161.31,0.9449867329640304
train_00321.png,6fdf3202ad353453c4779900b3cc68c70c04741b12affc4e8775ddaef866e1d2,3,0,355.45,0.4835451828204933
train_00322.png,653ea11bccb47703d9d14f0a1cbdac630ed2c433115a035c6fad08289d47fb1b,0,1,248.6,0.6331753867956317
train_00323.png,a4bd6c41358920bbd5d5b7e83164d09589678364357aea96d0f8c6a6ea29adbb,1,1,61.96,0.8542686867976661
train_00324.png,b10d83afd4b224f4f8e19d89211bc9b6ba09712f14a26b953bc608cc9a9d26f6,3,0,282.56,0.45178778716140194
train_00325.png,d654d5d2cb5a9ed8642b8bcf1cb9426d28931df05f495382446cc5979cd4ebde,3,0,355.36,0.4831048858937182
train_00326.png,9c933ca7df8cd02f5ef2e4b4f3337c858a4dbbc357bb244fa30999c4786cc010,4,0,310.67,0.38239056705742447
train_00327.png,6e09b0b6f35b550a6ede465748c12616c2794823d80cf19f8f88adc5ce52ab3b,3,1,138.61,0.953525870255347
train_00328.png,54d5c3cbb8871c8c294a52502271768b11e6c8be6d9860599d465fdfad714664,1,1,347.34,0.4401265300532057
train_00329.png,419d18fc985c7446df606bf260b16188f62ba3ec238c44a006a11bdea349faae,1,0,297.02,0.40093224271622446
train_00330.png,13069dfd4c92a58ef62efde3a2d51a07b57f587a595767bd3e88a28d588812ec,2,0,286.24,0.4362317262488677
train_00331.png,ad4ca066a0a2dbff295489ee9e609eede64fb73b611fee4ad225fe39f1956ae1,1,0,297.32,0.4002069092326777
train_00332.png,cd77695ef06eb608867779094fa67f4190f1a66ca4f637954f7ddebf0cdf49f5,4,1,236.4,0.7130487955432279
train_00333.png,476cc7f507c7f931c21294bdebbefce8568259659194138a36fadf056ccc4fad,4,1,91.45,0.9247904663062223
train_00334.png,b483de579575c0d67a7b91bcaafb916ae04d1c53dbab60354e87645595f92e50,0,0,348.06,0.4474158213009282
train_00335.png,63c8ba1b76a41ea4ecf3bc08067c19abd310e82c2731fe5169c425fd16df4610,1,0,330.63,0.391253455153421
train_00336.png,c2ec3e289437d41d30d7f70332ac8c38d6071f6c9117ede60f64c60a57de553b,1,1,91.21,0.9271081951531466
train_00337.png,c2454f32afe7f65bfdaae006e63bf3c78ee304df922fc0f6413bfaebd8eba2cc,1,1,296.14,0.40312634490357524
train_00338.png,5d57c47a3346f05c677aeb61595d4adee1a1dbbba1e11f8de52461cd017f4517,1,0,304.32,0.3865566699233071
train_00339.png,f0d026832ce9c67c6b995ac0671b35a66e112acdc6a848206f4f068ce4bec713,0,1,218.99,0.80810518267782
train_00340.png,5d007d4e97fe8b7af5c18a597ade35a186f37b6eabc6eb2407a8cf1056d59581,1,1,126.41,0.9541906123295083
train_00341.png,60e2c206de781fb449d7cf92a101601db36705ee9c1344a0c5b485f891959388,2,0,341.17,0.43270680291504904
train_00342.png,9f6130d43fce8a843515ea999315652fbb0c69cf11ac5e4bf8a0c2267cb08804,1,0,132.42,0.9551280373390378
train_00343.png,a01cb4a6e2fd7e765b10ccd5dbdcfaa8a88524a220cbc13a176db05a95d7fdc7,1,1,64.88,0.864722823620023
train_00344.png,32ef9240b8244ea5c0bdbe8640002eb845b0ecc3e0c252c28f126a2c82d6165c,3,1,129.77,0.9532552049254766
train_00345.png,77751914c0fe3c0cf72cbb50864ba28fcd0e771113c82761a67a022d8a40c3eb,4,1,102.98,0.9383859571352199
train_00346.png,8c38e78f86067e2d904d7de432c5e1a15dd363d5e964a6cf73bb7e998a6e7dbe,1,1,39.99,0.7488401982089079
train_00347.png,2bf6038381feb9d17c6db6a8304626f5f11f151b6c89e5cca4bd154a87a90c77,2,1,113.42,0.9452854960203226
train_00348.png,914bdab7f3d42ba81a574ab4e73c5d4f59b2ea4c9c6e7fcd8f32368e4a0b0a65,2,1,123.85,0.949446026361538
train_00349.png,5369637011ca646c515eeca918d869d5d7b6f722967409ac82b0c6854c8e3593,4,1,76.31,0.895938155343281
train_00350.png,314057e4dbb13d2bdd20c1f826dd440905a3a95a80ac7d357276ccd6cf5ab53c,4,0,310.37,0.38256025035322433
train_00351.png,849a190a4689aa96c050fbb1607869d56bad471309184c45662806c2d6d42ceb,0,1,127.64,0.9534130972017366
train_00352.png,efc8ced58eb8bb95c88fd00c780c122689b9d2eca86901c235ce767601b32968,3,0,331.82,0.4004060770970462
train_00353.png,8f319f9f25c5b0e7bb6fc6f924a725b3a835f91aa1e4675f154cfd7ebc5d4534,3,0,123.33,0.9518763981622644
train_00354.png,879494c636ccf812e15940bc57f33020f610e1e762e10021738182715cd95fde,4,0,337.52,0.41273042313907327
train_00355.png,49bc4af63b166ec8f8e93a8d70c73ec6e176c29606a7b8367a3a96494fcc6694,0,1,85.54,0.9184772203297291
train_00356.png,862144b12aa4b6dc4f2b278949f499c63139156bd3dd5e7e50db949e2ee5e6a0,3,0,301.4,0.39608614191167113
train_00357.png,1d1433dd23c605f3c71bfb4a059e74c2370fbc684c8080f14ce99c1cff1f393b,1,1,107.66,0.9451698018123846
train_00358.png,7159d542dac73b20126d4186e876a24aa2f22c45cf4c1a9086fb67da27f53c85,1,1,235.65,0.7281338957333057
train_00359.png,d0dfde1994b5c20c3564aa6f568c364382ab1a25a8a0ef689f284eb60d61abca,3,0,283.45,0.44817678229243696
train_00360.png,ca396b898716aaff57a20473a54d070e84cff35e03165623c93b5d4b500de2dd,1,1,168.59,0.9417295971061099
train_00361.png,222670c98ae39793360940e2f82ec8738b1d497b35b6f1eeca6c22a4a303eb87,3,1,234.06,0.7337886022897089
train_00362.png,eebf0b20a8665249ec93f1bf97bac90e32803b697de4225dd35307d1f7f5ce18,2,0,350.0,0.46656743194654365
train_00363.png,c1191280cc1b91aca491a33cd5bff718d482c398b16dd683e35ad1bc7337e6e1,0,1,290.89,0.412392250804371
train_00364.png,0f6bbaa587d7b2bd421d709293112d27c5b93b58aca0ba87ac4b60888525d026,4,0,302.19,0.3915215509918368
train_00365.png,10e6592b225ed9119455d4fe780e611f117ebf5b9bf48fa9b74768f17fc235da,2,0,354.0,0.4847840363110876
train_00366.png,175e1bb74fdb9de4f71383c32e64eac46599635b3372816057e44babb8c0b0ac,1,1,177.88,0.9314035205199577
train_00367.png,c20a82a4b63a8bcf7370e37aca02310511d9022b605c67257139bc7fdd76d38b,4,0,291.25,0.41658701255885655
train_00368.png,3f168921f7d7a10970e2e89dc62f90d0dabe280976c2207cf9fca447069cde29,0,1,149.79,0.9512147172356287
train_00369.png,d308033ecb0844c2fed5ff04ea46a0f7a8d0372bdc2d0f59826583af0629a131,2,0,19.38,0.6304973159807418
train_00370.png,7ef84ee1d11d1396f09a471d3ad251c4bbc15182c760d648c379a95f24c19510,3,0,273.77,0.4922694534203154
train_00371.png,d09087ef6df1e76ff99e70039a9c13346fef4f25891a463a6460fd56c5b9b9ca,2,0,327.45,0.39868003556001097
train_00372.png,3785755db3767823787f302225e9c7ac467e45e614640474f470ab33023f1eba,1,1,27.21,0.6694045248883307
train_00373.png,6faa91aa6cb09ff01aa336599528b01c96cdf81ba0cb7aa08a1667b70557aa22,0,1,114.79,0.9491633478948672
train_00374.png,e7aa68cbc9f32ccffbabb15d09d43d08f796d5bbdb006d482e921cdff9296c02,0,1,217.02,0.8172934109436083
train_00375.png,29e0d4ab55e7a0f2f0dd71c533e7a86977bf376f2c58930fbe94808de4b91020,0,1,27.56,0.6781550155626604
train_00376.png,92220a633e55e973365dc39f25ad4009d7de0fa76bf9c97c6646da437228e4df,0,1,333.62,0.3995388110189711
train_00377.png,ce4f45fa1091a9089676ef742a6fbbd56140b6205d6ae7c038e2d31b3af2f427,3,0,141.91,0.9531528477658032
train_00378.png,a6c59d3d7fef50275d20e88d43ea705fa9902765bab8034c6f3c7eaddbbb6202,1,1,322.03,0.3799958381434365
train_00379.png,c3d51dea01611b6215637f8ab0f5c2422e85a6d7d2523ad812819fa31925635a,2,1,188.98,0.9036311882265456
train_00380.png,cf09594db7e02f3eda49289d5ff5b67c187e732aef7691a9b9d04978b529dd83,3,0,286.49,0.436554592510566
train_00381.png,87287350f7e44e855a0fb271a0e508d6d738e727f21984a8051526d05426ab70,4,0,286.08,0.43359723605262274
train_00382.png,59c8b49b5c3e32c0039385ce2e2cdcc1c2d9d9bcb518a487a505a0652c479f6b,0,1,316.56,0.3769247201903349
train_00383.png,e2b00f5c1003f7fee992b8ead7d6438446556ca975cdf6c849c41ca1ced3520a,3,1,175.52,0.9317545689046859
train_00384.png,b454edbd77b5eb8018edd1dcdd929674aa14a12729475ac571ee0cc5f85f5bb2,4,1,52.98,0.8162860320194012
train_00385.png,bc074f28465976d7c8a7645d2884f42cd8e968c3c08faa52d60082c45f95bd41,3,1,12.03,0.5770056223350937
train_00386.png,e2e7406d7790a7efb4e2a5c8a646b6b115d2ed756fcb2e517b5b55bd3723e781,0,1,353.61,0.4725263175747008
train_00387.png,f3375219df37cbf4b9ecc0aa30eed42e69f3ed12a6f788b5950dc3bb02240734,3,1,98.97,0.9358678383091146
train_00388.png,7254978534a08929e8fe4a4a785a5294c02d6a8240f45d295c160def0ecb407a,1,1,139.56,0.9551425634244084
train_00389.png,04fc52ddeba4af0eb33f240b1cee9ffbf3fa5960ec649e15e06385a985163db4,3,0,313.47,0.3838350504819936
train_00390.png,f189f07bf63b65be5ab30cf9191f17327cb646e7418756b39e3bd83611b390ef,0,0,287.07,0.4248041102454274
train_00391.png,5dac531188b00ad79d8691913da665f104debfd082f778cee73841671ec485d9,4,1,161.9,0.94273600905398
train_00392.png,739d9c7489beee29cc42e19ca11c5fa16c7db560bacc191d274c1dd757e0516d,0,1,22.31,0.6440197342153946
train_00393.png,8b24743ad9aff96f48e17e23616680b9a9281466a1c2347995c6464d90d81452,2,0,302.56,0.396284131608875
train_00394.png,c15a6d747e7f62244993ef6764f038dfd28e0bf985ce1cc302d5ada1a52b644f,4,0,356.5,0.4875952775706339
train_00395.png,a3fd993b48a142a7c9af6beba3e2caa3735e8f9c9627f8bb05096570c89a63a5,2,0,272.27,0.49542725446754454
train_00396.png,f7e09d0cf2e183943b41724fbac62e263910e2fb09a3e9304a064acad863ce58,4,1,224.09,0.7826292654259434
train_00397.png,7fdb8a4c12026974149542f4e575e8d3d3f177a492a01517a62e09b20fe2c798,0,1,137.9,0.9538659489425761
train_00398.png,615e788f5d836598748da7b867bb9846fe2576c5ec7b2dbecf4cbca3c3522806,1,0,224.24,0.792216586027902
train_00399.png,357b4df66a2ddcb70e148ca84bd2970e3d8f6fc6ff85c60da6bab1d0139ccae0,4,1,338.91,0.41675224675580486
train_00400.png,b81286af2a7756e28e25fd6dd75392c5dad61c11771926f6175de9f0891fb994,4,0,274.18,0.4847276457507373
train_00401.png,29ceee543232eb6705b6df419fcaff11e750a9b352fd5bd7dabe9510701de894,3,0,338.65,0.41742432012260156
train_00402.png,e2a8e49d1822553c69a878f51e3a2254eef5927d7a5b3bd1582d5b3910aa9b93,0,0,352.49,0.4671772497947517
train_00403.png,2bc65dd395d4cb0251a75eb6dbce64dc19cbfd63a2adb8aaa215f368178a0293,0,0,270.63,0.4981095017415582
train_00404.png,2a4ea2a1e0159d2120c7ef3aaf9a1157ea1e6cd32e9dafc1a3f41bc6cc22f2ad,3,1,179.94,0.9257567286350459
train_00405.png,77132f695de1ca46c903f0fb41706d5757d3cb4ef3884e3dca145c22361629c7,0,1,6.64,0.5439126943426978
train_00406.png,53f9bb1c147e8235f49b0e22a42010e39041aa8c38b46aa6e2d467e415b66ed4,1,1,38.01,0.7371836307715659
train_00407.png,71b4a36656e2ced768613e32adc15a8d3ad7e7cf18b7dd6b5f239dd07e78e815,2,1,218.86,0.8040890140875782
train_00408.png,1f62f67dfd140c4312197d4397394fad89cad6199c4a3cad9093a427eccefbf6,3,1,43.14,0.7690916710778533
train_00409.png,64bb685c0bbbbad83b70791dee7f7cee477a6f03f5d6b391dbacf5a15eb9db0f,1,1,304.12,0.386859533877328
train_00410.png,9c3b2bdcfefcd6569bc632435679e75fe7eb3154cf4587087c36e163ee864827,4,1,90.6,0.9235357565401675
train_00411.png,fa25ccc2c4352108c2ce0d915402aca7496ad89d4e40eae87b3a5de2822f83d3,2,1,140.47,0.9502940196997853
train_00412.png,7549778945fd23cc78d4159886d67cee964835e108345260a1bc67f0609949bc,0,1,320.14,0.378610398132389
train_00413.png,5d1ccd0a2839c6f8291360dadbbdf039ac54011db0c43ce4874d3819d909e7cc,4,0,141.52,0.951534715559423
train_00414.png,8bb86f134894ebb73ae0f00f4ae28bbadc97ec018213fb9fd50e7090b39c6ed0,1,0,291.92,0.41502205608919607
train_00415.png,aa6e2ed539ad3754b842d638f6b1ac9f4078030da0d65fd1757caf1192223615,1,1,57.34,0.8360279341268169
train_00416.png,8cd3f1edc81a35a4017055d3c0162992f82b032820933f0381d7f214de01a8a3,2,1,175.11,0.927167574367889
train_00417.png,4612c7d3b99e511026068ace316d962d0fb607aa240a06945a599de1ddc0ea4b,2,1,132.8,0.950745710264549
train_00418.png,e4f2b74f96326250950a04f70e594c58c68cb41e45aa84f9d8bc30407d4a3ca7,0,0,127.74,0.9534296450728624
train_00419.png,7712e6bc8047c72d20b97555e59d44c384067ce86692a21fe0afa442d3a27181,0,0,346.63,0.4415278200575956
train_00420.png,00597d3428669eef5d7c90518ecbdf27fa85fe92520cd01652dc7493aef20651,4,1,45.74,0.7812109829288169
train_00421.png,9b437530d0f96e17910b5a55f02c7de7d31986f0fbe1f87f8e1dafcb40bbcde3,1,1,207.04,0.8655295129797785
train_00422.png,306fd7c46fb7db52a487dd114813b96a79e12623744904551f8cb364212b4ee8,0,1,194.8,0.8950459717840651
train_00423.png,31e5c2967e03b83edb5c98a51c2d3ba3da1925ba442f3dcd80e721731c1e1e18,0,1,35.55,0.7281463774257053
train_00424.png,926b7f4682fca88787b50066d9565fc08f58d27183a80bfab465a06cfb041ec9,1,1,54.58,0.8241153747777807
train_00425.png,9577ff5bf2f4f8e63b8239bb6f9418d210333634094f0f8626696f868e1722c6,0,1,232.8,0.7335679167434656
train_00426.png,dede93a24c6b723496f29ac8d4be99e7c5260a088c6bea91e0cf01789fb96322,4,1,53.4,0.8181680680172314
train_00427.png,760e9a029ef6f44ba11ddc93e4d24daf30f2fb3c9ef137cd30c8d0bcc906fa44,1,1,291.75,0.4155487487065603
train_00428.png,fe2448d59494612727f512798f1284c8fbb6b28447f3b2df46a9184cf16da15f,0,0,350.8,0.45937185484918347
train_00429.png,07a4cbb9676ddb7dd48fa6979ce3f0bf937188fe15b858efe10f25faee7e6943,3,1,161.99,0.9448007847579428
train_00430.png,cd711c3bbe96516f01093b0e0421b50f2c5df746b9ddfdd39251d8be91df9b4d,4,1,32.76,0.707282441562498
train_00431.png,43a46c45714c710806d3a460f3b04fbb943fb0478f613a650f4e5ba3bd4fbfae,0,1,79.56,0.9069001880880084
train_00432.png,2b528146008cc1b62b6ec6128723e5038dd4bc722d2f497ad11afb1170f05f14,4,1,162.14,0.9425576861526149
train_00433.png,1891a2fc9480ad423f52612c1809003a9e185c325ac80fad135745a3f2393ec9,1,1,287.98,0.42816603556916116
train_00434.png,484a3287c2b97791f5064b14288749225d12033a9c539e5faffc336507f63d6f,1,1,38.08,0.7376007113687738
train_00435.png,5e2f64154c912574915a83efb8b10ec67a7e7a53ffd087b0e28d02afcc1d0515,3,0,53.78,0.8215821857411723
train_00436.png,966155b524f2c3181128e4610ea6dc8a4b23d89a26bcc1f8a525026b04d59176,2,1,51.54,0.8130186982852912
train_00437.png,a5ca2e5db43e90a47c88d8fa36b20cbd5e42bcf0e5fd9c7c1506e02dd69b4059,4,0,156.13,0.946450076197349
train_00438.png,c3d3c0fb066d8225bba1f7fbaebfdff683114d6722aefc10a0f8608ec0cd9d45,2,1,337.81,0.4222435220799725
train_00439.png,dd6534c4dee581d933c551df762fd46518d7e69628872938287e2932f94cbf61,3,1,205.71,0.8660539816020627
train_00440.png,2ac4c8f1ae879c8887094f9fa34a76ec8652051fcdb06d867abcbd83b06212b4,4,1,156.76,0.9460960176127764
train_00441.png,ce21361a88461ac59c4c84a2ea14ba1bd4cd3fb6b039b841b17cc572a54edf68,1,1,290.76,0.4186886692674441
train_00442.png,2dffe7beaa3c03bc48b601584e1267e482b9570e17ecf16d7ce2d7b9d0e22614,1,1,251.36,0.6273507376764045
train_00443.png,a6b2b41bd7a78152003995f6daf88bdababf6974603bfaa5eafe1365459c38a7,0,1,199.27,0.8830004803031027
train_00444.png,24ab600adbbedfe979d31094a763494ecf52628a295767737e1e1fcc986b448b,2,0,279.22,0.4632729908363419
train_00445.png,1ff6b488e3bb1e9845d74eb930e532367531d70959c953186abf3a9b4a2614b9,4,1,102.64,0.9380673584239775
train_00446.png,779a6ae70d2a26f69d1150ed8fd6681f41fccbf4f498e60e24c99fbcc34709f2,0,1,52.85,0.8200894657443832
train_00447.png,1f766dd4819399fba71c745d00dd5cbc2f98f1a7ec73ba45cf6040a9831cf465,4,1,247.52,0.6429777145823223
train_00448.png,0f6ef791ba18301ebcb17d097fe24ead64febf94f0176cd012d1a07c18ff72ea,0,0,209.67,0.8481740712854733
train_00449.png,bfedb27fe309bcad63305cbaf020dcf661f676ad322c6dbe499cb4dda2691802,0,1,26.05,0.6683994462512913
train_00450.png,484e5628ebb1d448083694d3503ed67cc703038a7d55967dd178b9e8d7e73a55,2,0,357.01,0.4995811139958085
train_00451.png,80a02c693836c37c79e48648c5e7b84c5e88b7210641edf97d882eb5bf06f274,3,1,111.18,0.9462848193317862
train_00452.png,9fd47e89c4a420cf3d9a6c04969d34f76a0c1f13a57b10bb0c48b0bc74fe0153,1,1,289.68,0.4222552040187126
train_00453.png,66c3ef9bde73d30cf5132e17018f37813f9c155df063f37495ebbd7412b57581,2,1,99.23,0.934125240384902
train_00454.png,486b1c377744febf0954125bd6e12df09d78a48cc67257184ea0daf9ab9bdb99,0,1,343.29,0.4287387435231051
train_00455.png,878a4fb2431032dc86ace66113c91f47198345b3c13340c1c1562eca352035ab,0,1,56.54,0.8360364986086634
train_00456.png,2e04042dc453ed329dc82f6edb028d62e96d94fbe2e414501fac0072dc16badd,3,1,150.57,0.9509021323473881
train_00457.png,fdd720abfa6ab4f53da9cde05535f2139bf271e0c3914148e4388f1bda1d13b3,3,1,352.24,0.4683794052787547
train_00458.png,53c9f308088fffa4ecc87a0fbb7d37d1975faeefebcbd89a87aec0db3136abb1,1,1,182.25,0.9251289317191648
train_00459.png,db711222cc98860a50b37931d0c0c3bf11dcd4e1f70915f242cb94dbcb6b5c29,1,1,80.72,0.9083228669126895
train_00460.png,9a0a2220dd6d95ebe4b5ea3b3dff164d25614bdb7d56a56248c50f462b7b04c5,4,1,41.14,0.7564702463109803
train_00461.png,1d0cfd5613c6a416f7584d1732dee8372632ffb574d46d4a2fd12e5aa341a49f,2,1,300.68,0.3992149364379925
train_00462.png,841b5d8c74c0940f2619f2a3d81fe53960e3c3d54f3fa6de0b351b0d3cb72bb4,3,1,172.57,0.9352384396722059
train_00463.png,8e79e5f6d8bcdf68de421c33302c2662b5f2d0a2d4d0e1cc7f71b0471dd2e73d,1,1,95.84,0.9334145920389133
train_00464.png,c65f7e5aa0541655c376e0a3590ed43822af7a75e52014298774811a1a6ec4b7,4,1,61.84,0.8523824150858129
train_00465.png,4652a20aa01bcfd93a544e14a8737e5877aa82e0e62fab0879ab3b55079a3d08,0,1,194.68,0.8953471309054026
train_00466.png,d4517c3e08ffed95e0a39ace75201a97fa29a8eccaf12aa5cecc01990f924b3e,3,0,349.61,0.45680711805045965
train_00467.png,2962c4edcc2c3e33bc05787128ecddfe298ec71e0395774516ff80813d9f3022,1,1,102.65,0.940874512646857
train_00468.png,1d1433dd23c605f3c71bfb4a059e74c2370fbc684c8080f14ce99c1cff1f393b,1,0,286.81,0.43244357868525035
train_00469.png,d155648d81ba1b524d7e258ba3c4968a1a84240bed069da5bef25bb37f88bd54,3,1,83.8,0.9136616836817075
train_00470.png,c3f19225aade3c53d24af0e1480ef8085ece959a6dda1fca40da3931cd2e164b,2,0,338.54,0.42440055148118166
train_00471.png,92cddcbd6f597041646837173776dea956690aaf317153c449293ea1dbb34bbd,2,1,231.38,0.7387532584404696
train_00472.png,eee09b5c3142d14032b31646ad9f3d385e3a97a569127d5d4faf608ae709de79,2,0,304.84,0.3933165827540638
train_00473.png,b7bcaadf263af13ab9b6db3f7c5134f788e262379f6871602b36f06842b90b51,1,1,277.89,0.4704991661637305
train_00474.png,153941c4d2a89d322bdaff38d2cc097aa575ccafc72ba11c6e601b965db39df4,2,0,328.69,0.4008028674619835
train_00475.png,25a2a9d3045283750dcd622c437152ebc8d1c15097acc4e487559bb064ab62df,2,0,48.31,0.7980123586601915
train_00476.png,2321429d22284890f970ea9fd108ab55432d8a65f6c0a9a05490da6902e86f27,1,1,39.1,0.7436372934175114
train_00477.png,1930c0ee5112dfd07dff6c182799e522f36b26885b843de249f0e2685da9a791,0,1,264.48,0.5327790037510908
train_00478.png,81366a94b74c6f1a495118eaff3e5deaf4ade7a6202cb0d10a80a2eb6e21bb5b,3,0,22.52,0.6438930821983642
train_00479.png,59fff8291b1d694dbd7f5d8487289245f87a75bd119e1761e614e518d6448b4a,2,1,76.84,0.8978073381114948
train_00480.png,6b04fcacee28b23e402b9d012c5da17591d1ce9ac012c355b0badc99771ad34d,0,0,330.16,0.3919645161526236
train_00481.png,90186a051368c6dc62e2f279dea2ec620e924e0a599b3ae14afaee2a9d9061ac,2,1,15.56,0.6065078091089601
train_00482.png,52bfda7937405b4ff3b05adbc1cf6caf0c66d109129b60c329bd9f6be2fc737f,0,1,271.63,0.49280093475797604
train_00483.png,eab6e46386f862e9204111d38e9ee9eff2458ee8076f15118b28cbbf8bb35a0e,0,0,270.06,0.5011790887186989
train_00484.png,e7e99f2d66de7d82bece21e21a5bcf2fd8962ca7e1612b5877d144d6a016c604,4,1,58.0,0.8376646735423067
train_00485.png,2195af755fdf6b957f1a284e4d08c6a1096bca908abaa8f9efa83efd67097f87,0,1,7.29,0.5478481546545503
train_00486.png,76b25bf953eb2bf9a7917f30a67684f8d8d5fad739ca1d476431bc6e9000d5da,0,1,12.31,0.5790997862147756
train_00487.png,bff0a52017adb8d1bed7d0dc4871446fe96b9bcec0d8e0cbe3240c8b01e12f86,0,1,169.65,0.9377165704790197
train_00488.png,25ac895670585b310a90271ec4b030731193cd24a50ddb3b9d81091f13432421,1,1,49.81,0.8017305588819466
train_00489.png,eeb74f6ffc8945fbe0994861be1f35fa877bf2a7fc7eaa22360a27e9b680389d,3,1,171.35,0.9365665780280189
train_00490.png,5521c3351c9c7d3be4ba25df0a40d78844ad1ab1c476557bc1b5e6e46e94eb78,0,1,166.8,0.9404983130641852
train_00491.png,953a9c44e42978933f37d087e4488d5caa82ddc6a1d4c2671c3d1a8aee78f8b9,2,1,178.69,0.9221285612727814
train_00492.png,5aed560e1b51990d9492fdd0324b6d77cd872e470176b77fa58390881bbc891b,3,1,347.74,0.4490640984079963
train_00493.png,3bc9916a46e31ba2c590aac74b822f528fda83427270a943220d44824add9242,1,1,300.33,0.39356762580419496
train_00494.png,cb47ab4e00a41f5bfad26b9ebd5272c115e26329c613de818d259834d9ae7575,4,1,34.33,0.7168406808091282
train_00495.png,feb1d09386ca6a4b05841963c1731004d92d9d28e0db8defa05cf72348903c1b,1,1,358.61,0.4923180686895677
train_00496.png,5c457b6d035c759a4a73ce4b97970c088594255c658028eec7dc35659ecab3a9,4,1,210.42,0.8442938090812189
train_00497.png,d5d80276fa6c858405de1f1bc46089b7c3e64875a2dcecc514060b6b6322c618,2,1,234.83,0.7186691724299049
train_00498.png,b2fcba9684fbc71318b1150d3563fbc2286994c9ee9f31e2f706ba195f05c513,4,1,326.75,0.38973490557224344
train_00499.png,97288343852fc4e0a80f38e0502f703a2792b219c56036d3015674371a080bb1,2,1,2.19,0.5270284621509367
train_00500.png,a10f325e169924045876485897c55008120ac4fb05d75c2d771c54bae2d58127,1,1,332.73,0.3954413338592161
train_00501.png,2ecde8bc2fdf546c3d4f6be408be88b3049289fc2897ab5c68f56edf6a088cf5,1,0,353.21,0.4655114569648227
train_00502.png,349c5f9283f1351259b3285398aea6348a98a62d86dbd1dd687db7d1ef9954d0,0,1,316.51,0.3769126564512653
train_00503.png,c38e33b93b8ec2e7361faac45050b332dcf2a7eb32191dd35fd82fb182245f8e,3,1,242.71,0.6806525555567561
train_00504.png,1d96f0850ca0735956fe601943738d21d7eab0699c7364794da3e08125125b9f,1,0,293.03,0.41167323231854047
train_00505.png,1db1a27f5dd953bdcda694e02395249b8c3a7a7d2f9e116c16c302a690c14608,0,1,154.47,0.9491601035894085
train_00506.png,2c008370101da12177144a030d94cacd540b6a1f4735393cb05aa4cd97befa92,0,1,101.01,0.9391301930926439
train_00507.png,a91c3d76315e9b07a367a269fc052b2e9e5de9fda3267b5b0c7f48251666482c,3,1,278.26,0.4705257140256401
train_00508.png,8f53cdcae102fc7952f817629015f816b2449cc48947b07ed022679fb907ac63,2,1,11.85,0.5835520715982043
train_00509.png,e374fb62676140a4d03cc5e9831196e4f5f525bb05938e8b085db8cfab288534,2,0,348.17,0.4588140354989242
train_00510.png,db6c7673a508ec9910977082f9fd84e08f9fd728602f22899ee9f675797d0b5b,1,0,318.95,0.37826280259740064
train_00511.png,e6d777a46465b9c2f2e3c6abcef45276ae52c1bece4b93a1b67e4bda76cee2fd,1,1,278.47,0.46774208266087025
train_00512.png,da4ddc33a44c1a92a58658952ac8daf62213886e9568b9e11de09aa22a956362,1,1,38.92,0.7425776486046327
train_00513.png,39b8ef8cdffb742d8596a6d15235880ea8a9c74d42da2f7766f8e78706eea8a9,4,0,288.55,0.4250624247089468
train_00514.png,7f228ff6ada959b70b5ed93f50db73eb2d9fe3054b4b2bbba6eba2602e4a085a,1,1,220.43,0.8109900988946956
train_00515.png,37bbf34f9dd3652b9bc218a2ba1f173cf8d443b3eac939f799f5e8499f938a95,0,1,67.38,0.8752076847788489
train_00516.png,5c3eabd98d1c59f742e61feec20cd5bd773d3dbfdbfc4530bf21d00b44576d45,4,1,339.24,0.41774220062206197
train_00517.png,47e1e9bae22bfda18014ee5ef531a9edd6f6deb6b86abe002ded83911670b49c,3,1,350.05,0.4586881484078931
train_00518.png,93df25d553bb9436b11a07afd6bf3bb4de6d0d579327356777a96205fc976cce,0,1,3.17,0.5234257047551351
train_00519.png,5d067cf30131e15842ccbf99a4c7ae2d583e003d4ad8a72b3e71aeae00b9fb5b,3,1,103.45,0.9403371825222293
train_00520.png,a7cc8624b44cec4f6ebe35bc9dcece5a2c17b299ae3684a6eb8b2c8eee6e46b3,4,0,339.61,0.4188681451273385
train_00521.png,6e6112263d8951da8dbe80540c395eca8f028ef7e3d4ad9105e344270b7680ef,0,1,104.97,0.9426915046054237
train_00522.png,9e6a73008504cb1d3dc3c38b40247bdc2abb5c7981b271a58965ee3cfe059952,4,0,335.1,0.4063011275924769
train_00523.png,80c89f8991c0a8520c28df335118207f7edb94b97545f40b7d0a7ac4e1629945,4,1,133.87,0.9520249513904896
train_00524.png,ec0c9f73b0d59138a307fdd6e75827f7589eb144eabeb956fead4a2923f2aa68,4,0,339.19,0.4175913425445874
train_00525.png,3d7742e533e88ff7cd4e798427eb4e5613f7b683c74c55a79b91c6855f6fdc42,3,1,122.48,0.9516168544510175
train_00526.png,d20a86e1c776adb320b38b7a8a5996e2f29ef16875d6fdb6e084b3d6d6bcfde3,4,0,350.91,0.4612281213714282
train_00527.png,0bcb6e3fa54adb65f08c3876058315dccb0b7e0b571c1f2f1d387ee96399cc47,2,0,272.35,0.4950288754369107
train_00528.png,3b0c37f0409439a85ad33d31fdba2134f9c77674195b2b0971fc7b9124271ad3,1,0,4.78,0.5265320612823264
train_00529.png,050595d37f96d6199d879d9417305d618cb47d9d99ba1339c543f2ea8149bdc3,4,1,197.4,0.8867291548080933
train_00530.png,172a0e776ef0511b587101f16b4d4623d39b6a291750a41962699b4be69405b6,4,0,312.77,0.3815173569652819
train_00531.png,bacf2989479274d9d98dfc58bea692b4c7acadad7b8be5340db300215fd3157d,1,1,57.73,0.8376496531514174
train_00532.png,f837f2ecf0be406c268165cd4bfabfdaac43afae21aa75eafed154ec22f388fc,3,1,348.84,0.45356929913444116
train_00533.png,df03fab60289defb9182cdecdb0d6a9d7f8e296e226e8c2a9a58a83d45113dfb,1,1,128.62,0.9546354505184932
train_00534.png,5c1c9029ec49b39430a2cae1da67f9d71c595b5e848863b446ab6d76a5d7869f,2,0,13.2,0.5918506748549112
train_00535.png,f8f517e00ac941761d9f30c46e647f3f8116a24729b329016c4228501e6c1134,2,0,344.42,0.44411508136390493
train_00536.png,96f3c726b14a7dd956c053a7d306029215d57dc45083e61fb48c94429678ecc5,0,1,118.04,0.9506541733682086
train_00537.png,3b4c06d4f5a331712ad67060d7b099c09e642e6d6084c4d80675d509c9d2fa1b,0,0,328.53,0.3889237337073112
train_00538.png,3556fbb518360b91f889156418422f456f9831196a5ddae2af82b75e6af7cab4,4,1,286.91,0.43064657904694476
train_00539.png,dca03758fc7d29bbf3a5b04cb6eca93b815ec8ed4e25b01f76bc5e6f9cbef984,3,1,309.82,0.3856009670236155
train_00540.png,293d97206ae1ee767d005d4707a3c858dc16c2dfe521c1d5594199f537c6b4df,4,1,49.04,0.7978077915689318
train_00541.png,94a3c9892164abf3dd675579b961494e00e4e91aeb2f6685e4fbf72bdf4cec17,0,0,213.89,0.8310995016827643
train_00542.png,2a87ddb8a840f6bee85f53800a151384008386d6aed47584717db84993503cbb,2,0,333.53,0.4109069061008085
train_00543.png,02c98a1a0d92109f35bfce16119b2a7da79643688ec8b165d13782cd366a0681,2,1,183.68,0.9139548474652546
train_00544.png,1b59a1487ecb31ff43fd69f0b5c01d09671d9a563a4e5efa4bae244168a4051d,0,0,292.04,0.4090146922061831
train_00545.png,fe2b7f7a2def1c15208fa3f126529e1e16a0f5154b41f34fff3dda34474a0a81,1,0,270.24,0.5102094574917797
train_00546.png,2e5ccbd6614379dc7e75a4dc70a5b2cd745e68632baf4d6db84e099b89594c47,0,0,305.8,0.3816166073784596
train_00547.png,2796662e242a849d73c4046ec0e7c54a638006bba98f1db898b4ae4d532e92c2,1,1,287.26,0.430778249164242
train_00548.png,5b83e2202dbbd6bcf2bcc4b172ded979101461e7e39d4e33347e24be52e05d60,2,1,50.5,0.8082922320072343
train_00549.png,552b88bab0c376efaf971aa89c99b89cee80db2483ed55068a7a0a99b8dea599,2,0,150.27,0.947560815667351
train_00550.png,ba10b3a8810ca50ff1f0bb671bb3975b8151f4fe3d35ec67eab3c01e89fc78b1,3,0,340.6,0.42335618381933754
train_00551.png,b7e8863166f4616c9bc91a6647a06a697fd8ff19c1a72607105e120a69e6fd95,2,1,310.29,0.38882885955885466
train_00552.png,d1c05877c8ccc3b3f382cbb4ef64bb7ef727593975554a0ff21d367aefcbf316,3,0,278.45,0.4696535490891307
train_00553.png,e30e9425e789c4b3ee87ac4cf6f8defa3ff04faf1f0782429f36f121a07b2faf,4,1,250.97,0.6208022241228268
train_00554.png,f5660c817b0e0ab70930da8fdee9b28dce8a1ae900e72f6bfb7cd810af67d762,2,0,347.05,0.45425467888147564
train_00555.png,f9d1d2aeea8853ac2b1da54875bc7e3fdb0ff32727a4ea786d63c4bfd8740846,0,0,272.32,0.4891961807352729
train_00556.png,6234d66ad18f243099a08cea2f66f73d8a2e9c5eb60fc785a6bff8ed6b1c0502,2,1,187.56,0.9065748718573868
train_00557.png,826b837f8c0d0ac4ba46785963e92a704ca9ae6a21c5a873e7c6a08710c71bc0,2,1,122.56,0.9490918823920652
train_00558.png,4316c8c7d7e3795c20d45510cf5015e3ecc3db6b3ba791b14d689b2e440b9dfd,4,0,18.22,0.6149400905365358
train_00559.png,734a916eee1809b65ed7fb75db6a6ea630477834bae860dff5c0925d7940b3b7,1,0,314.43,0.3779099027101047
train_00560.png,008eeb0c333248a7b09b77a25f25a1b25f2d4fe07785dd35daf62e59b4652ac2,2,0,330.51,0.4042629720640836
train_00561.png,be2e5c67d2f73fb579899e438872c9f912bd1d8ce985918830f734e60aa316c2,2,1,87.0,0.9177767320757904
train_00562.png,1cc829029d89b6d1d453c3d3ddaea4fae4696ca8d1198b9882d4af61f52cb560,1,0,321.32,0.3794889787113474
train_00563.png,f231b4792059be7f5db369009ab8e3b90df5bc0c438282f82be5c7f26a99b42d,2,0,292.25,0.41772437625866765
train_00564.png,bcb77381416fd54c6110dc48c3e5c92bf8c8d42962657293b525edf1ac1ee6e7,1,0,310.55,0.379684841499439
train_00565.png,a69c7ce332af8a45f44f60ebf535170e10016a4554f1783d254daa7ab6c38173,3,1,115.23,0.9486177342905592
train_00566.png,7b1866c249578277d2c813a1d70ce755b125f0d1d20d0083d1b813bfa767f8cf,4,1,316.56,0.3813342357761042
train_00567.png,db656026f635cc0a41dd54cd258b23049fde86a42bee554a83d971eae3b53a2e,1,0,277.86,0.47064279855459407
train_00568.png,680d05d900b5d29a00a82a7acb50de0e6252a31f2161efed69482f37df8ee286,2,1,67.38,0.8725880467393978
train_00569.png,e81c3e87a1d23809250d25eecbe14a483e13ad17817441675092e273ba20b9d6,0,0,347.63,0.44561963777784375
train_00570.png,1b7caf53ea3df1dbb9f603b7f8c261c6b1a6a124e929b241943bc5df7c0047de,3,1,130.75,0.9533764467484198
train_00571.png,36994f7b823509788606b0d3365e521d9111027cb309a69d159d991cdc383013,1,1,344.56,0.4295541210976312
train_00572.png,0ebbe04380e81e2d40964fe2b35f30958384b034cd1f81c35b1a518d1b89691c,1,1,190.22,0.9108585767787858
train_00573.png,ccf83394246f7fdcfeef36fa6ad8f317caed983cf6b0ac114a86edbd83b660ff,4,1,153.11,0.9479823757415489
train_00574.png,f323f9b7888482cce5d2e6e887224e5c8a4d4dae7ece5b03c9339f4c52244e3f,0,1,59.92,0.8494598968474416
train_00575.png,be1f41415a04025d3fe272ea9b9461bdaf105fa6a9fe745d177daf84d92ed373,3,0,358.43,0.49859451236332764
train_00576.png,36dbbeaa28b268951437d2c6ec2c49d55e959db1127530964e98d5cb2b451dcd,2,1,209.07,0.8453991678090058
train_00577.png,2a0a2b648ef2fb7d8dffe6a30ace2dfe6cc26b35628ece190d9c24c441277ff4,2,1,325.97,0.3963953575096975
train_00578.png,1165a58c92c761ccc75d18f1244549ec549ac9925efffbe568cfc56649ec6622,0,1,278.72,0.45817103872608556
train_00579.png,7aa6a4e37328406db93de5288d3113893c516be351d48f763bc70c3c41eace8b,4,1,255.01,0.5950329791804748
train_00580.png,f6cc5c35a009a791595110e5a45b9e2d070f0599a9f640aacb8815891a087e7f,2,0,296.11,0.4081617065006064
train_00581.png,2386c0d5e2afc83c2862a5d5bb739017fd55915d9bad935a0737f51221b8b09a,4,0,351.03,0.46175829779577793
train_00582.png,11a849416b31dd3e0b66f3f6a6b97a0872c1b5c7aefc305353267f1f1ebc1e46,2,1,259.44,0.5663758789268014
train_00583.png,f295fa09866c5415456827298161cc42ec68086f86b3388e646056e3a3b2e743,3,0,319.78,0.38474173783584537
train_00584.png,b5ed66d6787d6c67f034f58f0f8afdd59af71c41e51a97e8a1939d7e24f14215,1,1,28.62,0.678551577646954
train_00585.png,1752893ec23b4dc306042fb6ca6119b095b2dd54d7a396736e552e1ec3426fcf,4,1,139.74,0.9517759306489695
train_00586.png,b48eadaed5f45a3799dd1d02d0d44eb976e211bab5d82e3b03fd74465db0bb24,3,1,259.52,0.5734029172612544
train_00587.png,05aa9cdfe514ac0d99692572a60e28fbda9703435e8516e9cbcec40437af3ddd,1,1,32.39,0.7026505810631367
train_00588.png,6d6b3585f6191f41cdb5fe1f2e4660b21ee4f6c89b4ee3d3b5917aea86d5ca26,4,0,90.09,0.9227643930984422
train_00589.png,003311ca15a08af421c076e3499b38d60578202ce5fbe37b3336ccae3b532617,1,0,306.41,0.38369811239578433
train_00590.png,7e613c2184c288ae73981ac5c792c9d97a25bf874f94c92a33c291b949c68e36,1,0,341.18,0.4179956099151418
train_00591.png,5e1def34d5bb4d7c3ee26800c139d3155df9c102973b8b50c12da00bd84fd24c,3,0,349.23,0.4552006181713489
train_00592.png,901dd5ee0887ea54372e5524c8867845cc11c6997aec9ce3fe3d29dd3f7cbd08,1,1,76.28,0.898155316430229
train_00593.png,2c40357fcf6a895d4f890a428cfe9bae193790baae03a2ed779394d940374b11,2,1,343.12,0.4394014441245736
train_00594.png,abc1e559ebda85a5a02d440e4ae6be375e74d339c0814f9240150948c72ecfb5,0,1,32.72,0.7108247685817434
train_00595.png,d7f423814f759a0a08a52dc65d02d4b0010a92bd6a5d02a38a9809a369872239,0,1,256.53,0.5817319294009106
train_00596.png,eaddd7e9f9615fafc0bc0286d32dda8d4d16be94576720adb4bbcc21b05bd16e,1,1,185.87,0.9191317112379497
train_00597.png,9f7d94bbe553228214497170850b1b5e9592620229fe6fb190fe21570e1e4342,3,1,23.7,0.651493870999512
train_00598.png,ef32d6c23c32d5058105d42027ba8de97bd91d08cb4b8926d50f0314848d6a0c,4,1,18.01,0.6135957520297594
train_00599.png,62ef353b93f0be28d7dabe5aa4ba1393f857428ccf01455c27b913604759160d,2,0,297.61,0.40494067278974283
train_00600.png,12ba9d32a93afa8861b18691f34acf1d6801aa5638752c201b13455219f11344,2,1,172.33,0.9306482537648324
train_00601.png,7e3c76f7b70185332c934b1a1018bed85f8f3640574d6221c14f7e567bae5c79,3,0,331.51,0.39977310747159883
train_00602.png,3c51a8ff7ac5e11aedca7e9c44c63f919652559461ac8db6078b391f49c3afd3,4,1,214.01,0.8298365350627372
train_00603.png,99fd0a2d3151bb78ac93674272a718d5e991b04294b69adc79bb4314adecadee,4,1,195.66,0.89129986046899
train_00604.png,4827f5fc6fa1b84dfe109e0a98e4c53c4a8e32f8e54e4c78421ab019a5400e77,3,1,292.02,0.41830357559012354
train_00605.png,4731dc26041b6df3120407c1ca2cb1f896281a49be1e47801c4b48ad0363070a,2,0,288.13,0.4299411487866838
train_00606.png,4cfec18e0e7bf903ec430479d24021ab56cb72cd17cdbd4bb178bb2b7f2f89db,2,1,92.43,0.9259436674273359
train_00607.png,2bf66f53a8c04924ebd3a9bfb739a33c52a21402aee1fcb4156b2d0b577107f3,2,1,254.41,0.5970674706708801
train_00608.png,eebf0b20a8665249ec93f1bf97bac90e32803b697de4225dd35307d1f7f5ce18,2,1,55.93,0.8318537443235523
train_00609.png,5fd5b8bd6b9e2c607a66984378e2f438c9506f67fde203a1b49ae4e8cf61b3b9,4,1,224.11,0.782526149693431
train_00610.png,a1d256da0f65dc50d0079e1901260f3b8b58e41a806c1298057ce8174a3fa030,3,0,316.02,0.3835974522133733
train_00611.png,25d48cb5e4e54b2a153b5e6ac2027e624f185f1fd8e690d7e9d60e4e6986242a,3,1,218.99,0.8134503052332164
train_00612.png,d8d056dba2e7eb87c6c64ba1f7c28df2b0676c39637be6aaa0b5488c17805f3c,1,1,212.22,0.8465341513872661
train_00613.png,eb5c912e2bcb94f60c896e54b33280cac3ef1a986de6f3ff62387c25a5c8929a,2,0,295.73,0.40902176515656513
train_00614.png,d3a3e1c827738a5ef63817518d9901aefdd8610ca392b95d36dc7180add289d8,4,0,355.44,0.48234005518969236
train_00615.png,8a642ec8a741c5f9ef50bcb2bf545d70868f09a75879e5f31eb13a294094a869,3,1,75.06,0.8945477164258272
train_00616.png,f2cfd4dd73a364d2335a02d952b156dd5a11aec7b83783ecaab397208b1c5355,1,0,306.88,0.38313226195763644
train_00617.png,dce8aa3ef8da9c8086610066515fc35046acfd4e388b4cd437a5a0d806c303ed,2,0,338.58,0.42452061652350864
train_00618.png,3873ce443b2a2a400828c47b6c53b9539739b5e630c605031377b58ff6b7ab27,1,0,279.05,0.46502292387969646
train_00619.png,bbd671105a2c6bd9d7dbca21a70e2b2242f3e834cf68882ba42bedfc325623e8,1,1,22.79,0.640461293433251
train_00620.png,1e53ed27c94856db3043c3c26d76e8c07d8ae59632ac112c36b90668e8d661a1,1,0,242.51,0.6851619415831548
train_00621.png,4d48546b4a6df8d6d2ced7f5f01f467c982e713bb82948aa162d6e1968108dc0,0,0,313.68,0.3767451222084652
train_00622.png,b7aab1231511a39ff9a33f713fec0379ed97b52c405364a223f14be3a756be41,0,1,271.22,0.49496550285154134
train_00623.png,cc4d4946e39dbc074f5f7a5d35de41f4c53fdbdc52c8cbaf45f266ee5a91b974,3,1,75.18,0.8948477075004612
train_00624.png,c44e660248e883bc57fea6b49f67fc62d2a6abe39116f7682bf1dca5aec6fcde,2,0,358.17,0.5055184465766853
train_00625.png,ba84a48d6899b41e226425d0f4446fdd6826610862d82e7b6080ee93f39edbd4,4,0,286.75,0.4312088915584447
train_00626.png,8c7578ab57a9547ed5e4211423a5ef7e65d3f19b2df282ade0df9e8faa1d287e,0,0,292.67,0.4072351959662212
train_00627.png,9a2337da7f271417f4c2fc61a3f8c0f50dd7c82c62a9a34e6ce11cbdbf174816,4,0,344.13,0.43397833213420167
train_00628.png,beb6f77308306f770fd59a7eab64a690dd1067b0fec74e7d89d09b74c78f2d1b,2,1,47.62,0.7946826642455053
train_00629.png,1d0300f5dcc1d01d4ca33361d317526aef0444fa9dd910b5007d848453b3e945,1,1,253.0,0.6165915246397597
train_00630.png,8f5b65326e7fb3a2deb0bcce59b04ebd16e2febf6ca3923800c1842bfeea9491,1,1,69.14,0.8785418439928204
train_00631.png,39fc3ae7444d7691a34a009baa95247c20df89831dd7fac9fe485fced61cdc67,4,1,352.97,0.47055207631818524
train_00632.png,23776ec947b790bd1e791b499e902a9bb3fc10a2eb3ac2ca713fd3f8e32648e0,2,0,60.86,0.8508541496492532
train_00633.png,176495271abb64681c29dda38727a04005dfbc6c67d79077b08d976446a3a90e,4,1,219.3,0.8062659670233125
train_00634.png,26e3ade64e6ffe1bd0849bef4e8a69d8642e06c890381ad82cd4c5446f188dea,3,1,30.28,0.6933881989321893
train_00635.png,33f46f7869fe5c1c66529f1122e888cfaaffde66378dc69421bcf4c971d13248,2,1,128.24,0.9503325433790722
train_00636.png,e13294c86a34adcead7249f9ff8c03e7e5049e19bafec55e9731347d77329241,4,1,234.71,0.7232407770813354
train_00637.png,cb6dc5e4ab20b72ae1afe3c40e9789de9a29037a131c8f4a8a06c9e723c4b199,2,0,344.87,0.4457930003988182
train_00638.png,d94a6a300bafa11b63e25c041cbb8b2dabc2bcde678035cdc757e7190e9f9f38,4,1,117.28,0.9481134717414695
train_00639.png,19486a397a1c8b238206a9d09611a7ec3df9dbfa617c79e0ecbb0477f6d774ac,0,1,225.69,0.7740482246020562
train_00640.png,4e7cab8bd8566a89dcfb8cae02dad0cc86c837f2d3c8d16b6f796be5be82decc,4,1,339.9,0.41976244985185307
train_00641.png,fa0f4d138e7762d56aa23089a1903e41a621f6991e34f584073c80df786ee307,3,1,8.12,0.553105481305327
train_00642.png,b9f67e760d6b5b6ad07bd14f122be341ea56947a6a8a4e804758f676654b9168,1,0,297.62,0.3994931005999007
train_00643.png,9c59a1af4a1c00113323d98974574c0ceebf88c4ff3507a30fb828e1364b6a71,3,1,130.59,0.9533582206552664
train_00644.png,7e9bd9248051b367e4c9df6b0b706afa2ea0c211056fe0a204aadacf12545795,3,1,138.55,0.9535302531431473
train_00645.png,01cc7020de4d067664ad9deac1c0cee3dc414dee7e52ab067a9d6ca1b5304d5b,4,1,258.73,0.5717591641536914
train_00646.png,eab3953f88c2bb05d04eb2530de9895fdabdf4c118c83b0c7357886ea0128d65,0,0,307.14,0.380233352761103
train_00647.png,826e868968799f83f2a8f54e54e1bc2fbdace92c3fee72e8b283412567983ea7,3,1,75.67,0.8960611784507568
train_00648.png,0fb5af46a96f6a8482f5bb020172d5984759114b46af39a34d12b9e1fd1946ca,4,1,286.46,0.43223598844002525
train_00649.png,910b7c66bfc24cd72cd235698559570ce2b35e54eda5ca59a4012573eebe9a8f,4,0,308.72,0.38369440715229325
train_00650.png,3fed1eda660eb268d7e64ca050d894c046ac2072a5538ed829be32b5d0b25842,4,1,205.83,0.8609939949865546
train_00651.png,cd578da4a7aac46dc418d5d3d132d5c2e2dff1faf4300e336fcf4eb7d86abe21,0,1,297.88,0.39444786926216624
train_00652.png,b8e469b3e846e0311830e0b6d54838bccc27da70fd4c360640a21d37ed9baa52,0,1,89.24,0.9245355173635559
train_00653.png,b483de579575c0d67a7b91bcaafb916ae04d1c53dbab60354e87645595f92e50,0,1,262.38,0.5453235994565518
train_00654.png,7ac1d2d247c49e49d23024a3327bbb1b813211e044a6fe84a8f6fb79b1ec8b56,4,1,195.8,0.8909409466381669
train_00655.png,c0dd6d38e1d7039399a2fbdaf65e04604c5b9982afec5aff4c9b2586f522c58f,0,1,166.15,0.9410877451919479
train_00656.png,bc2a42398ec3840acb654121a9f43f18df87e4728e88c7bed881c854c15c9cf2,0,1,333.2,0.3985382447054021
train_00657.png,d526934514dca27acb9c90a7723228bd8f578aa9f09cbcbc9be9e30089886d91,1,0,276.69,0.476322241057987
train_00658.png,89972f0fcbd5c17062908af41de0ee4a11e38a42a97b22632561327a3a63ec42,1,1,191.53,0.9081207197791613
train_00659.png,67563741c82a87e7a463303c0bfb0f92d618f894b6de9ca0b7f79c9b87303134,3,1,143.13,0.9529487351730432
train_00660.png,6f38bf01a9fff5953d4d29f797e9ed96051b78414a381ce2214e779248fa5952,3,1,22.01,0.640605585965608
train_00661.png,2197bb8887ac27d4879d10f8f4771046458ce238bd4299f0115accc8bed3c72b,2,1,160.31,0.9419569596685192
train_00662.png,06badb45ee6e52447492f840f68e455e56bbf8f386b85269654ea6dab6867982,0,1,272.11,0.4902881861993208
train_00663.png,246797e164843d8c010e2518b3c84d01e281b7109eb13a426be9c26cb5f9fd72,0,1,101.27,0.9393827103808848
train_00664.png,79acd636c18d05ac64fc659d5998b0766d729263a052a9f1ddd3b0019f9e6700,1,1,92.28,0.9286628832449838
train_00665.png,2f5fba2b932e10c9a713d186e56d3599f15af13dd1ff066935b5eff734b97323,1,1,178.38,0.9307356257002145
train_00666.png,0d8e9d7b2e65aedce71514958d841924dfeeccdd39ca2ce5c03555d6e647beb4,3,1,325.61,0.39004079988953416
train_00667.png,0e5d9d3faf5679d69566229cdee8669912ea6e6a7b867c14ada42ebd2bdb23e6,0,1,258.94,0.5665057232469988
train_00668.png,c5e99319488e563265a18c43c3872996654b1edf4f13a6015052e284f763b3ed,3,1,344.48,0.4365576662541315
train_00669.png,00e17017fe02b8b9f24036dda0cf3a765085f7b76d76f3fdc564f931e676d7a9,4,1,28.07,0.6780314458434817
train_00670.png,994f76c221998207da541082123dd467e3ecb915b48ec8c5ad803eaddba52ad5,3,1,157.92,0.9474237236307869
train_00671.png,4a476418f06ab998be1d0b5ca6fe02cabeff2f3285d923946cfb9e300036d24e,0,1,118.15,0.9506994555420405
train_00672.png,3d662d00b0bdc80dba5e0b67b5e219427e3c91b78a1e6865cde6261f6d82fb16,0,0,233.0,0.7323727512910825
train_00673.png,fd8d69277ba9286bee7a0d7b69d989c461d1c53226cfc474d60fea2a604726af,3,1,62.08,0.8549936203774152
train_00674.png,d6cd4c49b45c54f3cd3ba238ca3fe098c61f9e591e683c6b57844a1d83f5b15f,1,1,309.26,0.3807004901675848
train_00675.png,a397bc6dec87e87b7880eec6242905494b2761431a91c9bdd8973577d68391d1,0,1,38.94,0.7481835211274035
train_00676.png,a918dec3f2ba4166cdbf00044c2e9f88bddd842d52c891f35563c54c61c91eba,4,1,339.66,0.4190215956727932
train_00677.png,da6b1633e9a4d528604735ec801e4f0f8f1fb44630da046f9dc46036894eae09,0,1,293.47,0.40504789353822596
train_00678.png,94b46b89e13f79c99d3c97ac42ec2f5a44d51538ff2ba48ed4fd9f9226aa6fb5,2,1,279.68,0.4613281626127789
train_00679.png,3ca27495b4657ff6ef8199b3beb64fb90353c39797c8ae3ea228795ba3795f38,4,1,7.97,0.5510522029831372
train_00680.png,051431cf2a81623f2ca4287b2f1571d74fd9b881eb3a772bef911604ffd9e4f4,3,1,118.77,0.9502621017690285
train_00681.png,033e65bc472fe22cb21e7a494604ecc44ed5a2e34aa7e7b7521273f81c795982,1,1,295.6,0.40452177184415966
train_00682.png,913d23096736e2841f200108687b530858fcbefb7aea5c8aaad51f8259eb8a57,4,1,184.42,0.9154932107627539
train_00683.png,63a524fbac3c4dd8c0a3c3a34adfa36a8ca7483cbcfe4b2c4947ef25064c86e5,0,1,52.52,0.8185972972412582
train_00684.png,af1ed720a53246f03ad0b74457daa3a79db7517bf7c87310818db4db03381874,3,1,64.9,0.864851197322996
train_00685.png,6206ca29b31fd15dccb4aba4cd46b5b650d2b7e770b0487d4433939f82d99ba1,2,0,87.52,0.9186280014014804
train_00686.png,e6c3a12dc190d27de5d6c84e354d581c4b59d8da4f01c90e551d432907dee4ec,2,1,333.36,0.4105030463145553
train_00687.png,edea4da58b1cf30c397c69575f392dfb4aa10f444fb104426584eecf5a8f883d,0,1,128.93,0.953607973152687
train_00688.png,5f1f38126f96db05bf538722c0185bbbdaf8265d0c3c19875468eb48f73175b6,3,1,60.11,0.8476641962922383
train_00689.png,e48e23bb5004c1e58fe3edb25288643779508548a570748d2c20793a5bb22a7d,2,1,320.22,0.3900909970300727
train_00690.png,535bfd41f45bdef8be82c8add2b8b575ce066108d66573718ab67491c2b54638,1,0,119.12,0.9518574093268174
train_00691.png,4982663e07be9eae2fc46cf04db2444020ce9ca5e0ed62c36fa92611b407ac19,0,0,345.25,0.43607888851501586
train_00692.png,39e39fd1a8488df264ae59bc82d55a0914513d9a28ed5dbf5f47ca898848c68b,4,0,281.83,0.44999745909210587
train_00693.png,89036f58310ada9a9f953e9f5a1e6b326a7a641403ac6de9b23028b0b57030ec,2,1,322.73,0.3923399379896102
train_00694.png,8b2f3422685e1cafa05c9309b6a07bf3e5c5ff5f7830980ca10221f55c6dba71,1,0,295.7,0.40426054656664245
train_00695.png,e29f6d80cd680316c51c932f8d5a7d0cd8070169d601a138ed20d118b9700c74,0,0,305.06,0.38247808550318796
train_00696.png,75c295e56613f6015164b8c3a6beecf2a8efe76894606c8bf7dbbcccca397dcc,2,0,329.26,0.4018424864803054
train_00697.png,1c899cd861effd10a25d4cbe1d8bf33e9b299524f829868219231fa4f5e1d7ae,2,1,165.78,0.9375075394566008
train_00698.png,1a2c4e786234a30644e5b22af7e1adf9c8c6a3237a6615e1352ff9bc46f050d4,0,0,338.57,0.4130161640959757
train_00699.png,fb4f2802e5405509285be070f6e08940ce2321b01d1505ccb776f9d3f57a1a34,2,1,64.33,0.8628898319640347
train_00700.png,f4f825149abe34462a1cca2045ef16b6950a318975e308eee0488101fbcb5e31,2,1,47.44,0.793806968489664
train_00701.png,8d694137636edd6b9e08d1dc9bfdc2e1fcbd5b6917d62ed6db7fea800158b08a,4,1,325.93,0.3885786340545557
train_00702.png,19d6286cac02e1a0938b4caa0cf24a44fa9a73495ecaf6f4977b4c49679dd1c6,3,1,221.05,0.8037641451807084
train_00703.png,5054c7c601ef8f7daadeeb4a46e254856293f5990d51e465427c2c1bb293897a,3,1,61.79,0.853937768762587
train_00704.png,02f5cd0b8e7c65bd3520fc5e8958cc7fd3e4e78c2fe423d74a2dfdd8fd009139,2,1,260.58,0.5595912187459987
train_00705.png,7fb1a3604389323bfa662a424e94ae39f9fc96ab8212f456e86993b38ef339a9,0,1,281.68,0.4453855913344021
train_00706.png,4be53730045069040214b4f0b7a0b09792c0b1dc47a7092dbffe3f0d7ded1d21,1,0,346.03,0.43502593289470076
train_00707.png,550fdf8716986c4912595704b8b7492ec62f5002ac929303173097aa44fc983c,3,0,30.78,0.6965144514559651
train_00708.png,206334e3b8f0985144ae445792cd6e6accf481041b59933f90d801e201c3374f,0,0,346.93,0.44274278430777014
train_00709.png,b55a2237ef2d4b885021474a39960ec0e79ac7ed512873891deef8ed337ca495,4,1,0.43,0.5080510693930337
train_00710.png,e9f6d671ac5130317e1be707c71d3908d312260c124ba5ce7508d7a8e413a78b,1,1,242.28,0.6866396797499756
train_00711.png,2539320d07aa4fecca2241de58bbc85cdebb5acb687f98f7555ba4a5ba5f2dfe,1,0,338.72,0.4104898052656431
train_00712.png,8eee3abe432b18fc57972c27cddb81fbcf10264cfe8e0cdcfd359b4ba0d5ec1b,2,0,291.48,0.41985061380376415
train_00713.png,0f4fb2836c5c20d4fb8f65ca2fcd6d912299f0d4acaae4ebfee54b5838a205ea,0,1,118.91,0.9510032766131465
train_00714.png,0ee487d4c2d392c6e4d235a2e2f3bcd69bdb2c19317fde8355580b0a141c4212,4,1,50.69,0.8057261570645597
train_00715.png,91db3f9e1698ee7880d29d456829ac77925691cd46e7dc40ea750482a6659d83,3,0,38.38,0.742386830364867
train_00716.png,8bcb483e6de21e6ff7818b0e19d9301a014844d8f1778de2f519cb1dda053c2c,0,1,125.53,0.9530069380655223
train_00717.png,a1ff2ca131798e198266a6c89beef216bce567daafad8b13f7aa8a0f8de5482b,1,1,214.32,0.8380844680218581
train_00718.png,a92d8e57213b86f7dde3c4c41ed94209772bec34b420353e7977b9dcc19f53d4,0,1,110.44,0.9466812186382251
train_00719.png,b0c72643abb8cf264e51e2a392348faa3451fd6cae52de30e1b02142ba8d17a1,3,1,6.74,0.5448922335781219
train_00720.png,adbfb088288232f0c17f69ba9038d927c5a45bf239429deca36ca2fef1edfd82,1,1,55.04,0.8261538967090072
train_00721.png,882d00c6b742177dd2169e04c4bb45b370d3b6dc6e56ee16724cfe0508ca283d,2,1,45.79,0.7856447476817076
train_00722.png,8146a3480cfecd70d92e8110ddf7db4bae620ec68f489f925495def7924bd121,1,1,260.71,0.5669510806519681
train_00723.png,ce64aced4c05e1fe23776142d5be2e0f6d4dbb8b57df4c6c27af2c9e687021b3,2,1,121.02,0.9486119350675808
train_00724.png,13acda0f316a127f840f953a829bf8efbef1aac4b653d143cb0aba1ee7c143a1,0,1,275.98,0.4709050283967118
train_00725.png,e296224fc1eb37b94843909f867cf855aa85df6e2d6940ce311bda338ff41a55,3,1,115.2,0.9486022670986342
train_00726.png,c2c8fb9e0a0cf329793ac5333713242b90288274dcce79fb585c28f42cfde17d,2,1,156.01,0.9447357762227822
train_00727.png,c8c2672b92f104ef52e9934bf8f627f73f13937b59e6f5b44720b4e763c145ff,0,1,230.8,0.745360767757526
train_00728.png,d95922433837be2143ef5724a9bb53251456137d18e159e87da619fe3ef32bb5,4,0,335.36,0.4069569055806094
train_00729.png,fca7dd4663169480cab163eb959909a952f10aa719d57b53e82a06baabe9f1b4,2,1,156.27,0.9445845133090404
train_00730.png,63e645612391862721454a03b5c38f794eced2c5922dfde9f6a45798ce9b8080,2,0,29.01,0.6907914377228773
train_00731.png,ea8afef16e5a7fe7f198da124974a4502fabaed865a52b0b47cfc3289cc7350e,1,1,22.0,0.6352684095026665
train_00732.png,3598fc4ae1ff8dec5c7f493e26da5363fa6ac64ff1249a2d00ed8bf90bcbf2d3,2,1,71.16,0.8835143918837105
train_00733.png,cd978ce2230cfb3319daad1dbbc2c14e5266bf930cb3a3fbdc3ee4bcd633443e,1,0,342.1,0.4209995252741744
train_00734.png,c11fa29f81dc433ffe4944aad9082daa8780e0c930e19298e657a593fd2c02a1,1,1,81.83,0.9106430923940202
train_00735.png,9a128613781faa6621f95872cb780c081649064273bab29553c39b40a145aea9,3,0,45.4,0.7811127543480318
train_00736.png,38d5982f21731c512dc729ada7f3fb91122ffe068a61706c571265f75f651f9e,0,1,312.48,0.37697981089857224
train_00737.png,3419c3fec55d48b93c64df53860ff96c776192eff64f527b11aa4f73940ff912,3,0,349.53,0.4564675161798181
train_00738.png,3147e59368c7ba6a42c14c81cdde6e02f633b55cb2c62ac9b9a124cfa011de44,1,1,316.33,0.37774093413978777
train_00739.png,15369aae868979f9544e704355d9ec5ef96026eebd53f6981813ca1d74b6eebf,2,1,236.91,0.70622613187341
train_00740.png,e5e7b3df3748e50839d5bc4dd75c3021fe5702d505696b675abdc6b8c378251a,3,1,175.77,0.9314409160605129
train_00741.png,360d3f26d33f68ae671fe3b6971aad385f9464f569e7e340f00c2e2cc758cbad,2,1,82.75,0.9102248443168706
train_00742.png,a41abb18c56b6ea29b952b49bd8f376f65d7aaec7db047428440944c8b244e1d,3,0,232.29,0.7441167662550248
train_00743.png,4f4bcecf86d05cdd73f4bc5bf12453243176746e17b0950be2762f389908ef84,0,0,281.26,0.44713693548688876
train_00744.png,a593b5c4833b0d96baa812e8fdc86459cc949a2a500c86c2b5233282b5cac4c6,0,1,72.89,0.8910177996965738
train_00745.png,3a7374210e3001141a3909fe7a230d2f29241b5c3d0aebc2fd9d40405f573dc2,1,1,78.41,0.9032146902701752
train_00746.png,774d9a90796e979277b40153f8f33a2c06b9e9315a82590dc4c8a4306517afc1,3,1,258.28,0.581113336077278
train_00747.png,0c88b740357e54f32331ac7b91fec41a329d7f733b25ddf5ceb84d4d08439f97,4,1,168.9,0.9366715549829265
train_00748.png,9857ca8fd5a490fb3ddbd0821ea27692f0639c505ffb45e149e848637227a20b,1,1,259.65,0.5736346823533275
train_00749.png,0a82de5ad02334d63d14bc79591a57f030f6315ceba3fd702739398725ab0b17,3,1,118.19,0.9500167905269712
train_00750.png,f4e13309752ffd1e1a4b73b1d0fc7c780feb69e077ba2a880deae37fc75b0dfa,0,1,275.13,0.47502524505858096
train_00751.png,57255bca78057f6a99bd2b6d28571e952b83dac58703df379532217cc534b9d0,0,1,274.2,0.47962293026069075
train_00752.png,55f48176a21dcd520b4d55ffce176a392c028c68afa89276fb2b9d9dfe440880,2,1,75.92,0.8956565988642166
train_00753.png,028bd2c454cb634ede7db9ac2548a942f5af14c33e9c83540ed592b616a56b68,4,0,320.71,0.3831897036861578
train_00754.png,ac94be603836ca73e5453c5db1918bc9ddf8b72a66d395f04ce73edf1326c85b,4,1,191.89,0.9004036487813087
train_00755.png,48fd4273525107accc6ad88ba183950c8d99913ad33395e93724aa834f33eea4,4,1,12.66,0.579736516000021
train_00756.png,8333cf08ca1e692893f8bb6d282b6d563fcb821ac29d34144a7aab6fcab75cf2,2,0,279.58,0.4617489398671728
train_00757.png,d76a5e6b1d4e0efbe64a0db2d8abe794b44e79eba3b298cc9efd2472244e5a3b,2,1,180.35,0.9195646019678045
train_00758.png,0397890883a7c87b0d7f5c066e1d5ec903c750ac5bbe905b8eface6563f8bf2b,2,1,181.18,0.9182258051888709
train_00759.png,33da6a7e7f39eed1e2b0ca9356365f4f4e971430d4766e0e89efb9ae64e7e251,4,1,5.57,0.5368912328954368
train_00760.png,33e82edf6c06c6aed737747e9c9f8705c220056fc0c8562018077e0f0c19bbf2,1,0,290.15,0.42068503461810924
train_00761.png,9d84e8fc02f5eb40540f95642b28c08b91d389c7471516cb34e08811074944f9,2,1,171.35,0.9317905877684597
train_00762.png,c2ec08444d23c69258fb264c18ab4c50e2419fe1286897489fabee118f7b3480,0,0,343.92,0.4310466783055651
train_00763.png,cc47cccb6745bcff8512ab20729dcea8bc3c70d242761ed2be15d3ffcc587aa2,3,0,306.57,0.38858731358837584
train_00764.png,774c35c9c548320599eac52c0d2801cb677ab61bdc25a8c9f8d4a83653070484,4,0,286.7,0.431385250601549
train_00765.png,8bee36dd8cd201b8388b818d5b09c99bbaafab5db041543211a4b1f6257b0943,4,1,249.09,0.6328814239306796
train_00766.png,d7e9b9008089c89cfe219e2f9a05b6201aecc34760d1b262072ddd3f3ec221e4,3,1,142.54,0.9530519481457437
train_00767.png,e43dced149fa083d12c35000d66b9d3d487868c3ed6c34608f8e3bdaee746370,3,0,337.22,0.4133759746584564
train_00768.png,b4d82500eeb46c22257fc73ffa2d0b36840c693031bec6995554838fd4cf071b,1,1,232.84,0.7449008910373164
train_00769.png,97281af0d53312e7874d60d2e3e27b231a21cc8e8f8dc4ed70632a803188c96d,0,1,38.38,0.7449321920775167
train_00770.png,ebfbd3f8f11bb7dbc48d60a6dc6afc3d78225cd714977f63739223cb334bae65,0,1,240.67,0.6847260246014019
train_00771.png,43a9df55a87ad1f4f0ebb74d735e467f45b82061db2b7baa516492e6bfd8cd49,2,0,291.65,0.41937495179527273
train_00772.png,f57ea27609b4bd79d4098a4dbbc70d2bd62f67c149d55a3389deb13b7d89b757,0,1,86.93,0.9208461453332479
train_00773.png,66106f5780e0bbeadf21c2465227f5652c878f623271ca32b4b384fe692c59c3,0,1,274.33,0.4789746703849962
train_00774.png,5ed52f9de60d281fcf5022b482ddad31d40f37b5e29605a2fbc1bec80f3af23c,3,1,73.14,0.8895946875972514
train_00775.png,876103af58659afbf785593d37cfcf42978e43771f1f7df1284260807b71d23e,4,1,169.39,0.9361760072945982
train_00776.png,85e7ee37a041456f3f31f65029ddc6109b8f519a3f57d2094d33ac8402b89782,3,0,276.93,0.47674204800734243
train_00777.png,96ed32801b59fe733bb7ed469926e42a35bfb39d721135f648d36b019ec747a9,0,0,290.86,0.41248259337774695
train_00778.png,c515d409f76aa84352ee71affa537c012f7217ba87a0332c58d9247002de3853,1,0,327.9,0.3866542474357097
train_00779.png,784da71ef18c49bf4fb21cb174e72401ee2448fa3016855291b2c14437c9163d,1,1,308.98,0.3809490110840478
train_00780.png,5ce7a929502eca7217289d8f30924f5855d3f2e2b9076b0e2b5cadadd3452d30,1,1,340.96,0.4172931203616502
train_00781.png,a37c2e7a8f41bff45eb03c39d99847188a1bed6eae38349fdf8ebdf56bfc6f97,3,0,277.1,0.47593671878492994
train_00782.png,45198c85758dfa857cd6b198f8605ebb1474083c8307ca4efd469f6fecc8cfab,2,0,289.43,0.4258637884100292
train_00783.png,63eb3d6eac32ddf58abf350ad2057d1a93aaf12785a4bddbecc61adfccdaed1b,2,1,107.53,0.9415110383106323
train_00784.png,be5554713d9fea0ff2bff714d3f1073f479b5433330b26db4f3da939b83f7581,2,0,319.49,0.38958317359544575
train_00785.png,e22cec6974966fee5848ea6883edc771c77983e859c891140ccfbabe843f04ae,1,1,332.0,0.39392144332891843
train_00786.png,b10d83afd4b224f4f8e19d89211bc9b6ba09712f14a26b953bc608cc9a9d26f6,3,1,215.64,0.8283251991744668
train_00787.png,9a7ebb5f2f8a14afea8ae181b1dbe1ca6d3dc8d6257ec257c15c50215ddbd662,2,0,315.85,0.3880341934766135
train_00788.png,7915ddb47694c087cddb1a0a40b62a4440ca177d568959965461ffb7f7dec00a,1,1,336.05,0.40321516622657144
train_00789.png,4f52176ee26bec1cb2648bfca04649c47fa4bc072b0eeab77d3b78278804424b,3,1,99.84,0.936800217480328
train_00790.png,8488209ad33c71e32e7926c758282c68e863afe889e005ca263a5f36f5e1c557,4,0,356.95,0.4898609310181232
train_00791.png,d31708afeb6849d93b15b70bf944ed933031a406cdbb93ba37c83e7720e56b2b,2,0,244.88,0.6569281160617829
train_00792.png,18fff72662ac5617b35ceaed09f299e9f2c8b3695719aa1166c7306522d353e1,0,0,298.89,0.3923680279679925
train_00793.png,15bcd12eccdaaac50e0464dd19528c185702ecc645cb683ff717d0b296cc0566,2,1,102.48,0.9373302377755868
train_00794.png,641b49e9e63ba76b3447a81525593ddaad978a99d355d3dcd767e7b0265f57ec,1,0,287.21,0.4309620457576258
train_00795.png,9b617d0689584edaafafdc4fd02aa68077bea689f5681ab6440de0834e3b28b3,0,1,345.77,0.4381050325472111
train_00796.png,aece95afa97c9f9cafa5cb41ddf5b558b73df55ebf9fc6663aca6c4f4ec6f0f3,4,1,314.99,0.38119265612009584
train_00797.png,040ad73cc76f315d934cc0c90225d381889b3e5fb3e01c9797024d82453a665d,0,1,173.3,0.9336544658206697
train_00798.png,88af3322eb2aec6b9d89bb7ff13a7a1b09d06a26c3834ca45dac316ce037f1af,4,0,240.32,0.688829359891411
train_00799.png,f08de62881924b13f0531ecbbf5faf0e52763e4f5ed2e3b7a8298aafbe825ae1,4,0,273.61,0.4875676043358525
train_00800.png,2f33f3551e894836040cbd801bbbc60049eb728c2a3c821c9de44ce1ac0e64f7,0,0,292.0,0.4091293699755046
train_00801.png,172a0e776ef0511b587101f16b4d4623d39b6a291750a41962699b4be69405b6,4,1,321.8,0.38403362736127555
train_00802.png,7f857658ad148a0f09176921adc9fd253ca191c46da2d22fc051ee54b8f1fee4,2,0,218.25,0.8069247272956638
train_00803.png,7e2f1fc257da59324f76ecdef2a8c0bc01d0d266cbe66a329dec146aaa368394,0,0,305.12,0.3824056480672063
train_00804.png,58fadff886acf2fbd9df30b8b6a8ea021a210e4b24518d8b104e24e007ea10b0,1,1,336.95,0.40556559115819235
train_00805.png,63736fbe969b1c597db53767e6d9d002f34b3701b8b1b144be2deb2c234f0991,0,1,307.09,0.3802808787336631
train_00806.png,6e4ed8b555162d673a3b4bb3a467aa66c47746a38930af97edffae3f04e1014b,0,0,348.43,0.4489789332563991
train_00807.png,b43f1b1b6e4ee2a050b68be5493ea07d296d5b64a3b2496c13ee5cd93818e0b5,3,1,103.4,0.9402917106586369
train_00808.png,f65a4a938b200e4b4de1bdeecdcf37bef0a315922d834726b3370753d23aad6c,3,0,353.2,0.4727973251451527
train_00809.png,bfb612e26135477b385109d2397a2ad1b483579344533ae7812d5f46639ac8e3,3,1,142.14,0.9531171230219467
train_00810.png,f1954f72d641e68809673a88ecf3738e2278ea00da0b4cd0f3d7988e93e0bac2,3,1,267.04,0.5285865569416213
train_00811.png,75c295e56613f6015164b8c3a6beecf2a8efe76894606c8bf7dbbcccca397dcc,2,1,27.63,0.6822752729504483
train_00812.png,a1e28210cd0ed12715bfd47d8c04d4ddce6409138a86f81341d6fdbbfa3a9bbb,4,1,48.73,0.7962914896679564
train_00813.png,695c1675b5c82cf3ee4106f860e438ee2c59e39be52a37fddfd8c8b0635abe51,0,0,289.32,0.41727225717388167
train_00814.png,1a7e8c55ed6ffcdff2ddb34062d8767d515cba08640aee2f83989691d6f01350,0,1,208.47,0.8527102063237765
train_00815.png,8bae12e6a35f7769ecd11319e001f3a43c3340a28a64931515dea748cf977860,0,1,118.46,0.9508252847863234
train_00816.png,7941daf318dd5bf4297a8716855d8ac0c5a3ac0bcb157e6f2aec359ced3c1990,0,1,348.14,0.44775241774024976
train_00817.png,9ff5cbefe04e4b8e5705bac8ae2c3d66500f490c0ca749eb3bd7e614dc93034b,1,1,156.14,0.950434421845591
train_00818.png,48be776c8c2cbf0775d925e3033d62f9e2150ea6243c5e842533151c1ef50348,0,1,41.36,0.7619460562812811
train_00819.png,a1f5b962394fabe33c2f04685dd3bba8dbbf25f28e4583c42e8c98af0412e0d3,3,0,263.2,0.5510053185858921
train_00820.png,493b7f4941310e04db3fd37aa0d5d9186de5ece7b54366840317b1105b719d58,1,1,316.46,0.37774619424554207
train_00821.png,8322456e346acc9ca903bbfc0a86de86d311723a2c9e4208be5448112a16d3dd,0,0,289.08,0.4180455166017034
train_00822.png,34119b1ba156517c199e9ded67df59f78ddec6f086b00caba20b0c6dd98c833d,0,1,336.72,0.4076162723868837
train_00823.png,57bdf0e9b2c6218967cba6c4a99f248f0933ac48d25db1eb25d97b15ac53d4de,2,1,279.83,0.46069909761685324
train_00824.png,c4e6b6d997c884d636a3d2a4843077745015f4e99cc929ebc5905d8b2eb53709,3,0,283.74,0.4470203849954617
train_00825.png,424553805fd8f48800683418b742701767f49f179bc7a8205fb600ef6ebe4514,2,1,99.86,0.934779982069451
train_00826.png,4f6c8cd7ddeddf7098aac68523e74c19aeebed6a369d66d978b7e5cf97f150f2,0,1,60.44,0.8514257161615683
train_00827.png,d7e95704c254ecfa669a6373ff5ef44089433ac6a263b25c11cdac7493523e85,3,0,297.52,0.40393196567113
train_00828.png,5f9c6bead717537c979abdacda50e1a23fb63cee7e0adc168e780c4524293d6e,4,1,20.9,0.6321452735571785
train_00829.png,86f32d1281b6fab8c72b51e2baec375e1c6d22a4f2e48f240e22fe5fa374dc57,1,0,327.47,0.38601686725358186
train_00830.png,e3779c1bce10beae5c83a1bf8922c9b87d985a05a6df902565a9c819e9c6bf44,2,0,340.63,0.4309332960100949
train_00831.png,068edbae869bd10dd5c0f2241bade63cc083c38354265ac0d6495d33845693cf,4,1,47.73,0.7913391713236371
train_00832.png,4daff7732d64d7fb0cfcd1e928192ef73da10330697967e0eb69401bd0d8f799,0,1,0.62,0.5089956526189644
train_00833.png,9c6d1ca4312bb7a48e619ff2e6fbab4b2b77f0656fd9d68d718361c07a4d9972,1,0,290.75,0.41872101793661165
train_00834.png,a4a996850519002ed49297006bd856403aada8dc92d4108b63b5c3d329832db7,1,0,345.65,0.433585830476298
train_00835.png,83d7e0cbc20883fb9d150612b64669bbf9f1f06a863666b1631af20c169de00c,1,0,272.42,0.49828936585337863
train_00836.png,63b4d65f79aa096d4708532e5d25f899d2acb4260848da7223435d172c426bf8,1,1,106.95,0.9446168542414015
train_00837.png,841b10f06d14f032ee638bfe6b2a1c9418faf67a03777fa668d348ac97418a05,0,0,359.16,0.5009973901250055
train_00838.png,f41b19b2565ac1a8cb63805c4ea988c4e051bc6124c6796cb23be5de2ef2e6bd,0,0,280.65,0.44971781796979143
train_00839.png,ef2e12b268d34021ffcbb7c89726c6f086b8370f2d477161c5909c7a9c3bb4f9,3,0,23.47,0.6500132390983385
train_00840.png,81063e73101ab0b2b65a44b1c30a9a23c40029da36e14059916f9c445a425f94,3,0,302.53,0.39415874262879164
train_00841.png,2b6d793b0ff362f8ace77c4eb6a88e53a7539b0994c6e26772b651abaa5e136b,1,0,321.36,0.37951582370042125
train_00842.png,fcb83fdfc87ee14c2b7214a8c6f5acace214eef2ad2e110dec9943680cdec019,0,0,304.76,0.3828471242322019
train_00843.png,2a6ab9e09614f5daf9fdbea2dfd031c6a7b7d804e33f49801be0600bac4a6dc8,1,0,271.85,0.501362133896215
train_00844.png,3c862e83bce87822ac2c7f084d864c8e94edad2acab27f19f389002ba42a6ec7,3,1,293.43,0.41425731234087443
train_00845.png,e6e3a344a1fe084fc9a886cf44f7562affb28bf76390540d643ce722e57581d9,2,0,109.62,0.9429790742125403
train_00846.png,9db9002533740603a23aecb46aa44dd51ed72ab442cb73b3dacb9b77185a7419,4,0,273.96,0.4858198320896804
train_00847.png,20c03143fa4ce1f94d2a45f6ca22ddb7be0b223ab893a3da4c54767de8d622ac,3,1,315.78,0.3835848916086807
train_00848.png,e086a6a03bf1c21a324e6b50fe1b625e57bd46930ce062af20aa7d9be8b7c9a9,3,1,67.21,0.8723835703174763
train_00849.png,11a5d7ee2be614e7a635b19ba4cceba8bba9d64e7fad5e177b32ab5e7987df53,3,1,34.18,0.717455102305493
train_00850.png,d440d96cb6e2b1739c25b7336f2d7fd5d58eb2c8e74e6a394afecfdc05afca2d,2,1,305.72,0.3923432537588989
train_00851.png,15d375e35932bc892ab6d02cef19a453334f8d1629d4ca94791d118521b413c5,3,1,335.65,0.4092265860684913
train_00852.png,a9189a15885b2f4abce1f684b80b0889f4074592b363332957be015ce3eed921,4,1,133.28,0.952003893843244
train_00853.png,f86f83a35fe9b701067700f0d14042251793c29e892fbdb6107a39a32b2e461b,0,1,278.95,0.45714094738558103
train_00854.png,a1c19f87c01865dc1451f6978beda2b3ed6a861efb7d174230ad0727b25be101,4,0,338.06,0.41426441499610317
train_00855.png,255ce49a34b367667c5c051801d87c0f9dfb57c3b99a05b555ac0d1273b03e8c,2,1,350.42,0.4683992880691458
train_00856.png,f1a92bd753ccc84dafe273ee9fb349f263b6a6884ceb14357172c8a1090207f7,1,1,295.0,0.4061159599390205
train_00857.png,c20565b133876d88944fcbec5058c657246d631178d7f32caf96df7caa68affa,1,1,334.97,0.4005314170557414
train_00858.png,b63fcbc704c9dad6340fdbd4586b3a8dcf344b7ca0b1761590cf238cbbb23e9f,3,1,128.1,0.9529954093328225
train_00859.png,3c26bfa8f2c2c1e92644e434bd3b88e4e23d86799e29e5c404e3ff6512057b30,0,1,329.38,0.3904672667414988
train_00860.png,c4619e44ffe94a2c7cbb5c64faeb6a6a14955f7870dd9f85496d5f6a6d542074,2,1,233.66,0.7255629471475324
train_00861.png,e6d018ee1a90826f20af23a1c4ea1d420f59d2a0b67272aee10db72efb83b861,1,1,135.82,0.9552824392348092
train_00862.png,91e5d2c9594682806677d942df2b82c7f82f7b6763a589fe9aa439856c7e0391,4,1,78.91,0.9019686402014147
train_00863.png,38d03e2f693165e6c3945b6d7233703643f03ebaa6cf37596cc4798210829f86,3,1,218.78,0.8144147749354016
train_00864.png,3bae3ee2d517e72994c0c9afaa89c35b8958ffb9e06a3b160a079195822ce7f3,3,0,286.27,0.4373583028109182
train_00865.png,8346712a9206f8123d0773b9db6ab7fbbdcb359dd4711f342339862dbe9f141d,3,0,319.35,0.3845206516612439
train_00866.png,75a4013a52d8d095023700a715cadec1974dd551fb7f8c69f8fc87b3953eefef,1,0,353.31,0.4659787467902281
train_00867.png,670e4e52ad519a720e19a8a45728c89101b4120b0544f559487ac607ad5dd52e,1,1,239.87,0.7019891819776536
train_00868.png,2ae68e237c779ed004f9178ae6689616eda9050f035fa64e2e3a4809bb0b2bb3,0,1,49.12,0.8025962140634632
train_00869.png,983b85ddb0d35f6af7ef40cbb7231d02b5aee3f8d6f256b7cb9ad8e3633985cb,3,0,336.24,0.41074959579121123
train_00870.png,049be32aeb8d6591124e3b29ccd043eb0482db03b5b9b898d218cb1f7d6fc3cb,3,1,144.32,0.9527147265227306
train_00871.png,7f7d32b2e64dbb95f7fdde747f1055853122a6034c18eac2367dff64bb6abf3e,0,1,272.81,0.486665674421153
train_00872.png,64b7d4448ffa14e166bf5330733fa678f058d8e79172a3d8eb1df822ccf68b94,3,1,77.31,0.8999903387330145
train_00873.png,a4aae16d43b3a7a71fecb7ce1623654b755a7ae21974139e43297b2399df41fc,3,1,179.79,0.925976559842982
train_00874.png,d7e3b73d25310629fe1166115975d9345943a0564ee2566c9a36f2ca42c76d9c,4,0,351.88,0.4655598908852106
train_00875.png,c9c70c2066ec1be9ef70b148b78c87cf9f14d569b96a3552917f48b3c14184be,0,1,224.83,0.7786547793824686
train_00876.png,f4f8e5ee7258eaea3f9f8e65d440c8df1b716da3fc2d6ad22cef3a56e0a44ef5,1,1,356.9,0.48349068361434355
train_00877.png,1108d104c2e0c36a120f8f7003561c6c70eec12cb4c02fc33d1e3be871ffb2f0,0,1,44.14,0.7771431870648684
train_00878.png,dfad1726ff2a8eacefe367d00680b9aced7932f7486093388301f8b6a3a2d471,0,0,110.8,0.9469088511947474
train_00879.png,53609fe1f5d9cbef82dab5b4766be4170c93cf16e1108ffd72148eeec1f76453,4,1,244.49,0.6624107686944138
train_00880.png,0833b29d35a4310fb58f5e458f89402d86f5fab606fccb34fefbb90727d057bf,2,1,323.04,0.392671763546361
train_00881.png,184ed4ba8ae6ef7d7f0629ff75a559e33f03bc57771d18503459cc0656d32732,2,0,293.77,0.4137402407269864
train_00882.png,3fb3621177d659e5cff8234bcc7a7d66219fa97c6f9a67b0c417d2d9ddc7b27e,1,1,257.58,0.5868407571738676
train_00883.png,21e9a6182583ad32717184df923c7b63c34e4009304807a7181ab040fa774652,0,1,10.95,0.5704991549865043
train_00884.png,6c232db8429705011d70f573108acfea54e9a8e6d7620237900a04c287a69b27,4,1,180.25,0.9224034149304668
train_00885.png,f54e257b769a22100ac25e43acfaffc3f08529b45e574aba7a38bfbc0e165cbb,1,1,344.34,0.4287582738331251
train_00886.png,4e9e710a27bd05cb7d913985199df6ee77964ad73a398bb5e33bd44295dd9ebe,1,1,177.95,0.9313107637480453
train_00887.png,2fa63ade92ee8014f251b0a36aa3be12eb59e2fb12a064aafef9908b47f70ca9,4,1,220.5,0.800545663504591
train_00888.png,fcc1f542387265bc5df82473625b2a1f0ac76c29d471bb8645201b871d20f265,2,1,133.2,0.9507576654140625
train_00889.png,5ab41a4257e0747a07b576b71ad911f83d39c7a934c6330da4e1d122921bf651,2,1,122.28,0.9490092770552252
train_00890.png,7edd3b4c4373dabfca35ec8f980c9f6bbe3d7473295a94b903988aececf86935,2,1,255.74,0.588849858647689
train_00891.png,d0bb7b345a188bc0f821a578d0697a088af673815e15ae8d545d1f2004b9d8e5,2,1,348.8,0.4614410162246224
train_00892.png,f8d06cd6f47f90ff8d672c5f5cba7fe93d06c8844ff0d07e73710f06f4834228,0,1,63.38,0.8620509104611732
train_00893.png,d5bc708cd943427e136d73d02bae8c7046b5a7636a08ffccc99059e7b4346d31,1,1,155.75,0.9506280813192335
train_00894.png,6b5e5ee37388af2cdcde81877d9bf7661c71892797e7f10cc46f46d80f16b246,1,1,34.81,0.7177583572477786
train_00895.png,3e2aa50fbc7db54e255fc69c8b2ffa39c247d89e6833ecb5d72d0db19cdf8313,3,0,343.19,0.4319634530040106
train_00896.png,d4bb0d7f845ef4a4f7eead772b6a588a31f7d424f33064f83318bc21366bdb6c,2,0,325.92,0.39632290548590027
train_00897.png,103990b3f14c746f579ea68569e293d2d014ed83a2d80ebda189b11039627117,0,0,334.11,0.40073445535759894
train_00898.png,6fe36bf19ec0f50918ccc20bbb20e060f0bef1e932a402a07cfcab063d685aaa,1,0,340.12,0.4146672490409219
train_00899.png,7f857658ad148a0f09176921adc9fd253ca191c46da2d22fc051ee54b8f1fee4,2,1,36.25,0.7340300387904687
train_00900.png,f0425a139bdbf1605d4c856efb50e8d3b46b1c349f736dd2e881f3249f60b45a,4,1,285.44,0.4359292277772523
train_00901.png,e473a30a6950b50b834330d17f7a22c72440676b918367e91eaffbdcac2507f4,4,1,219.06,0.8073936068925216
train_00902.png,a20ebe14c8c4d3a82ab309820c4e5cbea8b5769457397eb7ddabc47e9bb385f4,1,0,333.28,0.39663157765039364
train_00903.png,84d6e441072d4222a1e415dc56da0494ca703b8121717719c6a38238d9e15b33,1,1,324.83,0.3826223320431737
train_00904.png,0dc60cc1c5eeddec8ff7537e58bac3e904bbf6e0599abf6f91300aaa08b9890a,0,1,244.62,0.6591946506557003
train_00905.png,724a8cd8ba37284f87ec45ca2bf8a8d9c968816293337c486de957614493d3c6,4,0,278.23,0.4655349354453225
train_00906.png,016b59ae43c9f572f4349d5fb279fe21f0e10168a6513400ce5c2149debc7f9c,4,1,266.16,0.5275373918773827
train_00907.png,8cd7e15c5c45d42eebfaaec499cda557d1f48f5903d421f0b7c2d3f52b474626,2,0,310.68,0.38864852861207666
train_00908.png,feb9778eaf368f7cc0c5d5e19bd081f3bad572bbc76633925eeacb40f73ece42,1,1,211.91,0.8477444376173409
train_00909.png,2422f1cfe33f186b482a2cc2f9c2b75eb1d8f4161dd65c701f780fcb2ba75633,2,0,286.65,0.43483077993446756
train_00910.png,57bf40304a6554c122cc49cfd689c7512e776b078866ddc2c2723dae1d8ea401,0,1,306.28,0.3810949460369587
train_00911.png,7c7fdb15a6405b7393522d855a3256886a27de6940991f9ced6732d2c63aa6cf,4,0,224.89,0.7784767560458956
train_00912.png,a38394dd0aae428b4b6f9eb6268dbc3e37fc17c4f7d9f95da78e466b09d5eb4d,4,1,120.27,0.9493486321406278
train_00913.png,59d61f140adc35c7647a1d960f4846d8073ef0b52653dd3df2050184f740e7e8,2,1,238.84,0.6944913395702161
train_00914.png,1f2722c70ec8f92a0005e8731c8dc9d04a063c36e752631bb8400b5e93acfc00,2,1,124.04,0.949494542238145
train_00915.png,5b1ffc576f79ea998329f0a4ab1e93a7e68fe78898bbd06b11aad6fddd0c9a60,0,1,181.65,0.9219532891494105
train_00916.png,8a206c6cf4e1e8100d20a919823a03fb28bcb8951b051dc601a21a93aaf09848,2,1,302.0,0.3971114045261973
train_00917.png,2c7632ef6a9c2a10fa43763430ec792367c27e312b350053a46ff6597a31374b,3,1,230.75,0.7529164865881538
train_00918.png,3a1c9e624162ba6a5ec2eff3708f37df875e65c2b4eed4dc831bd5a1b29e36a5,3,0,302.09,0.39489005208088535
train_00919.png,76ae8f8f08ed96a8d70c7f18a23ebf7530013059154182acae70e66e4708375c,4,0,314.91,0.38119367660818904
train_00920.png,b87b357f08c45f3ca02bbefe661a0d66e2a21470db5d8ffcef273b9048734434,2,1,122.91,0.9491922508030781
train_00921.png,8074d025ae28eb78bf98e911a2edd016a42c203abf2dc800061d4b3383207fba,0,1,5.77,0.5386912704460518
train_00922.png,279d16bc542a6385413e9a78572d07361ece79169caf5a425d953a47a541b727,4,1,254.02,0.6013116657440287
train_00923.png,fcc8461bac54ffc9660cdb8d60876c0e42b064940d809996902c57b626c61c8c,0,0,303.1,0.38509562435340794
train_00924.png,af10641861a0802c5b6c2587cdd8a198ea59859b7ac97009fdd3367695f6dd75,0,0,278.87,0.4574985483648806
train_00925.png,c5563548949a5b6c3d5f1a4f0577cd2873c57bfe28c833ada5a842347ec2f6e4,1,0,289.19,0.4239217648477216
train_00926.png,0f250236190505bb9467eb70ee82b0416f6879bae99f5075cc5f958e692fc44a,0,1,240.39,0.6865168019616142
train_00927.png,40b6548e9f4831e3717ea11d8b8f71e7aa5c51cbdf3221ef1f9443239922c50b,0,1,164.75,0.9423028505322866
train_00928.png,5673d26ab19f6064a56e26e740aa5cb4b8221b8ed6c5d37fc7a1b2c9a9b5c559,2,1,38.6,0.7473907011009718
train_00929.png,0e8e2aabe0f1c78d1966bf875d5e7541882dd35d2519b29f610d849ce4373b7a,2,1,95.37,0.929740861151989
train_00930.png,a726886252865e87d5b245473b36f8a85143633ae9f0cd61e72c6e7ab8d1c1fd,2,1,58.91,0.8436088834204468
train_00931.png,c6e7d39800cfe7d17ecc0eaae4e6a50bb7dcdc71c95b9910a453d5f336cf5605,3,1,149.6,0.951249456468039
train_00932.png,41dff3a6d344ac04500096b5ea9b8be458a105aafcd77cd4cc73fc4b99d80063,0,1,275.44,0.47351343560963094
train_00933.png,b6a853e4c0610f08671c057e50800599f98f20807b2fb5261147b671ea42bea0,3,0,339.68,0.42049856971886773
train_00934.png,8a66f61d257627040af424f7675b9fc05a65a20f4dd7aa2e330dc77534551a91,3,1,314.98,0.3835954315666376
train_00935.png,9fb9c4da6762b6c88c6f24d2b219212b2cf5ac7a48633b6284e292d8c785cb3d,0,1,130.05,0.9537446510637967
train_00936.png,75022adbca2ff411e641cec2ee8b89be9dc0269f2d8b407627bb0b29ebc6a54c,0,1,297.46,0.39535093846981395
train_00937.png,ae1c2b5745f663c9207d519411ea8e56b6eb37828304c8b406239ac02e221876,3,1,238.39,0.7076691471940765
train_00938.png,2b359441518a1158da060f4c90dd85da642c4ea15e0f31e3c035aef240339f39,1,0,335.72,0.40237929564971725
train_00939.png,5c2d70e41db794c76c6f7dcfb8219f5ab450ff41d56bee10cabd7dd4f5a1ac22,1,0,284.97,0.43951283099817956
train_00940.png,4e1df00464a0941c437b376e98ec03d0c1d85d62e99bcfeb3abf4d6e8ea91333,0,1,124.98,0.9528830320655993
train_00941.png,19af4f8df9a0d654d4854643dd371c544e3969aa0f7687d2cb98d79bc0061fde,1,0,323.26,0.3810262597166157
train_00942.png,74b3f19111eb0706c7a301bbfec466b711f3d541cd417738e3b7d308f3134a8c,2,0,274.28,0.4856106234481031
train_00943.png,7909356d5f5e18335b057fb069689afda90d8b03a45add5f0d75dd259af7480d,4,0,358.87,0.4997534649438651
train_00944.png,d6d3139d01fd072f296aebbbd8dd76682ec101b410ddfc318056e094fbb40581,2,0,343.12,0.4394014441245736
train_00945.png,dab485f2b4a97933623482c03f00c3bbfdb05758596b33df4a46a7dc2666f1a5,3,1,325.83,0.39032476160827495
train_00946.png,0ee9ddaf528583da1584016ae4020496f3252b6a891bddda8224e04ffd003780,3,1,110.07,0.9455561092455728
train_00947.png,773b89b9c758b2bf063517a8db4b5f01b46addddef506039cca3de39f8c5c93c,3,0,315.85,0.38358780552110977
train_00948.png,d8fb0bd48e115975227855869650c2c428c3bc59a67597e5654bb28cebf4890d,2,1,34.44,0.7234906308044701
train_00949.png,4be53730045069040214b4f0b7a0b09792c0b1dc47a7092dbffe3f0d7ded1d21,1,1,165.72,0.9442047711635386
train_00950.png,a7306892bfcd3760115b8f64afd5a745485afee980701bb43a43096e3d89448a,1,1,358.92,0.49395053877179507
train_00951.png,1a68508675bf8b01c77eba46cafe8debfb1852899453fd9d5d0634e952d475b8,1,0,307.79,0.38211697700727615
train_00952.png,f091c942290126a98187b6cda17fd3b9addafc0ca8798101eebb5ee7389ee910,0,1,90.18,0.9259518476969015
train_00953.png,eb304dcb46db934aa293126c1b5411589ea1fc6c968632c01eb3f63a4e1f2cbd,4,1,212.44,0.8363117127866484
train_00954.png,4e36849631d9cd2a5ba281929b0c821e71785daffa732e6bcfc02625c04a6003,2,0,357.89,0.5040737426650903
train_00955.png,6ba0e21fcd996d170c2225da90f92f8523d98e1c6d77160189bced68616e0160,1,1,126.89,0.9542972872865718
train_00956.png,54b4c8a9a7e61e8dedb9be9abb0a2be2023b8bf749d032766cbec52f3253073c,0,1,47.02,0.7921493068144929
train_00957.png,00bc92142eeeef6fd9be9b9b6a04457cbdcf9ef13e2154cf65c0d08d91a6a97a,3,1,209.84,0.8515020134678584
train_00958.png,de196b6bdefaa9d59ba5513382ca5b8388032f60425577ae850caa726ea403e0,4,0,322.84,0.38497723192763234
train_00959.png,04d336a9eb809891bede28be9788e93ff95ed9aedc0641af2dfaba028eafd6c1,2,1,181.23,0.9181439196609968
train_00960.png,88244b473158da2357f5d260afe5072a8ac563f62607955b0b08427e34cb331b,0,1,191.65,0.902586031534171
train_00961.png,4801423faca1f5b579267e87f37817a936dc6a53b19be124a913befe9d4dac11,2,1,243.27,0.6670316995951232
train_00962.png,a40886241854c019badef43b66c11f2e0763c24cc251436d42267904aa55cb28,1,1,281.13,0.4555886709832603
train_00963.png,f3bac3e1882cabd742bae7b77f58bf482de3d8159c1a072ba927372f3bfd787a,3,0,317.03,0.3837298394697362
train_00964.png,46b140c6fe9a47433e7c8acdf8357b40ca6d20638cc1cc1c0faaccbf7ebd33d2,3,0,345.45,0.4401454557946507
train_00965.png,60503e09f7eba409d152c6c8c9a7a8346237dbb0cfe4eb8c7b4d2ae468afc1ec,1,1,306.26,0.38388465120692816
train_00966.png,69a77de034e54cd7f0d79fdb169926e2b7cd649875bb8f64a30859736b1f9d38,0,0,72.55,0.8901159249958912
train_00967.png,6c550fc801826c5b19c4c8f459ae466fd1c2fe7829d6238c322d83d043769174,1,1,314.26,0.37794745230626414
train_00968.png,36e63250743447db471d1c144ff29e78771745f9a02d46d07e9699caa4d15251,3,1,99.67,0.9366205503930168
train_00969.png,4611a1672fdf71fdddca92c1e404990f97ed491c5b46fb160a9ca689ec6935a8,2,0,303.71,0.39470694004944096
train_00970.png,cf80fbe30caa0e9885bd7f589fabf5a1e6aed5cedc01c4e9e8565778e8d6b713,2,1,210.03,0.8417450924658278
train_00971.png,40ee344df4803867b037108943f8e3a41ff8a84c9b1d09a5f5c5c461e66e9f53,3,0,297.5,0.4039773315827656
train_00972.png,53965beac939c8919931833916b4756c7bbd8982b43be8f5ea1f0633f562d82d,0,1,287.1,0.42469953677781164
train_00973.png,17979d259842579df1adb3439d523b527ff04d6ec989b3d0f6cc4c317e275532,3,1,224.13,0.7885310349353717
train_00974.png,1d281cc1f9a486eb6465649d791e536638210bd504f013cd8f341c85a0b5aaa3,3,1,339.63,0.4203462804044506
train_00975.png,49c55fbfb1ff518c368d48f3e286d29188165ceced0f2a5985daa64bdd32a415,4,1,36.87,0.7319951642589382
train_00976.png,dc298d3cf785fd6ce65b5b95b2b12fee8492fa76c54695f836b134fbbe662683,0,0,346.65,0.4416084811383842
train_00977.png,0e5bb04585a2335044305084ace4d9ebdd4fd2d194ca1af443e8016d700e1467,1,0,25.82,0.6603365546630965
train_00978.png,ce20807026f9b96960d4bcb377812ceffb28325e70ec0bf5d94be54db91192d9,4,1,328.4,0.3923166284623079
train_00979.png,e223f1128ce01522651026cf0186bf185b02913ff2b16fd017cae7c4ad527c6c,0,0,276.32,0.469279158666832
train_00980.png,d28b160221485bbb4ba608cc93b3648654e9d104912afbbbf1ac16f77667c308,3,0,333.72,0.4045506052878599
train_00981.png,3650ab6ec8b6c8a44a1b900633a0a17f96ce8c427007f5f0cf41c3274a15b778,2,0,317.82,0.3886691962796967
train_00982.png,39580ad7578fc9f341c3ff26817742b4d30d27f904d08a3e4cd3e695b1b2354a,4,0,222.38,0.7913115689612595
train_00983.png,82ebd1654c2df3fd0b578fa8e98f0917807406162614f1bb4d1f0be066d13112,3,1,284.61,0.44361122813458076
train_00984.png,7fb01f4e7a9a721c0ab2603458ea01b88ed0b9e2f982960215685075cf0db862,4,1,96.01,0.9308946181975307
train_00985.png,53c8e1d433fd6fec67bd6ad087764f440f328354ba474dd83efd8f7d2200d2aa,0,1,16.37,0.6052101935748132
train_00986.png,f47a3b7d7926fe16d6a59a3e849243d3664b14564c433cd2a5f574c5ba191663,0,0,283.22,0.4391445766091949
train_00987.png,17231f4842c39a0629672ab22f64d49c4edf6e372950fa59fadb250552358688,1,1,145.26,0.9542984106744905
train_00988.png,f04a99507c65b3457004dd8e883fc12c3e39881b4a86331bc1e093ab2c38d266,1,0,344.17,0.4281474294825446
train_00989.png,5502cdd0ed8754c85cf6ee88170c344d356206f03044970a724108ddc0b5ed97,3,1,136.08,0.9536368507480734
train_00990.png,0c3f340b022eb207dbd4493c00927bc44bc0f2729d16dc6b5a711a3095212ecd,0,0,328.24,0.3884181320822834
train_00991.png,bad8da91962dea7e4aca492183402995ac66c51a642c619e14e20623ba2b1363,4,1,300.91,0.39368130884584535
train_00992.png,dfab1c4cce3c71c565199f025af15e0ea688f7070e7bb75e20a754f69d05d735,0,1,74.46,0.895062114354323
train_00993.png,15723738223cf4a4a8ee5c454add914034b67140ad8b7ba64b48e15a39011163,3,1,182.29,0.9221543345668282
train_00994.png,05397991cb20b32947f51c957b2e55463a8a8ba319f7907b2bb4273579b33846,0,1,316.16,0.3768370619146956
train_00995.png,fb6318203b1fd7f604dd5e04116b8ee179ad0a3cd5fa48881cdf4ecb9fa714b2,0,1,11.56,0.5743459708856247
train_00996.png,0c959de5e2d3cdaf42ebcbedc159f4821be7e04488f8b3542736022964b66dcb,2,0,292.64,0.41667512174014304
train_00997.png,eabbcf6e5c08c5b6777bef7218e4b565c9edeb7ad0e0158e9b86d5e0ec316dab,4,1,164.56,0.9406462350300735
train_00998.png,ea0e1567b5cb604bac6e0856f6d6101e0ddc3d226123fd84e426baeab5bb1517,0,0,308.89,0.37876948029999413
train_00999.png,594b133dd92e8e4daf052299f85b7505c864a64edf6de0d2247a5708da1ace61,1,1,274.82,0.48570835528295825
train_01000.png,901dd5ee0887ea54372e5524c8867845cc11c6997aec9ce3fe3d29dd3f7cbd08,1,0,340.43,0.4156259119171709
train_01001.png,9423eddd0a0cdc251fb2814eed9258e25b7ae0c68417da2af62bfcc2698807f5,4,0,345.83,0.440302324469864
train_01002.png,01d31b0647d6e75ecf82270e4506e4ba11bea4c3edffbdf35ad3281af16113da,4,0,302.33,0.39129777283064454
train_01003.png,52cc683faffb5bb70e8c11740d2b103d38c8ffa6e4c7fb3cd4f8429bb9107e85,1,0,318.57,0.37813284707166056
train_01004.png,8ce529b21aabc22c0e4f9b49aef1aa73210e68d2bdba462b1b2ca74d48eb5817,2,1,221.54,0.7912271353883643
train_01005.png,886cd1c95c0c4b0be3f2b94144bb70cea3ac142807b1e8b318bd13ef19fbf667,1,1,44.37,0.7735020979574173
train_01006.png,e9edf0ea565c49c30ccf4f70a9edb4943ea57363a22c1b5d96a113e3a2943ae0,0,0,325.93,0.38477239429007515
train_01007.png,77678d4bb02e4c415614cb84db3986a59d52cfeb45fb12d2110a805828624077,2,1,32.64,0.71281618702992
train_01008.png,f50997bba25f91e567f2b8d915b80f38ea1438684ff9bdc8bc76ce672ca24fd7,0,0,344.86,0.4345808717740596
train_01009.png,adc8eafe18f0caa6fb9e91ed92fcbb80d11d037fc2a82e5b8b5a90b78bdc567f,0,1,282.82,0.44073820285707355
train_01010.png,54dfe33275f1c2bbde36d52bea35abe22aca5b2f532b9b1295aedaf6c3378f09,2,1,349.64,0.46501272973418195
train_01011.png,2b489e33bac350b98f41da0cc905a6c94a148d7902960aed3f55d8680b2bea2f,4,0,349.41,0.4547385839185427
train_01012.png,b19ffdece324d5263499e710b2c04d94f269296aca3d38d20aaeafe4644837b2,4,1,211.24,0.8411007322547323
train_01013.png,8a3b99b9295ee072d9a9118d9a18f5753b9c947779aa158bcf6dfeb2dd0c7022,3,1,350.24,0.45950730725387945
train_01014.png,ed2a9829cd473430e29161f60b40977c65ccff98b2f34c19ff3e610555642dc0,4,1,51.54,0.8097044136769012
train_01015.png,c4fa0ff9b16263795dd952ebdad84ffedf5c6118e620dda56b405db1c855aac6,4,1,30.62,0.6940510400228569
train_01016.png,06f08a214d8ad21b6222f8c0dab8d2a5ad434bde8e2939c0342673933de33fc2,4,0,291.71,0.41523271012188534
train_01017.png,0d89c5b8e7f00ff1fc681fbf8624e8a69f7a982faa59a0903cbe223a31693f51,1,1,219.41,0.8157731893891625
train_01018.png,79384069a7884dbfa7d6c10d2f23f38636a0635cd85677bb7b7e9d8ae7b75d8f,4,1,350.55,0.45964733158970006
train_01019.png,4bdb3411f8e9a8b3069f7d48298242acc4a06515a3f98e6b699e2fb21584f264,0,1,64.16,0.8647322721135853
train_01020.png,e7732b792314997e52757fda2d7710914e2e1c394cbacabb42a016bf5f191944,4,1,92.51,0.9263021585488318
train_01021.png,3f0cbf2430f8837e48ffbf2304b2a33a447d637f2773c8a063556c4f958a0add,4,0,308.26,0.38407121637732744
train_01022.png,a8a6b98a8882ffb4e0c40e10ca9091d151c7013380b11fd9f573cfc3b3b4b384,2,0,297.56,0.4050435658500013
train_01023.png,9d4b265f141772cbe3b735998df22a5c2ecdc0f9d5b7acb7f6101b62d7a3a90e,0,1,238.41,0.6990864381704214
train_01024.png,181c3e4c4e937e2d9df546c62641f45e26d7d322d83e55cc0ddf24636a9504dc,2,0,306.79,0.3912888364613582
train_01025.png,48c0ed5773a58814b7d6b7be6c27cc2ad37c4b4508e9eb5988904d5a52d67ce6,2,0,107.33,0.9413628034238746
train_01026.png,4e629ce5277839d39a6cd2f9e4fdf3e8e4304a4a511cf9a2f6d5b8bdcdf3f0a3,4,0,337.3,0.41211583944885904
train_01027.png,7379e91133c5bf20729df7d83b49c27214443aecb3fbe35e5e34f309e9706979,0,1,334.48,0.40165748869081097
train_01028.png,2c3e13212fc514474a1d54b88e8801d184519ec62c768bc1a018033c3194404a,3,0,270.46,0.5096126630870854
train_01029.png,5b46b23e59a67b919c2bfbbb62899db16290612a11b96d7393e3c7df9fca8763,4,0,67.17,0.8705312011881371
train_01030.png,744473502317913ab827c5bb015b8fa338feba20a394bb11e97f3614588c33a9,2,1,91.28,0.9243432576247522
train_01031.png,527d8df75276eaf416efe4ca270e1d544b7e81e276926a583c69ff0fff624831,4,1,282.89,0.44570698134699616
train_01032.png,2a87ddb8a840f6bee85f53800a151384008386d6aed47584717db84993503cbb,2,1,79.17,0.9029851706024188
train_01033.png,b12663423ed15bb2f7d824af0be8f4584c53b9b435b0a00d890b01280490900b,0,0,280.21,0.4516066913088837
train_01034.png,78454c3db244708003068d4b4b55c587f23f58b0f88b1704326a384f72b03860,4,1,347.65,0.4474538944875665
train_01035.png,76d259531b223339a9c16407ff9985d5c6b9028c97538339dbaa6f3669df2f5e,2,0,301.33,0.39815216441137896
train_01036.png,02d664167bf14d88c91d32ecde340a92faa19b8e69f7901e9d7b4ea7fce10ac1,4,0,279.62,0.45936119586215934
train_01037.png,60e2c206de781fb449d7cf92a101601db36705ee9c1344a0c5b485f891959388,2,1,155.41,0.9450768852677132
train_01038.png,881323149978a5bb2278d6c768895ecd6ff5125eac1552c3321bf1e7bddaff3a,4,0,295.46,0.40517253034341716
train_01039.png,d720695dc5ff462b7595415452d43d94f1c5d94eee565e56b7a09c70dfa4e351,3,1,215.75,0.8278541130461181
train_01040.png,2ca005a0356b06d6a3c4dce49b437e6846cf0f3a2ffcfb9ea1312b55f8e7d99b,4,1,232.85,0.7342527427298565
train_01041.png,3debba0a77be8a2d486d5019576d45265b88d97ac785fbf364d3c51fa82d660b,2,1,287.53,0.4318917469902762
train_01042.png,86d3a070ac159fea50328fdb8370be65fd2a9e9a7e5e0baac50e9fc56a50d8eb,0,1,33.33,0.71459949695582
train_01043.png,15e9a5977c8c1535b935ed62ab0b87ebcdcbe9c8e17a6fa463f69da84950a15a,4,1,313.52,0.38133887812533374
train_01044.png,d0467e1d933f0f5cad42d3931b97c7a6a77ff1bea502541bdc921f823fcc7f38,3,0,297.67,0.40359332959777333
train_01045.png,a1285bdd5f25b183f38d5bc0037bff8f7d133e04f0a97a564ae111ca1baa28c6,0,0,289.77,0.41584186396162354
train_01046.png,ecc470f72cf17561951f8f9f5ae77863dd1681977ecad25bb9c0edcc2f677cf8,2,1,173.5,0.9292274325041848
train_01047.png,2149796362d03cadba75cd846e138029c231dc5a0440fb76630d4d8ab40fa15e,2,1,283.44,0.44633174231109085
train_01048.png,abfb6d10eb396422a61015f16a7da8ef7848c2294062707e1ac14bd9446a270a,2,0,289.56,0.4254672974729066
train_01049.png,b125969eca22e5b14c44ae5a848bc1517bf0fbf828639fbaa20928baaeedae97,3,0,314.5,0.3836404575242569
train_01050.png,8b24743ad9aff96f48e17e23616680b9a9281466a1c2347995c6464d90d81452,2,1,197.06,0.8841501359510835
train_01051.png,c264d19e7b2033d4d5d46bbef2e455869969515fe0b92486f82058615c92c716,2,1,260.69,0.5589405236074483
train_01052.png,9ab0f19d3315a2143226a2c83be321397add5964df619bbf0204c5a050863dcf,3,1,196.6,0.8927989286576308
train_01053.png,a526dc6b4eab46ac0ff665978ae04ab7ff79e7e71447a02e5d72efcdc3333b63,4,1,33.51,0.7118653927739148
train_01054.png,76513c5a82a55e333a96eadc1f3ef8a30ede62432ee96568bf5677e5da7b34de,0,0,109.24,0.9458923007077228
train_01055.png,00fc4b6605656822a652380101d1779d5d55409a379251949861d3490b93e503,3,0,296.55,0.4061903090559026
train_01056.png,47ba6fdb2c1350a136bc76b61bd94954a6a6bd659b42431889be585507437ab2,0,1,245.98,0.6503209245385012
train_01057.png,3f75d060e5f1491ddb0b434d98872848b60cdb079152f17ae4471601e2af1381,2,0,323.0,0.3926282792727942
train_01058.png,37bbf34f9dd3652b9bc218a2ba1f173cf8d443b3eac939f799f5e8499f938a95,0,0,274.42,0.47852693085141784
train_01059.png,4e41792f2e70e7f9d83af41381f3acebfa00c54b04fda60d915a14cd53f232cc,1,1,141.41,0.9549529109341048
train_01060.png,a0077e86da07c8d3ec182a650e7437f34eb0e4e9f2b5c0605053ebb64b83d2a4,2,1,114.4,0.9458079063719604
train_01061.png,683d08621c690a19bc0b0db16042adf617cd28b1ef1f3fefcf1395ed60a79386,1,1,346.0,0.43491159325933443
train_01062.png,d4020744f25103a40d2ad74ea30b6a9d6e695bed3ed33bfad8b1a3c45aff6da2,1,0,331.67,0.39325679074632125
train_01063.png,acf72dfea223894153c85c202162785a316b16d986f73a102e9241337eb77be6,0,1,195.14,0.8941865527710935
train_01064.png,9cb1734bcdca6db6a0608e3211ba17d6840ba74296a6b53fac898d155120a695,2,1,87.78,0.9190479293104259
train_01065.png,99df6098fc4d50474649b4fd3dc65400b68a62cd9b8ed7da3d1b777bfcb6ea39,4,0,296.9,0.4017752096379781
train_01066.png,45b7e260076c33c2c28ab1f6418e0bd88674ac77bdb3ea92fe5e04e096891c98,2,1,232.56,0.7319685571634892
train_01067.png,f09fabeb0d49df2c696fc53a3ba266fa51982fb27382ffdb658bd8215309d646,2,1,77.6,0.8995381546164478
train_01068.png,f1954f72d641e68809673a88ecf3738e2278ea00da0b4cd0f3d7988e93e0bac2,3,0,299.37,0.39995390530375663
train_01069.png,d0fa47ca9c43d354413cca69514ec9dd1cb2a2690695f86bfba3a978137cf51f,2,0,297.93,0.40428946913158276
train_01070.png,71c8c8e8b1ac56ea871436015b55d169e03326ef66a530e19884233466add2eb,1,1,296.29,0.40274534457702493
train_01071.png,075827dd4dcf7ea1726405968e7b829bd66a89806534bf01f2f2e3fa418ee935,0,1,271.85,0.49164637966453734
train_01072.png,1dc560061b4891ef377ea11aefbb8a980ec650be7bf30766a0981fc9514175eb,4,1,66.95,0.8698329176365572
train_01073.png,8047f119a7b1812e4ae3354f76c5559a7e5477da103e7e37dc100c2f4099046d,1,0,229.06,0.7664929572198314
train_01074.png,eeae496263d8ef542341abd74880d553a88b456aa692565f599b58a5b15008af,2,0,340.98,0.4320787985585901
train_01075.png,d597436a8a4268aac2adc31cce65117fcca7ddc5c4b80192298d55c427d5eaf4,0,1,349.05,0.4516344235482764
train_01076.png,25b54bd8aad996bbe244c85bf019154bedf18b68f96cd83ac76097709f34dbb9,4,1,81.64,0.9077840124229483
train_01077.png,4a8b25717a0cf6da6cb98b04113da37e9fe3e5daae338e2fbc2b9c10a90a30d7,3,0,306.13,0.38909407214207875
train_01078.png,2d11e5548f4e0ee76bb0620cd02f4c0fd9bb8e6fb881f24fd3803b19e2d73e4e,1,0,306.68,0.3833695958250181
train_01079.png,cbc8eb87d946a2ef247322e7a57b4f4461804a89f39130739ec07778cb0b0ce2,1,1,232.53,0.7467149540294454
train_01080.png,012a324c66187111c1321a9a49484fd5790269df2889174d3329eb6004cac64a,0,1,312.78,0.3769040680377714
train_01081.png,7996f3b9aa5b6ce11acd9e27b711ad807ef49bfde0c06f4e51a74c0e9fe75c35,0,1,158.07,0.9471468668633666
train_01082.png,1a1da1c9329c9623410337726caf7ff8320bfad6dbfa6f61e9af653e622f6403,2,0,271.75,0.49803189622968913
train_01083.png,9fe7dce4cb31c813a8ddd76ca4a2c01208e8376d58072484857ff358a6293962,1,1,188.96,0.9133816062564781
train_01084.png,92c1bf2160b36281bcb64902bd3943a79565497faf6c5377389c15247ac669a5,3,0,290.23,0.4237975669544188
train_01085.png,77678d4bb02e4c415614cb84db3986a59d52cfeb45fb12d2110a805828624077,2,0,336.2,0.41771581715842676
train_01086.png,611a5a752fa9599a0bb5aa33f4628e601b365886740e9e9ed23fa1e5eb30dbcc,1,1,251.61,0.6257087986141556
train_01087.png,db893140de172d30e6e3a72257e8b08a93eb4d8326345dc2b9400e5ce8d62b91,2,1,301.29,0.3982160563419326
train_01088.png,0a048094c1b5ae800984b42487adcf822e7c232a3f8413f3465a3495deaab9ee,3,1,54.06,0.8228182469313059
train_01089.png,191cee6968da350cba0ef2bf3530abbefd87e86f6947688e7b540bd71c1f3c2b,4,1,295.43,0.40524606161906296
train_01090.png,ffe26adc8d6854e3fd790bc1e94561764878dca4cb8d2b8105a4fb743281d525,0,1,75.98,0.898793641686194
train_01091.png,61f5d67999c90698167e1af690858ff0eae49ea6c19e85606593c829d9e6c911,0,1,238.07,0.7012268008257408
train_01092.png,d6fb5c39f63331d6b51fbf3263139c3e5492c3ce74234e4db29132a7dd96d798,1,1,252.63,0.6190160348056065
train_01093.png,be503498ab6b61d5101e864edb64efd84d53f1ab015f5685a5dc55dfe192c6d0,3,1,51.79,0.8125779185967547
train_01094.png,27737f74577417a7eeda780c02def7249b1426e44200f35124e8eb5d98835699,0,0,316.51,0.3769126564512653
train_01095.png,f26d3e2f4b87c08ac15f91c694014f5aa367abe27299950836aabf099ef1b7db,0,0,295.37,0.4001781788378497
train_01096.png,38348fb6265c34344bda7aa21cab7f0c545492a80944c362fd13d69a884146ea,4,0,322.24,0.3844163483129724
train_01097.png,e59684e64bc235f1981315175e351491c5925ce3776aede35616c61b70d6eb70,4,0,126.19,0.9510864348351603
train_01098.png,ebec349359497f25ce71e0f6d007e74da3f018ed7f82a1fde7ee830aff95be27,0,0,324.92,0.38339133106471546
train_01099.png,ead9b586a09ab0591c0a1f4f072e9eaf28ec000939fbd9db7431b99e407697de,0,1,320.07,0.37856189229134957
train_01100.png,06f0ef376df9a88ad75af0b1ff5d3d8a0f1df620e4e120efea62c2b25bae4ae0,1,0,332.03,0.39398255855533015
train_01101.png,df17c1c66804444587073d1ad9071c21d526de11e4d9b341c87ada24e1bf481b,2,1,195.8,0.8875112543415665
train_01102.png,c3a842eab9e410812548d6cf6be65ddd8b11f510d858e74e1dac1235f3769793,1,0,30.2,0.688723024948054
train_01103.png,ddff1a853c8d50add65ae337ccc614d19d3ccaabb36ba0a07c626bf967979c9c,2,0,331.48,0.4062742878708013
train_01104.png,2ac2c9f8fe7327987fe5c8a6dcf69bf3610130f95dd0a24baa68cba1124e33e0,2,1,325.08,0.39515196765944244
train_01105.png,fb8f94f21bffb87500713e5676488e535ec740a2ed36b582cdab543304378d33,3,0,304.12,0.3917199801691083
train_01106.png,5917d02859442c9925caf2390d7d59b912f91eedb88acc7cdbca1e66c6536148,4,0,358.75,0.4991246747195836
train_01107.png,4256b4f193859eabe626c9f2c0fd7b5706cbf98af6e5c255009af91dbb51e46e,3,1,11.95,0.5765084519755617
train_01108.png,fb0c126f13055fabf6472eacc893e25f26d1f3a539a72b49ace337bafa1480ae,4,0,333.2,0.4017650483234883
train_01109.png,49b806f634879927be044b9899f92fb6c9d0fe811f68c7af250876bcc6c22a00,1,1,216.39,0.8293244926904867
train_01110.png,4d26d758d1c314e9e500cceca78f16ca83b55e8285dc2fb28ff798df11ab3e26,3,1,123.88,0.9520344802392632
train_01111.png,fa8bf7d8f25a4c7f05257371c6f3bc8045f9b8cfa705380ba6125f3c69eac39c,2,1,227.07,0.7626930501780999
train_01112.png,b93478785bed23745a9812f6b80bf804097509884e6e7755f8cb9f3101f2cc57,0,0,351.22,0.4612813992793334
train_01113.png,16c676378d596076efc319e3b89b60df0bcb7bc539d30b1ac8f4fdd362fa7b35,2,1,241.75,0.6765203378872882
train_01114.png,d5fd56f945f42bf22b9218e464b106789a6211825e483561af057ba1b93f9cb8,2,1,117.37,0.9472185796244057
train_01115.png,a9f42b7d827fc93bf459e1896fb758e6a3dde62c33713979c5b741cf690839a0,1,0,352.08,0.46031046466732034
train_01116.png,68b2f2f6e0e85eb52c6961db90b3a17caa59481ef0345a9df6b5bf00aa8c0979,2,0,298.17,0.4038093678058998
train_01117.png,2dc943f134d671c2ed06ea4d4d7d88cb28e9fa172af9f863ef45fb4beb570a04,1,0,307.08,0.38290004383198595
train_01118.png,3764d4e550c03fc013077eee20edec53a4309d33172e9abadd38eec916026b3d,4,0,324.01,0.3862003945816759
train_01119.png,9e1606b86f24ee9ae402819443072557e0ce14e449d467b2e41cc6d2f45da7f4,2,1,187.32,0.9070591866175224
train_01120.png,b585013bdf873e9a4babe1caee4da719501f8abf50b9b0de7a8c42d120e0974c,2,1,140.27,0.950324158463272
train_01121.png,69fa026b30ecea4ccd18637808fcae387417fd8105d205e844da796936297732,0,1,190.95,0.9041611701498514
train_01122.png,d557b48c4bdc4d2e4a8f2278a90ab36dcb136c96171518de571dbb9f9dc718dc,2,0,290.46,0.4227786198935562
train_01123.png,1f45d67a7c3e71d053be6ba95cf4f8afa25fbb3a76835b71ac2fb7b950b05eea,4,0,287.26,0.4294273510263479
train_01124.png,22216e14d41f3100a8b61c7f6530749f3eb5e4625378513c84d1bddee5c3107e,1,0,272.97,0.4953547407615349
train_01125.png,b027ec921f671d2316f408fb0fe1c12860e338a51621f048562b34a4eeb50f9c,1,1,263.17,0.5516838188803672
train_01126.png,478012036db3a2a7032f502c0fd6805ac3d9908d64a81abed58b78d9456ba89e,0,1,208.79,0.8515142335467506
train_01127.png,12c4d6648d6cfffc8fc87e22b745f0c804b8c9431fa3bc44e7a56ee21fc50486,4,1,35.9,0.7262558528217061
train_01128.png,5bb99e7b2fa632654114d58236df4dc5a2247a92f0a65ccbdd4f30b39583748e,3,1,129.3,0.9531888896627088
train_01129.png,2a3b593ecb2cccfb3621451a81a63e09c552e9a4adb472b3ae069aadb28f857d,1,0,290.55,0.41937064311547356
train_01130.png,2e591245bf2822973329c009f60a22e3c29dd9985dfe8d6202ae7225cddc6980,0,1,108.86,0.9456326660534131
train_01131.png,9f89b43129de34a2e022e87ebbfb53807f84ce81a67c82bf1c21cd5827fdd219,2,1,47.23,0.7927816372751925
train_01132.png,77c257c03873ac73d02e2f00453be86ab577287b9ba278ada9f42a7abca61412,4,1,184.14,0.9159890521398172
train_01133.png,45a966b07df93ac3a9787bdd70cfa5daf6218ea4e14b9d1d5a7d91dbad7af772,0,1,153.88,0.949453212096392
train_01134.png,951d1bbc3c0113ca1df2e25e1472499cc92919c57f3173ba5e4cb608022c6bfc,1,1,26.36,0.6638644731878384
train_01135.png,92b03f885665b3c65982b3b54625aeb6d2e8de17ed6438db0900178ae9cdeef1,0,1,316.9,0.3770151377447356
train_01136.png,e4e8ede7d7cc6c1973a4e48fbe41c441d65408a141a400400acbe051b68e40d5,1,0,352.42,0.4618599545671019
train_01137.png,3465056834ad27eaf7c3a8251f8ccd5ff2493452673600e07651ec2c1f89c57d,2,1,340.02,0.4289720797627614
train_01138.png,4f1a2dc28658230e38c94c8e8dc3a836fe831c16d6ccb4426244bc1a28655336,4,1,342.25,0.42739062065008016
train_01139.png,33ee8fa7688eefc182772ffb7008a3b9a76fc72bf7c8dc9260cc31e4a6feefe4,3,0,126.26,0.9526306562567469
train_01140.png,c97d7f33082a8ca29ee7426ef33e3959958cf537e993f3bd6cd36b1c50e264c9,4,0,315.89,0.3812361981766804
train_01141.png,e1e06dc14fe777f03873b08d797d1307d9744248239eeaf988d86e528a449b4f,1,0,279.74,0.46183795460464183
train_01142.png,becc232e3382192d02016ecc217839c0cf8c3350ddb49dfc86b96c32278f0075,2,1,114.32,0.9457663395079872
train_01143.png,26edfdcd93f6bed1f7c9a5dc529613f59f37b97b9598360bc89e08297ae441a5,3,1,359.53,0.504372703198538
train_01144.png,f06a559bae74a597301ffdfdde244d4f4af1880d387b80d481e87fb475f9a013,1,1,193.46,0.9038662846003773
train_01145.png,53e8165b3804e1a96f0eb95d296699963720a34aa0604184055a1331e0be307f,3,1,248.1,0.6461431337945464
train_01146.png,f47a3b7d7926fe16d6a59a3e849243d3664b14564c433cd2a5f574c5ba191663,0,1,307.59,0.3798198748437866
train_01147.png,c1b03e815e63eac711cb10edb31442b48ed49c44d15b7b03110720f41e5a2a20,0,1,324.28,0.3825832232569737
train_01148.png,4e3f963e953402f2c1701447d7f996563657f75314b39ca1fe48bcf0d30b8a44,4,1,292.45,0.41310905593559805
train_01149.png,5c96953e4acdbecc9dde081795182ab2bdaddecc460263abb0bd08053c435dd4,0,0,357.57,0.4925193052670964
train_01150.png,57ca5d096a74db99c6cc1ef147dc21e486f8c4b5025ee6fb04cb6064091cfb36,0,1,179.48,0.9253453627192427
train_01151.png,3fe8cd08d7d2addd48fd7dd040b3ba63131c32a80222726b6f5292b29679453e,4,0,282.02,0.4492187537582566
train_01152.png,075d294c2f08dface7385c7e26eab2987782b44da8be195c74b76ec2b98dfd92,4,0,270.1,0.5057652994992445
train_01153.png,884d0286124f64af8cefd478e0bd2e9bed033f55a01b371b7b818e2ca008a35f,4,0,138.46,0.9519014517144284
train_01154.png,429ad496db8689a8739e4052864935102cee253b0884b10f6c2d4eab8c9e90f8,0,1,45.96,0.7867161426380956
train_01155.png,499ab2e07cded292245bed5b17dd791036a1abf9a195cdecd56e598c3b8cb1ba,1,0,287.48,0.4299732322480161
train_01156.png,dc414914a9dd8a49fd84b7de36abcb194e53e8e9ae79aebf565aae4bcc7b10c4,2,1,273.42,0.4897612489201592
train_01157.png,995eb6716760f63ddff85093620e589a22d05642fee74d0d2f7aa7b55051f53b,0,1,345.01,0.43515483761055485
train_01158.png,d39d822f6157ca617cb4470109650da9edc6bab0b28f47f59cc140a42ddbb09a,4,1,337.24,0.4119492689832533
train_01159.png,894bfca49d674e3b67c4cf6eeb8f6d5ff0439f3761d2834ea3270e11395db9ec,1,1,125.48,0.9539678710365149
train_01160.png,7a4ff20afd955173c87a68131ce45d169eb5cc225c958f093b833b53f1a2eb84,0,0,306.92,0.3804448369625386
train_01161.png,6324ac9a8ed45c6edcc093a28f75ba6db1f5b7195cbf06840e6c4a745caae376,4,1,46.16,0.7833784618237487
train_01162.png,2706cb430d23e9c906a4cae86a1acf60bb1359aa5b4b8719f3f970f1f77791bf,3,1,134.83,0.953635979778578
train_01163.png,441d9ae3049785236c3e8a4dd79f0808d6370012b1219de18ecb09040943ce66,3,1,133.77,0.9536063925646586
train_01164.png,534dd25420bde7fee13e81d52bc1fe0b0f5f28bf679ef5cef9b1f9346a461047,2,0,342.51,0.43725853846048907
train_01165.png,ab9ad4fb5da25aacc3efb80ecca07d3aa213d06e9b1711be6c6fe03febbd2889,1,0,308.07,0.3818258804306644
train_01166.png,c34396b6d4a4b6ba5a771b7bb5f299536b2dfe49113661821a950b9ed2620bc1,4,0,324.59,0.3868702095479172
train_01167.png,55ccb3e970804ec70f99ac3a7f941945328220dd0cecf884cdc35df75eff0563,2,0,290.51,0.42263213574597863
train_01168.png,a705e3785b356832d0f305442ee5a02b5aaf907932275efea5a6bfb299f60976,1,1,100.33,0.9385565835544785
train_01169.png,8a5ad9181257e03aa7c308243643ae23edc3c1b6d63fed2720e8fb0bc259d375,1,0,53.73,0.8202926735084441
train_01170.png,b448c3f766ff58c54d79fd8ba4b9edcbcd6725062f171d55ef80da4f18e6e59f,1,0,306.81,0.3832147468665342
train_01171.png,faa533ae134f9cc3de02f8ea74ed7d65ee379220cfd901d10d7b5d8787557eb0,1,0,292.13,0.41437649577164537
train_01172.png,39ab629b7fc7b46dc10cb761d11f5b159b786f989d914c1f8deae4ff0bfa6a05,3,1,211.23,0.8462430825193258
train_01173.png,56b1ee4c19336b0fc5d49806c25406c567f4746e16dd348fd3644c15e34c8fbf,2,0,291.86,0.41879224380433955
train_01174.png,0e205212aff0f411f4e5211e4b95942c237552b84ec6caa8d9768c759b80ed5d,4,0,349.86,0.4566585375188078
train_01175.png,11a1e10eb8b978464d354518d602212b6398aa189e3538d901024d6a6a03e197,2,1,48.4,0.7984434809220703
train_01176.png,c990d0f4ba54a58ef3527bb59bfa3778aed42000c68da09c22b1e0f693d796a1,0,0,351.36,0.46192238694878807
train_01177.png,e5760afc7f29bcec480fd03a472ec90851c2ea2cc018a1ee62ace365a6707189,2,0,222.98,0.7840497995631266
train_01178.png,5679c36e98cf43b34df5d91cded0ab222e0b5d48d19209fbe238ad361ac58c0f,3,1,114.68,0.9483299703785112
train_01179.png,3c859af0c890be09beb2b4a190ed425a5ef6e4798f9977e3de9eac3dde012eb7,1,1,173.41,0.9368438797801039
train_01180.png,9b03ce11d6001bc8af9b786ce4bf9f002f62a36d33b632238cd1cf8210d3a4c8,3,0,69.74,0.8800913386651489
train_01181.png,470618c987416c19334cdd6ea0267b80af59377b4ae62223aca665014638aec5,4,1,340.76,0.4224754234989934
train_01182.png,e81ba56edfdba19ec5fd23a15c48d8432e5cf6abd6d2a3b347aa865d9f4d4fd8,0,0,285.12,0.431840181537883
train_01183.png,bd4609d721f72a23208ba7b95becac1ee2d08c8fa4efb7e94ff48c0af476ccf5,3,0,321.14,0.3855944363543392
train_01184.png,4909cd4bf554378eb60f733132267476da96d547c6712af2393958ebbb046f51,1,1,10.95,0.5638492722509647
train_01185.png,ea1eddba7944db935ed7e9c475d6b6c98db428acc3e3506221f32d2a74e746d0,4,1,215.06,0.8253730258322238
train_01186.png,f688e902b50c89366a9a9a4f99180ab8da51b5f30e087a3c7ff93beaf402d486,1,1,48.12,0.7932616439931385
train_01187.png,922f0a9249a5f83ba2161812c32930c4bcd20a5f2f5b4a766e121aa293e4b93d,2,1,147.55,0.9485729482017567
train_01188.png,52d3b077ddabf9947f3cdc051dcd6fdc3e400c554be376bb4d182486aaa8659d,2,1,214.02,0.8256350149122383
train_01189.png,1b5ba198456e0969ebd3e674ec138ff4502b078b3a0755282d629980f923e368,2,1,339.54,0.4274603806228612
train_01190.png,ccdc419cf4322fe828ea8a23b3d9435fb5a8daf4e9d461837235383afc1cfe0a,0,0,289.48,0.4167607622654316
train_01191.png,778ff80651d99af3d5feeb9d9248b418756b8ea04398ea1661c67a1a42bd7878,0,1,350.95,0.4600515197757997
train_01192.png,ed4bf6ce83ee7aa768324e67b927ab21e5edbf25ee5b7c406c32ad3dbaa33936,1,1,120.32,0.9523363632267504
train_01193.png,bbbcaf4e6bbffc6dc1f5e07cfddad0e44ffce7feb21731aded82ea061e6c8c05,3,0,337.75,0.41484655368827233
train_01194.png,6799a867333a0bff5cdda6dc56808a7a43c24a2af9fdc4113822f60a40ae1c65,3,1,112.1,0.9468590136430524
train_01195.png,63130c0a9a9f5a19963fe26d669b623604c782ac90a43975f56ef1a93ca35394,4,1,132.59,0.951968582464333
train_01196.png,44df80b8b2337ceb3e17be8d9468dfd0f40ed0e238809f6bd51e0580dc928d6c,0,1,270.37,0.4995057759318035
train_01197.png,445a39b41ea32e6d775015157167f33be1df95ac4ec31cbb0d4b07a6a56a2fb7,2,1,124.21,0.94953716276159
train_01198.png,696130cbe5c29d47f5e7e3c3095df7f3de9f063aa41695ff38b79ee5aad26677,0,0,326.69,0.38589702247094826
train_01199.png,2b35c59fdec1fe1f0c3bded2c756a589ac9f45f564305cf9a3e9c0eb3e279363,1,1,356.47,0.4813191713097821
train_01200.png,bf9253eabdeab8afb815f17c9e50e42f8fda5253165f9f2713c638bd7ac389f9,0,1,199.57,0.8821325277070639
train_01201.png,7371262a1c0ef1f1f10bdc1ab6545b73a554db7cab18507b9d60f63662cfd26c,2,0,281.06,0.45563644914014173
train_01202.png,2d419925b954637f765ddd7fe60e8b09080c0b8f78ff95b944031170d7821508,0,1,26.17,0.6691770987357085
train_01203.png,bc505f473547595a4bc839b3ceccdc9843cc91bab9e198d21e66e0324286ca82,2,0,281.53,0.4537473147272028
train_01204.png,66d4ee09d47a6df52b48f0862e57019abcc515463c98f1c121e6336469fb9ac1,2,1,175.91,0.9260975573436915
train_01205.png,d04a0d27122b7bebf4e4f4cb9a1656d05991a20cca658e60d531ecdbe87c84b4,0,1,230.18,0.7489554764957893
train_01206.png,80463fbb9987b841ebded940e3033f720b8cbf98b1d864186c56af2a776f2ddb,0,1,238.29,0.6998425055862888
train_01207.png,6e2b19f2cf8caf387674501ef3ccbba9136801046d1370a27f077870b155a8e2,2,1,279.78,0.4609085055894818
train_01208.png,52f81921d6bcf08f4b6b68de0bebfe0dbe225e69e3db062204b46888993f5d59,3,1,40.83,0.7563563438003058
train_01209.png,4b2d57338cd41e11afaa96386327f81ac4fca66f81f6cc56bd77228d059c71bf,2,1,212.48,0.8320299055452769
train_01210.png,2af48a99792aaac74f6b4d8c6fb1f12e0608da1b51faea0933734facc4e664cb,4,1,281.6,0.45094572066065575
train_01211.png,9b810c52189b257e690c00921b0ae97069c096bb84dcea1d98b7f38717ae3867,4,1,33.45,0.7114998714771059
train_01212.png,112c732b9b8208ab45889d784b6f6f5b0b87ab2af4a353c9f9b0d1c65b45769b,2,1,146.28,0.9489772122901177
train_01213.png,cd4999103d75aa054cdd456c9c76ea82e13de67ed4c8a914c2ef657ccb8d523f,0,1,253.74,0.5996584846975598
train_01214.png,7dc7964b8b3188ccf3ead608fc98dc7118252c17cdaa13e3eec45ad8379c4ffc,3,0,312.58,0.38411084742693924
train_01215.png,af823304472899067a3f52a0e086bd69171c5ac904624189c3b85d5a847d1fbf,0,1,316.83,0.3769953273186696
train_01216.png,b0b5ac7a2cba163614ead98773c70833260ba77e8347b5804c6b549a11eb9ece,4,1,102.47,0.9379063546375935
train_01217.png,12c8b4304cd3f1df053a4ec7d69fd5fc9e4a1cbf6e433d3782a19bd10f32d1ea,4,1,220.53,0.8004009099125109
train_01218.png,3a35f4aadaf1e8edd748c8ccdb422b5cda90016d259748c740e7d22f48a529e4,1,1,305.79,0.3844877810355961
train_01219.png,c5bae1f55d166fe6ecb2535ad47c018e07e6eb4d54facaf3f0f045c1faf2851d,1,1,206.42,0.867631171676169
train_01220.png,2b0f7423bee42e780e1f08c280ac8e07c96d4f9618dfd4d6b9052e9c3a530371,3,1,212.09,0.8428966405987268
train_01221.png,434288c6d9fbe0ceeed816a1997fed5ed791c0fb95b5705751bf186d7a41d705,0,1,143.5,0.9530551616137434
train_01222.png,1258129f7f56f81d8f7937518d10a7b80c75cc3ceb253d8886028b253caa8b19,2,0,311.24,0.3884224696692494
train_01223.png,ded3508c2bc4ea62a34a2b7cce39815f0e656f10adbae19cefd23c4e31976635,1,1,292.0,0.4147754687359873
train_01224.png,c88e8807ed199ca60216f6471eed6d05e741583a089b79bed2b3b6444df45d9d,0,0,329.15,0.39004053941948186
train_01225.png,d4a96b1ba5934e988663fb42fe0d6150bedbc9d0ee6ab82b7d70d335d9b61792,4,1,305.31,0.3871163837452338
train_01226.png,2e0ed5876e34c92ce97aad81663bad03520cb8c4ab464595c4e070f459362a61,0,1,168.42,0.938957299974836
train_01227.png,6cb3d8f923e0de051c7be2cea259ae4a57b722769aa19d86a53dce3648276558,1,0,340.89,0.41707088481224486
train_01228.png,453e64773c32a78eb98856c9c12f9ff65dec3b2d79eea5eddd1f9c5eba71e359,2,1,351.3,0.472299927127682
train_01229.png,a52970d14710e8cd49c8f1d7eddbda1828b3a367c9c1fff71c2d1a74dbd74c57,1,1,209.28,0.8576333563254049
train_01230.png,cf149c2203f05523b8c00b39fe20769b96792ab718fb1c7ac385aa0d57896a87,4,1,292.3,0.4135340389655691
train_01231.png,99df6098fc4d50474649b4fd3dc65400b68a62cd9b8ed7da3d1b777bfcb6ea39,4,1,183.56,0.9170011657037025
train_01232.png,c079cd9cd87f78493ee6a76e5fbebdfee2ea3db5f4bdda53e94fd58323ed5224,0,1,201.74,0.8756219872402086
train_01233.png,bbc93a84bdbceaf4a52b8426d605dc3258d515382a14a3224853f62a3ada0aae,2,1,299.21,0.4018111843168811
train_01234.png,419e1b2084990bbed86df6e3eae4f7b0b6c72471ad393e9b379016dacca279fa,1,1,81.88,0.9107456098687963
train_01235.png,d43e99526626e3e8518f257afe51e49f0d4c6e0852daa8047aeaccbdbf2c39f9,2,1,214.97,0.8215789213520982
train_01236.png,a5e9cd730038b17889dd5f12f61014c94aed5fe14e456219a14830d2e075220e,2,0,156.74,0.944305737035279
train_01237.png,9e61dfef9677e8ee9bd264f00111360371f56a9b572217a2c28dbe5f7283671f,3,1,164.13,0.9432022930002115
train_01238.png,840a44b940c6a6009afe644b034d0ba3e3b8422cccd02b43d61478d5a384ad94,1,1,92.72,0.929284753825837
train_01239.png,d40e7c5cfce2a6e16ccab36d3eba9adbc6d8a57eba29088476bbd40e719ab1d2,4,1,178.13,0.9255457047887274
train_01240.png,54749fccfbd928f0e54dbb245cda466a066149d5d841217e9801080717abc408,2,0,344.45,0.4442262048803496
train_01241.png,4495ef1a62f857f174e581d6828bd6b66d9314d3edfafb2aac88612431004acf,2,0,306.55,0.39151302079601263
train_01242.png,278a657e8e29a319fc42aec52d0122fad580c7f3c9f275ae74cf66ed9d67a100,3,0,323.27,0.3873986715521766
train_01243.png,3a8ed98df6c834a7f604c1ccfa0fbe1c621962805c399aa9fc660fe5248796fd,0,1,281.42,0.4464672827753453
train_01244.png,e1520b8046bf7c0d1ad75bf6e1cdaafc495572d22328159dc3ae0c5a3d222982,3,1,7.84,0.5514287469894608
train_01245.png,a9012a63b34c42220b125a11a14f039024f6aa93f35d7b325c12965e133b2a0f,1,1,237.6,0.7161833062896917
train_01246.png,fb17ab5e83c2d4fc75ec692e3acf4ab315fb16131279487f299716faa9d136fa,0,0,351.58,0.46293415433340396
train_01247.png,301d31e997fd8a85d17bbfcdc9ae11055b2f85fa08c820135db0f92f4694df66,2,1,284.18,0.44357266815239466
train_01248.png,89fabbdaf4e55563c3858d85654139cc1d37307bcb0154d791b9e3895a9b5458,3,0,281.79,0.45498693833136306
train_01249.png,d391fcd265b950855af739ba6da9f461347bd29f9cc138a4f347d41ddc9e5264,3,0,342.34,0.42904754345998364
train_01250.png,8cfade088d10dd97794ab64c40ca4b503d61c3e5bb9ee6c4b66957a622279b6c,4,0,321.23,0.38357379578144657
train_01251.png,205a20e6e6d275b480d9daf826f3f085603b6a14cf219ec4aef4eef03daaa8da,3,1,150.0,0.951109247035875
train_01252.png,89b66423ac9527368106d785255a86bdad33cc0ad62cb97429a53648f1805fc2,0,1,143.17,0.9531240815882446
train_01253.png,e43d5988a9a9faf459a078c0487924ec49b7c47dda1d4c5b9a4df5f865f607fa,3,1,27.89,0.6783106425986821
train_01254.png,47cd3064c2f510f9552f584b258fafaf17a307a1bbf65ac25f783633cbf13ee7,3,1,214.49,0.8331796180757639
train_01255.png,0705d0ccbe6aada548c1450a727c4794172dfae210c37c6f96697ec55409739e,4,1,20.03,0.6265527233914625
train_01256.png,29a45eb780707802d64beb273f3c82c59b21fab20a8eca26bfc75f35565f9170,3,0,340.7,0.4236731278963289
train_01257.png,40e857776269d816939770d9bdf4f8507526ce2bcda51af5603bd931847841f1,0,1,251.09,0.6168896919633281
train_01258.png,93881d3c79b3719452f94650c3031ff9cc8298a5980d74ef1021ea1a18b7201b,4,1,308.73,0.38368650924874315
train_01259.png,c772f00b55e58fe2f5aaad37b30af1b4f3ef7b0c75668fdd947e5b4acf3c3df5,2,1,120.4,0.948400883180391
train_01260.png,247ca6a24ea7e63287058de09c882c191dcd5a62de5eb1d9d3e18d6262b14c75,2,1,255.05,0.593105411192422
train_01261.png,e9d44c962814dccf02eeaedc376be52dc3f86892612e9b08f4125a4a1c3a9052,1,1,346.04,0.43506407074393844
train_01262.png,3e4aa752cd0c72c7c087ce125cdb9aef1fc3c73483affd8cf878c95c8f71e862,2,0,210.14,0.8413209263025447
train_01263.png,a4c75a8c66265317ac1c5551202354a90333092023f88eb11a354e07e2b78eac,4,0,357.79,0.4941444042135624
train_01264.png,d085f468b0a7135d28b6669777c56158221ecf3dfb5f079a21db3e2bbc769528,4,1,81.46,0.9074162627054035
train_01265.png,5b83e2202dbbd6bcf2bcc4b172ded979101461e7e39d4e33347e24be52e05d60,2,0,319.72,0.38973606317504844
train_01266.png,8d477430c7728909b317194a4bd3aa792d685e00a4fefbe0e701a6b7c044af2b,3,1,174.73,0.9327264479128071
train_01267.png,b9757878c5dcb54843a9b9eb811e9d10dfc87db6c6769fcdbe086dbf9f109fd1,1,0,278.11,0.4694489350257543
train_01268.png,ac892e478fd4caf8e070e9e9723177135434a00a6f2ffb7ea1983a086f2a90ab,1,0,330.98,0.3919121752295795
train_01269.png,bb0616f1f1a127e61a981d1fafb17d5ed856848b2031fd6ce7430ac8376aac28,1,0,335.43,0.40165624533419897
train_01270.png,01b346b4e3e6ff4513e8fb1ebf5df149af0ab31d6c4a8e23d66ca498c94bc1bf,4,1,296.05,0.4037492496430847
train_01271.png,0e48eecd1608b32543d4fd9ecb02241e3726c26d85394904ad9de9eec7f33ce3,0,0,325.43,0.3840725121348625
train_01272.png,d0b9cca607846b89c0e04e27a17e883339bb0d189350b59ac7d760e21e00599c,3,0,221.23,0.8028984782916669
train_01273.png,f96c21aef1bd2e32e88850d97f7f6911d820b18f5c054b7028efe16e5913dc7b,1,0,280.97,0.4562965555103297
train_01274.png,112c732b9b8208ab45889d784b6f6f5b0b87ab2af4a353c9f9b0d1c65b45769b,2,0,355.17,0.4904285960850015
train_01275.png,9d2551fff6be73f80a57c83ca3353dc643df94acd2368c5735fd09c0a112ade4,2,1,322.35,0.3919494028255817
train_01276.png,f6b56199c60baaf4bb8232f903d254d1de622162c9b8b2f3b8328c2a99eaf941,2,0,289.16,0.42669381248662663
train_01277.png,f38b290b27b669d3cc80e622b600b88ca484cb584d61b390c144b0455af6b5a3,0,0,339.34,0.41539082458104215
train_01278.png,a08b00ed75fd7ced1161d36fb7b645a56fe8e6547c5d55abac1eb6a8ae73f9c5,1,1,35.73,0.7234120473012954
train_01279.png,35b5776060ad94ee986d8a97b033d2444eb2471076287be860e51ff33607dedd,3,1,242.88,0.6795746156646619
train_01280.png,1f14c71228fd669c40efe71fcaa56037845f03bee96b22c36dcc52326953ef3b,1,0,324.27,0.38201688714336696
train_01281.png,131161ab12d30bee6dde0efc38207c54f350355d67756183fa940289a8cf5486,3,0,319.92,0.3848187489134775
train_01282.png,b9c765065a2ce7256894df696609ee84f52ffde592f43c686bd3eed10641f354,2,1,127.83,0.9502702674943909
train_01283.png,c465da137d312d300d679a50a4b656ed1a5ed96a4d9c22c43f5535777b993319,0,1,232.87,0.7331499267939431
train_01284.png,1d0cfd5613c6a416f7584d1732dee8372632ffb574d46d4a2fd12e5aa341a49f,2,0,124.21,0.94953716276159
train_01285.png,817fb81defaf8c8f207b5549265123c225aa6a635471d64cfbf3cde363f7874e,1,1,358.97,0.4942147492622265
train_01286.png,5d53274288bced82eeec81e5109b3ae20801cbbb99acd259148f2c8cc136c863,0,1,274.79,0.4766953364924621
train_01287.png,35be9c0cb8c4a41257eb558a31a527cf851f768a65e8602fcb205f5eceaa48e6,2,0,272.22,0.49567655883059725
train_01288.png,b3b11c43346975f59e89212dde77a85af49118692f1a4220952053b6c9b28268,0,1,106.51,0.9439189512730637
train_01289.png,ab53c669f367cacebba0466f83a93bee0169d155d1976aebfba72c5271d2c304,2,1,62.94,0.8581987992639164
train_01290.png,aed9a65589550a31686b36b7704717c71457394282761147cd18bb4d1347f7fe,0,1,3.95,0.5279496352651079
train_01291.png,b19cbe2eb501d2f09bc724e1bc82cbee5dcb2e8c6d923e7932d3c01064e1d742,0,1,355.0,0.4793555333995049
train_01292.png,9a4904e436fc666bce060fb1b779d8e1b6aa5152fdcd161cb2b9db2076d455e1,2,1,200.18,0.8752768218140063
train_01293.png,ca3d8949f179208f37f27561b4b07dfc2a95ea5a98e9d8b43ee54865e22eb0f4,3,1,182.54,0.9217531595154553
train_01294.png,219c6d84bc68ae2b83816f396acaa4dc4ca01612362d924c0b0844534edd1fc4,4,1,286.41,0.43241410287610166
train_01295.png,221a756df5942a94089727270b73a318ad37182b5741a1cc0bd4b2a6ab9a28a8,1,1,81.72,0.9104169527410415
train_01296.png,2f61e84d0147e165acda626bf18e5bd33622c28d878648d248f63cf1142918f8,4,0,291.57,0.41564211638636317
train_01297.png,e91dbca726eaa19abcc549e010318801a513e169bd84d69a7f13d818da29977d,1,0,359.41,0.496550609541387
train_01298.png,d028e4c67d6e67a4f6520e3191ccc9c7d800d67cafc5e54b2e1383e3e43af4d7,2,1,47.06,0.7919487068009627
train_01299.png,4cb5b3ecdb724a8f657e970ae7031ed672043ff72431971315656c9700a3839d,1,1,222.02,0.803328260268668
train_01300.png,342f3b10fcc56eb055ddcb113d1e62825eb4b5b6d34810aed71618616214db24,4,1,120.18,0.9493150585053166
train_01301.png,4eda27433454143c114d920d199272d4d7bc43c576ab0caff3c7b0af8d7389ec,4,1,202.6,0.8715846588802988
train_01302.png,60168c01ce2e622b8cbba3d0ebb93a6b26fb855430676ad2a2929fe84074de36,2,0,133.37,0.9507615653098438
train_01303.png,beffa945c02f523a1d3dc9d9e4f9c15cddc9c904cdee668084f86621bbe84da4,3,1,35.88,0.7276846762310198
train_01304.png,e15f439ac15d9576fe20673f35f17cf82df9c863af2bcc0b7068ca9ee62f9841,3,1,326.4,0.3910889184581387
train_01305.png,cd006c90da24c24e2a8554ea6221807415dcee74992df3573d8bef4fa56fbc4c,4,1,177.39,0.9265871226862027
train_01306.png,5d8102feac72e5c5a310dc7aa1565c64d9e77e8586c25f74920336e5d356b637,3,1,247.78,0.6482046379846096
train_01307.png,6aa2d8554b1b2b70ae9e90a96b52a3368c2c4857416645b460f8148752015d48,2,1,273.17,0.49098181826093024
train_01308.png,c0d38b2ae05a0b43f3380dca46b70d3bd9e9e008319001ad8c22e214f4c9d353,1,0,67.87,0.8745953207672045
train_01309.png,56294af55010c940dff3e765e8ab56bda509189304a49a3419619bd1b6a73ddd,3,1,7.32,0.5483285305706772
train_01310.png,d2b2a85cdc975d931ff9055a385113dded37e5714aaed1a8b04f0f23b14d0187,4,1,113.42,0.9461391019956248
train_01311.png,ea3fb5d6a51cc613b8cd30a6da6474a4bbf8e8555b15002d271c7c84b7864699,0,0,346.61,0.4414472071006308
train_01312.png,445ca76fbc8524ddd86b90c5f77b1418bdc1e742408ac0faabf1f4fadb57acab,2,1,123.44,0.9493381561796824
train_01313.png,0a0534b446e6c646b3ca2789e85d3334327c8c95620b9c70c309691d01a50881,2,1,158.81,0.9429945232567176
train_01314.png,12dccc72047ee9bd97dbb4003050c00ba354a77a9fda8f00906793e1786caae7,1,1,225.88,0.7837045659065978
train_01315.png,dc2efc0060a3ac708a76f9b72fc0d51e5c31e73d7e7a805f1ef5d4a969b98084,2,1,112.83,0.9449569706899741
train_01316.png,4118cf62a565c85d278e0c73ce2ffbe4534e1616859340e711ef158cf15af6e3,3,0,271.64,0.5033090210595846
train_01317.png,1a70f2006afcee26567f5adba77c052646875326dde35eeff04fc41479ffeeca,2,1,37.64,0.7419790495837535
train_01318.png,f85e5fd212066e0f0cf5d84b22331b065691c37dbdf8288e79fc06323554413f,1,0,331.59,0.3930977652896011
train_01319.png,278a657e8e29a319fc42aec52d0122fad580c7f3c9f275ae74cf66ed9d67a100,3,1,351.77,0.466253852260603
train_01320.png,e769f68d9b3967a13777a0f5a3698adee29608cf9a782ba7b76a4bf27d244e33,0,1,235.3,0.7184357060016177
train_01321.png,ff82790403a6b2a5483369e7bd5726b941863489b509c43d634fb401a98412c6,3,0,316.86,0.383698560931626
train_01322.png,f120b0b9562244896a93a2db7ad7d1c7bb6a51c422a5d7d41ade7d4f64493f97,2,1,112.4,0.9447108152619862
train_01323.png,6794074c4b38bc5c40d516594244cf012f01e0b2a502affbf53746bc7983dc26,4,0,286.36,0.4325925196428099
train_01324.png,d284870f84909d2c6ac716dfbe635a50cc11ff2568bc6095651951403bf8ed94,4,1,182.1,0.9194611091305692
train_01325.png,1131880f06fbc9e28a89fecdbd506dbbc25e6bcba5acec665a51c28f40b1d25b,3,0,359.01,0.5016266768377192
train_01326.png,2c40722dd9516b0811180364da2fae18baac4f57faf8c4e6537667e8581808a7,3,0,343.99,0.4347886760523759
train_01327.png,414052e0822d4a65bf8ace8aa08f33737d4cdddc9a666d91f6a71abcf80fc229,0,1,206.59,0.8595376943177838
train_01328.png,7fb8dd0499f7e3110ff256d3a121c01f1175d1257370cdaa63c5cf9dbaebb87a,2,1,298.05,0.40404852892730153
train_01329.png,64e423ab70c6ad7fcceb5602a3b747583fbe76d1b5499caedae3b58eb314378d,1,1,107.03,0.9446800451634866
train_01330.png,c6cb64a8d36b6e495276623563079ce0c1d987b09361068d35c4686d815c3d3a,1,1,155.83,0.9505887120179708
train_01331.png,af9f56a9da39763b3614bf28eed25631890e2f05502f03ac8498831b3a6fa1c2,3,0,300.81,0.39715659979240575
train_01332.png,c7c978d22ccacea91e749a1364365b451287b266d7e8a9ee29473eb243e04f64,3,1,184.15,0.9190839125759777
train_01333.png,7f0fd3e8b8ebb5b4b31bb4fef24604bf10ac8dd3ee0b266d12b326f92bca89d1,4,1,169.89,0.9356601166932564
train_01334.png,a29268440012259f1cebada12ab8e2662539062b5de48fb5b2457493cc5b093f,1,1,58.42,0.8404816200194042
train_01335.png,8164ca40541c45d20d3131d0dc44132f5a4deba9de0477b600f882808461d7e0,3,0,317.41,0.38381292248379634
train_01336.png,4ec6536b67ff170a7488795ca310c5b4ba87123179f008dc429f5b2dbfa888c8,2,1,192.31,0.8961839227473275
train_01337.png,b022f433fd2c97ddbda0200e8b4094de46261a53562852b2de62424c68a77561,1,1,163.46,0.9459446473596383
train_01338.png,8dd9cb229a73726ff0c6f3a85b71092894171b13b4a1093feebf830df7ddeb0c,3,0,132.46,0.9535331879795088
train_01339.png,d37e7982fbdf0942a8f33c51546eca15995df8ea90fe98864361cc497106cad7,3,1,49.29,0.8007249454693562
train_01340.png,bb5deb758b3af81f7e2642d64842ebc446825c58ecda2c9d359779301c011cb0,1,1,128.84,0.9546732976947528
train_01341.png,f9560f9783f982cc27e63aef654b69edcfae9d61bfe12535e9e68cc1cda2f62a,2,1,77.5,0.8993127612947961
train_01342.png,6fb6a58eaaac4943bc81c3b37856a7bda5af7a8bbbe000063e7d6eee3388f460,2,1,135.35,0.9507551287592352
train_01343.png,cc24c2461d0752a7602e128cad035c98f4d46b115393c6d840aa80db11f961ee,2,1,297.22,0.40575142581424317
train_01344.png,8ea7422bcd9da9d2d373171b19bad7de93cc926784f42ed1b538f79305c386b4,4,1,329.59,0.3943901653359364
train_01345.png,54558647c0bcc584276e4bb187f58df05053b4dda420c5b20d4b017b87b76ab9,2,0,300.3,0.3998604600574771
train_01346.png,a04bd3d87717a5e2dc33bfe4cc62ad8ff1476575886fbfcdbd291e19471e25c5,2,1,245.42,0.6535304099766437
train_01347.png,7f9298679cf87516f76d625f7d898933e19482a9cc29c4a781c01fbb9bd311b8,0,1,30.34,0.695906123622108
train_01348.png,5fdb1446cb273987547aba812147f8e0e4479de93e09c06c4ba28042d0de168f,4,1,276.12,0.475314812752397
train_01349.png,52512362e41fa75ffdf621bf1b02a76b452ce1142cfe70c18103c96830fb5410,0,1,335.11,0.40326911306516033
train_01350.png,0e1c28a3f854f027238ae8f63077904162d586b8f9e26a280ce05852d7e7bbe8,3,0,335.8,0.4096096430042888
train_01351.png,1f9c7f5a6d05b061b8d01f2f2ef00dc6a31a12e71c9b29356b80691bbfaf63b8,3,1,119.13,0.9504097219086283
train_01352.png,dffa3fd75120ad69ba45da890c53da3674d3ca9bf5f2a0c0dd0754d5bdb69b94,0,1,138.91,0.953775506061812
train_01353.png,be990afb44bc28841642a1fbe6ebe335aa7d5b14fab8144fdb8d80c97521d20b,3,1,153.6,0.9496536783260092
train_01354.png,9d60a5ecaf51275a1f4cf74ce2f8516fc470935bd76ae664e6c0779ef92f4b21,0,1,114.48,0.949005334508707
train_01355.png,decbc685577d6c474eb61f0222382fa9bd8d05eac976acbd984cc209b3fa18e9,0,1,315.49,0.3767355587849353
train_01356.png,d6d11fb4ed4a4bb58b887ceb4bbd498f925f48b3be39438ba5c77cde102d8aa1,4,0,326.4,0.3892310809325651
train_01357.png,fcb46706d54153f7164c11d8923fb0d3987c5eb5a13ce95a2ecb04b78d79cc88,1,0,313.76,0.3780792487186842
train_01358.png,ced0d46cb2557faac11a009c74351d9a1e2ddebf5dbbf6dab02c596d8561955f,3,0,359.9,0.5063422308047085
train_01359.png,7edd3b4c4373dabfca35ec8f980c9f6bbe3d7473295a94b903988aececf86935,2,0,312.53,0.3880491992744964
train_01360.png,facc31f9105f11414fdea32842feae76cb78fcd546ab636fb27d78faa693dc69,1,0,301.27,0.39173219225330613
train_01361.png,f402c56a4fe68709b87815162dd89d361eae6323dadf534c20d717daa8c88680,4,0,305.56,0.38681611713969727
train_01362.png,1ff6b488e3bb1e9845d74eb930e532367531d70959c953186abf3a9b4a2614b9,4,0,338.68,0.41607024190003755
train_01363.png,11fbfedd0abccb35844540da0dc2b148b1e0c22531c95b71a194c3994d65e697,4,0,316.17,0.38127035648925944
train_01364.png,a1a84b58db9bdf11659af50a69750c9965b6063dbc5c55ce5dcc7731a1fca4a8,2,0,310.26,0.38884350989235106
train_01365.png,7a4f7c8a0136e1ae31de60c0aed42b7e389fcacb563f68a353c3386f40f0c92a,3,0,300.11,0.3984836819184091
train_01366.png,7cf100af76f1b082693d6d2b85ebc80cc01f63ece679d0dbf1ebe06228e6979f,4,0,270.22,0.5051237064468211
train_01367.png,59626bc5d4e87630626702aa4650c40c45063f2bcb6614a7943fc1a99bf73566,1,0,319.57,0.3785143696283255
train_01368.png,881d190ed1be43433eca5e9ef0a40c3d7d64c342a05276bc8828fd18a575d502,1,0,348.66,0.4454776407273148
train_01369.png,0b6f56825c7fb324855f3951bc287b884daaba5eaabbfd5e214c9eae98c4b1b7,4,1,245.45,0.656267152079175
train_01370.png,1658d1f1e9bfda37219653c96c17ff0568810582d6d5ebc39d7d9fc4911ce99b,4,1,357.86,0.49450451348005664
train_01371.png,b7b7074e20f9a9d2260a24883687062ebf684d9c002bf216dbb7d9d23061f178,2,1,258.35,0.5729290945601505
train_01372.png,5f26e9f74a5d40450ceef6136ebb275e75a6115f8d159541725fbd1ce7039e95,3,0,273.7,0.4926251103275989
train_01373.png,9174935a7320576c9732aff7757a683526d22e9328fc42f9bed683041479fac0,3,1,33.95,0.7160578538141271
train_01374.png,e01cf7bee3bc97184b9142725b6f094fc9b93fe237742c7aea2298e1f9f20494,0,0,338.93,0.4141171121434496
train_01375.png,a8f208143623924f6ae6d514fa9e66db76d5924fd5017d26939dfe6f3125ddf0,2,1,193.54,0.8932318244566559
train_01376.png,a912bd6d525f69352a5d5aedd6c0ccabcf87ea1d0f1e60362cf59185db27db9d,0,0,147.82,0.9519009167510862
train_01377.png,2a7993756a98f1991361d6ff3bc07f48c1a31167d993ecc718c150c9818212cb,3,1,32.96,0.7100098233659586
train_01378.png,178077759f0854d4a040158318cde1b6b6450e45807bc172e965b7a3eadee5ec,0,0,349.0,0.4514185952627642
train_01379.png,212492aa6a3aa165aed29ddc3d8a0f83f0bc5d6f56535a5394c8c3c728d34f17,1,0,289.1,0.42423114461227873
train_01380.png,01adc1e1121265375a7a1b27e5d3b600a58befac812aed201c79db654e5b4895,3,1,323.76,0.3878947206595559
train_01381.png,3d4139b70ba1d2704cb67cca2a69f0743f9ca6d361c5b5171ca9114f8c801295,2,1,76.15,0.8962000437355612
train_01382.png,ea0df63991be8ae83747eb1a1c03209905b592f3261401c1e36499bd542ab33a,0,0,290.4,0.4138820392505304
train_01383.png,6b67bc06bc2e04119c0a93156537b548f25bc6b2971359369e6679fe698c9686,1,1,197.19,0.8948577975676607
train_01384.png,29cbe1be0ff3390619d703ca1f49f4850adb329acf7917c0b55942d2ca863298,4,0,272.0,0.4957659799345844
train_01385.png,a35f9f3cee74631b704358f38e7dbf0eea2a370309f0712cc582949cfebdceee,1,1,163.79,0.9457016344089303
train_01386.png,74f57d40df68910a140b7c28eef74e8904b6f2569ecdc282d52a84883474786c,4,1,6.44,0.5419784124873678
train_01387.png,eae2dc5876a455169c0ffd2189810b2b2138e72b97b2ba41e1489e6e8710c16b,0,1,300.79,0.38880698817218545
train_01388.png,94f90fcf912e288a057134fbd6c3b02e0ec39bba53816523ca5c3c4b1abc490a,4,0,295.15,0.4059377697463558
train_01389.png,20c6b1deafedf4546a3965c91ed3ca3e8623a68fe80382abaff84a782b67aae9,2,0,284.01,0.4442008357122128
train_01390.png,1d5c44764ba3ff19db32f6fd57bbcf5d7dfb760f61f6ab8cb8bf41cee237d1d1,4,1,305.0,0.38749957241274313
train_01391.png,64a73500a372fbf794bd2b5c8261cc35ff86199ca6f481de637705b2d4b472b6,2,0,171.58,0.9315263359598054
train_01392.png,6158ceb5405c6d4ecc5f01f13bb83a32aebc44ee92a5ee637b908486bbf205f6,4,1,141.65,0.9515140406944564
train_01393.png,9b714779cef4e3ebbb9ee986576f4aacc484edb32192fc4eb7af8858cbe0e648,0,0,272.44,0.4885741925414973
train_01394.png,e5e07eccce02dc4019f1b0bfbbc118b86535c93de129edecd32129226212e74e,1,1,36.91,0.7305837727159837
train_01395.png,f4a888e61ca114b0f6d000efe6d1c7dd0354f8f4d0753874e93ecbbe68995492,2,1,54.57,0.8262122993729947
train_01396.png,9807eb0480283c300e5fb54cd57edc6a3ce99cbc1e6243ac012402642e7d6fd9,1,1,196.65,0.8962285616651254
train_01397.png,fe166fd3803640b906c616f9af3cede3bcb08e3d4df23d7207afa56b8b34dd5f,0,1,217.23,0.816332243995787
train_01398.png,be74b64e0584953d87185f2b93b248a573fbb1a439a8ba459d853d1dc5bc001e,1,1,335.29,0.4013110388240038
train_01399.png,384be407abb77ba9fb156bba57c270508f5639ccc4b78bc30c5046da59a8942a,3,0,313.76,0.3837667431547544
train_01400.png,b21ffe8e57f262351f447f4fb742bdee56b3fd9f3febd4f5548ce5b9ccc1a366,2,0,324.87,0.39487287616363087
train_01401.png,8de8f9ace7f4d26c43926f71e5f3723c78eec7c522411b7ef3fcc7136dbeaa4c,2,0,329.55,0.4023868338834626
train_01402.png,16ab362b43e71bd038b96ca1fa5cfd23c487ce6a828b5f24ce6e9d9599bfa74f,1,1,304.04,0.3869821138957061
train_01403.png,d77627f4b749a0f7bac8eefb098ff894097dd314d518a8fe7f30ae8cf4726568,1,1,355.43,0.47614920997800353
train_01404.png,b272ae6878c88a91718c80a0798acbdaa6c932f6556f7db4553dedce49e8c683,1,0,95.61,0.93312639929973
train_01405.png,23ca09dff82f10b7c0c961fb690c76de21465810abcdd8f032ce54dba2831f6c,4,1,249.85,0.6279952944942231
train_01406.png,95fa68623246fa49a3bf9a81596af62965c86075ba9b60f620e12f57151e8fcd,2,0,339.38,0.4269626686924128
train_01407.png,a264501185b822de2a805fcbb233f5fea4597b9ffa0c63bdbc268a9765ddc818,4,0,297.34,0.40078882739679056
train_01408.png,af9f56a9da39763b3614bf28eed25631890e2f05502f03ac8498831b3a6fa1c2,3,1,28.41,0.6816082483454793
train_01409.png,c7f2a0ce507a0b8651d62e6ae0ddd26128e9be15c43a71de8f774bb1fde4162a,0,1,44.36,0.7783165121126472
train_01410.png,78279e2581d3b1a54b5443f4403a191e0f818b114d4bce43d55ce48ec12036c2,1,1,358.82,0.4934228737622191
train_01411.png,fa9fdefc6021d7ed1d241cbeb9a45a8cfe26b59ac03cc460def62bdd77271269,0,0,357.42,0.4917323878498479
train_01412.png,15761c247c9b93c0595c751e20b7d6a229e363aab86ee743965932c0d09da3c9,3,1,264.2,0.5450644138120292
train_01413.png,218ed46cccbcb45d176f90a47b1803c58598650de9b2343863ca86a44b09075c,1,1,183.74,0.9227527606629894
train_01414.png,3873ce443b2a2a400828c47b6c53b9539739b5e630c605031377b58ff6b7ab27,1,1,131.19,0.9550058402458118
train_01415.png,dc68b7967e64aafec4df740de1e64075fd908687d5179500967a1522998745ed,4,0,218.42,0.8103737478908393
train_01416.png,bbd671105a2c6bd9d7dbca21a70e2b2242f3e834cf68882ba42bedfc325623e8,1,0,282.39,0.45011944277331256
train_01417.png,06c04f9e965a5235ec6d8a43e5eebcc6216087edf009f017f26684d29cb23c36,4,0,326.82,0.3898375104500452
train_01418.png,ea49c4203d42f9c952fbe6eb9dd7ab44cda827a5600d9c6483bd7b0538327990,3,1,153.71,0.9496035864775935
train_01419.png,f5d0f184241e11c7c6777fb1a5e3e4472095ffd3b582dcf37916a1627cdb0653,1,1,224.65,0.7901124558767135
train_01420.png,2398c10c36d96c282cffaf0bce3f117c30f5219ccc8fc41d3f634757918af1bb,0,1,236.11,0.713448182378904
train_01421.png,bf672d07a7ea9fd9df64dd2713c986cf926f31820251891493c89f92262bf9a4,2,0,27.89,0.6838848208011338
train_01422.png,e8594a558a7a7b5f6f35cddd7a112143a32c451f75b2230347446925b92edb63,0,1,127.78,0.9534361962037503
train_01423.png,07769abf5b4b59f5fe760e638f36db68b26a9dd06e33af88b5f06a5266519f3d,0,0,263.68,0.5375199598523795
train_01424.png,34dc5d5229afd960f84ba1f21fe6a5dcb4317ea6a86cc9c8d14311601ca62856,1,0,358.15,0.48991370734945494
train_01425.png,020840c7295d439fb21860ed20417d010b7ebe9e00b911c2f68f9d275e83b7f7,1,1,129.74,0.9548161112130295
train_01426.png,d5014541c13804b1aab1aa909ac9f0924ffaa06564f26db23c535fb214874bea,3,1,246.03,0.6594599940829037
train_01427.png,c5ed447fc55b3fd5a943a28eea00ca3740630ff178e74f74f50c3578a3e09f9d,4,1,83.51,0.9114781180001172
train_01428.png,158f554bc11daf3d636d5070ecacf9bc6f26722978b7cd93987ba32c48d88f12,2,1,281.14,0.4553131136478812
train_01429.png,cf969da80d23d361c780527146ab22a5bd70eb822a3533f7bac7fd407de187b3,0,1,131.87,0.9539028132826011
train_01430.png,79769c39ceedaefb3711d94cf64c41b6ce4aef1ff974aab8b42f5ec69cb4c8f0,0,0,170.61,0.9367043711272192
train_01431.png,b461cf64bcc5d049b09a640ac3a2c8c94f79691f9c5124df3187a7b2c1bef254,4,0,344.15,0.4340507143830326
train_01432.png,7c5b4d91ff86c3f01c93fc0ebf91b571318e4703f4dbc356f4ce794fe62cc297,0,1,229.95,0.7502813631886132
train_01433.png,23ed3163f43a68728579bc64bc366ddcdc920a925b2a425d926aa479c513e544,3,1,130.19,0.9533099797040762
train_01434.png,11759caaa689072986b57fb6f8a95aeebfc602de6858435bb6a5de2a0dfc4aa7,0,0,310.2,0.3779274622667193
train_01435.png,4c50d2f7bcc7df317979f6e5e261c6874adc6d568150600b607b6d977c9d4380,1,1,166.76,0.9433431468995228
train_01436.png,a842877d6f0d22c7e67072e132321109c1acc7e0e175b96f488952e9da8b8c73,2,1,304.92,0.393224139130917
train_01437.png,4d74ea53d04ccc30c7be17676fc52021847fe70601b1083719caa13b1988890c,4,1,283.32,0.4440040998258127
train_01438.png,6192748c2dc1f84641d71ac8b89cc5626720d5309cd44bb39461420f450ecdf3,2,1,206.33,0.8553612443050203
train_01439.png,8e8bc06471827f9b4d89801efb956ed0e94a93b71be775e47aa2e3d373093192,1,1,351.57,0.45801130075392793
train_01440.png,ee010b8c6dd159311968e4c3218aae908d6f5c653ae77f3d507b5052dd68996f,3,1,11.85,0.575887418359503
train_01441.png,32f5d580752ff29c6163c9364b1e08a7790878ef490c008ccb352f781bdbc609,2,1,213.3,0.828652583924853
train_01442.png,5a335cac3e91e4cea66f12ef432f06ffe8914374c653e3f973267d0efe984f18,0,1,61.86,0.8566607842340439
train_01443.png,f3f89615030c3370ac74774a37ae14f3dc7b8999b0e2ba8982a4281f9ee59e92,1,1,143.95,0.9545609378709317
train_01444.png,5d9530c577eeb339b8d4a6a45243925122d5fce7886a18c1b86b686a4f227ea1,1,1,193.09,0.9047027405896827
train_01445.png,be65fd75a6f1e3c1989ff7f09161f9e6202d8bad416d35f35ede797970fce0c1,4,1,354.1,0.47586418738293884
train_01446.png,74bc7c03bc3e497d340ab30e605b7983e204f3eee880be8ca38f0721db6485b2,3,1,298.18,0.40246320025274457
train_01447.png,ab452bec77ff820f899ac4b749434a549aaf697f212ee1e120edcf31e1cbb6d5,4,0,293.21,0.41099874591773083
train_01448.png,fc1e60b02b97e8948300710975eb77e7fa0ccdbe99967ff87d6f8fa4e8651d6d,1,0,327.45,0.3859877978947522
train_01449.png,ba84a48d6899b41e226425d0f4446fdd6826610862d82e7b6080ee93f39edbd4,4,1,335.26,0.4067036855892453
train_01450.png,a1b973f142849d12f98ef0ea2fbd25db21bcbb78a32118c47e2f846ea7851546,0,1,154.73,0.9490277178374412
train_01451.png,c284224c761a765334a93d37b3c7d345ed9cff671abaa48550bad7ec73ffeec7,4,0,227.46,0.7647585286495613
train_01452.png,dca47b24e462ca9a35ea8d411cd38317539e8d946bea0f2a5f285b4d0307cacc,2,1,298.13,0.40388889049373905
train_01453.png,73f7245c9d9c34267460cdaa61266ef72512300ffdb58ace63612c3366413515,0,1,335.48,0.4042390860946746
train_01454.png,26cd23f447438191cc4156a512310d553a4e1aeedc8afe6764b422cfcb525cc6,0,0,294.23,0.40304505748786185
train_01455.png,a650ce453c9a4662286188b1265e867d6d4fdaa43506c306eb7ba0cf201195d6,2,0,312.58,0.38803887138041976
train_01456.png,b8c09576b8c9f1b32258f582f5b4db9bbf85de681789158844ac6108942ce875,4,1,9.48,0.5601545897741819
train_01457.png,c7d3167ef0e3bab1a6e493600b3eb985e6b7b860e17e8e3d279ebe31c1cc811d,0,1,180.91,0.9231396257061043
train_01458.png,1cc3f16646b64e797d756da642b10f0dc7747423ec34d8490cd9a15860b3c41b,1,1,36.29,0.7268270744393259
train_01459.png,7792a6e3e50e88b9b3af96befcafc6a25a67e1e4dc2a68ca7a8677b6fd5e8d94,1,0,218.55,0.819725280250669
train_01460.png,dc68b7967e64aafec4df740de1e64075fd908687d5179500967a1522998745ed,4,1,60.25,0.846458556105118
train_01461.png,97e2a641e6bed850b82588366d2f395256b0b9274512c633202f2cd4c72d4167,2,0,124.82,0.9496839865849696
train_01462.png,8437a4f9154575358a09e37dc51e714506f8a3ed5790c08751f76ab5c16af5a7,2,0,277.73,0.4697335169512772
train_01463.png,21ed3331f4a8909b820bec5a7cc46f51278d2dee9c3aa446f13c1e12b5b5e623,2,0,272.54,0.49408523748935274
train_01464.png,6200d333bdf4ada9eee117563f6e0d1182fb157db6a4baf307775a79a2044de2,0,0,81.41,0.910733016485392
train_01465.png,607956f7ea076b1a396cb01e35ec59c30d91c5617d61b5ceba556cb44e7b9700,1,0,292.65,0.4128020566405022
train_01466.png,f733e17cf4d4f7e747c08a0c4920649be86114a3abe853302a5c87bd5729236d,2,0,346.16,0.4507338037146788
train_01467.png,98245ef45362efd12d8052185cd2514996089a1dd6e6a2c802187d636ca88297,3,1,5.03,0.5349011467935839
train_01468.png,be187aeab1a69b2903cf304633eeb8c659090949861cc5efc9208d2fcac25c42,4,1,152.29,0.948352627488858
train_01469.png,22fddd07aa376d590ce8bf2a5603e110a3cf3033a0d24399784ed2c94d67a0c8,4,1,259.87,0.5647529213968923
train_01470.png,a9eb32c1fe66a679c528d0ab549ce8c6cfa954e0dbfaff3fbaa967c2806e9270,1,1,178.37,0.93074910590579
train_01471.png,46d51136c35b01eabae0c545bd586eeeb65fd48b5f14327ddad132ceafe48e5c,3,0,348.51,0.4522028232268342
train_01472.png,932fdeb324a58aa641309354b869fa8083d3162d940ab150a9d2c2b2e11809ba,0,1,219.59,0.8052307583667547
train_01473.png,37d9392cd9f7f98ff9038f529e4aee58d7b9e915bbadb633976701027a8ab13e,2,1,356.57,0.4973624437707178
train_01474.png,b70a3b659a4a778459ed7d1e2a7b6e609b28478806a3bbe29ddcfe2c92c8a92a,4,1,247.26,0.6446490208906867
train_01475.png,64db93eff9f5e949316f4ee5a4d9d50307ad770cca9e9012845a49a09096be21,3,0,285.43,0.44048092697927066
train_01476.png,49ff536fc50f1045ad1c31e098b808a2ceb77f478d05a303899339d1a2f0c6f1,4,0,352.26,0.467285428308432
train_01477.png,c8a5b07767c1de64b52a97b19f970ec84f52a2255230b5951eafca7c3c9dd3e4,1,0,267.22,0.5274362676586483
train_01478.png,831a06de52ff87d776d8ca0413babadca714c3165cfc70fd96dd98ecdf5f247c,0,0,274.3,0.47912410898832175
train_01479.png,f5c30677a9c6ab8a6883c355316efba0776495879d41f37a626eada9db087529,1,1,349.49,0.44894997215073823
train_01480.png,125ac18313460ff1da967c9c2db1c015577ad5b15682bb340ff1df29f9e4a67c,4,1,358.76,0.49917702128265085
train_01481.png,0e9528de1fe1f05204ae5d599fb52fc9177f9cc6148c967fa326a0e0c11f8011,3,1,247.99,0.6468518560750145
train_01482.png,2af33065a28f6a8f38d14c652428d6199168ce67842b255e139141818e0fcc9c,3,1,266.69,0.5305838364029581
train_01483.png,2ca90f764f161a300cf0f15c7dbe4d3b1c40a303880cfb153dc14abe976d232f,3,0,348.39,0.45170908529739473
train_01484.png,42631871c9705a71a6ed0a5df2aae5d61351a8ce2a5ad9374766e486f439a4f7,2,1,61.06,0.8515774737882439
train_01485.png,b803e4bfbf7a66e0e69b54e14edf26957ba2c1553879692f1ad9d61e25ed372a,2,0,302.98,0.3956891435924548
train_01486.png,8c4b2a4841a498cba7ef2f4e7f4dc0382b2b1a2ac2143b5828df71873f46f851,0,1,129.07,0.9536267055629832
train_01487.png,97dcf3fc36596810429864e8ec7884d9af4808ca1c74b02a89935871d76da4fa,0,1,100.88,0.9390029144245889
train_01488.png,14d6aa0b1f00b40020e2dff3e0b398510f46f2ccb1a836537312681fa8a8536b,1,1,235.37,0.7298296295863859
train_01489.png,a13876dbd41ea24260682a8c660c476bccb05db02b639349dbd1230bc1b9c986,3,0,294.16,0.41226024538396544
train_01490.png,896600e91e3c569c2a96300ddb8d0481dea95b1d45ec2d2aa1189ad6eafea582,2,1,184.47,0.9125282615039714
train_01491.png,c9e126b282dd0f3ab621027af0c41d191b58210e503fa148d9fc54af531fda73,3,0,288.21,0.4304743631129224
train_01492.png,b68706d7e0bfd65b605fa0d2c37510de31215193bc547fece7ad07fc9ecc72d4,4,0,349.84,0.4565727142470819
train_01493.png,6161b859022ae9a173137070c8265a612bb36767b5cab23134a5426e89aaf343,2,1,162.56,0.9402569111393051
train_01494.png,24ce34a5c23a6d558bb673411f734e56795c77356a0309e625a8a514a4bb54c5,3,0,309.16,0.38609959517559467
train_01495.png,ec063823563d3f34d88e342c9dcf2e90f66f0d7de8190c7b29cbb94a2a8bbdd8,3,1,303.8,0.392185126073458
train_01496.png,c2a8a5284d15bb8718ad20ca98d6dd190292fddb5d3793d790edfd68cec33283,2,0,355.6,0.4925377085689349
train_01497.png,91db3f9e1698ee7880d29d456829ac77925691cd46e7dc40ea750482a6659d83,3,1,5.53,0.537800177341056
train_01498.png,a1de774b12888e3a744995996a364e7ba4cce3a090d9eac7dc4291dfd7d9a42c,3,0,318.31,0.3840822745318987
train_01499.png,b3df08a17182726fc8a0c1adb7e6b3eb523233bedebfc47f8eda03327114a7b2,4,0,307.43,0.3848180070222284
train_01500.png,3b5d5090280a15fb4329c8f2c8f0df668497cba8ec336c6f475e72a26a43105f,0,0,295.98,0.398711913419615
train_01501.png,d3dec71b6e6a519e855ea11d1a85cf8d8d28845a0adbedaf374204da3576af4e,3,1,240.43,0.6950099050237791
train_01502.png,b28026b8fab8de7132ea4ae3949d73f2a0589765033972bd9cce90caa134bd47,0,1,327.44,0.38707878950389957
train_01503.png,c8ea06d20c829e92b73c7f1b9c9f0248b55aaacaccb889171411b87c7e2307f4,2,1,31.84,0.708015639153694
train_01504.png,57bf97f11ef3abc2ffe828a5374dcad88afae8c8130774f75e79cecb4f7d9ed7,0,0,222.69,0.7898228724734244
train_01505.png,d28bbea43650f37925c6cf9a3841b615e1c553ba28bacde563f07641875b2d50,4,1,55.65,0.8279600965626381
train_01506.png,d67415948a6d23d4eceacddc016eb8f6c7be32342c4e37d3addae6165a734537,1,1,320.09,0.3787631667444497
train_01507.png,4e36849631d9cd2a5ba281929b0c821e71785daffa732e6bcfc02625c04a6003,2,1,247.91,0.6378329027700778
train_01508.png,dfe325e8637855186a69d050c354ce4aab2b598a173fa2af2263140413e5f134,4,0,286.03,0.43377764575142896
train_01509.png,ff1826e39cc4fa0e1256ebe2778f6f8ed6ff9ad2d3b29b0633e64400c3b252bd,4,1,144.24,0.951014393392561
train_01510.png,c23a83b3b822bcbbb3af4cb22f881696cab79ee5feca7c73893d000fe7de7639,1,1,169.13,0.9412290255993347
train_01511.png,4819c7dc35536923e0a671b47b9782e7cd8eae44551efcea740301a792074c57,0,1,53.38,0.8224633148146773
train_01512.png,14a3a22cf94c28467e0d5ebd21bea029a8787b48ac1b8381bad099972db5b8ff,2,1,309.15,0.3894637846640196
train_01513.png,82ab99a0ad5cd3a422ea12e8c4165e764de5411cb887e7f4b60de5fab0d06478,3,1,61.85,0.8541568718932268
train_01514.png,0a467cf8f926bc9c40673a1af5e13ece6451b21b8e7bdc109925c3f5c563f1a6,3,0,290.06,0.4243400426651452
train_01515.png,a38a0475ed4f8be86bb5af90a423456b9e192bdbeb85eee93d334b07287da744,2,0,274.14,0.48628118757597966
train_01516.png,dcbe8af3d40895762a981a7b1c370891e47570762e225f38c6c102bc71ba331c,1,0,341.83,0.4201068709049523
train_01517.png,7d4228b28265b52a759aca9828135ddebde4a74593d0b35b8a84681f76c710ee,3,0,321.06,0.3855378219233925
train_01518.png,1c64602359eb7b9f070be6901414ad715941b86a4d759b81d88d49fc7588844e,0,0,349.17,0.4521536075125541
train_01519.png,b6fc7bb38b0eed34a0da3dbd358153a40c88e48955a1e3ceabfbbbbf2da46321,2,1,244.1,0.6618286670387716
train_01520.png,bc5405bae1d2d218884f7f8502714d376c3869d57bd915a8ce2c200a87bbe2a8,0,1,64.34,0.8653429754738277
train_01521.png,556685ad8e7e2ba4309b51d83bc37e7bfea26019293cc5b0ce709e5bcf9cb0c8,0,1,330.99,0.3936427070806417
train_01522.png,ab9ad4fb5da25aacc3efb80ecca07d3aa213d06e9b1711be6c6fe03febbd2889,1,1,32.7,0.7046036205280756
train_01523.png,b77f3a94cf3df46dfdb9424c67b6060001fe26ff2223cba1f8600edcd0a9a132,0,0,306.53,0.38083481729915375
train_01524.png,e8ca6e43d8bc77b2ce94f78b1b5895c9200da85543a21ce208c6ba2e45929681,2,0,315.47,0.3879668847818596
train_01525.png,d45a8e1f4d3acfeec6a8a43a04a3ed06d629e6abe99e0494a24c6e0644cbabb8,1,1,95.45,0.9329244290549257
train_01526.png,ba015b29dd98ec7dcda404ecd991b30224375029db15de516035a3e5f56e3c23,0,1,176.1,0.9301256949261121
train_01527.png,77b0aa7f5c346c46acfbcf81eabcce56b247b0be009ef0fbd3c6c38c59a56ebb,2,1,331.95,0.4072906174545272
train_01528.png,a812f0e47832f29d2e0a781bf0c12a03f1b8c0984b62c377e87a3b412498fd42,0,1,279.07,0.45660593143837114
train_01529.png,57bf40304a6554c122cc49cfd689c7512e776b078866ddc2c2723dae1d8ea401,0,0,315.33,0.3767197148265666
train_01530.png,e374fb62676140a4d03cc5e9831196e4f5f525bb05938e8b085db8cfab288534,2,1,143.26,0.9497691111442
train_01531.png,aec7a847d02b2cd17420c3e3f85e6d516ec94197746e3abc4ca2732303402dbf,3,0,87.11,0.919577232715902
train_01532.png,69e9ca08a5692e339ea4b043e63aa4ca0900e27f109c81185d270c714072c973,2,1,114.53,0.9458750463033232
train_01533.png,29e0e6239591d18de4ab530c6e4edb86f5412717b01600be29b408a991948c2c,3,0,273.24,0.4949745351384425
train_01534.png,853563fa5d02221f592cfdc0e2ff72a3a9c7e195a6c5e38d2509a6b4e6851b68,0,1,226.52,0.769539607691756
train_01535.png,e436a977351baed8c7f2bcc28a32d7838579e8c4c999bbd7644420a879a18c1b,3,1,195.91,0.894545601417781
train_01536.png,8488209ad33c71e32e7926c758282c68e863afe889e005ca263a5f36f5e1c557,4,1,183.52,0.9170702270283364
train_01537.png,f8a0e90285d3e522cc7e4c22c8db9159ea3a13f38b99e4b7f63b8c8ecc261f42,1,1,229.94,0.7615719642896903
train_01538.png,87aa726e8b8ef745c0cc1f1282ca88bbfc7c6297bd59b6cd47a992bda6361611,0,1,358.11,0.49537080572046704
train_01539.png,a810e6174de93ccab5ff68138fee724cf9a1d941fa67bd47cb010bdfa7a077b8,1,0,294.17,0.40839703219859136
train_01540.png,837cc751f3fb8e3b6e9d256fc7b60595219eeb241a62062636108a4b0b2eb647,2,0,308.37,0.38999078172538454
train_01541.png,a1ef6dcfd883312bf31914b0f8ca31cc148fc452b7239f7228727b932468eb5b,1,1,110.07,0.9469176159110556
train_01542.png,6023fd10d1acc79356a49bf7fef9c9eca946afb2d95d0aadf39272b41579e201,3,1,22.48,0.6436352726919373
train_01543.png,12db8fd47907b9f1ccd074c6543cc68b231e6ad8cb03b8d26d995883866e25b7,1,0,333.5,0.3971185309898442
train_01544.png,c2b1fdca737efe0b29233b2a478bd1063b6bd32ade01803955880af00b1c0fd8,2,0,340.21,0.42957814310870945
train_01545.png,95b0a030911f81abd6398357480d12e808b56b4b83889d519ae4e06fe50597f4,1,0,316.43,0.37774478915549353
train_01546.png,d547f3354ce409cb47f89d3e8a54d2a29cfa9f415709e13ea6b46ccf829615df,3,1,244.57,0.6688125802265158
train_01547.png,06fc109fb583d1674800bdfcd03f32d056421ce78e9e2cd7cc55acafa50cd35f,0,0,329.34,0.3903925701162139
train_01548.png,38454eae630e2e3c0f6f67fc94b60f26ef21cb199c76fc439e67f4b94e5e60ae,4,0,324.88,0.38722089565453444
train_01549.png,4179dcb9e0d421baf10df8fcd74b2d3aa7dbe229262ec0fc4966f0322a5791eb,2,0,300.78,0.3990480307858668
train_01550.png,2513b8de67ee94b9dd7660d9206a0cacb0167ddd6b2fa57bccd59db7883ea0c2,1,1,55.96,0.8301672062624739
train_01551.png,7712e6bc8047c72d20b97555e59d44c384067ce86692a21fe0afa442d3a27181,0,1,48.74,0.8007373839147753
train_01552.png,64a381729a37d50bba3884d415f2a0f53c59622a61d1ab0bd89e193154047b3c,2,1,196.77,0.8849348381781781
train_01553.png,dcf6de555079892ddc413621da0ea57a73d02c7c49d68db670f87a2f3bc4b1f5,0,0,296.67,0.39711033158861403
train_01554.png,b2c8e06379237a618a3adc2fffe65efcbca71c850cd52ff26284a74995ee5269,0,0,353.03,0.4697389418296764
train_01555.png,040ad73cc76f315d934cc0c90225d381889b3e5fb3e01c9797024d82453a665d,0,0,319.4,0.378129003057415
train_01556.png,6207613b2334bdb406519f191c805537e0ebdd744f749f5b2a3de0e4ca874b95,1,0,284.14,0.4428372952550593
train_01557.png,b93d1394ee7b8ae0df56f34dfdd1a3256400240e09688ba7ea8590ddf65ee262,0,0,296.07,0.3984995806208135
train_01558.png,5f3e9bd7812bd022fb0c3d182f49c8024151b125099bfc9e2eeaf1f1735abd9e,4,0,298.64,0.3980159813943619
train_01559.png,34a77c12ac819b92e557a3280495a53811fa5dbab3e552db7a80c3724fa3f4d4,3,1,202.78,0.875432752499217
train_01560.png,82cd5a265f889821d6112555da475fb7d84ca527f033ca7ef29df902edf3be99,3,0,327.67,0.3929391150793757
train_01561.png,dacd39b7d1f84f56c8739c7b937307e2c96f797b70829f8cf98be6767d7f6ac1,2,1,47.18,0.792536926804506
train_01562.png,0065b919261107615df5984fafec97836c76f0548b4387afdcc4c9ddf4f5bc36,0,1,157.12,0.9477164966691501
train_01563.png,5089a3e65198574037284add8c631a4f9e6db813c7900ec969b0888c29c4f6b0,0,0,308.35,0.37917980886692204
train_01564.png,01cc7020de4d067664ad9deac1c0cee3dc414dee7e52ab067a9d6ca1b5304d5b,4,0,182.09,0.9194775320920189
train_01565.png,7d9741e2ace8f3cc3f459ab364d0fa5dae8b41b5db2e74830edd861a529c9ab0,1,1,318.16,0.37801328300316545
train_01566.png,47cf58890a1e883aa7b99af5c9a5d9e0b59bea4aede3f542757510cc7b8f512c,0,0,313.21,0.3768153499847719
train_01567.png,bbe5d8f7d25129213cf471df1386366a07a0218f8aff78900cc92eb294cddbc7,3,1,57.8,0.8385964837466328
train_01568.png,c69e9b8881fa5188897df27973313f0c4c68e2d0470cd852496bc1433d60aa81,2,1,228.23,0.7563871476391896
train_01569.png,0e158d5d0aa53827a31357f0ccebc28f9aa0c580b406d2b644d7545bc9437cf9,4,0,357.15,0.49087443125552377
train_01570.png,46d51136c35b01eabae0c545bd586eeeb65fd48b5f14327ddad132ceafe48e5c,3,1,30.68,0.6958900604370848
train_01571.png,cba02f1327f556de858aec82ded32a483dc2bcf8f515102aff6bc333376614d9,4,1,83.97,0.9123521773963807
train_01572.png,d2b38b8cce6b25ebef8287c9407e73cabb89ffa337bd325669555dc8157c991e,2,1,182.09,0.916713205310799
train_01573.png,c2d97aae0d59683756c81530c84f5060e94705a0ad0c015a1b6e4a62a833eef4,0,0,329.34,0.3903925701162139
train_01574.png,718669c0a4ccf6e2fe0afb666dbe4860f71803ace41a0a15ccbd93cfb6425d62,3,1,180.19,0.9253876963270908
train_01575.png,f04a99507c65b3457004dd8e883fc12c3e39881b4a86331bc1e093ab2c38d266,1,1,317.54,0.3778731905512319
train_01576.png,f4f825149abe34462a1cca2045ef16b6950a318975e308eee0488101fbcb5e31,2,0,330.91,0.4050783029442941
train_01577.png,0100fb2cd31885430472383fbaa1eaa90c2765ee1e3f2c569354070d71d6d969,0,1,77.56,0.9024867895983322
train_01578.png,01e0adb89fcefe195e29a6dd2998b8bf478597de6d6653701184c07202a33fab,1,1,195.67,0.8986577581154284
train_01579.png,ab9a8efba40677863ceae9ea88741851be419b5236fdb80d393d177561052a32,3,0,272.82,0.4971380845806867
train_01580.png,3248272fe0bd8eb8f3f9a36e39a82f2b0c858a73034d03ed7a8a240276b54be0,1,1,46.87,0.7868211005193757
train_01581.png,fdcc762d7c3b9734f901e8a58dbc475596cb3e067cb2b3f6d0843ba9fdd2c42a,3,1,185.39,0.9169242949579699
train_01582.png,5c64f1e8d8379791c7aa0d40be38447eabc9ed982d0fc9c29981bf9d86f4bd30,0,0,289.81,0.41571594787094734
train_01583.png,f5147d7c49ac4761c7d3e3087b9ae5fcdbe449f6faaeba812e4648b724b6c0db,0,0,275.45,0.47346484174049003
train_01584.png,ea0df63991be8ae83747eb1a1c03209905b592f3261401c1e36499bd542ab33a,0,1,139.44,0.9537183047320157
train_01585.png,d7d10d0a7f477634b08f169261e275d697c94dbddd4254510fb371e9220164be,2,0,322.65,0.39225623553928923
train_01586.png,592af83b9c352fabe2f823a6b2531c1e6bb2b610bbdf0e800f3ed170eaa91bf9,4,0,340.98,0.4231840436202973
train_01587.png,d6961b52e36dcc397af29776be999ae4326dd206a70a392859c539b954f40bf2,4,0,38.52,0.7416112177922995
train_01588.png,9633463347b2727c35783702f002dfa13765e6a07c69b61bce5c9b8673e13861,2,1,183.28,0.9146628365101029
train_01589.png,21d2b581a534a7b16bbea597e02b720b1c7d8ef60557e01d4140e2a0d4c51f22,0,0,308.53,0.37903892976002085
train_01590.png,bebd6a9e4f55badf44ac62d9911ab101f2f0b6317524f8a3da3b88be644916f8,4,1,248.66,0.6356467910319493
train_01591.png,cdbd3fd920b2207bb974355ea606abf096ae09a80cca49f004d2b211ef4fb682,4,0,354.27,0.47667523108794463
train_01592.png,0c2023a2b704e6419846f9390c5bc593ce4cb6ff83f5aa1c91471014ba9e8948,4,0,311.63,0.38192308513884976
train_01593.png,71ee6dfd7d902cfe374ee729602d12327c0fabcf0a8ced5457ae5c24b20d0d2d,0,1,311.91,0.37715507876621346
train_01594.png,906d3cadcbf7d27d200fa6da603000eeb129912c9b1e8064ecd9a68153453b78,2,1,181.47,0.9177488974062786
train_01595.png,9de00572a68992e76f5c7d0c866da9ba3375b1cbbc9fa453995c8f94d1491541,3,0,325.53,0.38993905663348094
train_01596.png,b190102f68ac3f525624e1fd1a6124992c209468ad118acd4238a9f1840386d6,4,1,215.64,0.822861724801279
train_01597.png,034e36e554558405f586ff8bf2c34f5a74e9c972688c6aeaa61e5bcb9dcecf50,0,1,336.74,0.40767233803861774
train_01598.png,7d1e148e86788c453301e1577a1ca94b16980f1af2ab5e718184f69c899cd2d4,3,1,92.52,0.9278895017907596
train_01599.png,84032c9a5478861850d14f173f994f908cf8ef003e27dc71ded0b2554b297a2c,3,1,69.73,0.8800619619526723
train_01600.png,50e4f66db440c667f22c1d8316efa123c85aad909d6c15c7035019811d0c7709,1,1,198.28,0.8920198599799506
train_01601.png,8b0f632f7bfbc3014ef5faac914334cc9d19350d42b367bcd44b93a2e1885c74,2,1,100.65,0.9355779214028732
train_01602.png,cec287a809c45597c3e7cd45977f969586d3e83faef4a220cdd05a515b43df39,4,0,278.01,0.4665318487124381
train_01603.png,982db4f30adc36c998f1e4b61c0eb29b91b2e0b5de220ddf45eb259bb1f6a342,2,1,274.43,0.48489438709809474
train_01604.png,2d5d560d32d464277c801a55e723ce032ada852c03a18c7373173eccd54cb606,1,1,250.43,0.6334620158410813
train_01605.png,212d1049855e029d242cfc703b659d28cc62654e4a0b8e561324f4d1d2cc2074,2,1,20.21,0.6357313797321572
train_01606.png,4203337d32cc4fafba832ede5211f8614b8e1af88845bb7fafed8a19a169e0dc,4,1,204.87,0.8642398114885192
train_01607.png,d4517c3e08ffed95e0a39ace75201a97fa29a8eccaf12aa5cecc01990f924b3e,3,1,48.08,0.794774787968171
train_01608.png,771b9b6076e9487ff16c1af00e4f0147b243f49903da3416c2b8c3fbe3846715,3,1,74.43,0.8929544432080697
train_01609.png,9763b372ccc41a5838105b60fc9828f90b57cb40753f65dc9fb1b6ade1a50af9,0,1,178.08,0.9273974212670996
train_01610.png,a94a5cc08e614bfea18353dbd7f56abe24195222f09a67267f9d8eb2b9cf4d07,4,0,279.15,0.46142444368586305
train_01611.png,6a4208fa90e829ebd3e2075b4df5c31d5b84866711ae5839f8d57ae88209a742,0,1,80.91,0.9097201545783802
train_01612.png,b1253420776ad10f1a133d2030d44040db9cb17c1e2d00da744135a4f27ee8fd,3,0,118.91,0.9503199303666824
train_01613.png,ddafacf95724ce7768f4dde97be7da7df4920e0b9e5143a213e4f5c4f14c1e95,4,1,296.98,0.40159406697718364
train_01614.png,5860a6d6ce8418e0ac0892fdbf1c75af2e371ee35f36e6184096d5dd69593dea,2,1,25.05,0.6661979138140584
train_01615.png,11fbfedd0abccb35844540da0dc2b148b1e0c22531c95b71a194c3994d65e697,4,1,22.41,0.6418559523527673
train_01616.png,a047e1b518caa804465403ac7539c4aef732a9337534fdc4e96d617ada7e16ca,0,0,314.06,0.3767087622030861
train_01617.png,8b4718a305907c10316285a80bd45fb060b08aa403425db5d20a7031791ef1a2,1,0,290.82,0.4184948425222616
train_01618.png,90f2b9e4ccea09a0d031e25e1824c3bfc77eebd15134320c76990d80095ed96f,0,1,97.66,0.9356263408910152
train_01619.png,2d82a652ca71b1cff26c4a2b87564003551d9ee0b2c2d7e708eae247d01472b5,0,0,229.0,0.7557131127681652
train_01620.png,8690f85cfa478f02b8796cd27bcbc3135a63383b2fe88d2ac09b9e158100dc0c,1,1,255.34,0.6013188650736673
train_01621.png,edf1bde712a1e70db103ea3f7c8b86b322b4f446222829539f62214f6e82726d,1,0,72.17,0.8873853743743876
train_01622.png,9d78313a47e8b927d7e605437c3f06c44e5f3d932120f6387ff9c76980ce38e9,2,1,203.6,0.8646109614960636
train_01623.png,58d2edad4a1d9a33bd37f0c70a660d0b272ab2e78a00f66a9146a3a06b397606,3,0,299.82,0.3990516084853417
train_01624.png,9b03ce11d6001bc8af9b786ce4bf9f002f62a36d33b632238cd1cf8210d3a4c8,3,1,230.26,0.7556781654349313
train_01625.png,7f9c164fd8f7a39a095b25f9e57ff8cef48d81e0e77ea78282f766d71083d83e,0,1,202.35,0.8737170733050182
train_01626.png,ffe0adb0e6d35052f2bdc66ba6ec80dfcc205cae0c0ec2309796fe6dcbdefd7a,0,1,222.06,0.7930288677339102
train_01627.png,113a29a46b7b1ed7928cbb9aaaf88606ba3f651911316554f9e7550682f926af,0,0,50.3,0.8082785265431441
train_01628.png,c171d4f0052e50a17bc8d1247a4a21b81e81e009a53c68f96478dcfebdb77fba,3,1,194.44,0.8981447298409146
train_01629.png,fc158c29ed67df1f2ea06d60afbfb687eb55056ae04e3dbd18d874ecfa2d0db9,3,1,286.77,0.43554019234755714
train_01630.png,170bc5a3375caa1012fdecd29244bac19e61a5fbe0e4490946b863743c9e4418,4,1,349.6,0.45554640203050834
train_01631.png,a0077e86da07c8d3ec182a650e7437f34eb0e4e9f2b5c0605053ebb64b83d2a4,2,0,295.02,0.4106763972661559
train_01632.png,8996638dbce2cebc275ea58b6643eb93bb93047ecaf2aea6986635536422707f,3,1,5.92,0.5400744195869618
train_01633.png,69ce74ac8bf42b03a4a0a7a5e4e1ebc03af825251a47e732922a3654a68a6052,3,0,345.73,0.4412022485751423
train_01634.png,b1a55a396dea6b2c47c406d7c183329b43b9ddbd1fc8d6ea656fd37c85802e60,2,1,174.69,0.9277168553978435
train_01635.png,b99904063ce404f83b5388fd360051bdcc14c4e99d2ecfa83d78eb13b4d6d903,4,1,154.35,0.9473857354850166
train_01636.png,5feb3139f2f57615f3c805c40917e1c526b7c051fb32558607874c466accb5a3,1,1,223.43,0.7963261758513948
train_01637.png,1257d2e8c8bd4776de908b1383722baf9901e5c5d9da429eeac24f5ff7c19012,1,1,260.29,0.5695923275335102
train_01638.png,65b9e461ba011afc83720f6ee66afa0c4ace40d828ec202026defe8e346f7a78,1,1,19.71,0.6202277494565906
train_01639.png,a8fc890cd2f6838e38c5d2b4eca8adabfac1c33771be76e80b74a1b5352b8a7c,4,0,334.49,0.404795676028319
train_01640.png,355a3b00d9994f686b7712e10ec598ca09bb10139c98fa425a62aaf048428aa8,2,1,290.63,0.4222818152602931
train_01641.png,75cc2cf2f72fb4ea654159a4b9c94bd561f12e1cbd40b9f95aa2360da65a8db1,4,1,136.09,0.9520288252709848
train_01642.png,0fc451cdc698e64b9b90b0731100b93d163f3a03c395f9c7099de89afd210b56,0,1,239.91,0.6895794821183181
train_01643.png,b405db512f60f91d632eb28c63640be7701db4c64d91b81bc0a2a9e59e2164d5,1,0,314.92,0.37782228716614785
train_01644.png,048e54a8fa3f566db50237fc5475b71133046e22883c96a4ea54dfcf7433f10c,2,0,303.29,0.39526398763617404
train_01645.png,3c14bbd70fca4a9939ce57d3c144e47ae0fd17f312e38360702893289b086865,1,0,307.84,0.3820642605032991
train_01646.png,eb5c912e2bcb94f60c896e54b33280cac3ef1a986de6f3ff62387c25a5c8929a,2,1,9.52,0.5694154047573056
train_01647.png,54abf4cd4e5e81252d959937fddc3d0c30b9c451df4ffffc65e777c38c155722,4,0,314.52,0.38121008643613685
train_01648.png,6f082462d0f21efd9ba35414484d085ffa5e8752c3cb5c03947866636448252c,3,0,317.72,0.38389417615088317
train_01649.png,b7fae37c3c27b854042b9d4b6bc2a10b492695b2923f7886b17b18caa79886df,0,1,284.03,0.43597681915419617
train_01650.png,cc65b4abc6784d2b235a5e92bdd959cd00602a670b5d362406dd629a2b678cae,4,0,293.18,0.41108068703604167
train_01651.png,fcc8461bac54ffc9660cdb8d60876c0e42b064940d809996902c57b626c61c8c,0,1,2.01,0.5167913364834522
train_01652.png,8cfade088d10dd97794ab64c40ca4b503d61c3e5bb9ee6c4b66957a622279b6c,4,1,278.52,0.46422903442263874
train_01653.png,6cb06ba5a59bf533eb711692fd9a820f9e2b371acae3329ed53bee9e3a0391c1,3,0,334.31,0.4059302519265462
train_01654.png,67d99c584e6315353177ea811a5942c35fdadfc8fc634c04a499b8e0d83103b5,3,1,342.37,0.42914894673036935
train_01655.png,2f2cb2bb69686840123e84d3d525a33e10e22139ca9aa63f28d5e62c970c1255,3,1,14.16,0.590346623800394
train_01656.png,9f41757de566c6da7ae49f71cfa38c7d55ee993b9b5402fa05c8e41203f2f387,4,1,230.31,0.7489045913316942
train_01657.png,bb4ddf27fac06d161776acb4629ccdfc717173fd39395fa6adec2399abe6b2a6,1,1,49.32,0.7993036157031385
train_01658.png,e710ff24df0c9990eab98487091c82a1b80d43114bdf98be7aadd3131f5b58bf,3,1,110.16,0.9456166789806985
train_01659.png,27852ef94f4482d5ea3ad47568e477d7caf33eccf5d95d906481fa8b8c1e4e14,3,0,312.06,0.3843181841584515
train_01660.png,3ca9ce3ceda96ce7053a440e24fc10365d272f024b0eb56058146770d96c7c81,3,0,270.86,0.5074612592066278
train_01661.png,0648019c3505953933d92b19fa61c065ef79ab5fb9bccfe242074555828826b1,4,0,336.53,0.4100121606916342
train_01662.png,4e6850de50e0cf031d7f9f566d52ab62cef833dae3bebdc95ae9ec279e962318,0,1,218.84,0.8088182661613988
train_01663.png,d58f597e853664f3442cbd5467267134f57d26c3c4fed46865c775d60708fcb0,4,0,305.05,0.38743695463433453
train_01664.png,0b25ded6f225bf8d607974a21c54d91f9f1fcee26780a2a63fce2e1eeb358136,0,1,230.83,0.7451860772212207
train_01665.png,9c46b73c055c18a297b15c6ff3dd33e568f8571c4775103331b49386f352a5ed,1,0,273.96,0.49014896592404034
train_01666.png,dec52fe056de1cfcc86cbc6947bdb8f9af9a34662c5e9f03b6812ac153db9e37,0,0,337.57,0.4100436538566299
train_01667.png,50aad008954fcdd69b074c72e7363b386532fa1ff66810bc8cb2f2fd5aaa2392,2,1,289.35,0.4261088008917887
train_01668.png,0054f28f159574b1b415a5760deebc9c79a1502a44a0785928c3b8c35ccfaef1,3,1,9.64,0.5622935746997586
train_01669.png,5d9e932954f778ae262c880ad185c4087e3b364958f98c0671cfd7f2773b41c3,1,1,287.46,0.43004616711863686
train_01670.png,7c91e556286c5d78c154c1a430e65168e0518611df5c19e6a9dea6326a0de81a,3,0,336.74,0.41207452233580866
train_01671.png,85b2725e17d69f96300a9aa52dbaf6bb8e4a2766a559dbdda95ce0ffdd287f1a,2,0,283.45,0.44629403076607327
train_01672.png,50680adb69df63975786d0afdd35e60df9a31be88e3c631eadfa2f7647b24a85,4,0,73.46,0.8887433163426216
train_01673.png,37d29785adbcbdcf4869b44639b106dfec22a1bf8916e254019f64c3bd73ba19,3,0,328.17,0.39372344787334856
train_01674.png,8acf26b4b758cac133546d67762774cc2fbbf131bf4a1a678b88b35a86d7f51d,3,0,317.25,0.3837757226513468
train_01675.png,77c43d8695eb5895fc49516ff1f2fbda17e032dba9f6d6f3f70d722dd35884e6,2,0,331.15,0.4055769863537469
train_01676.png,ca382a860c894a98a7bc14f7fa870c3f1b3c82e3872c5cb5f65f400eec616924,4,1,93.28,0.9273642218488891
train_01677.png,ba9cbae2d6be26723aa1887b0ccdde5b1dafc3bb25431ce05c6451d506e57472,3,0,336.4,0.4111701561563739
train_01678.png,af72a90a76e74c1a62888b5adfff134856bab7e0eec636e78d644d90fd465f51,1,1,15.68,0.5939605627370452
train_01679.png,f05b6ffdbf94b5ae50d8329c9c6f9aa39876284df03441591a1e1372cf50d061,1,1,202.28,0.8807608846173689
train_01680.png,92a128ffa8072b8299c159889018929b9a57bee8b8e2b98144d1dc42cc196ed7,2,0,287.07,0.43341648883109707
train_01681.png,229d32988b38a946661e44a8b1de1f455ac80b0f1ded48f8b7413113e5d8e4bd,0,1,259.61,0.5623249496510954
train_01682.png,bc5371101629127e0db4b5d34ae71629ff77ed65b7d82a241fcd6a048521c0da,2,1,300.61,0.39933250647692875
train_01683.png,1058861b02af8d83d9aa592c06429c18448de2621f4abd6d9314e6ecbeab7639,3,0,356.42,0.4883443160402444
train_01684.png,232ba03650c05858e441a9f7579538fb2b278cb414f78228ce0eb828a2d6548b,3,0,318.13,0.3840202388281978
train_01685.png,b61a7566844eaf66fa714900ecb1da8cb1c9014cfbaca2509c884935e53b2635,2,1,117.71,0.9473639348109019
train_01686.png,27b3587c0f414ce6fad8ef0e9351240953b6f29692583707b8e8f89a88671a7e,3,0,47.62,0.7924767726468602
train_01687.png,b2ac17cd2c1ce3c4d856787db2c6c13b2a624125c600b5bfeb8b4e07f92e4a30,2,0,322.27,0.39186946111215126
train_01688.png,1296bfaf456c94490d1ef5974404c22cf8305e55b20b1faf902e151fbaca9613,4,1,139.42,0.951811056746601
train_01689.png,81befe63360baf0be59cb4ece3a13bffb13a071803a7f7a823e15a0470be81ad,4,1,114.77,0.9468799444190871
train_01690.png,b8c9e39f50410e532ec72933e222a5639ce73dcf25cfe3d7ad70cad696b6a844,0,1,320.15,0.3786173781786939
train_01691.png,1258129f7f56f81d8f7937518d10a7b80c75cc3ceb253d8886028b253caa8b19,2,1,197.32,0.8834409102673086
train_01692.png,d94188cda0b07cfeab443ba1abd7cd3543d532f874cfec183429ffcdcb338edd,1,0,290.94,0.41810855359827037
train_01693.png,dfca8d927c74b0c67ac8be1cc9a16c55350ac65f32ddb698f75a460afa77362c,0,1,19.59,0.6262131961359317
train_01694.png,350b9bcc73094473092f3b7dc9ac9a04df96c3a545c6bf2bc5d75e2dc8e1b24e,1,1,130.34,0.9549006392104157
train_01695.png,d93ca9dd9bea75f0e616d6456f50b883a37de91c1828aee36d7131ef74cae4d2,1,1,116.62,0.9507328866549556
train_01696.png,557acc5cbfec46f35cebad7ccf7c557fecca4ae21d6b5eef24d5c4518d7da467,3,1,146.52,0.9521899819443584
train_01697.png,4b2de6a073a79e96d61afb6c402b954a42d796a70cca37c4af6e2b05a57dace2,3,1,157.22,0.9478225116466141
train_01698.png,2e1c880af0aac837920c4c68db2f6003963b8a6681e8b959fabbcaea98553444,2,1,129.28,0.9504718043438901
train_01699.png,6a22840031409c230da627c49981391502c259e90c532d51a15c81577021b16a,2,1,19.49,0.6311907925809563
train_01700.png,0bfb6c82ed2a8126b5bab8762e488ff3226f1d293f1d41e314c6a9665f27cb98,4,0,179.86,0.9229995210094575
train_01701.png,e23f2cd08e2399c83a24c30151e3d1c9a5d63d94e0ed60ef900eb199924dba51,1,1,133.64,0.9552143387388948
train_01702.png,917203e4edb1348d8561e20db3c701b7d360fcfa4d32ddc06f2d7f295b3e2ff2,4,0,322.22,0.38439842706327154
train_01703.png,37bef9d4ae4f487021683f00fb6a55d880da5b64e62417fe313ee54156e9d1bf,2,0,158.52,0.9431865381412279
train_01704.png,b6e93b4488e30420ca327919a23eab28d5cac0dde4c25818af72c04675389da6,1,1,239.25,0.7058936365959259
train_01705.png,5eadce5c1862401870ff75b764e521ae32df0f84b0ac95a5239e85e07dd4707d,0,1,335.17,0.4034252268220855
train_01706.png,83271898273b528e5de28688f1e9b4a8a274e9f21904086b8e0d3b8ef1420c03,4,0,291.82,0.41491273674757284
train_01707.png,f464617b410b9444ff31dd004533d75a6bdddd2661a30e98fd190f35cd88fa5a,1,0,301.18,0.39190302178213965
train_01708.png,11f401d6f1ff5402da2a97794a5d8a18944b35beb3a7b5c7fc06e7f9676bf897,1,1,28.71,0.6791333528416499
train_01709.png,d3f145489c5db48795564021359618f0af6efa8630148bd02f98419ef6322487,1,1,16.24,0.5975855192291266
train_01710.png,ee583945be0a9d3b7dfb80cf4a03aa2f565f8883ccde1b13a3730c60c08ded33,3,0,292.94,0.41563526642175325
train_01711.png,9845f8d36a59ae94db8d6e9b6af2250e2703297829c4cfeff621713cfc11284e,0,0,303.72,0.3842148917500679
train_01712.png,0869076dd9f8d486f2a4c0e5c6a2b87df7f83559e93eab0fe28453fae0bbbd4f,4,1,354.84,0.479417014772943
train_01713.png,bbbca0de56c9b195e1c8330ca0ae833ad1d5c4cf29c80168ad7678ef56a9aa0a,3,1,97.78,0.9345397013678183
train_01714.png,2dff6238ea4152d9eac6c50eb395988be4b891b06348c1d8b23676e40b12d680,2,1,206.7,0.8540560793939487
train_01715.png,f0669aff6a11b95c74262f700e93b6279100e113ac45134dd3706894eb3de1cf,0,1,332.86,0.39774467729395274
train_01716.png,318522f2925ead02e789df0e5d77221f85a2f1de70e7926533bbbcf933fd976c,0,0,294.49,0.40237669066924603
train_01717.png,14d7db0fdde2069325b03bb2d0583bb8d140a316d795c6726a071baccf161cf2,4,0,327.44,0.3907730719560487
train_01718.png,50e55c88358d7677c4e3d1b638dd09cdffdd55cf390299fddcabcac007aa256d,1,1,164.06,0.945500035693235
train_01719.png,ec766ee12f4142490248e6586a480ba1363ddb531ac343ea6a6ed3838efe8df7,1,1,75.95,0.8973404194238543
train_01720.png,9d73f20524ee6fd9c58a99a920ee347ff73547f8f16f56975a3ee984b8f1df0c,2,1,102.02,0.9369021712742891
train_01721.png,79494857d440c3d3d29c3a43730340862424831ec30a30627bdd498a9bb8a939,4,1,331.87,0.3988582507929728
train_01722.png,1c27aee414816021dbfe82ef22a48c179437c6a31512a1aed8cf01fef000ebc9,2,0,326.84,0.39770554447650464
train_01723.png,a2143b125a34395d32be5f3aa897b2ab036a4b4b15abca582d8ee043add2c72a,4,1,170.57,0.9349416867717699
train_01724.png,0c95b0156d609cbcb3c509ff0874795970605053fe89c317488ee3f41fd6b79f,3,1,83.21,0.9125357873211956
train_01725.png,6837884d8a8db308d5198c93bd5a724dc6cb9b1ff5c6987fc263e6adfcc17c86,0,1,225.77,0.7736163247888128
train_01726.png,cbb4c0475dd1fa5c5ffb06f7702b4d94c582373c3d44e1e3c5350f09ac4be2b7,4,1,150.61,0.94905207501521
train_01727.png,d4c94fa89c717bb61ac5529339033672573cc76ed50efca81fd051c3c92ce88d,4,1,267.79,0.5183686918335084
train_01728.png,81a80ace97ae3a1465864e2ad0d29a8263066fa5024c1295cffc7f5fbf14a671,4,1,281.59,0.4509870887914176
train_01729.png,b5c1d3bf8580b3640a4934ea174b032c62d331448fe5ff086f6b2ec6ef73ed4f,1,1,208.79,0.8594015799358837
train_01730.png,aea9f7c23b411ea7f3367d81d699057ef4caf7162d19bf7f556c63102b382a7c,4,0,186.68,0.9113141287196583
train_01731.png,2cd7697e58a221f1ae10586196aad479a1c2d646801936fadfbfded8fcc4043d,0,0,270.98,0.49624029507362927
train_01732.png,8308e08a3ba7934ef2050b9f14ca365be800b2587fb94b67ac2da9d71c842ffb,4,1,159.3,0.9445429664794196
train_01733.png,b5db6706854ee76073ad5e15ce193028d02c26d4d52a62cc5f3c23a59732ccec,2,1,35.75,0.7311392525392054
train_01734.png,151479f343cac8d43a168fd9ffc3c5b028c498f71fda90c5a3cb44ce90f40e31,4,0,335.53,0.40739024104607163
train_01735.png,ce30a41a8ca931819fec235c76765203a64ab70137b02a6e7035279e6c27f53f,4,1,290.13,0.41999379995162955
train_01736.png,0d22e8d4fb41af3c1cad981177b42c5067f43f789bb9cbeb85113f8f60d64afe,3,0,359.26,0.5029436586561659
train_01737.png,90186a051368c6dc62e2f279dea2ec620e924e0a599b3ae14afaee2a9d9061ac,2,0,321.82,0.39143454028302543
train_01738.png,ab452bec77ff820f899ac4b749434a549aaf697f212ee1e120edcf31e1cbb6d5,4,1,280.73,0.4545880169569546
train_01739.png,af29f051f2da0096455956dcaa821856eec795993f21496390e11e427d76103a,0,1,177.76,0.9278519502106242
train_01740.png,2aebe56e2ad19b0aa817a64e13d36a9d08f7d318ec66bd0fcbe23e5adbdede67,1,1,268.4,0.5206114214991726
train_01741.png,0652652632861cbe6e3790c78170a42bf6897dd50420b7d09e8beb300eb900d9,2,1,334.27,0.4127063144223903
train_01742.png,71c2ccf9c9c575085f33e31e88361151bcb520412c3379a6f77382ced7ea7acb,4,1,329.8,0.39477448942847854
train_01743.png,3ebbe97956acd74679caa9ef875ac35925bef106c0af69e590aab7db2d8c0396,1,1,209.95,0.8551780898558213
train_01744.png,5c3d2cab320b726357907696ea40092433d27c64d5857d45a19e78d2daee781a,0,1,264.28,0.5339597154327436
train_01745.png,096da76a4f776be701e935bb874cfd36484f8a560a99120f1c74d551ca012fc2,4,0,305.03,0.38746196421423934
train_01746.png,683d08621c690a19bc0b0db16042adf617cd28b1ef1f3fefcf1395ed60a79386,1,0,352.97,0.46439460049364295
train_01747.png,72ffd01be58b23a021eb1d3b9e1481f2c21710effa075f9b07d60c199d386bff,0,1,11.08,0.5713174320655037
train_01748.png,b76256efa61fc3ddb0da1feb31cd48d98efb6ee24540bfea122e8010275c0cce,3,1,128.07,0.9529901254790604
train_01749.png,8d5b455a2ae50a65cb1cb4a70bb00c5437b7a0796eb7f507fadeffea357789c2,3,1,282.56,0.45178778716140194
train_01750.png,a322f86290c204bd377f9dd2df1611d560aab10b136ad3ecd5acb18985049728,2,1,162.85,0.9400248618202706
train_01751.png,d5bff293606a31812dc9139516a419ca8440a9a6143490c1f104680bbe512b1a,3,1,38.49,0.7430236891391544
train_01752.png,4c0289bb6df85ff6fbab26bb8d465670bc738b77784499a76a8d6eeec0990d6e,2,1,344.25,0.4434873756337309
train_01753.png,cc7d4a424ef25afdea2b444aa698f255730b9b8ef9c825f5f5d9e7ae5199dea3,4,1,93.98,0.928303972957877
train_01754.png,af0668210287d07c3b76433b1af633b59cda67b6a1e55be83058ecf0fa167018,3,0,280.48,0.46058778677740647
train_01755.png,264f32d7f290425cb583b2f8c4ff6e8c466194643e53c07f5af0dd36c5f579dd,2,1,3.08,0.5319732433656206
train_01756.png,bd4609d721f72a23208ba7b95becac1ee2d08c8fa4efb7e94ff48c0af476ccf5,3,1,308.76,0.3864285335748742
train_01757.png,e1f887dcf8e81726fd46520a0bbdbca758e28898db09810f2e7b1469458c998d,1,1,223.88,0.7940508598068544
train_01758.png,e7a8223f972f691ec77598fac1f4fcb860ca93cbd8bae55b0b94c2840a44b51e,0,1,244.74,0.6584128854443899
train_01759.png,dddfa768d1200d7cfbc30507884e14c07ae7f17516e53defb14d96f100d72393,4,1,310.53,0.38246835421851694
train_01760.png,76822f102b57fa1d9c0efae6a4daded8874c9d6838f6c053f20d1781d07bb627,2,0,282.63,0.44942502965653097
train_01761.png,d04dfa2cf6765a93f29e9b7b97db9a57d260d9e24c6426ec28067f1eae1f8aff,1,1,239.99,0.7012312325102255
train_01762.png,c90ad393008f5055b432a4a2676d46f853419cbc47f969e00d5520077bef92ed,0,0,316.54,0.3769198567583132
train_01763.png,55bac19c327ca5deca26c0fbd60cf4a30d6698ea4fd964a6c6037ac8ed05a8ea,2,1,148.08,0.9483915110582832
train_01764.png,0d49c7578a3f71710b54e90e2db7dc51eceec1f4e671519c96155c9626b5cd5b,0,1,285.56,0.4302115862720032
train_01765.png,76f13e15ac39b9270a4a46e69c8677ffe56f9a34a7bb9c98e26ae11e8421ab6e,4,0,299.57,0.3961620955428251
train_01766.png,d51ef0939d1f17b060622db3ec6c87c015bf8a3ce297666c2484910a1b060817,4,1,43.94,0.7717448415396214
train_01767.png,09f043831fe8ca932a0084038ff0145e5210ebaccc3ec291643d00fe59940dee,4,0,55.03,0.8253107333613623
train_01768.png,48bf3749d9a1d51e817052a94498d3477ed1b082e9aa47fc36bf27934a4a9576,2,1,298.27,0.403611426009689
train_01769.png,3e167cd518c34580833e843047d9309953816c585de58527d4a24a4f78bf96c5,1,0,287.39,0.43030183063524347
train_01770.png,eb26e178ff1cbb6f7a856f983723189a8f02c73c076c12a2d165b27eb23d0613,2,0,358.04,0.5048467857588876
train_01771.png,6e076ac1c2ec4ae8f966d1a14b0574889b000da3be93d67f73eb20ead905609f,1,1,288.91,0.42488761509960427
train_01772.png,9b6db65ec4c04b91cff99884e48571fc48e78dc524acb4d56185f104d08477bb,1,0,334.37,0.39910496786335453
train_01773.png,98ae16949d0956e4b5c7268e0a845ad25a481774436a6fbd0952f9706cddbb26,4,0,340.98,0.4231840436202973
train_01774.png,19a63d6fc88b15320fb494bf8739816969b8fb4e5b2c8b1d8c49e45918cddaf1,1,1,228.57,0.7692040222239779
train_01775.png,2aa7205f39f1ace7f3637bd2b875069470175d65f958c6457eed8b889797d187,2,1,119.3,0.9480008727875671
train_01776.png,2b8f0466659eac4d8315106763740d4a59c51112cd8232538f34c00498763852,0,1,130.04,0.9537435637755707
train_01777.png,b47c9a48388c813433b209565c0c407f07e94b45250097fb4467d841e7de78c8,4,0,333.76,0.40305513242546515
train_01778.png,343e0746f259aeeec2fae48838ae56a85da2a63c8bc93ded9f76208ae1c9c05a,1,1,16.04,0.5962897372099337
train_01779.png,0c3f340b022eb207dbd4493c00927bc44bc0f2729d16dc6b5a711a3095212ecd,0,1,69.9,0.8827594445821241
train_01780.png,bd5da468580eb44a7feefaeecc812ca4b9d28068072fb0d7dd142ac81211dcc3,0,1,354.55,0.47712182601680275
train_01781.png,9d3a64ef46b9895d2d52608ad87f9064f62ab12c9c2f7c85acd54b67a803a441,1,1,82.8,0.9126017111878648
train_01782.png,1c6128ed2d7370845fac6e68b14d4b1a3abf63c8afcfbfccfcf36c9f1b95694a,0,0,155.68,0.9485270551755509
train_01783.png,2afdff0cd958af193a78261a628c4e6f1c643d08c24a825dc6413b9618a67a8a,3,1,92.79,0.9282635346426955
train_01784.png,44a38da92de228b5eeca12142b738ce9a3bec6913af2765c261bbce51b178789,2,1,103.2,0.9379838719901629
train_01785.png,732f012341b2481c99fb94c04aa47f03d207f661e4a65ed0d43350524ae5b997,1,1,271.84,0.5014163245135638
train_01786.png,eba1385ca82323fe0c069dc7e08f0e9751bfa0e8eb87a920d32870f3ae0d16fd,0,0,303.05,0.38516877836149654
train_01787.png,e3bc931a8b344249a4ef044a7e5e706b371a7a3c6293c92538f529199ab5234c,4,1,212.2,0.8372805946063077
train_01788.png,abd423aef4463549c479441f4220bf87cb674447fae7174b6cd58a085c8bedb3,4,1,291.74,0.41514529600828826
train_01789.png,1e3db2fd24595f60bd4fa458eed0e7b258fd86d352bc9d89ddbfb224fe7819d5,0,1,147.43,0.9520246785764485
train_01790.png,cf508f92f16c6bd3257586c51e4bc253cab9e07888bdb4a1843ba0ef77acf590,0,0,133.57,0.9539794900396062
train_01791.png,03607c8a81b79387a2c20cc6816ac7e44ab5bebf305263ab0328f4c2a5d3e645,4,1,306.29,0.3859840773263699
train_01792.png,e2f5da6342e734144177f21a0beca70eda48cbc43b144d4171165b2b679aa526,3,0,349.16,0.4549065128549634
train_01793.png,11b612c4db5a631c2cc24a9c3770e155dd638996bb76497375e5b747db4eea16,2,0,341.66,0.43434636011239786
train_01794.png,98a5e05ddedff16da7c5973861f5125149124df02e842fc19f9ba44c9ba491be,2,0,307.2,0.39092233634648293
train_01795.png,6d78259e39fa31bb51c56c198dad7d82a8cca3356ed7cd605255f12c6d6f8bb5,3,1,167.49,0.9403636534655064
train_01796.png,af798bbd9e04d100a9dfb9d7ab98f7dcc3070dcee76b06cf982e15c7c5c12a68,2,0,338.59,0.4245506631375915
train_01797.png,edeb3ba65c4e36e2e9d4d855dfe800d6f56740bd7f59c72e6118f7911c32a851,2,1,67.34,0.8724660492729768
train_01798.png,c34fcbb37fe4de9d5d3f48d6799e37a12e11c15dd32caa431526cb9a89b67840,0,0,273.74,0.48193117453171613
train_01799.png,590880b882e63d00cf5ad4b3d760eb9e7e2f95149ae25701428fd389998b85d7,3,1,90.96,0.9256549777777091
train_01800.png,ff086f072a914237e66792f08fb4048ff144e9e0f882b34e3ea25d83284cce46,0,0,284.35,0.43474734195500736
train_01801.png,410c44732c9f161b2b9eddea3ed277cbf6b10bf70be57855d566634e9784883b,3,0,339.49,0.4199215265866072
train_01802.png,0c14e5b011cac914554c5b27fa0e0ee249dbb6df54c4937699bfbe650c9c97e6,1,1,316.56,0.3777517064990018
train_01803.png,29c8d303dcbf7861c165ed66c058d58f35b2f8dd825de7816fd44f7cdaeb0e64,3,1,113.88,0.9478954086969864
train_01804.png,09dcf7826ef35de09a508bcb054933d545279e0c71f515f96d4e7bc675ae7a88,2,0,327.32,0.39846849684587504
train_01805.png,ba7fc4ef92f80e9e45733c98b717d7813e904b97314fa5dedaf4a4e824c7a5ee,1,1,68.13,0.8754150588783068
train_01806.png,0e2d2e78a3951c28e2f9a5eecb7c4fcc669fe0d78960a5c72d8613dee2f91f0b,1,0,312.88,0.3783886372226553
train_01807.png,3766f5ee3d473da1c049f6b4383aab488ae5cdb457d2ba3880dd85622677cfd8,2,1,253.76,0.6011048119290809
train_01808.png,45d921475360cb21df4e370af5d9151060d3a97dfdfdf4f2680821e2f249357c,2,0,291.03,0.4211267469174155
train_01809.png,028254bdbc929df274838558ba502f26cdf83b14950854cfeb4fc9b5fce4e54c,1,1,256.69,0.592572837371914
train_01810.png,25a2a9d3045283750dcd622c437152ebc8d1c15097acc4e487559bb064ab62df,2,1,299.7,0.4009160737367757
train_01811.png,b07f46b783d48e717a37807ca8949c06a5172dc22c2d9dff6d67b676bbf08c64,3,1,112.53,0.9471182959398616
train_01812.png,d75d32a106890a392f8341b74819bf864ca06fdb79a617a2cc98046714a0a352,3,1,250.85,0.6284180374188297
train_01813.png,ef914c476bbdbda97de32e4ff653427370c32033b47a9997eca355a95f06e333,4,1,179.49,0.9235574502667372
train_01814.png,7e5a4c94a6da1d31a32fdc842c25f39538df9140c046eef513394ae6d48cfded,4,0,289.14,0.4231338534803782
train_01815.png,96c13807dc92c50df914472489f310dec3a95e77f090bd4d2f4866727f725927,3,0,306.11,0.3891176874093584
train_01816.png,6b443642fbe0a7287df11752cee0cc8d090c1fbc1ac97b3761544fe016184d36,3,0,301.62,0.39569824686690463
train_01817.png,c413b623154e53894b3d1c9026d0339a066c71b76b416242fafa50b180a1a22c,3,1,15.96,0.6017543145398867
train_01818.png,0a7e9fa0939c980b14fc5e1f3d093496aff945219084f841aefae6616c3af211,1,0,317.98,0.37796756205773085
train_01819.png,221de6b25c68326d699011e20fc54d2a832d45385b74117fb283b57c076c1f06,2,0,291.37,0.42016027554713864
train_01820.png,26e1997eb8f1676c7b89c5788b369b2fafda4bb54ff57ca9655db3e491e6563b,0,1,81.18,0.9102691923064727
train_01821.png,6538690b7bebb5f6729b82f42d1557371c8b2433f0e8cd75663c1e78f97badba,2,1,204.24,0.862502113851913
train_01822.png,656cd0b11ae716d8912c8aa81410d5d2470301532cc272f7957db3383930f655,1,0,315.75,0.37774371394618617
train_01823.png,4958810ac628b3974bef873f7871a96a066e862a90a2832b1f669f57e840422f,0,0,320.7,0.3790207791778694
train_01824.png,3f1a27929ec7640ef414f198a7351ec0d8b1c70fd9acaf491ab250f199b33155,2,0,348.0,0.4581128287280112
train_01825.png,b94d8da94ea3800d06c50f7c099c37de30b5ad3876ac710cec0dc5d9aa2b56e8,3,0,323.07,0.38720491038403043
train_01826.png,579c68c5105472668d7830ada930391ec627c398faae026a78e41b6f7b77ed15,3,0,297.91,0.4030574158777467
train_01827.png,9118da45ce2db4e793f0c97bf4bec32feb1b3f98405141f81a92d59502a8eb7b,2,1,314.9,0.38789937887931314
train_01828.png,8c6c056c239fee3b99319833bb5b8776c17780945a2e6de40626b4a4d21e29e0,0,0,348.96,0.45124614388313755
train_01829.png,27f4c4d96c5495145095f81fa6f40ffbbca76eff1c9ad89bcb2021786f7c2670,1,0,354.54,0.47181862042671097
train_01830.png,f63e672441a9687726ca9adf9535926fe2ae401c3cde8ea2b324764f33251f45,2,0,335.56,0.4160040096506994
train_01831.png,1eb2671e782f08852aa1ae7e773fc2a78720f95ef7a17574cc22bf05bae89a68,4,1,301.3,0.39300152768639396
train_01832.png,690ed80b6bf429e1ea2a34a8022a9a0ad62b0cd10d014c92856e47fd16dd8ec6,3,1,106.01,0.9425400385064924
train_01833.png,5cce70fe82445cc3030d62ad24c5d398c3f76a0c0eccef9bab02e06f44a4fc33,4,0,295.45,0.40519702828717763
train_01834.png,503c14c159ecf39afd370579d4e7219cbec83d3b881ebc8be0ac0b12416541ee,4,1,167.43,0.9380998732354514
train_01835.png,d40f7bd56d559542820949a92188a27009e15e6f06c10911488d922a199bd322,3,0,306.54,0.3886210888569748
train_01836.png,c050347abe80b47e22693f1994f591f8afc3c3466f9d5a4e5f0802cb120aa73e,2,0,311.77,0.38824422073326026
train_01837.png,a0168e84b7655f161fc0b9b222179f2e6457a5c02cde95ef430df9edcd1611de,2,1,291.45,0.41993492050874603
train_01838.png,81708835f716b27ad6852cf7a4b3d6cc64c08ded247cc91221ec37fe169e45a6,2,0,194.86,0.8899380058157821
train_01839.png,d28dda9090f92411ff44d63b8e0235f36e6510fd3eb580c429fa5862eb351988,2,1,193.85,0.8924700882188393
train_01840.png,ddb3319705fb388b3daeb05b38388f5f908567ccbad1ae22a3da6a65c4fe26a5,4,1,324.1,0.3863015736792289
train_01841.png,b4bf92f5b447606579c5893895cc365a2e8bc205145a2c7a770e20edce4ac662,4,1,141.17,0.9515883030363536
train_01842.png,25ff4655a41877d472cd0722be8cf4213bc19a96375d4a12649749036994ffc6,3,1,81.34,0.9088175744652501
train_01843.png,9fbfeefef4a766018eeaae6d61b60f24f65d980f9646c55a5ae3b50113903afb,1,0,289.57,0.42262670408454817
train_01844.png,6752ac01bc5eebf2acc871d8abe85389f4ba9eba7716b5073131c0fbe02d2096,1,1,35.44,0.7216356150045957
train_01845.png,f7a4b1efd2957ddc0475da4f1699defdd04fcab188441a77cb4bb607b6d35260,3,1,125.65,0.9524913400783608
train_01846.png,89bed56c9cc2233e4bba0917e5979cafeeab02921a92cdf58abff871145f9d11,4,1,234.48,0.7246145553219802
train_01847.png,fc8714d7bfa9fa0697996be4aa551604d2ed0b09ad4a14c7d0c988fd5bc53e6d,4,1,252.58,0.6104907079862348
train_01848.png,eb6b736b76fb89a7ebac1bbbe6e7ab2536bfa249d20ee44da196e90cc436ac64,2,1,218.88,0.8039954586325198
train_01849.png,aca8420c110b8d935b9f9d1c0bf5f75ece0f39bcca742fb3fbe56fa9d263e9c2,1,1,174.96,0.9350622207429319
train_01850.png,febd3ba69a65289f0af22cf0870d4454c82247c5dfe7e1eef9f65ce667e6c6de,0,1,128.51,0.9535489422024113
train_01851.png,25746d1db45ddc4d3a60228accc37e21a7722881d6b0518b90c36ac550f8cd46,1,1,296.31,0.4026947620058032
train_01852.png,887c65a85b061de0587a57972069c84d3bd9786bb62c81b486ff6393dd3671d1,2,1,339.66,0.4278356960603872
train_01853.png,df533e600378a7d11ea89a0386c04752f954a7486d75e2c50d7c8fcd93a6ba77,1,1,180.37,0.9279514721026224
train_01854.png,2e04d29d3fa9fc9ede0c369c6332017bf12c19cf7d347c707b9317f7032dc379,2,0,40.98,0.7605134275564142
train_01855.png,f03f7fa1bb14af45b1cd8cdb7bc3706946db0c17cbe81ece1878e92397123241,4,0,302.71,0.3907027442407173
train_01856.png,7edc8ea5c37b2e1191bc9feb685e762b9b7f5d93206be53084917a58be2fb838,3,1,212.03,0.8431324238333506
train_01857.png,beed0411e1cba8a2e4c3b9ff7bcba9ad834b570415a28f4c9571170b7cf7c6a1,4,1,37.19,0.7338748398652782
train_01858.png,f8f517e00ac941761d9f30c46e647f3f8116a24729b329016c4228501e6c1134,2,1,106.62,0.9408253853900912
train_01859.png,cf135fbc384d2619923e545daebec5c485b54cd8bded519e1d4854702052b731,4,0,335.42,0.4071094360897154
train_01860.png,b760c5a97670498bea8632e8fcab9fc5e78c57e6c21ed137ad93767e5dc955fe,0,1,327.68,0.3874720512358553
train_01861.png,38064814e47a592d068259aaaac988c6c48fba128689c5afad399cb0d2236278,4,1,38.3,0.7403401617644613
train_01862.png,4f8bd2803a9459c403709d76689be67c941c852223b37e5c6304d12e229c236a,3,1,29.68,0.6896229996736104
train_01863.png,deed21d846e97dc70e3adfbe58c709c68023e8f36d20e1f3df6966b6b1cfd671,2,1,145.63,0.9491676448322769
train_01864.png,46565a455f3b78bf11c1193f7716788f2d3e943d46c020698dfdfeaccf7e2e4c,4,0,348.99,0.4529676044343766
train_01865.png,6d942dbbb0bc32d6838fc0d5a12921f0195e9cb9b33cc890696156ee696afba6,2,1,341.98,0.43543259373973997
train_01866.png,dcf80fdf692293e507d9c7e30474a0e6cc7f238c78e4400ebea0771102c10a3a,2,1,102.86,0.9376776859197465
train_01867.png,5724fae8c04db9e233d5f80dcd15e22e54e113d7b1c3fdc87ef44bab792c855f,3,1,285.16,0.44150271362015453
train_01868.png,4e2f138ea86748ba488df3bf16deef4300eb573a56c4853e212ee0199736d28c,3,0,299.8,0.39909116743278683
train_01869.png,549bed44a03bb389f0fc2d74b57e30629564947726708e8363d2bd593eaa8a05,2,1,92.58,0.9261475317990857
train_01870.png,10782826b0a03ad68c5d10331d73d9955c6cf076c88daeccee705e554a349a3b,4,0,261.09,0.5573336615663537
train_01871.png,a4bb513e8aadf4d2fd2a4adbb78ebe0b6f2c6ef90ccf4bfd6038d1c891b43fb1,4,1,21.09,0.6333670847741759
train_01872.png,4c83ef499d220e6afa5735c38229122a15640aae9894a52e1a36df2d432213b6,0,0,328.76,0.38933233041091286
train_01873.png,344f858c64c853d721297e87dc941aa3fcd4abf88d329da0ca0757d65237733f,3,0,275.87,0.48183361173217804
train_01874.png,de5a25d65118bfe06e78fe672ffbd8a48ffb7c9e5dd598d8c17f3fa544f97cca,2,0,97.9,0.9326881232798366
train_01875.png,8988e143878ec17eff623bbe6e13e17c7ffdb0b9e8508af87deb90510f114b91,2,1,170.09,0.9331971375399569
train_01876.png,301b25a31d7355e55e19bd283523fab73930dbe5d33620e8bdfe82c59b47cc59,1,1,212.91,0.8438061650460198
train_01877.png,9cb1734bcdca6db6a0608e3211ba17d6840ba74296a6b53fac898d155120a695,2,0,317.67,0.3886039756137477
train_01878.png,b8c5094ed9973bdc39855a67949e1c4619d745022b06b253fb3a9fc9640ab0a1,3,0,255.01,0.6017489388423348
train_01879.png,4181ec3aa367b301e5ceabc3e604287dd764d9d877c8471326f00e9c88040ecd,4,1,343.03,0.43007176476024866
train_01880.png,3110a9c0901019a43df4bc2cf11c87413d6be22a3ac82de8ab6d7345e42dfc04,3,1,23.42,0.6496912958382066
train_01881.png,e8694e9652733ddaf2fea38779dc76281e5a84130f6216e2a8273709393a270c,4,1,188.28,0.9081586652663611
train_01882.png,2c291c1871a2ff5552559ba72c60a5d7f3b5c88fd6dd923e00e0ce95b0ed1e2c,2,1,273.5,0.4893719901066555
train_01883.png,51daebf4bebeb52280e42f38988edf3d0c88f801600639e4f58e7067f343d28f,4,1,52.87,0.8157903065762769
train_01884.png,033f46ffd72b9b7f829adc7e8acf16269e7ed0cac75386b431c8224c46b44683,1,0,355.15,0.4747773792051639
train_01885.png,3c1dbdf84b1b33a597b8ad41c298093e13b61673c0be2e8785c05cf97d66609a,0,0,314.52,0.3766891747175855
train_01886.png,81dc56a531cec50c612afabe5e24e5bff3a870e9c2b94d6b3169335aadef23af,0,1,340.27,0.4183582080582468
train_01887.png,bef8e6772128685e59cc8991d7368c03a4b751a9209b99f8b682480d627af40e,2,1,40.16,0.756040831946039
train_01888.png,66dcca07d6453029d5ee85896791d5985c735b73258eaba9e5d7cd9f1c3aaf15,2,0,308.05,0.39022874766345933
train_01889.png,e6c3a12dc190d27de5d6c84e354d581c4b59d8da4f01c90e551d432907dee4ec,2,0,299.02,0.4021662555289692
train_01890.png,181c3e4c4e937e2d9df546c62641f45e26d7d322d83e55cc0ddf24636a9504dc,2,1,254.01,0.5995504742077927
train_01891.png,7ed9dab3ca52927bc3c2a0b1bed2d67d3316992353be76b803cf0713c9db7434,2,0,258.7,0.5708181487093578
train_01892.png,c38e33b93b8ec2e7361faac45050b332dcf2a7eb32191dd35fd82fb182245f8e,3,0,310.8,0.3849619157030295
train_01893.png,fd51fe5b47eef48d8cdca6bb1dc7598a16fe5a9c4c6a7d90f43e25994b2b9f9f,1,1,294.43,0.40767302365478403
train_01894.png,0e0bfab293066630763a7d54567c763813925353b03d1e0f4d9fe2d287ef04b9,1,1,144.44,0.9544675929277725
train_01895.png,3172f933262d323fd4029b64d0cfd5334b08603743c7d8e9b7bbcc0168c0385e,0,1,195.36,0.8936256030316562
train_01896.png,4d42dc05d94e383dd222647ccf5583a815bed7bab5ee26704dab0419919f9595,0,1,131.71,0.9538920691884173
train_01897.png,6e17849a82aa74e2acd72ed7f6fec721f0e3e14d36938119920e8e7369288dd6,1,1,99.6,0.9377810655028294
train_01898.png,4f7e473dbbdca61d2248b53595b04779e51250e9fa441bedda2dcae9f7742154,3,0,219.09,0.8129895352853582
train_01899.png,b8accc5fa4c4ad50e50b86e0585bd631002097f4105fa16965b6630d68d9cd6f,2,1,317.51,0.3885374721786879
train_01900.png,dce8aa3ef8da9c8086610066515fc35046acfd4e388b4cd437a5a0d806c303ed,2,1,103.98,0.9386697669438716
train_01901.png,3248272fe0bd8eb8f3f9a36e39a82f2b0c858a73034d03ed7a8a240276b54be0,1,0,339.73,0.4134785064040058
train_01902.png,7c122664722dc7b2674abcf9b2c8f70d67f5aa1fc5f4ff18294deb0fa1bf7834,3,1,71.95,0.886377046825958
train_01903.png,56f7b89d876cfbe4c33c7d7095fbcbb42308868569e887ef1ebc72f51f215fe3,2,1,88.31,0.9198922800831911
train_01904.png,bcede9e2ec1db58bea13ca752d68dfd6f54f41d40233bd696e4e0077eb3c62b4,1,1,169.69,0.9406978485477198
train_01905.png,799fb818e6030c768b196b5e3c95eb042c0c0197063a3d43741cc0fd2409714b,2,1,267.8,0.5186408175176023
train_01906.png,9bd7fe4f0b6215be311d384d88cf99636ecc71aacaefab1db583c370c90a8ac9,3,1,245.95,0.6599735161434407
train_01907.png,641924bd8d6c0ae2bb5d1763b2bfaf46b81aa3f6e73527af302bec199a9e99c2,4,1,249.65,0.6292808402418122
train_01908.png,0b58e6488acf16ae57ef879face6e61ba6ece4ba444163413ae18a7c913565c5,2,0,291.55,0.41965432552385434
train_01909.png,3675444b1bc55292715cacdb5506c73bf66f0d787c8cf23c8e162ee7b112fa71,4,1,95.24,0.9299351333909264
train_01910.png,1ffce4daa0a332236db536075c01ce6dd4c206bb584e8828a7b58f06a5168f8b,4,1,185.38,0.91375687992926
train_01911.png,99ef73bc15db42f286ca2ad8117c7b5d39ba075d0baae79f03fe510a643b6b68,3,1,218.91,0.8138182251931605
train_01912.png,63508fd0a2b5827b2534af7021e60751a8678e8e820288130e663b6209010969,1,1,271.17,0.5050689997782981
train_01913.png,0b87e23ec9e64febfe58d91b5a5f56cc694e174856e8da23793f21d6531c195a,3,1,310.31,0.38526630454519345
train_01914.png,781656178513f33048448e273e119cdf1729a6311a1d2f158ac071481023db53,3,1,202.93,0.8749711024002045
train_01915.png,f189f07bf63b65be5ab30cf9191f17327cb646e7418756b39e3bd83611b390ef,0,1,320.44,0.37882530697935407
train_01916.png,e44a293cec26383eca48610608cf2425e3ae4ffd1698c459728bf185b7587b49,4,1,137.22,0.9519850627098874
train_01917.png,7e1108e7e56aa174feed777469aaefa2defcd3bb2fb5d14488a38dfe95c9fd5a,3,1,8.04,0.5526258946087674
train_01918.png,51f3cce76f63437440659ea9c1e9509bc343fcdb9d59698f74887b4e21989d6c,4,1,129.0,0.9515979989283346
train_01919.png,1ffce4daa0a332236db536075c01ce6dd4c206bb584e8828a7b58f06a5168f8b,4,0,324.7,0.3870019900356315
train_01920.png,e15d1c5b38c69ef1b73dee37f82b003c53c19810e0f6afbfc07d41e09cb0ff37,1,1,165.98,0.9439930441200018
train_01921.png,7188d496db773d7fb876e674f33b007f878291db6b6b387fa955407923f6ea08,4,1,298.86,0.3975676520158836
train_01922.png,c885e066005c28391311050ef1c126e5c32a0c4728c3e86d1abc3e0eca69c810,2,1,189.86,0.9017385460778562
train_01923.png,715976d34a0231e8336e3a8bc1ea856727578b6edc8ff19318d3ac5b8fe9b4c2,0,1,291.51,0.41055057303279163
train_01924.png,7c8de3320185d2c0cad8025c05718c648732b4c5731a08458cb18d439215ad1c,0,1,279.5,0.4547024824847571
train_01925.png,e7a3a3e63aee26291900ca664002e15230d3230e9ab231fd0876fc2a9fdc63a3,3,1,110.4,0.9457769094692614
train_01926.png,dfb4ac0a33eb56e679dd842a6c582fda00c39a43fd2dc8b534550314e3206cf6,0,1,56.34,0.8352068725910928
train_01927.png,cc24c2461d0752a7602e128cad035c98f4d46b115393c6d840aa80db11f961ee,2,0,326.21,0.39674743353030373
train_01928.png,d8c8b9da5d53ace42e76b2330fe62972ccc9c5206db09cfd238b9401ea9a1cb6,4,0,310.33,0.38258372382398087
train_01929.png,7c56dff227ef2fca960359cdfe28f40104aaeebf62da9dee3556e989cfe4b51e,1,1,46.03,0.7824102431095464
train_01930.png,f519d9c4d92c4ed3a1f16e8f8d7d46c0d32ec298c427ca0f5f6fc27882223803,1,1,250.04,0.6360256340151536
train_01931.png,7a1a7f7781c7d5b646f4c4e91f673a1e9c2f00b6c0f1b585295027103b8aeb5f,1,0,320.59,0.379034925447279
train_01932.png,6cfc6f69fea0ef93b27b6d4c0ca42664e142b02e81874f18957521f9c823591a,3,1,108.23,0.944259038314174
train_01933.png,5efad0261d94b4fa9c79ebf081ad8567658ab6820b54c2e5815ff043f01b1e19,0,0,327.33,0.3869009909159358
train_01934.png,8eae353ea47f8583c204ce13da5aeeece08556d7fb4210d8f6fb1a743ecb3986,0,1,57.7,0.8407701782081993
train_01935.png,20c6b1deafedf4546a3965c91ed3ca3e8623a68fe80382abaff84a782b67aae9,2,1,44.0,0.7765197691669651
train_01936.png,b1724caa7df648b1299ad53d32772a26578b9265f8431f59d64df017e8e5826c,0,1,320.44,0.37882530697935407
train_01937.png,82a0bdf6dc5a0d4a8e291fb4091a6d7fde6dba97ede81ac90e8cab21b404ba61,3,0,270.65,0.5085889016008005
train_01938.png,628832d55b3ec79d18268d945268cbc4029d144eea161fe988d3b1bf4cc5900c,2,0,306.05,0.39200295546374997
train_01939.png,1aad116de26e2ea72e3c7a627b91dd4144eba56f2497f99d59b27c3ce6173b77,3,1,331.06,0.39887587816098957
train_01940.png,51be819371d1538095f47ac69694083aabb8b9a74a301f83b30e1d920eea2b70,2,0,326.72,0.3975192607508824
train_01941.png,958034027d670118b69529b194b6d840ba6a9a8437a236e530fedd40d96106ab,1,0,304.47,0.3863328836966088
train_01942.png,bb4010abab1fdba8626c725f8f363d79388ffee7b6de5a60c84d2a6d6030c6cb,2,1,66.66,0.8703712015533247
train_01943.png,f11874204e6004f87b3afac4512a884e7f1708eab635f956889a15db833bbd5c,0,0,297.16,0.3960097189723996
train_01944.png,0ab12dbf2fbe19c6120880a45a349c01dc01b9eeafa1d0bee0e42357f54ba578,4,0,347.7,0.44765587175638133
train_01945.png,4caa9ee19e646caa3b737f4c7680380e44a6de6438cd36fb01d488bb81a9ce3e,1,1,87.64,0.9214660611781408
train_01946.png,03a9409f4e813377a1ea3653672b6efe901bbddbe021289414560bd5a3d7e10c,0,0,338.48,0.4127434764016164
train_01947.png,d9ff6695857e417595efaf177f3a0e6aa88d916843e53f2ab8ef886f5bedde43,4,0,347.78,0.4479796439297082
train_01948.png,b42ea56f250ca2694b31dbee23817394ffdd604242b02054901e82a86a267f7d,3,1,177.55,0.929120863272652
train_01949.png,63db3ab403a9e995d83f865e00a153c3327a8d763ade93a4c8abc9d8e4927b1a,4,1,303.72,0.38920909253653496
train_01950.png,8fd4e4a54e419f25dea362fcf39e436f13e73809efd5153acb405a569faa8a68,1,0,328.41,0.38744090848591606
train_01951.png,4fe15ae078a54f19b28a192d3fb0bf43c2529b5e2d7d40f326d7f7a3c0ebcb03,3,1,279.8,0.46357273286683065
train_01952.png,3394527cc7e5624d8f98fa225bc8bba6d91a16f798da5071f268a756f44e97d9,0,1,181.66,0.9219370438444605
train_01953.png,c68d43cee17f8f0116b6107d2d7e4dca7836462027774a5ceb308faf280848ee,0,0,279.98,0.4526031026303169
train_01954.png,445f7660bf4dda6f583311a7eef17a52c3a393430c2e75ddbe0adba8dfa296b1,0,0,285.37,0.4309119245880977
train_01955.png,956381d9f6670249fba5d6b95d78061100f453d6eb307dd68cd3739342253336,2,0,322.21,0.391810024382269
train_01956.png,3462690731aa0a52372d10f6eb00f91128765d6709796b4466192da7797678bd,1,1,105.0,0.9430053434297422
train_01957.png,328ff3e1e9719e76f8673185a0d5266c5ba2d1c2634b782bf2309711a45db439,1,1,204.42,0.8741678893907285
train_01958.png,5cc46d221bf6de38cfc1a193714f19b1e5ce7c70d1201135a271bbe7bc5617c0,4,1,158.07,0.9453205049545701
train_01959.png,36459be16fed53ea082f437d090516915bc5c9bda454d98b8b11bedd420d3fba,1,0,281.85,0.4524404197324469
train_01960.png,4c3dc5756dc20b63248296dbb5ebfcd7d73f2ea5f590affba41f4ac8981d1cbf,3,1,168.12,0.9397843798186916
train_01961.png,afd61f909d42ae0672f57273a2e8dc3c68dc445d625397e9d8e43a0edb2de78d,2,0,264.94,0.5344020977209604
train_01962.png,d135a280c5d8ce0fe84d480e84de4fb41d374b1404d12ac7f57536d680c16200,0,0,292.3,0.4082742153885079
train_01963.png,d1c6d624f0df1625c0b0025d862dad9d6c903ff34b0bc154d0f797e1061be65e,1,0,341.63,0.41945157144731027
train_01964.png,4c1ceb26253e079cf2dfafce1d9556bf5a3b9f0b3750c2ff40443005f31de153,0,1,258.05,0.5720960739558342
train_01965.png,d656219b517277cf152f15fc42346b491b7b327299d23726cb9de3163fa07280,0,1,66.12,0.8712210640793893
train_01966.png,2f9cfbb5044d9595ba13126ee9e1248afcbdc8b5a7aa12f858ee4f0b8cdd3c67,2,1,305.99,0.3920638258367778
train_01967.png,8fa7b7e288504b07da2ad7e33fc06740591befec8ed35f85ca7f68d5339610c3,0,1,1.35,0.5130683490421554
train_01968.png,16fc4ad55fbbdf1014ae679efe570421d4d8e1ee8d9b40e138b49225c8ce6c7f,4,1,71.32,0.8829183316033109
train_01969.png,7f9039921db73faefde802e450b3417aa43af00838ed8c0ced6d0288323fc8ed,4,1,259.32,0.5681246824294871
train_01970.png,3b2585a7f49b0de42179b897a78f39869b8e07adbfe53a320bd8779e0bb5bdfc,4,1,305.14,0.3873250307836008
train_01971.png,3f6fe464630fafcadfe75f3dbeb13ea36c7a62a5fe9829447a0f41e9d4e107d9,3,1,202.57,0.8760757611051265
train_01972.png,f9af5abc461b3c3196d81a4bcf3e15481fb4604cb69e33068ad81cdcfc46c685,4,1,50.5,0.804827480004311
train_01973.png,b8c14977f35ea74b7afc29bc4dbb51e5284500ac865c95327aa52960cd5c9c83,3,1,106.95,0.9432889799542006
train_01974.png,d50d0317f5aaaa6556aff35995a90b936ea42e522981f07e1b3bcbf281c16477,4,1,175.66,0.9289142187975773
train_01975.png,8446f7932dd23989d6c0401026c474e1234cd9bea88618ce2263afd438b153b7,3,1,205.29,0.8674456433628563
train_01976.png,b5173cffa605af9c873cc674bdca66f015b72f3e953fa797c24a4451646930ac,2,0,270.86,0.5025501024952266
train_01977.png,48e97886382a713545abfc555b6d4f8d169040449e90a0dc2294bf8abbd4b1f6,0,0,214.58,0.8281397898894272
train_01978.png,a82013be649ecccd1778e4ff1885ad5435fb9ad07bc9eb67a238d34327e400b4,2,1,293.32,0.4148902286658328
train_01979.png,73dbfdd161dd0524bf63d78b3ea5c7ee114dd21b5d271199fbd0cfc01c59b165,4,1,37.47,0.7355138309874414
train_01980.png,50b04628fe4200c91417b43c7454f978946d0e7fc2fddc2ebd9887a5bb3ec1a2,0,1,108.64,0.9454801644471488
train_01981.png,6a29deb652d7516d9468a89fbd0a105f51b2ac86f120f8f36d8f3b05f292cf42,3,1,307.74,0.38735869104163356
train_01982.png,b67bc0d5eebc7ba23f23ae4a35bd97b449ca3b18c23350705d2869befc653b62,0,1,319.16,0.37798775965782355
train_01983.png,cad5f40d5b3ae0529b7e80c0c3b324a069bec9e2ce8dd6da018c90f1268997df,1,1,143.51,0.9546398432106052
train_01984.png,a0bbe6b1b7e93a08aefa97e658c4102ae0617c6d319ba8aafd945fe437993263,1,1,13.05,0.57709171038343
train_01985.png,9b810c52189b257e690c00921b0ae97069c096bb84dcea1d98b7f38717ae3867,4,0,309.36,0.38321412522346354
train_01986.png,37470a3ec08f90ed68dc57641fc2e33ebeb24a8274130b8c93b88054e3395f84,2,0,297.44,0.405291768841179
train_01987.png,473191979ae8f152b61c3e1811ac32572d2889713110fd6adbef385222fd010d,2,1,319.07,0.3893208602432254
train_01988.png,979c278cd26d30dc5845b65b593bb079e452a72198cc67fea1bd2c7c5fdc002e,0,0,296.15,0.39831170432029667
train_01989.png,752dda6a559e2fd72d457ab77c352f60ef9b77b98206bb0e62e9c941fd0212a0,4,1,169.64,0.9359193617159365
train_01990.png,34ca2250b097a7a60cb7dbddfe648eeae572bb2d352217936bbe077142aeabf6,4,0,177.43,0.9265315454433167
train_01991.png,5dd3ff1a3dddbfc729e65d373e8a283c9992e4c42f5c3a713ef6cfe4937cdfb9,2,1,121.7,0.9488315997350932
train_01992.png,0e04c5a2077c3f3b59bb3a513c3e09b633889b7009b20ae744ce14a189434ecd,3,0,293.67,0.4135933694757772
train_01993.png,edb0dcfe0cde57dd6c70fc525f055369b8255b61dea15b6065dd92cc6e6ce8b4,4,1,1.54,0.5140905925961241
train_01994.png,29473a9838daf06229fcbb5c5bb0bf4a050e59272307ee649f0ed37d452d066f,0,1,301.32,0.38789551734961925
train_01995.png,db9b0ba615138acf1d6d28acaf848fc5f2854221d05e7a10446ea6b65afd11f8,0,1,184.53,0.9170316190371819
train_01996.png,993ebd174aadcd0995f8438763f97adfcf68ac1d38aff87a615df8a3d769116d,3,0,328.39,0.3940785620219365
train_01997.png,63139e9dadeba4e4464f7f715b085b01822aa8b7d17610aa6506422921e50a25,2,0,357.0,0.4995304833538406
train_01998.png,d95d59a1ad45bae673fe657b2ac523862ea4ee7f258ae10544329f6b7bb6e33a,3,1,268.76,0.5189177332314265
train_01999.png,3c16664467939fe3cb521e0b93a16094ec1d7600bf982e6d0b89d6e859acc6cc,4,0,343.64,0.4322200501440649
train_02000.png,afd5e500afff84d34067aedb9b5fdab61e4972c532d2ce9b08312c6fe4377513,3,1,91.88,0.9269880421167378
train_02001.png,be88de85d3c77d91af219c42a148f1966336a0439ab398a35b9537398883b1ad,3,1,306.46,0.38871171172922636
train_02002.png,7003fe8bf338bee76a6007a293746043595df3e30e9e152740a4d801d38cbf86,0,1,281.43,0.4464255304934648
train_02003.png,f4de132ebf146470b9c0df16521856856d5b51c52e652f6e2c1acbf313f28518,4,1,240.21,0.689518441428392
train_02004.png,6230df86ea9cd66b0e5fc4eb395d2ec8c4e174b105c557492b987f23113f5004,3,1,285.02,0.4420359815369969
train_02005.png,f4afb0771c59c89227ba3a1a4370bf9c56d3b845d26297fe5447e6cc0a8cb3b7,1,1,14.09,0.5837286898005619
train_02006.png,a547611ce76b2709aa113d3dad2b191cf7e756669b11e3ab57b6f75a3286ccf6,3,1,303.2,0.39309214588215713
train_02007.png,fa22b124e37f184f35fb87a7562c3b827fe72af4a6dcf82127f95fdc13c69bc1,0,1,214.38,0.8290025552353607
train_02008.png,57bdf0e9b2c6218967cba6c4a99f248f0933ac48d25db1eb25d97b15ac53d4de,2,0,112.22,0.9446060773499702
train_02009.png,cc1ede97ba172772449ee875e01463df84d603c6a37171dccf390e9ce7023d7e,0,1,36.54,0.734083485458591
train_02010.png,437a44715320f549809f52287c8333702bf284c6a1077c17c9bfd84f5059ed72,0,1,17.47,0.6123660311130961
train_02011.png,32b6c3ef1b63dd3b88461b857928ce5ab66ad45737be104f2a9bd07f03add71a,3,0,349.01,0.454278207669741
train_02012.png,17e089fc59fa8a951f6529fa8a9ce4738a7499d61ff2395ff2af2013f373964b,4,1,185.11,0.914250949590385
train_02013.png,e33fe9768203690ad49062dcce2afbf89b848e992d52630e830c8a80d39fdf6d,0,1,265.88,0.5246016641337228
train_02014.png,3797f4c9e61fecddfe236cef851bdd05163864db0d2ce865b368e7ca616ca49c,4,0,317.42,0.3815421670329394
train_02015.png,3f6636ef0e434c9162be9f49829bd8dbb65e168cdf677109a6d1102cfda7fbe7,0,1,276.3,0.4693744441380891
train_02016.png,d4cf5f470b7b94817055891f3b333beadf3cacee4aab62c525e1d4e5b2261131,1,1,30.66,0.6916661676990541
train_02017.png,3b5d5090280a15fb4329c8f2c8f0df668497cba8ec336c6f475e72a26a43105f,0,1,167.75,0.9396072601875025
train_02018.png,3169fb9721ae7ad32121929c590fd7ff6c1a0d8378afc31b2e0f986a60c0302a,4,1,1.22,0.5123382119155848
train_02019.png,595cd389b8dbfb1428823415a09c4e38f20007facad66ff6871278c33155726b,1,1,143.24,0.9546859681566291
train_02020.png,839525151cab650a02ffce3ca8587db4664a43acdbd2e0c895ef4b45fa5d91c5,0,1,86.1,0.9194454307710634
train_02021.png,49b1793d6e44ca284ce094544b115f7c8826f5f91fefc7e9c94019b71211db05,0,1,283.09,0.43966038579563294
train_02022.png,071424ab37a86eb494f77e55ed98f18a787752a9d10ba5a2c48a54062633606c,0,0,312.63,0.3769405168308719
train_02023.png,27a9cc517701306778a4df0866fb0a18a1980fee3ad536497168eda8ced3a09a,1,0,333.43,0.39696291846186854
train_02024.png,6c84123274510da994d13020451057b6768dbed1ea2f51113a60447264791e95,2,1,151.81,0.9468968666194246
train_02025.png,25d48cb5e4e54b2a153b5e6ac2027e624f185f1fd8e690d7e9d60e4e6986242a,3,0,273.19,0.4952311824901796
train_02026.png,2aa7205f39f1ace7f3637bd2b875069470175d65f958c6457eed8b889797d187,2,0,121.99,0.9489215481425575
train_02027.png,20b4bd14816536bc830a9ce596eaaca4ce0236fde26204ef458b70c30b4c7be3,4,0,344.03,0.43361714454645395
train_02028.png,4a779ba88b98fe482ea1e387609d54a861d3af0636dc99d52da2dbfd64d13109,2,1,137.82,0.9506130394733611
train_02029.png,4413fd838ef91401d4d1f8a6091f2a2a7134bf16e5aef9ecf4d83533b1468415,4,0,351.65,0.46452326707047037
train_02030.png,f2f8b04922773bbb1b46523b81f0e2d622cbf2544281290e2abbf5879e8100e3,1,0,284.49,0.44142519747449716
train_02031.png,14d6a79d64dc1bce7f40abe71c8766a196493ffc9a6bdba83369d4509ba98c44,4,1,73.59,0.8890852917827243
train_02032.png,f0a391bf1d683af54ee34a567a0213e49a45acc038e31a4af02f9f8b7a3f7c4e,1,0,335.75,0.4024547081786377
train_02033.png,43d37f69a18e3fa17f0e7bc6549e8884a23a54f6245b75d1a99a97e7a3732353,4,0,175.63,0.9289532722200694
train_02034.png,d37e7982fbdf0942a8f33c51546eca15995df8ea90fe98864361cc497106cad7,3,0,302.89,0.3935785949609286
train_02035.png,cabeb14aae4ff33c6c9f50ddc2f4cd839ac6dc42db605dd328419b8e64ccb5b7,2,1,168.5,0.9348753997476952
train_02036.png,643de68f6c7581d6f573999e534400c4ddbb0db83690594abc338fe40905b1ec,2,0,319.59,0.3896488436656832
train_02037.png,7aa0cb43811894263c2780ca2552a832659a2f3cb7ce8be3bfce481452be3962,0,0,333.78,0.3999258729502228
train_02038.png,4b5e5ec4c73df09cd99b480c06ac544f146acb1defcfc2d058fefbbdc6f7ba98,3,1,218.69,0.8148268129368209
train_02039.png,d1b1f87b9eebc722ca1908fae094388d7430cc01a39871b4e0fc404e13c27b4e,4,0,351.12,0.4621569925242125
train_02040.png,2e13f5ca1cad28112a8b97ba8f33f90d095b1839ad98e26ffc25313ab49188f7,2,0,348.07,0.45840116542515924
train_02041.png,4daa05fa1332bb1c30d3374079dd2181e35413f66ef1cc6973f5fc18a745da05,1,1,150.67,0.9527647355025252
train_02042.png,5d2a06e826884a5132d3eb43b4654802a6ab6daab745a9b92145901e813463aa,4,1,171.65,0.933760035223141
train_02043.png,d34fa2215b0e6b44dc75196a74f759956c76f5f0a8adc0bfcdbfe6792072829d,1,0,300.95,0.39234430364718403
train_02044.png,6adf12cdef43ac1a285970fe0234fe1fab09b853fbe7577559ba97f8bf478ca6,1,0,113.48,0.9490670799638408
train_02045.png,c080203898bc9b6f8af0a70304c27260a7352bce150982e2c19b2da023986bce,1,1,336.89,0.40540567538732997
train_02046.png,be7ded466bd1a59104d9383acf40fbc55ac6f255bdbc9d71ba9da215be67885a,0,0,289.96,0.41524555231523996
train_02047.png,d28bbea43650f37925c6cf9a3841b615e1c553ba28bacde563f07641875b2d50,4,0,300.99,0.3935403139434814
train_02048.png,d04853a6bde0dab8ffe433ccd9e7f3e63153c215398d5f84443dd9b2a034b8e7,1,0,283.06,0.4472879828349335
train_02049.png,d76a5e6b1d4e0efbe64a0db2d8abe794b44e79eba3b298cc9efd2472244e5a3b,2,0,316.48,0.3881851000037692
train_02050.png,1aacd5c10062342d7d6e5f58ca64ac3bb7eb5408f2cb89bfbc7b32161346b7ef,0,1,44.31,0.7780502333241728
train_02051.png,18eeab855f4da1191013089793fe22f169e927077bc80e6650c183de7be963d3,0,1,272.02,0.4907575574798121
train_02052.png,502994432080801d9f206f939b47c6a23f474fcbf95e81429677e2cf9affe50f,2,0,26.24,0.6736352517773286
train_02053.png,297a59fe73491509e716de10b8ba20f631b998235b256643c65aaffd4bbee1f0,0,1,279.41,0.45509910369247686
train_02054.png,52b99a8b794ac0c5f17bd056cab0e7ab0e0e4a0e1f76963af4abf2f68a305a73,2,1,6.33,0.5505306359681893
train_02055.png,dfc604de6452dcd420fea31fd01e11eb2c96c7fd73e2818b1e7ff75ba94cb6e6,1,1,183.96,0.9223911576962781
train_02056.png,94fa4c55949a5ca40b41d75b16062a2efb29ba0c6f9a1914082d461624e04f5a,2,1,168.55,0.9348242289182811
train_02057.png,cd280dd022707bc5648b22d7b3bf34fe0a3f83b12110ad46e004c51e1ec2585a,4,1,116.96,0.9479663871071567
train_02058.png,b15744af3e3a36439562ca60c7f97106851096ababe86bfc85823acd0cb24f1e,1,0,304.67,0.3860389839916922
train_02059.png,00ff82d717120c9ba4c6c3c35e6ae985583a238fc7af865e70ac6893c1032a22,1,1,134.01,0.9552336672415865
train_02060.png,d81d410d1ae21fb4600e3e2150477b6840827b0f6794512462a57a6feac60bd9,1,0,283.89,0.443855027747173
train_02061.png,7d035657c574710aab8db117c3bc6373a9db99602f3959bf1c16c7c78dbbdb4f,3,0,358.96,0.5013640007376521
train_02062.png,e81d35facaf59e0ea13c65783cf4288f7d8c1c86da36a2f879b7911ce42fee00,4,1,257.06,0.5821368486399903
train_02063.png,4f52176ee26bec1cb2648bfca04649c47fa4bc072b0eeab77d3b78278804424b,3,0,339.12,0.4188107199780113
train_02064.png,8000150fa6fed549aaaf7f88f1451177a3a80e76e87882175924e1c8110152dd,3,1,227.92,0.7685992227503007
train_02065.png,c18fddd40964454ef66b877a7cf392db1473ec77b41d3d7d0ba2666871c4d9b5,2,1,144.87,0.9493763139365129
train_02066.png,5a7f9728a8fb0def9a3e0eedb60ed7fcbf401e192994ed609457e6d509921dcc,1,1,290.17,0.42061883594239013
train_02067.png,706797edffb7d0264c81dacf5c80777ec14e5da9cfd61566eaec3206429e5280,4,1,174.06,0.930936930279039
train_02068.png,5d86e83c043b909e9d66507192ddeb239bd35565fe559b22ffcd80df26843961,2,0,287.92,0.43061893210548846
train_02069.png,6d3b955e093ca7e9af3060b9896de7df9fdd610e0a2d44554e395bac003c426a,1,1,22.71,0.6399354831092877
train_02070.png,71123fedb47bf0be03012486dda84ceeded8b68fb2f173a5ae133af15a434e09,1,0,341.93,0.4204364123458763
train_02071.png,433fff52558b256654f9543b245e8d1f1397c9c111bb5a6c941ef362ef81e63b,3,1,353.53,0.4743394370649554
train_02072.png,039ade76c25e6ef7222f4da4b7dad5ccb2794e7c039eef6bf6aaf0ba0d4492b3,1,1,303.47,0.38787922534740926
train_02073.png,9d64e0970f60b2ddeb0823fff353ee9cbc7c65c32407b1603dcc67f8824a7097,4,1,23.68,0.6500164862963216
train_02074.png,b182ef8b794cba1513ca9afb32670a432df774e9322b79d2b7d200a1d3021644,3,0,346.72,0.445014266371551
train_02075.png,4879ceb1673f0b6ff66915e1d526ba5b529b0d814bbf376b9065352b523069ae,4,1,350.27,0.4584279639938955
train_02076.png,6fd3e4cd212cb121e3cbac8e409ada93a7d0b737469e9fdcda288521b6c3b122,4,1,124.34,0.9506411717269996
train_02077.png,e3de01e47cbc5ce02056779c3cc7fb21fbaa8156d44edb5498bb4d943f963e2d,0,1,296.44,0.39763746983084935
train_02078.png,5475c2aa54caf1c6a2d7130fefe0a3c532c0fbcd4f46db21cdaba39c0fdcfea2,1,1,96.85,0.9346506349030764
train_02079.png,2cbe473889d3d580525c386d52bc1cc1baee81ca57d90d2c6dfcb41882c87ffa,4,1,254.17,0.6003585153331016
train_02080.png,1a40c92807b31382bf90b46a77e9988ad41a48efe29ed96eee2395758ed5772e,2,1,225.38,0.7716873414588634
train_02081.png,8e9ab2af0427a08424e1785c617672ce764a0d586bb92574b36cde272644241a,0,0,340.72,0.41983293911835595
train_02082.png,393a201dd7ddeb3d9ca628fa257405511632436a8fe81cbb58fe47735f057e9d,2,0,273.97,0.48709813105645217
train_02083.png,0a01b9d01e4227f77195af881ab3b1de2b30bd50c39b7fc34dd1db7eb4649d3f,2,0,335.01,0.4145730355240267
train_02084.png,8b4665951ffe123543a04bf84a59e87a4426466d61c710eaa0d022e3ae7a9d0c,0,1,14.58,0.5936302094492942
train_02085.png,13c558864d274737a3282f7bf9a79e74ebb4f87c79c70b02ef09060eee2e9f69,0,1,204.18,0.867800773396698
train_02086.png,4044ff5f8ca2b4294fff710fd8505f401928e6a07cdbb4fc4bc0a1e3c5c8672f,4,1,235.63,0.717713305670142
train_02087.png,646af2e6078a449bbab123a1559265eeb79619ce3dbeb266423334ea185dabc0,0,1,60.93,0.8532541405084656
train_02088.png,312632d1889b7cd019ca64c9f6001013556df50aafb848ebc6d7b962a15d5298,0,0,358.46,0.49723440168041916
train_02089.png,84d26f7b243ccb6ae46319228257f099334001f1cdf50539698af586b6752b14,0,1,356.54,0.4871616736652129
train_02090.png,b87234ac65ad40fcd10879ac70b680342b79490a59e74fc76ee3ce44699444c2,3,0,22.56,0.6441508845531868
train_02091.png,a16d22ec3832b207082ffc82cd53db33c2bde2b73547c5df92f19bdf358be311,2,0,342.18,0.43611769718694104
train_02092.png,b68ff6d3ae7e0b97cd6887b60dcf350c15812481fe9e9baa9cc2cf1a75fade43,3,0,346.9,0.4457199551182959
train_02093.png,c90ad393008f5055b432a4a2676d46f853419cbc47f969e00d5520077bef92ed,0,1,235.88,0.7148683445240606
train_02094.png,a98b25d23e572fc1dfe69ca6bee1a53808cf07303bb83646beec3972d8908f4b,4,0,281.05,0.45323816457835414
train_02095.png,6ab84a3f7c7d035e1919a0db9a49bfb26d664770dd8bec30ce066725432dad66,1,0,155.97,0.9505193744602944
train_02096.png,1f23f5cf8fd81d47bff93dcb85c197b8de308be41709d1ad0a7cacc682025b65,4,1,168.5,0.9370688123946451
train_02097.png,4790c2b845ece58bde95a462047fb087ac5d60fa7a97bc50870c3c9a8bad1abe,2,1,28.37,0.6868502950923332
train_02098.png,8f724fee433db98bb964a90c969aea89958cf1c48627003e3f02724dee0e420f,3,1,178.44,0.9279022456372731
train_02099.png,4e25205579a7cfcfe46eadfbcdd90ab43de37867e92a7969424983100ea18ff6,1,1,278.9,0.4657224985509923
train_02100.png,4695649658e0ca636b92d4c96c53700526f2eb785f5e39694bad66986de6497c,2,0,316.91,0.38831626389574153
train_02101.png,8fbf04c71d8bc12cf88eba404b9e034d353abf054e670f2d023dc757e51388e2,3,1,274.31,0.489542513618061
train_02102.png,a5c37e7188d09d7893921fa7ccea1406eb1dadbe991985b28cff9ee130e9b132,4,0,288.66,0.42469962627074176
train_02103.png,2a68508db571a51841f9e81d755dc4fd63dbf6a6d81f3de85417b9bfec92b40a,4,1,120.14,0.9493000661522418
train_02104.png,56203f289fa3249ca1cf6a1da99f108dff1e55d4a65bed483dc8fa36b5b72426,0,1,327.75,0.3875881315140453
train_02105.png,8cf5bc031acdbdc321699ab3146dd988bd4d91bf939731f08fd2184fa36ae4e7,4,1,77.41,0.8985499174723393
train_02106.png,8f0fdd08c82950fe34a214f03bb20152583f91e53fc5c8843c99a93162231182,3,1,229.19,0.7616422635963045
train_02107.png,4aa6eef4923cc6b31c3a624c8147f0931f2444a54d8e47df5b9e11f45f1690b6,3,0,353.16,0.47261121356251024
train_02108.png,b62b25d1ca8072473fce65b2982ff64ae3580b58988c9f4a5a74ac46145e7aba,2,1,240.34,0.6852644678372651
train_02109.png,7e78ea7fab55870dfba38a83218f685bdae16b04b31b3808f6dbc9eb3982382d,1,0,299.65,0.394965996878207
train_02110.png,d88c573f10d4f767cb30c54da05a9e171a236f6a6bfcf0fa41572e2eae801610,3,0,338.22,0.4161800818080053
train_02111.png,ae6fc7748483b4452864e512a4c8cf43babe505b6af4e2bb1a1538a1fc51c31f,0,1,175.54,0.9308616282718282
train_02112.png,c4c0fafdc008350f5b77d402cd81c3d5e86b441870ac6480dcbd892f40bce8ac,1,0,173.12,0.9371653839191252
train_02113.png,3e3def9dc4d1c4a6ec48a41b65bd6f160003d0a5d5cdaf0a529bd9060c5ebdfc,4,1,158.41,0.9451104148161876
train_02114.png,ff8a73aba3a5141579d423b85d634ed3842d43d66f02762d76f772f5c1a91e5b,0,1,244.41,0.6605620842984505
train_02115.png,35033d7e42276aa3c4b3c486e8127f5e50144b6f953091f601df96a1b6179c46,4,1,57.81,0.8368998469352105
train_02116.png,464570dc32a246976149910e4e0e1d4a727c469f84ee4c978b3f91cf94cf6eb3,2,0,325.12,0.3952057466692715
train_02117.png,0e2a6d085abd172d2f190c6e38d0011af5be6e7e0f0bb763d37d8bd85dc6f083,1,1,145.93,0.9541480404685054
train_02118.png,15932254421586920b902cac9eb62df3afb4475109d22ca3bad2b53fe8519208,4,1,143.26,0.9512231959087265
train_02119.png,35281dba65114f80c4129c949f63b33300b6abae46e9f8cbe1d3d88f182d2613,0,1,30.43,0.6964753838916157
train_02120.png,ae7fbce9128333d60ba0364c2c84408bf150bfd282d08294348fd9f827888275,3,1,216.56,0.8243489022562939
train_02121.png,7cc5c70d9c9a681638c3c092bd4f9ac3cc7ba369c1829a45b9293e59b0a9eb99,0,1,342.2,0.4248613969084683
train_02122.png,6a4e7c4e28ecadc9358b47443da30c50d62d2930d53789c38559c8fe34519e01,2,1,61.1,0.8517216994703115
train_02123.png,83074fbf28ef4fffd844251817b09bff0145d34eff3950d13d77d1c262217482,0,0,306.31,0.38106331221076967
train_02124.png,559ae803ae9f19cd29e041315cbe20ae879a20cae76169cd8922413e9229c58e,0,1,67.75,0.8763513713976004
train_02125.png,ee61386339bb9d181c0f66e9aafa434de8ddf3a1ef91c36883cd10a250cfdc15,0,1,19.63,0.6264749284694645
train_02126.png,42a0191609d5011c194d535485cc3b104e1b968f315265a160a47a0e381f4ee0,4,0,272.49,0.4932435683124061
train_02127.png,50b8cb6b1e5c55da1cc23d93fe5ac76960685bd9fcb167b909d6c93ee47cb919,4,1,244.21,0.664199382015422
train_02128.png,a10665e019ea13b7a8ed3a5dbee1aa3bbe8431e6dafb17402f76ff4ceb29aca7,0,1,62.2,0.8578855335780876
train_02129.png,a9001fa2889d1d51831b0aa33b16f008323378843a4db29a6ad9655d2ef30e41,3,1,64.9,0.864851197322996
train_02130.png,9c0c9cfb4dc4727fd6b26a715d4ceedb7eb26699fe30c959058abb7ba67f203f,1,0,305.43,0.38496887114874906
train_02131.png,53e715f94973464715df28528b64ef32791f617ff7e66da3c304ff917f702a48,4,1,182.16,0.919362451075951
train_02132.png,c1c5f4e2a4dba0bb6387b15ce29cf7510cf2b6f619fcf79c59022cc687c47ca4,2,1,310.41,0.388771370700544
train_02133.png,327b2cee34dcc496904ac5350536a0538d00393c9358be9c89de98172130ecf8,2,0,273.54,0.4891776019917273
train_02134.png,087314d5a80669cc5b8ad31cf7979f72da4074fd040eefb9547f4936a2da6546,4,0,201.51,0.8749497138547186
train_02135.png,b7e8863166f4616c9bc91a6647a06a697fd8ff19c1a72607105e120a69e6fd95,2,0,352.82,0.4792335784859142
train_02136.png,17c39aee01616c99480a7afbbe7c755ae87463ff24b1252266d44186d0084664,4,0,288.35,0.4257258514021206
train_02137.png,06c04f9e965a5235ec6d8a43e5eebcc6216087edf009f017f26684d29cb23c36,4,1,74.17,0.8905947448949102
train_02138.png,a523ef961d93ed48ad98c0708c114fe2e1416c642758566806bc71e1a12574d8,1,1,181.15,0.9268036557699737
train_02139.png,c41230976966bc993e9a8389ba4b2d50cbd37579c8a519a6b0afbafd9e619f30,4,1,298.6,0.39809814663006876
train_02140.png,d20add4c03a3d0b342f021a079ab218483e77788553176a2e999c8f65409d8d2,0,1,18.21,0.6171927268961844
train_02141.png,cabd50951a163e5e65cb5989811de81cf3268fa273f599a2bd416b4fd1aab815,0,1,238.93,0.6958022198710206
train_02142.png,c78327fa4091a2a2a8fc21ec6db7cd17eadf72f16c783b2f303fcb081f33f6c4,0,1,268.83,0.507908067365582
train_02143.png,9614c4c7d6615e3b91d70157d7527da192b5b3854279821335020d755fbec8fb,0,0,290.58,0.41333125732895665
train_02144.png,cba0b223c60e97f53654b88eb99f69a0ec443dbf649dffdfd044f6387f46e587,4,1,326.95,0.39002968960932344
train_02145.png,f402c56a4fe68709b87815162dd89d361eae6323dadf534c20d717daa8c88680,4,1,350.39,0.45894946159568506
train_02146.png,dc7fedaec4a916a4fc28287c773f4ac8953fa915e2008de35e95960c72d02dcc,4,1,63.97,0.8599469470051982
train_02147.png,f97e997ae0167a420ef30db389c519c392ea8a4172e1c94b714b2c82b9a0e8dc,4,1,304.32,0.3883822277655485
train_02148.png,b6ae11b11aff7eebecbb1361c5aa8973c394dec6c558b0c5d71267416e46697a,2,0,287.79,0.43104117196719116
train_02149.png,eff8fc5d44d639849a9896ff1d7ccd3dce9692ee3d2d5023a44ef1af3fcb1556,3,0,62.46,0.8563651605901464
train_02150.png,0852a195c57ac521621817e232e1d4dee2ced9b58470103fbfb65558c5da2ec6,3,1,169.47,0.9384907909266947
train_02151.png,7c4db7e391753db17d0f5b39369ba5be058b5eaa2f03085ae1f2ab824f029513,4,0,312.25,0.3816823077041818
train_02152.png,5c6939c2b31ee7c8e0e10bf72bdce01a91cef2e6dc19e87ab976f0e75b3ab91a,2,1,339.54,0.4274603806228612
train_02153.png,37fd89c2fa2b31286426ef23bbd392f919698f7d0ea34e6165aa0417d7ec04bf,4,1,18.59,0.6173104531537501
train_02154.png,8ed1784aef96f26e6e82d994e492456c89e8ec6b6921cbb4ccaf91129e19b2f3,0,1,191.64,0.9026087846990678
train_02155.png,58c8b5ac8df1e74a77b7f4d682c10cf0285f1f618acae8700967ea43c18780f3,3,0,287.79,0.4319256931208193
train_02156.png,806694b71956080eb4b6409dbf8ee1d5a37acaba7555acec3484b9bef4022f39,0,1,4.12,0.5289421277084648
train_02157.png,a8c4723cd72c843c85da99b5a3c0c77ca929b5b0d59faac0c2ae5cb1c004b95a,1,0,313.96,0.3780227050140764
train_02158.png,69c0690d19fd056f2781fc5562692b1ce801cebda519884682b26c927b8618a1,0,0,351.28,0.461555835078882
train_02159.png,f44b1e0c71a5c9d70b9aaa80f376d7844fed9f70d1f793034c2282d49e63c7a4,1,1,172.99,0.9373083163174064
train_02160.png,e086a6a03bf1c21a324e6b50fe1b625e57bd46930ce062af20aa7d9be8b7c9a9,3,0,190.73,0.9065192472702429
train_02161.png,edd1f1b79ffcb40988c046bd030820ebccd0b9035f67ecc177a2879f0eccc375,4,0,174.7,0.9301424369558603
train_02162.png,a2f86ed19e3da814fee84eaac6aad42e7112ad23f552089dd66b1281188cded6,4,1,348.97,0.4528837790792645
train_02163.png,166f5b53172176c26b03a49cdac56987e57b1174e1ffad8fd22ab0c8b1e09447,1,1,315.34,0.3777715509854254
train_02164.png,79863c81e51b22cb9c4e77051a485e5f69a501a39448aa27fec742b73f446f5e,4,0,336.39,0.40963759602031924
train_02165.png,1139a7a26a3b1ae96d2550860b3209f4888af1607bbf76469b2d3f37b8fa3c3d,4,1,187.33,0.9100523585091214
train_02166.png,e72a0cfadb3b1a0cf6452e178fa1e5a022cd0c1f7100670ebbf061d449b912f9,2,0,355.19,0.49052628547659216
train_02167.png,588467b4b5c3298a7be23b7d8b8107b0599ef75749d5bee6209396dac58333f1,3,1,249.63,0.6362806300718217
train_02168.png,2ed5d3af1ac84eb42a7774ec053b91a7d38b011e38e6ed89b382d9d16d11faeb,4,1,137.53,0.9519676555191774
train_02169.png,cdbd4bd8e3eb25ed9ce2658b9f6737ce4c2511ca89e00c57dd4b9428201695af,1,0,64.31,0.8627461133327099
train_02170.png,c4e6b6d997c884d636a3d2a4843077745015f4e99cc929ebc5905d8b2eb53709,3,1,263.43,0.5496329255910952
train_02171.png,d0e17e8087bc122b06924cc67acb35a80b739cf655d323372feb789304ce6889,4,0,308.8,0.3836315737236836
train_02172.png,42a0191609d5011c194d535485cc3b104e1b968f315265a160a47a0e381f4ee0,4,1,120.64,0.9494843476706057
train_02173.png,5ae7f1021a7b5738a66bbba200f6be2e50a6d730b2e4242edaa5c90a6594a801,0,1,355.1,0.47985484877684503
train_02174.png,f4c2af424523d49f5d277ce9ac0feb4322dc64653b2fe1c5623921495c7baad5,4,0,78.74,0.901589318873047
train_02175.png,367661509b226a10f42d8176aa71fe327cc6c3d3f9569d0457ac61f917bd1716,3,1,257.95,0.583177128590099
train_02176.png,7bf579f5346d122a4ac25d3e64089f0e0dc5b840cac97318ce8e50408d3c71e1,4,0,326.11,0.3888252409460896
train_02177.png,1779f775e0db5d7ab0c1cd2fbe0e7bae7b241315c85570624f5644d5284a830a,1,0,303.92,0.3871675209124029
train_02178.png,d7def5bef432614e06a3305a3ab8736a7bfe633ace63633e0d60ceb63818dc55,1,0,302.16,0.3900987797587798
train_02179.png,7aa96a96c9f40973944f6b7640e07af498af8075e557a6f4e3a2446fa8376c41,2,1,267.15,0.5221644278167216
train_02180.png,33bb8a36378db67bb39d6e0eafa711bf9ab2bf286463f4aa95992d2c5290cc44,4,0,327.04,0.3901639759573229
train_02181.png,2c8af89c18a158eb47728e2e646ba6c9380d97b11685ea22800675963232f24b,2,0,351.54,0.47337829678175536
train_02182.png,191cee6968da350cba0ef2bf3530abbefd87e86f6947688e7b540bd71c1f3c2b,4,0,276.84,0.4719231105759931
train_02183.png,6e420e7fa32afed74231da9f5a27cae3b088f38e10d90f2349f0391c25532584,2,0,310.6,0.3886839868788843
train_02184.png,1564be25b565b09f844e66f3210ed2ece8baf075af39d98b47ad39e72e2f5146,1,1,43.07,0.76635300416206
train_02185.png,e59684e64bc235f1981315175e351491c5925ce3776aede35616c61b70d6eb70,4,1,65.18,0.8640578601370832
train_02186.png,25630363cd82cda43bee88074a5a3f203c5192f0de295b73b47363f84a3a72e8,1,0,301.36,0.3915624010734156
train_02187.png,f38f1bd48d6e59d038c387188b5026680f695e0e3c2449c1d55a41e279c83f3f,1,0,261.13,0.5643193910920217
train_02188.png,dc24f327ff3232ca838c3f679840f82e24b6a1a1e7ae3a217e608b8a5cb09bdb,0,0,348.77,0.4504295669776999
train_02189.png,a0ed64b71236c61003f0ed6f77d3b6383434b0cd146a507facb38e499c280ff0,0,1,43.67,0.7746218759900648
train_02190.png,1658d1f1e9bfda37219653c96c17ff0568810582d6d5ebc39d7d9fc4911ce99b,4,0,276.07,0.4755524174095775
train_02191.png,9e96a1e0ce25e7ecddf6bdb5894db163c81f95486d3cc9ada7f0f723350bd0ff,4,0,342.19,0.4271874479809732
train_02192.png,2e10bce0bbc01193b78ff041ee3af86f3170fcb4c0a938226f5c3dfbb451918c,4,1,261.86,0.5526963213343757
train_02193.png,0ea40950140fd45b6731716c823ef145f79520b7edf2331be1a096fc8ef41353,2,0,327.88,0.39939463617676746
train_02194.png,f0be7f6feb28e31ac2a86e3907e325063bd289098540d5e83088301632d7b37b,0,1,62.41,0.858636489386654
train_02195.png,aae11dcceaef0d8b6322ae67ea99f74469dc01fe231cebb7d065e9981f862efa,3,0,208.74,0.855533589178085
train_02196.png,15f7731da6e08ad86214e5bc65c1819038b4bde0733c8da99c1f4c8673d8a2c2,2,0,195.37,0.8886298385941392
train_02197.png,89a5660d8cb668d0302e878b99aa13f6c12948543b739bfbde0ab2f0a616001c,0,1,310.13,0.37796696253405615
train_02198.png,82d408366ac36d55c700979e6cc4a0ba26f933fd829d5c87ba1186ef29ee8846,4,1,257.35,0.5803257655463534
train_02199.png,48914de9a254326f00debf525e75a4b614083de21a1cd1b43f5512f76232d5ef,4,0,225.64,0.7745323439645714
train_02200.png,31429ecb5839ad5efe662cf948c8103ad7b51fd606b9b65fd675f3ee7656f048,4,1,1.92,0.516183182967251
train_02201.png,0bdbf1bf99d6ddc4e78a4a1ed87057a5518199e2d95549841bb51ca64ddc85ec,3,1,153.88,0.9495255017658555
train_02202.png,8e9042ac3705085407067dc1da6b3307e532111b94b3ba3461aa4eafaf71c1a9,4,1,278.41,0.4647232745716669
train_02203.png,6f809d9d1a5d1af69736653a292254991a5f0113041a5131185e73fa94449ee0,3,1,314.48,0.38364296353101984
train_02204.png,97281af0d53312e7874d60d2e3e27b231a21cc8e8f8dc4ed70632a803188c96d,0,0,289.8,0.4157474080571424
train_02205.png,5ca29b5fbf8b02dece0faadb6e6c733cb618789a94a16f9f104a98186485604a,3,1,27.58,0.6763407640311916
train_02206.png,e171085b960a0598eadf8ed348a311bec0193eac3b1f4d70d1b2b727bb1f507b,3,1,228.77,0.7639578505898798
train_02207.png,3d3296301f1dd52a6da43678e2c737c53944568eedf883d9dc120abe34cd38a3,2,0,284.03,0.444126757697211
train_02208.png,8a874b70c6e3bdc6df909ad9434bd5f29bbabc1d78f4cadd42030976cec91411,4,0,304.38,0.3883020190943024
train_02209.png,ece22d899d0d10fef1eca6ff055f68cc5caf0731ab57b6a871f187457275e705,4,1,250.75,0.6222141653408892
train_02210.png,da4b6896de8f5492caeefa13a96a46a1a8436e36d9bc3332be6d6036d4b50ebd,2,1,227.02,0.762962472239635
train_02211.png,a9d47aa5ce307a60bd07a1585b7b262d792b5258017474b80e22808db167292d,3,1,39.06,0.7463095722606181
train_02212.png,92c1bf2160b36281bcb64902bd3943a79565497faf6c5377389c15247ac669a5,3,1,69.89,0.880530967190699
train_02213.png,832edbab6146d2ca3eebc7d670e9bb3a7da7b3803a9195d023fa176ac0b230c1,4,1,192.64,0.8986769408360871
train_02214.png,bd581fcd16d9589b1b3a9042078ba20525f59a2a42b028ca8172bdac2a5b97cd,0,0,322.39,0.3805000621243286
train_02215.png,d197b30fbd360df085b1e0b3e7b7022c798cf5e8dc12b5f29fa8b8041324a4c1,4,1,70.44,0.8804139810454854
train_02216.png,41d43e4e357355a7749cdefb9e2c517ce52adbb4af2073dbc59be677a598d399,2,0,352.18,0.47628415955758435
train_02217.png,2083617cc00f998bf8df3b011776bd249002b493d090bc7c73739ae951d6d05f,2,1,116.49,0.9468271579245194
train_02218.png,2072975c1c61ae22bbc311b53ea2183176d8ba98958b6d9e4fb0a22d322ad37e,1,0,312.65,0.378485779478112
train_02219.png,1eb66284033e53a9935775c643d6ff3145adba4e9e2dfd5876b5e208cefa614b,3,1,242.58,0.6814762304549462
train_02220.png,712099da82a49b96538e5f627f897e0008479706d2e939b3451cbd44aa4c2dc9,3,1,213.79,0.83607146791641
train_02221.png,e6f079055cc88f0d7e72c52b68e0ad62d6fcf95d57db4eaad7fe8ea334458167,3,1,193.11,0.9012613547406219
train_02222.png,d4eb33cb93a2458a72dfd53947dc1c471d63420def258a47e14a35a61fc2014c,1,1,131.42,0.9550313848886118
train_02223.png,2799f1e0de244cf96a1302290fb097d9930f1ff25d743ccb9b517f927aff6af3,1,0,311.82,0.3788924479048867
train_02224.png,e3f66d6fea589b0dc70256cd202b35418d3019398cb7d82a670c601bce485a96,0,1,131.41,0.9538702848984293
train_02225.png,6ff392a44ff243c4e744e57f90e58edcd803b35b1e31359b0af3d903c96c2978,4,1,68.66,0.8751487032723257
train_02226.png,916cf0696ac2a3933fd023e7591d46d8c8ad8683f2e1ac5d5907aae3e015366c,4,1,226.64,0.7691970593315736
train_02227.png,355a3b00d9994f686b7712e10ec598ca09bb10139c98fa425a62aaf048428aa8,2,0,308.83,0.38967088856080456
train_02228.png,9cf054326d24e3c504c20a55a92a813d2d9937476e9abb2ca1c7e551a1acd6a5,2,1,47.6,0.7945855089701478
train_02229.png,7cf111e686debd91a3908161c6a475e9d411167799259d71fdfbcca3ed340a01,2,0,329.69,0.40265334331136243
train_02230.png,fc44f06a98167d37a72397e140ca49d2aa333d8b5485fd4b83a8d0f0bb1b5eac,3,0,260.21,0.5691451493893163
train_02231.png,a9edf8386a66d1695e17f595bd3e66cd59920464b43ba6e105be52edb7dfb2a6,2,1,187.35,0.906998853602423
train_02232.png,18bfe0af5e2408533df4e4278bba8120958b70a63f40ac679dfdc05f0ba53298,2,0,350.33,0.4680051177826044
train_02233.png,519972efd0bc1ab154d2c71dbbdd462010f70c3f489d0a94977aeb1b4bfb90b7,1,0,320.48,0.37897240183105313
train_02234.png,0707db63508be04cbc0c247e14415d941a563858fc2253e9b7f2f514dfaae306,2,0,22.87,0.6525031664134495
train_02235.png,c2170a8f63fe2be2b37756fcbdf981b0532dc369941b6ff45248056eaa451edb,4,1,41.78,0.7600185974719987
train_02236.png,eafc801f97f8acd55722e857303df4a430abcc177da0c12423dc632009c1eef7,1,0,344.8,0.43042918419485626
train_02237.png,15b099430e72262f139bce29b4c03300c5e7933a9eedfc06a7d68b8bcf49d161,4,0,280.63,0.4550122604935079
train_02238.png,1566dfe12f1e9e5d99c813d0cc65de04d7e6c33019182f3b16b9309cf1e95059,1,1,318.2,0.37802400422840254
train_02239.png,d61e573f2eba0f91378fcf705bc2ff7eb9e11331d134aaf727a7a38cdf1c9bbd,3,1,278.0,0.47172567666540044
train_02240.png,9b6735d88ea5823d6f775b11f3fdda134039f5dc8c111847e69c408cef7ae023,4,1,1.73,0.5151353180357758
train_02241.png,33547632a7cc43e744d795e517f810e7094cdc7004c65098285be8b6631fe15a,3,1,309.31,0.3859814464217297
train_02242.png,3ba394aea1ce34bc233467135e1d0634bc13fb91103bf1bbe21d93dce0e7c74f,4,1,133.72,0.9520203956574453
train_02243.png,4d5d6fb65e6710e0b4cb6fabed3319bdd9c909642cac9b297bfbab74ff41bb98,4,1,135.41,0.9520402852588828
train_02244.png,cc3b959e7e044715bd7adb0e03f371c471959d5b9e6ad90ac52a04dfb87042d6,2,1,337.49,0.4213184204272758
train_02245.png,51c1ff8e453945523cb662a3fadc62e6d9886465ddd5a1215db91c8c38913044,0,1,174.33,0.9323997753774408
train_02246.png,07e2e584b649c1893eac81f97f366b3f6850e5402b3db74006b6a96c718c1992,2,0,317.15,0.38839940803660844
train_02247.png,7d1e1f7e2d3406db0a8710ab646c9afe9133ae13466219d62503fba12463e439,1,1,262.28,0.5571652296694377
train_02248.png,8bc5aefda56cb8b1a3233905370de3275bde66a67273a6592222afeb12e4c2da,0,0,284.76,0.43319034130645123
train_02249.png,bd30383fda867b933f08d0a32ab862202deffd2ece34b57b5cae8bb67b0b16ff,0,1,244.15,0.6622538811607749
train_02250.png,5c94233250bba1b46d07d91260aaa0590fbaed5bab8d298c777f27f9f408acad,3,1,169.69,0.9382730998930545
train_02251.png,a97dcdf6acaca81c61a242efb0a63323997b122b69c6a4a3c972c4990e9d4f05,4,0,345.87,0.44045528584217525
train_02252.png,d6312c1177731c9172a59ae9d00c4b22317be92efb950618d610854d8fd42fbb,0,0,353.86,0.47373915505942005
train_02253.png,1ed15f2655ad75b7129df5006f51363104e7918577c024e8a825cfb14a7b6bce,0,1,319.22,0.37802238711122205
train_02254.png,31b8ec042df3e03a89d3d848bcb1385ce59925ec2567913c00cb3c514e3fd4a0,1,1,84.79,0.9164250972427671
train_02255.png,7b636993a106f77934ce835ed35248a63cd4ba79755e4e652435d4342e2f48ba,1,1,105.33,0.9432878190563923
train_02256.png,9c12288f5d4910b8adaac92c340472760b66a0f882e5b56d4abe5d2fe596460d,4,1,317.74,0.38164309694343207
train_02257.png,d74928b79ae67439de8aa9da6afedb718a8637b5af5ac18e00ca45bcfb8ac133,0,0,304.6,0.3830486145441818
train_02258.png,d071b9c4cc16ed1e273c96673afe39ff81d12d095cb0b6f8f998477ce85ac8cd,3,1,181.92,0.9227416338840785
train_02259.png,cf4b44175c9a576057d48a0d7d9ca3eb1f268b4615cc231420679ce489c469ee,0,1,260.18,0.5587880425142351
train_02260.png,0b9f99e7a5cfb0ef2abc916fd53af6afe85d2539c4694a735652a992d550628a,3,0,356.58,0.4891452853425909
train_02261.png,4b1791f47e0cf0f1cfb7a3c268513fb7ed3165163aff4eba95546ed426a84715,3,1,280.51,0.46045731313705257
train_02262.png,55c068372633e25094718080b3199a6d978308561c5dc234e287386de135e205,0,0,315.47,0.37673340127832977
train_02263.png,e29f6d80cd680316c51c932f8d5a7d0cd8070169d601a138ed20d118b9700c74,0,1,114.15,0.9488340245279482
train_02264.png,d9192f545ac4219243985127487b1e14f4db344c624317167f63c83221d00b99,4,1,325.29,0.3877346447864792
train_02265.png,349afb546f4ca3dc98d1e8da67c8ec6c856bf6d74d4a9ba953afa8a1024eeb7c,4,0,334.63,0.4051370835664875
train_02266.png,f3613d7fbf0853a50f56115168e0dbe0e5da73a37c9b5dd3fab7e96f0b1e5337,3,1,244.46,0.6695153730470144
train_02267.png,fe9a05ad06f62248ad75c88d5d2cda84545280f4bca3b5759c0c475df0428f0a,2,1,83.87,0.9123208189099645
train_02268.png,64b7d4448ffa14e166bf5330733fa678f058d8e79172a3d8eb1df822ccf68b94,3,0,313.86,0.3837456458173881
train_02269.png,fd0b96996a1545b18f5661b0c98a406fe3f928eb66cec183e4c9ed30e235730f,2,1,78.38,0.9012720911755318
train_02270.png,be1f41415a04025d3fe272ea9b9461bdaf105fa6a9fe745d177daf84d92ed373,3,1,243.05,0.6784957601155376
train_02271.png,52a7de39a96b37e21a8b554a5edb7ed4867dbfe89fb095dc61a1bd876bfb101a,3,1,46.49,0.7867485585691019
train_02272.png,6de6ec48ab7837957eac1754116409beaea013b4a662b5b601da1f831b9edf53,1,1,62.47,0.8561536868419574
train_02273.png,7909356d5f5e18335b057fb069689afda90d8b03a45add5f0d75dd259af7480d,4,1,140.24,0.951716032114658
train_02274.png,b31b59e54f7d47b53c450aea107b8a4623bc878ea209e9d427bcf643686465cf,1,0,277.92,0.4703556342339346
train_02275.png,5d0a0c527a03fc34fc73d0b768cfc013d7ef3ab32f956be46508bc25d2757434,4,1,174.72,0.9301172980932751
train_02276.png,2919956da23bc546167a1516dd4b890cca2f2a6fd454d8f163caf4192bf691c7,1,1,257.87,0.5849795292371047
train_02277.png,ec748d1de6b0f6f7562429cbd60bd67b1ee7d3a95f15b8ed4bb70e5f2be9de9d,1,1,20.15,0.6231143775570875
train_02278.png,5475c2aa54caf1c6a2d7130fefe0a3c532c0fbcd4f46db21cdaba39c0fdcfea2,1,0,328.49,0.38756732922548837
train_02279.png,4116a8765d1183b3d3c7486977e8db636a54179cb44d4ca6b7c0049f64629749,1,0,343.46,0.4256352438201302
train_02280.png,6bbc4632f218eb53cd4abcee97d6368754dcebbe0f8f485cd552ad77a261c1b9,3,1,71.1,0.8840077521510978
train_02281.png,7df7736ccdbd452978c257576fd7f8f5552ca9ed246605d1f34364cd48d2d8ee,4,0,312.37,0.3816412470192974
train_02282.png,87300aa0bf8e29a0c732f7186019a9bd7356c52111d7c2c9e5b04c2deca53615,0,0,353.71,0.4730106332009439
train_02283.png,7e60582b80541fcb52b2b19ff6e0f396142914027afd7986f532217d6f8b2f28,4,1,118.12,0.9484857006638325
train_02284.png,fc35481f0da7db576b7998e3719b41aba7309087f66dfa15dfcec8a5ce61a83a,4,0,335.43,0.4071349014790035
train_02285.png,5d50e7e6be41064231cad6afd670819b8b3a5775329359b1b66fe97576c510f5,2,1,144.52,0.9494673739321109
train_02286.png,d3f72f130a4b2630a7a9b82cf493d7a3a6756c832bb871e7b5afa3e5d5cfa1c1,0,0,311.97,0.37713469452521114
train_02287.png,3d4139b70ba1d2704cb67cca2a69f0743f9ca6d361c5b5171ca9114f8c801295,2,0,304.94,0.39320115195372995
train_02288.png,80423d53316752f6f6ad72f27677d2730801d976ddfa456f4cda6d3903c64881,4,0,355.2,0.48116631985789443
train_02289.png,2748e05f9d6081f7bc0271a8d3bd9c7f8c355730848c8796142b671fb3ee3dd9,2,1,104.17,0.9388333925216198
train_02290.png,353f658fdad7eed157a085b79287ebb79c62d036a30779f7d573f277228f4ad4,2,1,272.63,0.49363948885437126
train_02291.png,aadeb46f25982dad752a6585833a4048c6133586065d1c8ba56a6b744876ae0b,0,0,299.02,0.39210974838629004
train_02292.png,b4eaa6eac05330643b73c53efc02f8061c2b1a16fb933c25aec6c9640bb426b8,1,1,64.82,0.8645161950364757
train_02293.png,202bf5fcd0b879fd8cb7fe1544fa841ccb1f3a6b7ae8fa2e6ebe684c3b5885eb,3,1,193.71,0.8998715389914674
train_02294.png,0266f997a7420729b6bebeb42a6b9a0d3f489ed84b999044d26babcc0c7042a0,3,1,22.48,0.6436352726919373
train_02295.png,eab3953f88c2bb05d04eb2530de9895fdabdf4c118c83b0c7357886ea0128d65,0,1,11.02,0.5709396605567334
train_02296.png,058b6363a1532f95991e2b82791bd71e29ed0a073419d26a2945b2e9f4e85b05,0,1,118.93,0.9510110597397078
train_02297.png,d7ba2986ac3aadde4901a119e7dea74a9fa0629e1fc75d4b915fc75016e5e8f2,1,1,93.38,0.9301988682448572
train_02298.png,81523695a7b659c3a39c36e451debcc6d0881b5f7d543f824e48cd927b132b2c,0,0,294.42,0.402555792001943
train_02299.png,e66dd40eb397d8798e42feaf1f09850398313ffcd3743c44ebd6939837460473,2,1,241.32,0.6791935018822973
train_02300.png,4ccbcea1dfd13885fd78ff7fb5d995e50335168b70b3008e55635085bdfce883,3,0,40.79,0.756131992358298
train_02301.png,a0bbe6b1b7e93a08aefa97e658c4102ae0617c6d319ba8aafd945fe437993263,1,0,282.15,0.45114671571323606
train_02302.png,96503bfdff4a1d881de8c69faecfe0247f58184df1f83e8915337fac96385577,0,1,13.6,0.5873330303927289
train_02303.png,563cdc33f9a45f04f104ffb267fd62d9cd96bd8ea94b517c75816f9f3b47af06,2,0,324.25,0.39408073082904804
train_02304.png,81065efa15c96acca50c18575b873d6760694a69edc0fad1765ad8908d64992e,0,1,307.77,0.37966166775074983
train_02305.png,f228ce7dad5dbe50ebd7014d1a3784997d9f24c77048979a5995696c7390bebc,1,0,312.48,0.37856191685281276
train_02306.png,c5d894aef0c4c486e4573bf854b7c379908ed105c3c071be41c9059880be300b,2,0,281.75,0.4528717221765223
train_02307.png,507962807f20fb3baf5011c0c18e777b16ffc0fce57e9be4e82aeec5b71a809c,2,1,135.66,0.9507454716820118
train_02308.png,ef2e12b268d34021ffcbb7c89726c6f086b8370f2d477161c5909c7a9c3bb4f9,3,1,113.13,0.9474705417181869
train_02309.png,47a4e61a8092781f72a63af51f5e861959c03484cdfdbee2f4c479b67b2ecc6b,3,0,273.87,0.4917622308638335
train_02310.png,e35f6d33e8dd7f352d0764dd99bddc6feaaee5fd406519f620a9fa5c0cfaa540,4,1,144.29,0.9510030904734564
train_02311.png,c8e1df6a5ed79d4a605f8d9a07ef78a88224c3942f34643ac3b45918b440133d,1,1,340.93,0.41719780063972106
train_02312.png,9824b58962a0bd6bdf22f5d8b7490f9abb19c340ccedd3f52f3699431ac39a2f,3,1,241.18,0.6903090595538087
train_02313.png,3cb23c048ae65f37609c7c463d0931c6da4e2ab6692d2b3790afa08bd3745a54,1,1,40.42,0.75133180163709
train_02314.png,a429114a34a44715423b6d804a9ac5a74986555730da04746222a889ab4a8d39,0,1,60.98,0.8534394099850755
train_02315.png,468715a4800da81961ee4f11992ebf7a9aca334abeeebb5cf95efcf88a29c766,3,1,84.26,0.9145241493343327
train_02316.png,6aeb7de68057923e816e9227a1bf904058a60450d17fee22ae4484c9fa4a6af1,4,0,355.02,0.4802899676859956
train_02317.png,7802c52fb407f190c78625c26a103c6b9d7f2b33ccd058bc85ff44a18e3fcac8,2,1,156.33,0.9445493085079042
train_02318.png,5dd269f7aa0ecb0aee5a0e1d9a1744c3c25608ba61d8ef1d0b457f64ac84f8e4,4,0,101.72,0.937182335872707
train_02319.png,3a49c0a26557eb6f9f8a4367efa597743147be400de40777280538bfbd4e9f4c,2,1,121.31,0.9487071205988866
train_02320.png,a86533efd23d8259ded86fc6d3b719fa8f49ecb27851e48f1bb8776850847bf6,1,0,276.63,0.47661755089982494
train_02321.png,6051c76258c492161b4d3b076d127a7b8d07474a2a5e6a57a62b96e8a60f28fc,3,1,235.66,0.72426946138282
train_02322.png,b385dcfa699851874af3aa8b919eb654761ae8638af0bea3bcfd31f688d0afcc,4,0,315.76,0.38122366410312397
train_02323.png,584ce913c9517ff16330b5e67299a65be2d1a0e4680eae4566bf9f650eba81c0,4,0,287.28,0.42935813031893294
train_02324.png,38f0def14811dcdc806795e99f6683f25340f5ea257599afae31a25f8c3663c6,1,0,249.09,0.6422698555792042
train_02325.png,4bfc580d0f9caee0816e9804a5cf4fb15cf129387ea61e30c53832257a5f3650,1,1,221.27,0.8069734530971233
train_02326.png,86eec6c216860fdd96a38374b31deab7ce59ac71e520711e3b61ac58bac9b1be,3,1,207.16,0.8611255439806731
train_02327.png,d69e7d73f37b3e60981ace559fdf3b3f10e3cb33afa247f1da3d15c0ef0a98fc,4,1,308.27,0.38406274374882005
train_02328.png,ff65feb8c5ce318cd574d2fc29b141d8002f4a81b422880ebbefb7759bfafb06,1,0,357.33,0.4856817752679771
train_02329.png,82ccbcdccbe01396a570aea28d46d35b1fa3d9c73cc44e45fef0e735940dbc09,0,1,140.41,0.9535961742182603
train_02330.png,fee189c8ea2d4833fe624fbd612e031ea2e4fd94503ff6a37a00596706207800,4,1,10.27,0.5649701957561203
train_02331.png,47d3b535f3331d83b80ced7d7e142f0e6c61955d2030e0e8f8fdef78e1defb61,3,1,190.37,0.9072799597463306
train_02332.png,44c3317aaac3bb34d772fcb4026b05f2c7348b68fb16cb595f5c6288791eb7ea,2,1,320.92,0.3906398401032132
train_02333.png,cdbb0a3b9cbe72ecc351f2a0b5bde1b4803abaf461e483c660c393b91dfdc2f2,1,1,198.51,0.8914087394811708
train_02334.png,3d28526ee15b95c7323500a88b781123f7b7d8e4f52839523df5763b367a3ab2,4,1,19.25,0.6215435623888412
train_02335.png,1fb2b29b7ada28fa68529ff9c69a1ded49047f6e882ee83cc48cc57144c54238,4,1,301.3,0.39300152768639396
train_02336.png,e66e26c78e5ec65749d87e17a6ae9241674d0b14fdb5b749e731fb28a1b7bd63,1,0,286.23,0.434626962719716
train_02337.png,d6e537ddcf21b4ddbe6d1f98a6c7f89467200d9b0a3d9d7bda407d5d1a175437,1,1,314.82,0.3778376818356821
train_02338.png,9c4ad6b873406387d1512fdc3866e84f4fccd2b02a60cffc23fef568bf73a766,2,1,112.83,0.9449569706899741
train_02339.png,ce18a6bdda0418d9e8b85df351295cc25e1dc215e6a2156a895a0b1de67bbde4,2,1,259.08,0.5685333718817202
train_02340.png,7a50ff01d4185c9fc3d99e32c82c0ba5c2cd52e5a6a520a97a174d31b2987e93,4,0,313.75,0.38129820737591846
train_02341.png,01f399b0c21f2d46142485973535c4db1138ec8fb66835b2acca02437e27dbab,0,1,341.67,0.42302931417404305
train_02342.png,6596ab78d556cd9ccfe48e53e10cb8408cf21f3ac1f64cdf80941545e765e26c,2,1,223.88,0.7794716644566662
train_02343.png,f5e15d2512ad83270bc76b46c941fcfb00cba5bbbc8403681da5753c1550ec4c,2,1,36.13,0.7333377303367649
train_02344.png,55e974f55638dc6e34f21769bf80168f1cfa7732e5bd256c18225ddff80ba6fd,0,1,266.41,0.5215473251030835
train_02345.png,9a8cbda01529fa39a5d1688ff31c4bdb1490b9114e6164297ab9823894336075,4,1,196.59,0.8888867892927572
train_02346.png,674a615f6e77ddc5d0cd16cc282f997600dbe4b6788afaf62fdadda5efdbf332,3,1,251.05,0.6271299316444364
train_02347.png,4082e6372504fa2b5084b4ad9d0112401f96dcbae34392d4f4793431f74664af,4,1,99.27,0.9346569611620789
train_02348.png,a7e2eccfdfe5a1294d0f1b53d3c79f56a529544452900a8cbe91435b3246301e,4,1,12.8,0.5806098164133259
train_02349.png,1a8c443600fc46214c2c7b4ea3971c203516e18a15eeef65011a7b583ac4748d,4,1,182.0,0.9196250813347275
train_02350.png,f6d77a4490b29c910c91fc8e3a763439e3c5352c0e76f9643faac50f04cb45dd,1,1,329.46,0.389165424538175
train_02351.png,f441872c258c04abc07447bc697816195ae6e758323a5ba369e090d69e88f034,1,1,11.98,0.5703159304135159
train_02352.png,9685635f599e1894d17d4d39be43c7a705cac9834fa6519b6b9a6193b2297c2c,1,1,133.85,0.9552256993384775
train_02353.png,f9560f9783f982cc27e63aef654b69edcfae9d61bfe12535e9e68cc1cda2f62a,2,0,315.0,0.3879083181163161
train_02354.png,8728e4b9f0fa5d426c24ab378dffa945a7bafcf16730f00bb6296f9b610e8e8a,1,1,132.59,0.9551421431516021
train_02355.png,ba1732fa1e8f86dd3829a9c171051df79d9ffd431f890b2ecbf3b9b9ba972197,4,0,22.04,0.6394767434993107
train_02356.png,c14d972f1d06f0de33e9e508732065aebdf7b8357b61c319b607a00651de27b3,0,1,88.85,0.9239337046401809
train_02357.png,7a5c50cb437a70427499ec668611ef886fe334dd9045c345294b5c5efde436f7,3,0,51.21,0.8098814302255971
train_02358.png,b7e9bea46530afa66213616f545420dcc246c0aa6dcc5261c5c00b7bb8ed1ca7,1,0,129.62,0.9547981822221013
train_02359.png,01377f53a9132972d2713c482126628c8313f4a1b00a4faedea4bd975ca1a1fc,0,1,243.84,0.6642691498603246
train_02360.png,9936941caa71adf71c4c457b07204d2bb0c71417cc5f8871ff25ad3c33497877,4,0,296.64,0.4023694485254051
train_02361.png,8c1a9a10bc71a76cf456a304129105435e8c216a1b26184aadc267faa4d5f737,2,1,191.58,0.897883702002477
train_02362.png,1d8ae1078954ab0bc740262fb6e5fdab0b26cd3acfa6ac7364ca74fad81431d2,0,1,349.79,0.45486287202055353
train_02363.png,d2d625f1e8c3f43518e7199695889fdfaf95b0151c85b430144095f0eac7e0ca,4,0,336.5,0.40993169150779074
train_02364.png,ff1091f8f7bccbd6407331f74b30bcdbed4bc288b7dad701c3b3fac97c6ea8c4,0,1,199.83,0.8813740583126031
train_02365.png,80f7d117fd2b9971349916c025fb78b72e8dbb7b3d92c46f87f0476500892ec4,1,1,63.18,0.8587360029562671
train_02366.png,e7b5b20e31d02c4f060b10a7b4bb1a52f169178f076a47f1e374d452a96c19ea,4,1,244.87,0.6599808818642142
train_02367.png,0810c815b70fa5602f765efd8dab70953b75f5d36233f7d9d953326f6db3fd49,0,1,130.13,0.9537532632588258
train_02368.png,838cbf1ebef5b51f59cbad372f312dc5d238a5399ae38a1e6b04ae92741f5a3c,4,1,36.32,0.7287484711065141
train_02369.png,22ae69a09dfa0302359e20c2cd9f23d23dea59ac251286b773de755a789dbb99,3,1,139.24,0.9534746977801649
train_02370.png,9f052784836cd54d72ef12bbd33bf1e414c561902168eb544bc78ccfb9d98401,1,0,353.07,0.46485916042109793
train_02371.png,c6fbc7fc68f25c96c604af2bd66b676aff556c9b0c4ca6f2eec29481a606505c,3,0,138.22,0.9535528355220177
train_02372.png,72045f333301d04386899bfba62e20086dbffc2bb932ec61ff6ffcdcec093864,2,1,255.13,0.5926111336641601
train_02373.png,2ff5a243d1db8fdd3a4454f3cb4149f11f2b6a031094a0aa8e292b6450c87a58,4,0,288.05,0.4267301593578535
train_02374.png,23ed0d2c40b99a1a8901dda01271634100b65988d1894518932e4c85d99c094a,1,1,301.41,0.39146852130473586
train_02375.png,aa060398bd3cde380fecfc54ea289ea43ac2d2bd1e876ee8cdc451e447185fb9,1,0,71.67,0.885980407280828
train_02376.png,66a5e2251940cf51ebb07bb38f178dcb00ab81f8d84e9082dfdd23f16d76b081,2,1,147.03,0.948743652767346
train_02377.png,153941c4d2a89d322bdaff38d2cc097aa575ccafc72ba11c6e601b965db39df4,2,1,280.88,0.45636661856378197
train_02378.png,2c6c5380ee6eb3cfe37a938ab04b7ec86545990ffba995e15793ef30c241a0be,4,0,283.84,0.44197397446465037
train_02379.png,c5c7354d1f47095889713bf3753f104d9af415a60ce11cf23f7fa2a4c969e4aa,1,1,291.21,0.4172460594241793
train_02380.png,a02c4813a86e2e389b860591e6ae87d4e180eddc5e04d1ff55bd97ebd5ddfced,3,1,15.45,0.5985115169114583
train_02381.png,e3bd3bbb754b068972e5c32d679f6342ad5a0ad5333f40f55845175585d92d27,4,1,357.09,0.49056996041965517
train_02382.png,12f56e22fe588916bfa73a43699c8767652eafbaaf6fe2f852a8b04be9a41345,3,1,347.56,0.44834045350992235
train_02383.png,cd5494a5ed8e3faae111f9e6f0eafa5a8144d6503482cf7133dab074a38ef0b8,0,1,59.62,0.8483138068756348
train_02384.png,7ecb30e2d337b0302532f6842afda2dba36ce3408856603461af662f87f4690d,3,1,13.74,0.5877011676697288
train_02385.png,1fb9579ab043fa552848a70455d040fe88ff66d36298ff99b9c32d7057cb0a31,1,1,334.17,0.3986397315389764
train_02386.png,e5151767fb375c6ca6c3d4cae053784e4576e6f8a44cfd87dbeb992558255ee2,4,1,215.15,0.8249854749205766
train_02387.png,fba5fcb339891eff73786ce9c67ce13dec0b5f526dcb53868acaa039e6860dc1,2,1,68.87,0.8770362192867791
train_02388.png,b9934ab9ccc938aec80d7393d7a4c737dda855a564ccde1f5fb98c2292c85ab6,1,0,82.4,0.9118017219147748
train_02389.png,4cedf06d5fa602d4fbc1ae53f213c2b06bf5f1373361a775349dbc047db563ec,0,1,271.77,0.492065655901202
train_02390.png,62ef353b93f0be28d7dabe5aa4ba1393f857428ccf01455c27b913604759160d,2,1,105.42,0.9398767543788583
train_02391.png,7f43abc1c09c1ae434aa920719cee2710be7e8556a05811881b62886a56e4d30,1,0,311.6,0.3790149742871408
train_02392.png,0eb0e0b581ab58a73a4c9294846eb037485a92f662c5debbdfe73c66aebc4ac3,0,0,46.22,0.7880586104662863
train_02393.png,e5bc01327fd23eb9100403c93f0cc2269cb37c1a0b5cb3040922db08aaabbeb7,0,1,9.49,0.561370137848809
train_02394.png,896030a64b7dda9a830449ac80c1a4363e95778104fe812dbed6e5c457714cda,2,0,201.85,0.8701942833744319
train_02395.png,6b538dd9998e377bf187de1cdd1cef65155c2b9178573af7661c66727cf48761,1,1,124.12,0.9536035893244879
train_02396.png,95480f61942e589abb267546b9149ff68a458e8172e587148b10daa21fc6fac3,2,1,329.93,0.4031158530348479
train_02397.png,993ebd174aadcd0995f8438763f97adfcf68ac1d38aff87a615df8a3d769116d,3,1,162.67,0.9443098436441913
train_02398.png,37a1b023a3b755105bc3149574bec27a55e1bb8c02201a14816ecf719bdb3dde,2,1,122.02,0.9489307263334704
train_02399.png,e173662803dfc0d92e9e8ba6aa88e20961fe6bc4120fe1f9b715c27753a2cfa9,0,0,239.33,0.6932674153287569
train_02400.png,8149a5814ee90451147e718def0e819a5675dba3fb1511bbf2df3f8c271baee0,4,0,341.41,0.42458621593636636
train_02401.png,6792890713888baa3db9ae994affc8d642d12da05b63e114811f9547859c4ce6,0,1,171.05,0.9362273078348278
train_02402.png,16062bd7885a1ae2ae69925e439cced96b4b6a89ce523cd136cf027fd73c0f5d,0,1,259.97,0.5600889298024336
train_02403.png,f32f2fbbcc46d0a82dcf9f5ea78cfc7cf174172889760cb56a82e2e37ce1deea,3,1,271.3,0.5051119207591204
train_02404.png,2947aec3a14caff94554290de115323e6dccd9356cbf5582c3598356256ada95,2,1,0.75,0.5191635543403278
train_02405.png,6fe45555ea899f1e9d981ac5ad1ad7171317b7ca508709762b84d8d258c86c7a,4,0,315.51,0.38120548665717313
train_02406.png,2a529f35255238d0ea90e584326cda0d2c11ed531ca9e21d08b20764cffa42e1,2,1,301.13,0.3984736037003437
train_02407.png,c865c2672c8fcf14277c0452b8c85199348d5273e4d7c811419f3c42316b3514,2,1,0.45,0.5175468785305616
train_02408.png,0c9dc6c7eef3c65127d653d92e363a0127ad78957928e4f5f30985ea82830036,0,1,76.13,0.8991522909513976
train_02409.png,f565678bb0d18cb65844e174ba3cea1139bfc1270d6c71a0e9c203f6609e0b08,1,1,47.46,0.7898795445235247
train_02410.png,44945b89acba9869ae9de44af1facf89c7803d60e6a4a8fadaff76dd6b7b7562,3,0,272.69,0.4978112871950819
train_02411.png,7f190fb6885869cf407564165e81381853cdaa2c3feffd4604e691a6e00b4d6d,1,1,280.04,0.4604702316624591
train_02412.png,b19253b9af0000a36b737e153312b7b31bbfac2f4148aace908901b7f714a93e,2,1,285.76,0.4378973088543509
train_02413.png,70ba1ede04f21f2c3bdfc3431e7813c78af3c4c642a61cf87544e0b1455e5cf4,1,1,74.84,0.8945366939645825
train_02414.png,b368f7e4f70567b72d7b8d4b1eb28c253968d094230098d6caf9f160df29f039,2,1,124.56,0.9496225721521028
train_02415.png,ee2138079979d2974c9c29881493924ee5426f22e5de9791f3ad3a4fa12ea353,1,1,214.7,0.8365085190780256
train_02416.png,4eb4872dc93ce14c630809f8b437c8974bca864c25fb903d17da95ca7fa5491c,2,1,326.17,0.3966882592181002
train_02417.png,f5c29b0637ca1f7a414130c439be0bd697dfc00161530574a0067797113138fc,2,1,306.16,0.39189251643118256
train_02418.png,5f2634fdcdd091e47b4bfeca3993017817436d4384626bca15d06c5e4b27e94a,3,1,276.91,0.47683699828453346
train_02419.png,3846e865dc5e2eaa7c7fdae934f5df5869a216841270b3eb38cbc24ea0faba88,3,1,343.84,0.43425299369555376
train_02420.png,3d6dc83e9e6f955dbcb118d243438f4e9ef9b9ea94f09806071e00490947ce2a,4,1,219.06,0.8073936068925216
train_02421.png,d1b5c56c732bab367ebafd02b24e8da79855c39e2e70fe19ad9f5f15de86ebe1,1,1,143.11,0.9547075556113889
train_02422.png,9a7cc3af73948556e8b5a733286bc5ac3bb6ea9ad62bfa05ff7ee1272437bc8b,2,1,106.81,0.9409709210759554
train_02423.png,aad4a8b1cb92126222b6790abcde4551b870f5dfc7e9aab1842d94085193ea4d,4,1,352.18,0.4669208300101579
train_02424.png,b3540f486160756b78b3ecea706ad70405652b9170a4f03e1cfa3ad5f4a7d4fb,2,1,303.86,0.3945132845310218
train_02425.png,8a60c478a0c2514e41627ec9a816b6039f6b128d680f8fc561920e89523f0d70,4,1,318.68,0.3820134878282506
train_02426.png,20ef7c41ba2f11c7c598a50fce8876a7ef226847e5a1179dc995c08d5b273a13,1,0,228.63,0.7688731840718344
train_02427.png,8fa1270095352e24a8aeb021e2405d72e289d1a15b5dd3f259dc5e44a0f313f9,1,1,101.28,0.9395323244399238
train_02428.png,ad0591f9374c73374e980231c4666938fa1df3440d352100b2cb0e446adf1b80,0,1,354.38,0.4762836354383371
train_02429.png,7eff6757af4423921e1bab4cb07b05082ef4d2359d1b694ea250001015f2c23e,0,1,347.73,0.44603539247094603
train_02430.png,104a1ae7a576cd727984702452fb34d26ad0bdc09680fc63460e5c83a5bb3325,2,1,79.64,0.9039840736105138
train_02431.png,ac1283cd57da92772bbf5b848f6c0bd2c75e8ad0fef6a939bcbc3040c6e344a1,4,1,245.79,0.6540876843503175
train_02432.png,ae0f07c054bd6e66ed57ee7e2ac49f4508ba0bb1eefdaaa9a9e4b66c8ee22497,2,1,59.05,0.8441407679027607
train_02433.png,edbe4fbca3f2f7e46658a57a34aea64ed4892d2e5df6403f86bb4720b2597fa8,4,0,261.53,0.5546792895254387
train_02434.png,9f0442f0794ef6bd2375efcefd9309d2a1dd62ec4b0f22dfd780ea18eb466c58,1,1,358.09,0.48960169310825713
train_02435.png,1d25384441a630cd1474b630632928de7aff3de3bac76e382b6e9f5b7fe34830,4,0,288.86,0.42404378897667927
train_02436.png,20d7418c0145baac78a8e88d7760e652f1d0050acf49907b0b8466d63b02412f,3,1,312.79,0.384036774693064
train_02437.png,3ba5244757a6f89750acdeb0d2935ef9305190bbdd148b426d962297a921c34d,4,1,319.37,0.3823555644913979
train_02438.png,58a549ebe0cefc5582d433d2d90cc86aea3db25465723b967d8217f57dd21969,0,0,302.98,0.38527172742263577
train_02439.png,4600b87b0d7e1fba9fa0548110ef0d0727087c40348b460fe6df16d48faf01f4,4,1,199.35,0.8813163523930679
train_02440.png,d09087ef6df1e76ff99e70039a9c13346fef4f25891a463a6460fd56c5b9b9ca,2,1,317.81,0.38866476171419556
train_02441.png,e9be70a503a6e178a440a7ea528ba7fc17949218ab70f24bc8caea00b8660b0a,1,1,232.45,0.7471818948124055
train_02442.png,a3b645a13075e550c283c42685aec726e915ecaf6115e953cbb71ee70081e659,0,1,13.66,0.5877175792443352
train_02443.png,933d8d6dd51f2c72ff495b38f763c5afcd641b96f66ffc33b3bae352bec45695,0,0,326.51,0.38562403261307954
train_02444.png,495c2a4aa3fbfb587dd0f8fcdb250bdaf95414dfb5e19e89dacaf6a2ee946d15,1,0,273.16,0.4943479695656125
train_02445.png,a56df87005384829bc19e6aaac6452f42218beb0e61eae1326df14f3d86e4a2f,1,0,309.01,0.38092190481714844
train_02446.png,1f88c0289a6691f37b4a02fb8d0c77359c7746ebd54646a5458d41b1a18d6174,1,1,344.38,0.42890252517207117
train_02447.png,1ea5677623ea41c2afa50d4d640d8211e20af91ddda9bf31acf98923f91d42bb,2,1,209.3,0.8445315029519065
train_02448.png,c5ddadad8b127ee7d4be3cbd793044b1377c9f435e20147fd6b0fdd8604230e4,2,1,302.65,0.3961547965513005
train_02449.png,5d6cafab591a074161d0f5e7943027d2924cbeb4590436122f675b3bf5620dd5,3,1,192.0,0.9037636198013265
train_02450.png,27263d07929c549177ee24152e4430d2c9223e0c39d5596fc1f33ab9fe555852,0,0,336.03,0.4057130031452886
train_02451.png,ab008c04a888a4d3263c279fcbbe87f101c2acbeaf1ad642139eb86dcd181882,3,0,318.01,0.38398114990301946
train_02452.png,9a493a2adc00728ae7f5fffc39f33b46bfa0d0f91cd8ca495bde783e2a2fb43d,2,1,157.95,0.943555980202806
train_02453.png,86f32d1281b6fab8c72b51e2baec375e1c6d22a4f2e48f240e22fe5fa374dc57,1,1,62.84,0.8575054685434366
train_02454.png,354e95580d7a6370a60519b7c6d41dbd6486a4dfdb23f22c6b6749ccac818d5e,2,1,139.64,0.9504126039892037
train_02455.png,f82930d6c93a8e683caccff5762bef3634ae302832bb92e0783de88d9e92cf44,4,0,72.05,0.884947183767819
train_02456.png,37a98c995702bfcca470b4fe5e496db8f010b7a877fa7d1724165e9306c38966,1,0,333.38,0.3968521511251282
train_02457.png,169589c15488873114631299414befb84e41ae0f7b7fb36a0bbbec219a370a2e,0,0,334.0,0.4004633914754095
train_02458.png,895d17c0980ec9eeaa9a284c8943ac8ead88da3064303d29af2dc252d69ed0ea,2,0,309.65,0.38916552935190313
train_02459.png,00f1e1b6bb565297c54547a37fc81c181a2d1f59d80cbc2bb60bf413a90c09c9,3,0,320.64,0.3852538365047782
train_02460.png,1b38b5f475a3a145b232b62fc023b4a48af9a799c4dea6c12c10b0296ac775ef,4,0,274.28,0.4842328423039404
train_02461.png,469ded763817b23d543f4db9f4b2fa3e86dcc37b9a8dbf88595e4aa0f2fd5c3a,4,1,25.65,0.6626377667151405
train_02462.png,18a341afcceb632af445e7c2bdefef344d624d1a37f8d0f8e5a7a2ea6cf4ea66,4,1,295.6,0.40483086978075966
train_02463.png,6c9f1ae50c8d8ee5094f7258d3b03b455be1f22c0c21256dd5d9337ca4f95db8,2,1,13.5,0.5937040722411583
train_02464.png,ac59c0b723c2d7526e2a0445476cb783190081dddc89debac1d4407fc0249c88,3,0,321.83,0.38611623807000417
train_02465.png,19f2258e5fc576a4b49b46544072232b6aec896b7cec65cc0eeec11b1d5d7add,0,1,11.59,0.5745356235449908
train_02466.png,8ba3075e996fc1409651208bdcc0a3ebd98134ed57e7059e63ff09c4b2416711,2,0,317.68,0.38860823713758125
train_02467.png,853563fa5d02221f592cfdc0e2ff72a3a9c7e195a6c5e38d2509a6b4e6851b68,0,0,352.39,0.46670642731737966
train_02468.png,39de589af8500a33625dc0e4c65a2ef9399c6f0027cfc9e463a871d9e5cfad1a,3,1,89.05,0.9227429655349222
train_02469.png,3072f8cdaf712308036bdd197996d5fbd90d51c532ba0504ca90e2a56508d983,1,1,222.39,0.8015096062854946
train_02470.png,3d7e749328a138b46833bd6eb3bc226966ab98f146378631d3948e8392f59912,3,1,11.46,0.5734700286583937
train_02471.png,a523ef961d93ed48ad98c0708c114fe2e1416c642758566806bc71e1a12574d8,1,0,334.59,0.3996226458202523
train_02472.png,21520021bb4f7b1d45d29a8455537b22beff003d93ea8d04ec69a4338e141c64,3,1,248.4,0.6442098915572476
train_02473.png,73f5722b831b03fc7407f63a88cbb102ff2db2901b146f295da7ffffc8492415,0,0,12.35,0.579354035366013
train_02474.png,50b1a5b830dce58793fdd0761e31cd9598e9bef3e7820d8b1cf599ca0b69934d,3,1,167.09,0.9407235475802149
train_02475.png,1ac0e949be44a349aed7a6dfc02d2ea0044759268dbcffb39fd52fb68ff7ad11,1,1,109.51,0.9465289054185272
train_02476.png,e78543810959f8ef0c5dfbf13f059bc297a53018400a4f0e323b64996b89c127,1,1,106.49,0.94424909229932
train_02477.png,36e0797c6b3957c7acc7354382365a507930ea17a1f44d46e23e1a8361723512,0,0,271.08,0.49570844162981986
train_02478.png,17654b5b01b403077a924812c2e37c5e624321bdde3f4478df0a9f5920a8ed0d,1,1,199.06,0.8899297829020876
train_02479.png,b209cd3ae0f1be0ca1d4eb4194b7734d3c733e3e34e1637fb4c2d660b32d45bf,4,0,307.64,0.38462092417761234
train_02480.png,aa602f563fa0714580ebcd1408f9ea6d666c2fca758d0ae89204bb5483f02b59,2,1,156.1,0.9446836530668499
train_02481.png,97e632d28fda8b6a08aae831539f7cfc919913adc0bbbf9a66bb91de406ce760,3,1,113.42,0.9476368452593233
train_02482.png,e3de01e47cbc5ce02056779c3cc7fb21fbaa8156d44edb5498bb4d943f963e2d,0,0,274.25,0.4793733865083798
train_02483.png,fa929f12fef54250c50aaaa31cc280c07d88a4abe69c814a1448bed71844613d,2,0,298.15,0.4038491044384543
train_02484.png,b29a000985dc71b35a183309441503d1c0294d2e13b6b436972d68310ecb3472,3,1,336.69,0.41194061703406143
train_02485.png,735db986c85730b1cdc8712828a9b54cdc7280d1d3842aad7de6fdc3e1fa9761,3,0,53.97,0.8224217737458027
train_02486.png,f8d0d7ac57ef8b6c651899c76ebdbef7a33292c020e8356489d6b989f28717a9,1,1,188.74,0.913811289785514
train_02487.png,ed5fdf114e1380ce6acc3a98c68c2a07c3f1fc57bc99ac32d7da02c77bbe44ae,2,1,198.99,0.8787553879255755
train_02488.png,6a650a2d87e79296f060d39fe1f7e3335903615e2593ae3a619a03a937a04305,0,0,342.17,0.4247567622863059
train_02489.png,83175ac63d69b33993d4434c3ae78883cabaf6f6cbd5aca96146072eafb41f34,3,1,44.93,0.7786497187652777
train_02490.png,fb8e5eb840dcdd765cec9fde7ee1c067f3a5a7c67414ecd19c02bda9b515062e,3,1,184.91,0.9177712051160507
train_02491.png,d68f9f3be909c8d82b874ffe593618c6c9518e2fe569ba6c50b5991fcf9a51d3,2,1,342.22,0.43625529020150333
train_02492.png,0aadfaac2858dd2ee9d6fd21c1116972e52854bac0c0575c424a6ae55d6a8651,0,1,38.52,0.7457472917497475
train_02493.png,c031bcbdd4ddf48d6073e9ef4d8de519d9444077d47ea93b6455805e80ebaeb5,2,1,307.07,0.39103629264896467
train_02494.png,4707b519d41a39cc638629ad87700ac2dc9c506f51224443fb019b5cc9d52508,4,1,231.71,0.7408864401059523
train_02495.png,64a99ee96cc58cd3451a0907aa34933c288c1a4eb91d72fb6e9a476a81898075,3,1,221.7,0.800623611458044
train_02496.png,9555d49aa58381a886786b5f66c787d90d3b869a6cdf17afc27d5dddb25ef4d2,4,1,317.24,0.38149100965448546
train_02497.png,c1ec28ab705cd2020306e207fd7c64eaa1399a48c9a360c71e91af49f6c9fdd6,4,1,12.88,0.5811092239483222
train_02498.png,b9d93da9b1d5132228402e142f6027f8793fd99fe347f88b423a35960544190a,0,1,224.54,0.7801930200557183
train_02499.png,9901a548314e61502a02e23235b0f126651a9fe496c611b6376317ddcb678608,2,1,20.94,0.6403362998718484
train_02500.png,595b353ff2379720ecba38150d35c6652577eecc4d3626c181ab976d12cec64f,0,1,293.7,0.4044340463076215
train_02501.png,6cd21ec0669edf4b347404c3a5c066ca7b9dc5a3de163474d474934dc2d0f12f,2,0,300.29,0.3998776887394248
train_02502.png,14d29e8318cc8b6ba0927af9e8b01dc4cef2e1a4d3ddc282ee9fdcfd6bb5deaf,4,1,105.34,0.940475060066841
train_02503.png,9812eeb3354b0a6804316d1b1d565bcab6badd21986fbbcde11c778343d7f004,1,1,12.03,0.5706312825680045
train_02504.png,5d1ccd0a2839c6f8291360dadbbdf039ac54011db0c43ce4874d3819d909e7cc,4,1,170.36,0.9351656407145547
train_02505.png,fc88f52ff25ffffe7b68bda7beebbcb481a078ee79b61fa9eb72393fc0a0baba,0,1,278.42,0.4595237816277188
train_02506.png,c929e7060701733042b3c6e1afb3da6434ea48bd7fc31bc6db80b3e06c9582a8,1,1,320.26,0.37885198603639897
train_02507.png,27c0dbff0121b3dd65b0d4aed04cd3bddd8932ebc42133f774c50c0f062e9532,0,0,346.11,0.4394475487863566
train_02508.png,6c67e9c43078baab199995cc412c387fd569d895b6d249f96cf817b513f774a6,3,1,59.56,0.8455518148224747
train_02509.png,1817cdfc2dfc7679dbebbd066d8d43c9c367a7ebdd3102ad9b4313d28b125873,4,1,166.2,0.9392295343657093
train_02510.png,bc2855b9066766812095db6533e4ccbba4d2decfbce0c3ee27f0e86dc33135f8,3,1,284.97,0.4422270050784879
train_02511.png,36fe8e5963055c4a9902060c6ebb952cee713bea319983ce05625d00b9b39a3b,4,1,169.86,0.9356913638936882
train_02512.png,60f89e06689e0daba295fda2bb1b0a2fde1a4f34f5571a9cc8ce8d055420e3c0,2,1,144.98,0.9493470405689277
train_02513.png,c36bc161a62cd4262961537295b52e853bf2a5095f025e4451bda472bb764255,1,1,237.33,0.7178521469586656
train_02514.png,855dcbd0b9353f765eb4a5537dcdfbc51fd1ba405f0f5d1f1b0f390fd03397a4,1,0,343.67,0.42637172453712
train_02515.png,2d9b600975c778ae01d76d54e75c65bce942fd484f0988f3418be86c47067072,0,0,342.52,0.4259844470464355
train_02516.png,d34fa2215b0e6b44dc75196a74f759956c76f5f0a8adc0bfcdbfe6792072829d,1,1,200.5,0.8859384778364399
train_02517.png,fb3353765e815efcc043c71a83bb2c834a904c4b9a24bed877c8ee1da1d1fe0a,0,1,231.41,0.7417952842556842
train_02518.png,51623b10dc52f5ee5bfbee4a1c4332c4c8f3010fde30677d7bf6248e3068ab66,1,1,287.53,0.4297911126167221
train_02519.png,6c773da8f24340453eef62aa40745524833f9f3862d0cfddc7885cfb34859cb0,0,0,316.65,0.37694723159016075
train_02520.png,c69288b52dbea7a20ed61e5654350b682b58dfc41fc6460ad66f0bac578044f8,1,0,269.14,0.5163919416011487
train_02521.png,8248388ca1e61e33608f964a350e7298ee62a96408a2c47f67c963b145407c89,2,0,298.22,0.40371024245377835
train_02522.png,eef727831f26352fa605c9220560c162c75bef9e69096244f416bd4c0acd3093,4,1,283.88,0.44181913775382126
train_02523.png,aafb976393a18f11817c79772c62e180cfb07c92de3319eb6a1ef1cc8609d129,1,1,39.7,0.747151599719675
train_02524.png,4177100e8a6b6c5825dcab631d9984af53ec376d1514b8e1eb271a1b911b739b,4,1,49.31,0.7991211022424818
train_02525.png,e79c6a7235e13216b506fbfbf43b0007782c1580c7721fcbfdea1fcf720a44c7,1,0,303.12,0.3884507087580954
train_02526.png,2f3c043be7355035c416c3418573ac7bd7fd0470608b40d7b900dce437a683ad,1,1,248.16,0.6483784858546009
train_02527.png,4acd5c527732957533a19060a873fcc378770e1d36329c384970f74b7a6099ff,1,1,130.16,0.9548761751380562
train_02528.png,d748c06528ce66f7b78e5ae6329e1e526337921af7e37907b0cbad6a261ec689,4,1,182.11,0.919444680443617
train_02529.png,b8ee3016ad917e88cdf8700ba695c64232c2762413149959ef962cf305e3563c,2,1,109.8,0.9430987155509077
train_02530.png,bb5d6c208b29b5ab91a000c3a4760c7c6d23ed3bb2f6d71762d135f82f8bd9b2,3,1,55.43,0.8287560398933291
train_02531.png,8972787274e66c422776b289b4d05c9081263bac38131c70d25229c09fd72796,2,1,7.98,0.5602239436330967
train_02532.png,acc034960f0f9a2602649a49d4791c6db0970af440ea82d54fb4f87e0edf2921,4,0,332.1,0.3993451064580992
train_02533.png,cca8e93dfa271764d43c6f5b897bf2b685efa34317eb8fbfc30bd9dec19bd0b4,2,1,141.46,0.9501301470573912
train_02534.png,af46dbe0833347c60c17327934a1d5452146e34094e68cb0ca3a9297802cc230,4,0,41.97,0.7610656309527882
train_02535.png,c2fbb1f6c5ebe45449563a9fad403ec9912736073c63f5703c1e919b74d812e1,2,1,327.04,0.3980199768494603
train_02536.png,2108bf9670f240fbac067eb7d43806919e292f2a2ca82066ffa0290d5cdda64e,0,0,311.17,0.3774439236152624
train_02537.png,4082e6372504fa2b5084b4ad9d0112401f96dcbae34392d4f4793431f74664af,4,0,209.29,0.8485889966279215
train_02538.png,5eb92b637678bbbe0ea4bf453209f896ea3dbbf3c4ac4f6432055a491a7e3bad,1,0,330.67,0.3913279426765513
train_02539.png,6e0bb9b94c5c6ab5fccc0968193256c685bd8e79d7e8e22cfdd049e6fb5dd82d,4,0,322.11,0.3843007537074077
train_02540.png,f2207bb904ed7c08d1e08be2ac014d5ec071430427d7e46011b0aae7b3c54fe4,3,0,347.56,0.44834045350992235
train_02541.png,ba171aef9fcaf6ade6c55bdbff166f016bf9759bddffd571a007ae1970ee2c25,0,1,25.85,0.6671025366097826
train_02542.png,104259b1815d555ce6d53b323eed5264afc114ae97853e83fe57752de5db2a79,2,1,318.3,0.38889659142493443
train_02543.png,a605d4ca76b2471c8c21383019c97f1bb20db3ff54da5a56e33ca2b55f90c724,3,0,320.09,0.3849155840865206
train_02544.png,05397991cb20b32947f51c957b2e55463a8a8ba319f7907b2bb4273579b33846,0,0,294.05,0.4035127956295126
train_02545.png,5f714582552a5183d1e0bad526a3e435da93c99767ebb5a492e03390af5ec8b2,0,1,228.33,0.7594996902679905
train_02546.png,b35f7eba4a04a0e69596daf0f79f41e00daa6307e57bda5ff3835126775da27e,1,0,159.18,0.9487718263232565
train_02547.png,5ddd6d8b08db644ea0eed3b72a8d3a79c77bdf69f23622bf0110cd1103ce310f,1,0,272.39,0.4984502973989303
train_02548.png,69e7a5520d74383c7aaa0d0488ca20fc2274334c946ed5e5e7b915b7bea18d4f,1,0,309.42,0.38056297435449743
train_02549.png,b02a7a0249e74c0cc39149defe94c9b892934ed920f56e54fc9ada089081254f,2,1,236.01,0.7116380420373923
train_02550.png,2f2ce019205b7e2e54f0db962f1738fc73dba10f3be5845320ce47d537699a7d,1,1,307.92,0.38198057878592334
train_02551.png,7991339f285340ce6f6c4d1f82f4ea725967d522c8c57283d3df542cbf5fd0d2,4,0,341.67,0.42544502871049233
train_02552.png,e81a2d4827d13ab4058b99a8fb9b026f3d2d765231439533bd9ea531c8dc51ad,3,0,291.19,0.42080149689460045
train_02553.png,5c96953e4acdbecc9dde081795182ab2bdaddecc460263abb0bd08053c435dd4,0,1,139.83,0.9536719170035207
train_02554.png,b3e58d847a451eac579efb183b6e2b982f6eb6dad15422fad8ced24a792854a1,3,1,176.25,0.9308303768536748
train_02555.png,ba7b628554441712391b60b9c55363a50fcee376df7c8eefd80ab22dd480e424,2,0,295.08,0.4105341676094305
train_02556.png,0824edd536c5a626803d5b3c3f29a08568c079ca2d88818cc1fda97e53664c4d,4,1,109.3,0.9435249708240491
train_02557.png,1ac017eef09fc7721c7e9e4c0f18c38a7e709418953e29fd1371088e8feef279,4,0,302.92,0.3903816681423321
train_02558.png,e96a3ed17c52b98865d52b91492eabf5dc85dcfbb786b3fc4e96805288e699d4,0,1,255.13,0.5906931832047987
train_02559.png,29a3f83dca6c1378150354367af9ae5e68efe488707766aeea5660bb12f9b586,1,1,167.71,0.942521283314415
train_02560.png,0cfc21c5a682a5181db028ece384ca400cdcc0650a1ad04e437e564c2dcafd6e,1,1,345.58,0.4333224924010457
train_02561.png,19c1ad2bf2a758c25cc4e096b9ef93c2e0f8afebfc328c0e39e1c51a2c7b3f88,3,1,253.87,0.6090233567755371
train_02562.png,aee206c7649ea4ab5b8b7117b5af88e02d1b23f53714b7fb5929eaf91fa02e10,3,1,316.3,0.3836212778419614
train_02563.png,63a524fbac3c4dd8c0a3c3a34adfa36a8ca7483cbcfe4b2c4947ef25064c86e5,0,0,327.9,0.38783897209316437
train_02564.png,cfabdd6e869d150f4cedff7122844979b03517272b475300fd583e8b71e9f56f,0,0,270.5,0.49880681998309073
train_02565.png,996c59fda8b0ebcd5a8ea8711be340a7357a5b6e994ec3a6f3ca69208b0d2c4e,0,1,335.1,0.4032431384904615
train_02566.png,81befe63360baf0be59cb4ece3a13bffb13a071803a7f7a823e15a0470be81ad,4,0,304.15,0.3886119320792041
train_02567.png,294922f7795a071f6143503394e1ae551174cb3d872894cee70d06560525fc47,3,1,320.92,0.38544068864202463
train_02568.png,ad92ec8d595a59137c479a788ac792fd9bcaa8376b9e92a681dbdd5043dcc715,2,1,320.67,0.3904368686178216
train_02569.png,ae983ecca96fc1b17a2a3f3bd03aa46e6e855df38da6df6c74d69a0b823d044d,3,1,312.24,0.3842425574107361
train_02570.png,6230df86ea9cd66b0e5fc4eb395d2ec8c4e174b105c557492b987f23113f5004,3,0,347.7,0.4489029573150524
train_02571.png,1baa042fae7b737b5c593ea7c6f98ca82037e6993062e0807d599ac911edbbc0,4,0,344.86,0.43665148084153677
train_02572.png,3280596cdbfcdedfd516f5a779c6a66cd74bf11bc4ef4c47c6c780cfad8c8b5a,3,1,348.16,0.4507674802460623
train_02573.png,ce4f45fa1091a9089676ef742a6fbbd56140b6205d6ae7c038e2d31b3af2f427,3,1,24.67,0.6577315154122942
train_02574.png,be910597b6ad76c779071a26735ceed40be02aa10e0c40e1b7e3fe689b04b51f,0,1,31.14,0.7009527791625706
train_02575.png,3d1fbbe92570cfc42ef2275534c0e3c33cb972dc3732b5979cc0e87aab3852de,4,1,321.98,0.38418727098791944
train_02576.png,5ac93ce5860714e4b26352d396be15c35074fe1a4c6afabf70f1916c6399da9a,1,1,0.91,0.5046569293878458
train_02577.png,9d9f2df18d3277a47588ef8d9300d7ca234d8d5665690728f33ab82c4035629f,3,1,210.1,0.8505323413138353
train_02578.png,51de588050c8bdacfae97cf7413c05040309980a7187806a63ece16b3a4a19b3,2,0,339.63,0.4277417040181838
train_02579.png,2fd38de342b3a7db727f7d8062586fc818493de5f1dadd0b2bd197d8bb505b31,0,0,348.24,0.44817422983731803
train_02580.png,5ba07beda73d89b57fe602b9e38cfb2bc9bfa30d61c10dd1cdb9854773af2abb,0,1,30.89,0.699378998080323
train_02581.png,6b3e2ba2bc844cfb8f1bf4b14fc923bc285c6cea3889ade0d26033e1e995706a,4,1,206.39,0.8590616775159913
train_02582.png,72aac276e1e512824583cd72572c1799b5c8ba3c44cb775e3800a67ab4c14ea1,4,1,46.96,0.7874629636023939
train_02583.png,7c8cee3b87e32862b2d3e3eed8c41c0ac5ce453934eccd66d31c6ecf58013e88,2,0,329.34,0.40199161278657114
train_02584.png,f23a8cebe62677d2dcac9fe916c580e1d66b1769ffe7aa64cbf8770ae258a59b,1,0,316.31,0.3777403161120212
train_02585.png,54af8c020e2c1a450e9e83baeae921dd034909f331f506136410a67d4f474fa4,4,1,123.26,0.9503406378457049
train_02586.png,d2df4318f8e990cf24b0251452b3e05daea417ac6bd3bf168c7f5ca692dfb87c,1,1,315.0,0.37781088933729967
train_02587.png,b13c3c8a02be01c012e6cadc9083b1726f5af127cbb51e5271dae8a6a6f3b41a,4,1,155.62,0.9467278534769112
train_02588.png,ef079ec1b9e6a0d24177c0d0b01fe8db4b219c6fe834a5cd47cb3449c7d8a2bc,4,1,120.24,0.9493374654023613
train_02589.png,1599527cd50bba9c71948553683786d6e465277cefe3d512d96f9e6d30389478,1,1,247.74,0.6511347480299086
train_02590.png,515d3776f147887a6696bb8b545a332948a54d34de5aa1d453daf31d8d51debd,4,0,353.55,0.4732614279304339
train_02591.png,807cafbe68709d96aee4122b35f0ca00eb7c6c0edda14922747c7ef51ddbf457,3,1,168.38,0.9395408297492446
train_02592.png,eebf1a82a015e9d9a75dc876b33c64041b49fbd3f0d04d90fc5a9085774922e1,3,1,234.32,0.7322531643400656
train_02593.png,381e0cf99567a6e6e3a51060f250bfe026e124299d6de218d234134e9de77fb7,2,1,356.24,0.4957107145753057
train_02594.png,4783a0230ffaf9344c3c1c01e0ac2f4ee5720eca4e02e440c7262e51547649f6,1,0,286.65,0.43304173976737703
train_02595.png,32217d36a6192022a801a429290de501b16d022eb365d3df92047c2c7d5d1b45,0,1,155.31,0.9487252314957633
train_02596.png,d108efd49fe266e794b39efd0bff76f706d2e1ef5af69a469bc589c6ddd30338,3,1,139.52,0.9534489306235473
train_02597.png,d7c896543343cd8b8c0c1db2479686d54355246f0563398b68a52b6e5864d623,3,0,301.98,0.3950767020080238
train_02598.png,c2a563793f02ae4c89b3d90d537371a933247adfebfbd95f3347277698a08ebc,4,1,14.18,0.5892610773489076
train_02599.png,f38f1bd48d6e59d038c387188b5026680f695e0e3c2449c1d55a41e279c83f3f,1,1,122.51,0.9531121624087021
train_02600.png,1b97659b952aec32e504e67fc9923ef58fb510f062915d9a85a7e53ec78f9d46,3,1,237.28,0.7144695827101565
train_02601.png,ea9acbcc24892f63d3104e14b0da4e9a7d9c75212c60e8d6ee45ce7a2540da96,2,1,300.24,0.39996401769301615
train_02602.png,d2307950f02fabf6b631d3265632649a539e795105b654df95ea3fa59681151d,2,0,297.15,0.405898933467365
train_02603.png,ffc8a207cc0b901e7ffdc0e17164da2a6f3cd550d5f1651ce077fc3336278420,2,0,340.47,0.43041454312983923
train_02604.png,b702815d7c3d84c3f9e8854ef6677e0db4c11984a82a612928dcacfd3caae24d,4,1,201.78,0.8741258037751363
train_02605.png,76185f7246af8bd6eba1a038b9c1b93da01434dd6b81c04d3853d82c90bbbcb3,4,1,85.3,0.914804598128278
train_02606.png,df310966c3f9cf3e053ff31d610bfd017f8d3a5cac79334ef2543b371d8125a4,1,1,219.27,0.8164215932821326
train_02607.png,a98b25d23e572fc1dfe69ca6bee1a53808cf07303bb83646beec3972d8908f4b,4,1,2.34,0.5185105464864184
train_02608.png,17efdfd485ec120e47b02775df02c5f64398ee1658b82006a4bfd1a530c8c5a6,2,0,300.58,0.39938307920008126
train_02609.png,b4785517c40a6ca2723658563b15a7bdb674d98b6e5d4298514268ad8682aa62,1,1,132.57,0.9551405186535348
train_02610.png,c56c038f67ac00b0f0769d7919e1afa8a23225fc5658f86483a6f54a20e9978d,1,0,162.01,0.9469690220020112
train_02611.png,b500c5c7a05a3f1c494df84b1ea5459f4e3bdb8ff232652d8504848710a27825,3,0,331.39,0.39953134539627416
train_02612.png,f33d7aa4dd54a84dd757d8bc3871ccb9155d98143c9ebedcd8316df8881fb1fb,1,0,311.12,0.37930374096470587
train_02613.png,50133308b871678ced694e735ee60f831de105dc78c485fa56f80ed795933aaf,0,1,81.77,0.9114518950211467
train_02614.png,8e9db392e301be41d62acadf04effa546a0e3f0b08f0c8b62cae45307678af4d,3,1,287.84,0.43175178174903733
train_02615.png,72895f971f76896c853baae2f356ac15ad67ddfa009ac47f2ba0d33b7bcc1f8a,4,1,40.82,0.7546837825003342
train_02616.png,d02ef1e6512bd08421b51d63b4d98d5a7c14601fd21c9b888a47463e856e8e0b,4,0,277.68,0.46803725210685876
train_02617.png,7553d82a72169df2e57ed33b275beb5b27deaaa9bccfaa4e894bd8bf94ab435b,0,1,217.83,0.813561961244891
train_02618.png,ca1917dd9458767a1a1c6da5fccdb48813aa14d9a287ee77cd1ac893a20eafdf,3,0,304.1,0.39174867277478187
train_02619.png,7df818d4c8bae380e958fc7a422bd8bef399f11dc63906fb481812245c8ba285,4,1,303.21,0.3899473530269645
train_02620.png,2aa828c509436b19095625c7f99ea9ae611430c4c65307b65518e45e0d1953bc,2,1,233.19,0.7283091459138814
train_02621.png,3f1b1ccbdde392cac1fa4441b1b104fb8d17605fa6baf34c7d183d60994c4c0c,2,0,342.02,0.43556923271828996
train_02622.png,4358afaf14d63ad3c72e0c6d79ab66388a7698da2e719e09c29d1898e1f76062,3,0,277.0,0.4764100627928104
train_02623.png,293fc383adf71103e6ec203cc3a656fca88668ef313d6b33bd1bcaa45a40626c,4,1,170.9,0.9345859606658318
train_02624.png,1d89210bd0ace96447aeab80525fb83e869efce8af9ea32f124d8b935af49a1d,1,1,30.09,0.688017943982983
train_02625.png,6e8c7d68b1ee2a2c23a37a37374113331c9cf6578b9f2e898673fca8bc4a9c92,0,1,321.07,0.3793137107830393
train_02626.png,55994cf985537037777edcf02004ba752da3162407f3f147a377cd85e751f687,2,0,295.22,0.4102040221746431
train_02627.png,cc5111654eecaad8ce7489ec26de74415f3ceb5c3a6074fae61f100dbbaf1012,3,1,310.56,0.3851072217621407
train_02628.png,5480f9ba03812eb6012ee4faad29dee50b63155e5288e19c28e7b30a1fd37906,2,1,68.29,0.8753268906862626
train_02629.png,83be4723f274b7046acb4580d8dc76069d54ba9d52dee4422d1a6d3a8ea01f0d,1,0,327.4,0.385915348569432
train_02630.png,ff75dd504df795541fd4b7a29308ee7723984a5a2a4278b91a92b0a64ac6678e,3,0,11.43,0.573284386625234
train_02631.png,c322830d326eb9a2e03cac6cda03589f000d7e73f1a7ea084ac977ea7d10ebbf,0,1,331.86,0.3954958080335623
train_02632.png,947c7b19498401f101657b4d71174ef1b08a54fa98b9a16347c4a2d26f001cad,3,0,274.9,0.4865972033809888
train_02633.png,64d6ab686b945208e3512c1df395dc776f121e9b2bdf04070a0fef3f58efacb9,0,1,204.76,0.8658616561503504
train_02634.png,b7bcaadf263af13ab9b6db3f7c5134f788e262379f6871602b36f06842b90b51,1,0,349.64,0.4495862986024925
train_02635.png,b6e1c0209fb718e133c6bcfae2b849af386b5e0732f7a49bc459426cf03c7257,2,1,183.55,0.9141859930660551
train_02636.png,6d9b3067d02d9f216e65d586e6ee3e869cfab30b5b86e19bfe6aff84c99a5e6c,3,0,313.24,0.38389675998924044
train_02637.png,aa81cf7439d64d68e973727a2dcb282162e5fe4757d4a3a27cd15b07c1d690ec,0,1,4.38,0.5304644789883239
train_02638.png,39ff6e04c6e11147ffaf7cbf6038edbe1adb73ac04d7f0bd97853ccffb58125d,1,1,237.74,0.7153162701723361
train_02639.png,f4f4f4b444833a0ff29874f0f80be258892802e2a75a19ed8712b6db6f31e3b7,2,0,278.62,0.4658451068082125
train_02640.png,d47647feea1c1a85f9da06de4407ad37f6463412332ee5c60dcf2b308590a0cd,0,0,292.49,0.4077385021695972
train_02641.png,c54b5e99aad16670b9d182fc0996bb02d223274ee3abb461f7b597124d97424e,4,0,350.42,0.45908009126409943
train_02642.png,59a1cb67dd72826abf08639e3a517be4bfa34c9dcd849f95718ac43d73c6ba12,3,0,315.6,0.3835802332937557
train_02643.png,5dd1158a4f04e8db5fb837051a41cc8aa3661617af36fc38bc32d63a064cce8a,4,1,67.14,0.8704362325989751
train_02644.png,351316bf32dce231d5934890ebed43cda58a77d227eb22986d614f3d2fde1562,3,1,337.6,0.4144267810740808
train_02645.png,3a3d2d97666b765c804e3fc12ba1eacef3dd89e47af8d743fb07cf2a0d3405e9,2,0,31.63,0.7067501250650774
train_02646.png,002bcc6599de3ac67c71315eaac2e186eec29f74fbd1dfcf25aa8048a444a881,1,0,313.16,0.37827948329419014
train_02647.png,2a84e3fd83a5a72e2526768b48e2078ba8a813fd22d06ed5622d4e8fe9fc60a2,2,1,143.1,0.9498045239004596
train_02648.png,f02ed12f73ec2fdaa25c41a0e62b01f1442cdbb57f0c75bc74be94a4d57c2cbe,2,1,265.05,0.5337839294394663
train_02649.png,1f8cc9d1cae2af6e6dfa07bd940b0e14674dd78f88fb4ddb02eceebe82965fef,4,0,335.5,0.4073135082801491
train_02650.png,31de80a8bd986b695943193fcafc3935dcf1f2e1e96b9af9745d09f2f2f75b10,4,1,322.31,0.38447946634452357
train_02651.png,e2669216d3999c29e9c272d79b4edbf869c86439a512b819a72d3455916fa15c,3,1,51.07,0.8092256990668354
train_02652.png,71d89ddbc83b111d1e62ff32485ce89c2e311939ed23275bdd19b1938f5e12f8,3,1,224.03,0.7890394883306571
train_02653.png,8f4c9ce3f4e0e6cde4aca2c06f07eb7e5d2bfb3d2a86644eec437f8935f837ee,1,1,307.66,0.38225553553925035
train_02654.png,59e7d1008ab8e10c5bc56be617737e242cd460aac4947526d6c0ee3b95e376d2,0,1,1.45,0.5136299715489677
train_02655.png,9b901bffbdad2edc0408a0422fae12b466753f077cb721e3459beda4b6d64fb4,0,1,158.86,0.9466515650180649
train_02656.png,280badb10aa6f7ce9fea5f6c0df261067def310142ed6667aa99e6b59dd686e7,3,0,302.79,0.3937381043837373
train_02657.png,9b4314b8f6fa0a1348bc9b855cf478c083e43116609a1a55a1e477ca04f8227c,4,0,304.24,0.3884898734163279
train_02658.png,11507d93c8feb7783d5fdeb9128f16c408cfa7c38b4c48b3a3f0d00bf60998f7,4,1,154.13,0.9474948553331018
train_02659.png,fd7d744fb8b850517a7a192e3931d51557c3b26fec4504dcbf8de124fa249e99,2,0,359.19,0.5108421619472372
train_02660.png,e439994a7b352fc2a67c9ded5c9393480faef3aa104f01fae2d5b4a25c99bb60,2,0,293.46,0.4145297908294897
train_02661.png,241f3dfcbb9809e3fdbef81a95b6a2a1baf789bc842d9b6677c05b976f8a212b,3,0,337.67,0.4146223242549832
train_02662.png,c8162d171124ffae22d29085034d34c40e07dbc24a59d6b7bbcfde46391af15b,2,1,86.04,0.9161646036130997
train_02663.png,0e2d2e78a3951c28e2f9a5eecb7c4fcc669fe0d78960a5c72d8613dee2f91f0b,1,1,26.94,0.6676466344282473
train_02664.png,f37a9bbccbbdf5ee0fd77e64ca57733e43d43ece4385db7952a9b28e9f55656a,1,1,232.78,0.7452525765511777
train_02665.png,3199fe7159e755ff9ae8e2862135840d5aac04f5fffceb5f21be99a38eb9edad,3,0,358.35,0.49817885298662584
train_02666.png,9577ff5bf2f4f8e63b8239bb6f9418d210333634094f0f8626696f868e1722c6,0,0,313.84,0.37672758744665197
train_02667.png,0a708dd4af12f344dc6b66b8f3821090088dad1c3aa7a741345f651da49d6de0,2,0,352.21,0.4764214444401425
train_02668.png,2c291c1871a2ff5552559ba72c60a5d7f3b5c88fd6dd923e00e0ce95b0ed1e2c,2,0,354.45,0.4869385789186854
train_02669.png,e962ed484a1c1b46cf8824c089f27e5c855a893118c6e25797e1a153fdf100f6,4,1,301.15,0.3932607281862147
train_02670.png,2480a8df89754ced9fe56f770eec0a9b369fae2e74496644dc96e4ab6d5fee10,2,1,106.96,0.9410849275356882
train_02671.png,4ed94eb581e3248d8fbe4d13af74cfacee5e2e06233933db4c6eb1f0e1906982,1,1,329.33,0.3889442507879026
train_02672.png,a393069828cd58955ed793a463962c7ab9bfeeb5cfe5cf4eab1da183c68ce1b4,3,1,194.69,0.8975442039790411
train_02673.png,e1def892a76ba09a7b623d3398e3facbd49096de153b6ece17eb51d6ba6884f5,4,0,344.75,0.4362445783938884
train_02674.png,63bf02fba7a265e671e9b3f9c54f3669cbfd43255b4e589d2b9a72723520eb10,1,0,356.14,0.47966605765589265
train_02675.png,669d72d772e09239992ea1b5950856855579cd4c8dd60ee7ea4e9deeac65e433,3,1,87.66,0.9204966276348526
train_02676.png,030420fc2e18b0a8ccf98e1acf836c7e0474f64bf14615dc7415a398982b443a,1,1,196.48,0.8966553326369096
train_02677.png,1ffd9f4d9b298f7ccc810b09e12552180556d1aa2663b938598419fa0fde1dde,2,1,351.14,0.47158446704070134
train_02678.png,136ff61b9c63f4f3e822621e1de902ef2023af568c952e210c04cf4a68851258,3,1,227.52,0.7707622685072539
train_02679.png,eeda3fa39012a5f9a499a81413db4ea5ad25302174800e8660fa36b076ba6fca,4,0,287.95,0.4270673710074878
train_02680.png,83ee658d60c2e0d54727be3a3e99cdfea3ae50b073cb786e5deee9cf5a62c430,3,0,336.35,0.4110383855731291
train_02681.png,d0493ffbbf775004052462c7a4b102e960fae0a6927ee78bd80e62778d9e1af5,3,1,144.88,0.9525925670758298
train_02682.png,9b093eff311bee667fb110250af1b9639a29808f639c9b4bc013a2dc378d0f3e,4,0,32.27,0.704272362610307
train_02683.png,da11970e3fe47c72f357bf1c7b90a103213db7ee385840786a7c6090031dfd1c,2,1,61.6,0.8535121950693751
train_02684.png,ced0c7cedb1bbf6b12d09c208a818ec929b860525d7276d7b2db6fb6a7ae1a04,1,1,22.41,0.6379635505354699
train_02685.png,3797f4c9e61fecddfe236cef851bdd05163864db0d2ce865b368e7ca616ca49c,4,1,66.66,0.8689059023516282
train_02686.png,b4ecdcf62a07e241ae5445f3493fe53f78a0bb96a2bb222693aa0dd8b5f56878,2,1,142.97,0.9498328174913624
train_02687.png,a1a08eeaefc9f0efaf7fd62b338d8ea1267d7435ebea24796389e43127c8fca3,1,0,356.98,0.4838968517688546
train_02688.png,d84fdc02f49184979c8b78aa7bcdea8181cb040d1935e7d3606254cbb6ee4004,2,0,334.06,0.4121888266903008
train_02689.png,832805974e16d1baff40d9bc342ba279e62b161113ea297f7b9bd38478fa4040,3,1,349.03,0.4543618302654327
train_02690.png,ec3ab90b32f0b1a3ab7c0a1bde84e677ca123c27a25c8efded1481fe9db92178,3,1,94.03,0.9299344166688202
train_02691.png,3971d2d9087b7c434b63025fa0a7abe0c725512e2e64b7e3fbc98fe80299fee6,4,0,275.78,0.4769357903722051
train_02692.png,d7ba2986ac3aadde4901a119e7dea74a9fa0629e1fc75d4b915fc75016e5e8f2,1,0,171.34,0.9390596052928024
train_02693.png,17126d6be32d6282efc502e0743a5dceb2535a8891ca463ada8c3a881d9e129e,3,0,270.89,0.5073005018407076
train_02694.png,c1625c3efad160da2abd0bb190c7f76ea7cbab8c7a2c9105b44a07a3aa9e02cd,4,1,278.69,0.4634678632187208
train_02695.png,ef2c428dcdd6bce7c08858e8c3f3aa7b5d1cc88c14e52bc323946f107d39a731,2,0,337.3,0.4207750462538623
train_02696.png,6915d06c754c2a45ec2f176e96d1e7f2c625a108b61243953439ffdff0414568,4,1,61.99,0.852928970424257
train_02697.png,d2bf2cce4c19a948595c35a743ea07ce661cb85fe47fa97ef39d4ca0c1fac1af,1,0,332.15,0.39422817322420983
train_02698.png,95d16abad83ac368b3198a2e2106301cd06a9d6a72128457c96914a7aeb30fd4,3,1,51.16,0.8096474569602445
train_02699.png,b0a658ad466561a25adbde470515c0e4aa556b9a49bfd786aaa175ed8741e3c7,0,1,152.32,0.950180102000607
train_02700.png,ad32fda87d5f6f101264a06a0039bdf9b9d14693add8b2e5118b445ff079fc52,1,1,257.48,0.587483329481933
train_02701.png,487383ae7aa1141304a519b4994f9f1228c7a04b69a71398c31333193391f171,4,1,249.75,0.628638037057925
train_02702.png,a590e37b7de4f07c428a3492a2b86b903e2fe34287c7c750f489e6b93a069a4a,1,1,338.67,0.410345221280498
train_02703.png,f9063a2c8af34167d9d82197a60d20df7e7647974eb60e22a8bdef4d33a62d8a,2,1,261.43,0.5545821125240222
train_02704.png,cb868bc5f4a3387253744991b256f836cc961ed6c6ae9b043a5b8889dcbfd415,1,1,49.1,0.7982063576646102
train_02705.png,7e1414b0797f59f33d92d8392e697d674fdad78bc796a34bdcd0aa6cf023f925,2,0,295.43,0.4097133298790965
train_02706.png,0f0d9b52ffa73eb80b363ed6ea66b1cf62b85273ba37cd8b6bfeb8b279466fd4,0,1,18.6,0.6197398146837497
train_02707.png,75b587cd9b7dc93f6ffdc911cb8ed3edf3c0b9dc8487aececc6a12daee440b24,2,1,3.95,0.5368660468729728
train_02708.png,1d281cc1f9a486eb6465649d791e536638210bd504f013cd8f341c85a0b5aaa3,3,0,285.98,0.438426706214161
train_02709.png,5824fad4d6e75002ff3a5a4a3e2fb6d40d0cf2dfd935ff983a307d53cac44c02,1,1,205.34,0.8712066865926102
train_02710.png,de196b6bdefaa9d59ba5513382ca5b8388032f60425577ae850caa726ea403e0,4,1,319.59,0.3824771291125121
train_02711.png,26a8e6eb745b1e55378e77ab041ef0f55a6f6f570d9efb1ab20f41921bda7c3c,3,1,96.35,0.932860493913711
train_02712.png,033e65bc472fe22cb21e7a494604ecc44ed5a2e34aa7e7b7521273f81c795982,1,0,263.81,0.5477738684841779
train_02713.png,5206c15dd7786e95e9c6ec28054893c130cc5d6fec3b542bb8478f0cc5a448fd,3,1,300.24,0.39823254290602594
train_02714.png,fa9c16d0a5ef1ff0e68471bc3c15e7db3f8757ede40ee8f8273299b5386e43f3,1,0,335.49,0.4018049589317701
train_02715.png,d412483b809676e5f8d76ed674bd36c247fecb8ead62bd7a923512fa0ea613b0,4,0,102.67,0.9380956525991766
train_02716.png,eee09b5c3142d14032b31646ad9f3d385e3a97a569127d5d4faf608ae709de79,2,1,98.39,0.9332263598339137
train_02717.png,d62fdc3d09b2c832808f50562d9d2502e9c93b1329027544444beff1e6d9660c,2,0,322.4,0.3919997684377572
train_02718.png,9d91f7c687806aef6b37127518a6ecaf6739b05822c33e8821d141800f0149fa,0,1,324.6,0.3829807796942308
train_02719.png,1431af4d9888b602605e55e75c57b8d73e5a9b96ae817c35c77f8e40ecb8316e,2,1,130.17,0.9505697676784297
train_02720.png,96e0dc7cba571bbe9cd69dc2c33d9c4b80fff7ccc0cbaf2a85f80a0b043ef610,1,1,81.97,0.9109297117762462
train_02721.png,7419eb8bbbee2c9c7ee20cde7c6cc6e499590c94deeb6f0829d2e51f006425d6,3,1,303.13,0.3932009278185663
train_02722.png,7f68e098a1f0ffec97cbb3132b5222140972e6a4135d81af4888efabc15b7df9,0,1,320.44,0.37882530697935407
train_02723.png,ffedbb81e30bff53a571d260ef66f406cd27c8d39c3dbc8dbe9db06b905a01b4,2,0,251.08,0.6178656307120736
train_02724.png,8972787274e66c422776b289b4d05c9081263bac38131c70d25229c09fd72796,2,0,326.25,0.3968068058314869
train_02725.png,c3521ac93586e5a93a1b7e225821d22af34edddd6ef131e10b5ea04bd00d83fc,4,1,134.76,0.9520407995351967
train_02726.png,ee67c390f7491c385b80797bd3f3563a451c2231a789e9b7a312699212cb8802,0,1,348.78,0.4504724388781615
train_02727.png,f45206b804c7707b0ac71bc8cd196ec79c844d0e26c1ad78b0c054b64aa93d6f,4,0,325.1,0.38749395121794283
train_02728.png,a8c73fdb533c9d03d002e500af03021d3e52a16f97f07cdd909a1719cf15851b,3,0,168.85,0.9390938396291271
train_02729.png,4e1b4e62d116385d17e38e5b7db85ed698f9f494da907bf4cf617b17b2a9a091,3,1,67.29,0.8726358696332622
train_02730.png,a6f11d3572662fb91235dfa72e54274f2e1181a71d0862768189d721d49099e5,4,0,157.05,0.9459289417697767
train_02731.png,2d11e5548f4e0ee76bb0620cd02f4c0fd9bb8e6fb881f24fd3803b19e2d73e4e,1,1,258.94,0.5781426973193574
train_02732.png,368015b144fc75d0c14228d81c0f3dce242678de195f1f967442a078d261e22d,3,0,108.33,0.9443324511382835
train_02733.png,a16f705a10c1409f67cdc4d2951acd5e7155c84cbc522cf9acc178a4ee1bac07,2,1,85.65,0.9154944181751097
train_02734.png,afd04e9d404f924dbcfa8373637c2fc3550d978f90b5d91476e844e7ad18dc4d,1,1,220.94,0.8085597565684619
train_02735.png,94055644acd4ed83e03f66c2d3a86cee14c0bd82aaa8cdf229e2fd50570d8961,3,1,73.99,0.8918232815095809
train_02736.png,264be9cd023d2bdad5db94705fc3a76ea1f1d05467219e531576a5642c6f4cb1,3,1,149.29,0.9513552250602206
train_02737.png,8e7d0f955a68df5b783747a7b7cb30189fe7494b483d4389332dc77bb9198fcd,2,1,33.44,0.7175828503612904
train_02738.png,b2d806c79c31ab0b9287536707b8d824ec83cab15da14fddca9ed9d20dd08f76,4,0,284.41,0.43978550137614025
train_02739.png,e353ba52551e5c4d1feaa79d92b679a9fba94048578eb4f325b534f94083e409,1,1,260.81,0.5663236081876509
train_02740.png,fa69b3fe3ec446fed7bfa989971c7e2c786342ec2d915b22cc19d0c98be1dc11,4,1,272.33,0.49406461941976726
train_02741.png,22cdfa8590e330616ec44fb357314f4805ea7fd5b57e3e9a0ecdcd441fdd86c2,3,1,353.44,0.473917679293388
train_02742.png,1c9ae77e010a2a2bdc8630a89d6a96fdd6d739d311ad633696c2c26b217fd185,1,0,314.26,0.37794745230626414
train_02743.png,f020b2124104e094c2176c957c86279110b872a3c34a2a99d93db72d65fa2dc5,3,0,339.45,0.41980061678448705
train_02744.png,1b25338dc430e763be14098a8185adf00ba49df1fe46a225ca3aa56099357f72,1,1,99.39,0.9375537584745275
train_02745.png,7ed6224a97ba0309e1d3cfe79693f4e5df3a8aa6590684290223a385bbe4a6bf,3,1,73.54,0.8906506024492028
train_02746.png,b0f7b98faba7307616cd957ab359b30013bffbbf2f97f088393b03d21cf49e63,4,1,44.86,0.7766186337791925
train_02747.png,7cf100af76f1b082693d6d2b85ebc80cc01f63ece679d0dbf1ebe06228e6979f,4,1,150.14,0.9492337636709104
train_02748.png,94d8ae0564a9e7d601b5c9b252c5c6390a102114ac2160f0c648c3927c37bdd3,1,1,256.77,0.5920564171741669
train_02749.png,ebc5add6bb3aa660b61017f8d1a2a74a779c727cbee8cec19a904df99ce32ce8,3,1,159.33,0.9465747247566929
train_02750.png,1785e66bce86290c78849dcb3fba96be50f2c172572e983ee104acf5d7dc981c,1,0,354.79,0.4730262543562516
train_02751.png,0196e6df8e53f062f2325a95596f80ef0377be553d17a399b273116ae1d3de96,2,0,326.91,0.39781503282137803
train_02752.png,4e6310621f058f5b266808ce11feb78b8b47015a969c620a8fe8258661a01f46,0,0,351.78,0.4638587031394382
train_02753.png,b63a2831b1b7ab13ca5323fb0f0acd5d01175275f2f9383e773112646902fccf,1,1,37.77,0.7357509596183898
train_02754.png,89bed56c9cc2233e4bba0917e5979cafeeab02921a92cdf58abff871145f9d11,4,0,96.13,0.9310416442663858
train_02755.png,a50bde765e219531876fe7b7156b8143dfd5dfe3ce0538ffc8f0d0f1a1481cdb,2,0,334.19,0.41250853690870787
train_02756.png,de0296395dd925fa103e5741b84878d592c4fee7fee840d45ab337a47ddd9237,3,1,164.06,0.9432570874399306
train_02757.png,f8de4bacdd2d4538e920398b87dac1f369e51063209522616a8004279c8e310e,1,1,93.38,0.9301988682448572
train_02758.png,c031bcbdd4ddf48d6073e9ef4d8de519d9444077d47ea93b6455805e80ebaeb5,2,0,353.66,0.4831699380927079
train_02759.png,ef079ec1b9e6a0d24177c0d0b01fe8db4b219c6fe834a5cd47cb3449c7d8a2bc,4,0,310.18,0.38267352864654175
train_02760.png,fa911a998d1d9d2cf891a43765eef747b8ecb9a9173003dee155ef724cff205f,0,0,353.22,0.4706479669865901
train_02761.png,d0665910577eb83e80fb9dbd7334fefcd54262b47c4aa25ea298607d72ef9919,1,0,89.54,0.9245581516893074
train_02762.png,275d31847c36f1224c2592177c81055eacf06dfb089875c17b0d144c4adf8435,0,1,226.83,0.7678400961823634
train_02763.png,06a5d8b0fd392fa4e0ff1e355bce5a0584f8428c43a9558d739c881f15db4682,0,1,40.04,0.7544982934683393
train_02764.png,6a607d50c5b660672e5d3be6d4ccedaff1521ddcf82a6c809012e7cd6874c2e6,3,1,35.81,0.7272669952138161
train_02765.png,e74d6f5c0854251cae764531f5cac4745816df1f6b78da05bf00295d4f27bba0,3,0,357.05,0.49151327386644383
train_02766.png,eeae496263d8ef542341abd74880d553a88b456aa692565f599b58a5b15008af,2,1,214.54,0.8234253458442812
train_02767.png,2a5a582eb3acf1c6d493f9a629b7895a812568ce27b0f64baf62fc9071b4c7ff,0,1,100.0,0.9381232563802339
train_02768.png,f945d7001149e44753f8d7071d8e7279978de168a2b5a96e48115c8c9771b4d5,3,0,281.03,0.45821217620099747
train_02769.png,c409ea06ca8d373f921e5fb5ca93956ca2bb37941679f245ba313bd171c2029d,3,0,335.36,0.4084940345932952
train_02770.png,4ee8f8205ef3a5f9cffca5abc76441738b52b412cd60c18ae7260c8d31d604fc,2,1,185.24,0.9111010545717224
train_02771.png,54558647c0bcc584276e4bb187f58df05053b4dda420c5b20d4b017b87b76ab9,2,1,303.25,0.3953181782413655
train_02772.png,059115d345227819d750c1ba0646b67a0eb39c24dbd9ca202267ff2830f292b4,1,1,142.07,0.9548657826923506
train_02773.png,4eb73ce595f2d983419b93b2f9d6c27d65aaae2831bf63cb6045e88440fc7c15,1,1,23.63,0.6459805047206854
train_02774.png,62edaf1adc4d1ae495349f745ff5d9d974138dccb9f79382869d0d40ec3aae9c,0,1,175.8,0.9305218632968295
train_02775.png,06efbc4d6dd2b3c5484859788e8a2e78bdb8b958a6f04989e952c14d8ae1fe1e,0,0,312.1,0.3770920906202251
train_02776.png,9ab0f19d3315a2143226a2c83be321397add5964df619bbf0204c5a050863dcf,3,0,320.81,0.38536610348063083
train_02777.png,94ad041e0661d9b033defa01991520a708f53e752beb416456febd2ef29fc5e4,2,1,139.66,0.950409947395438
train_02778.png,98ab70ff5217631f7deac4c5028ad33150db0c53c5f42f698f4693bdb5715796,2,1,327.43,0.3986473550479285
train_02779.png,187b2089eb4f5a04985e90c5849a39d04bcb1b51889b2d48a1a1e47e8271d62a,0,1,10.97,0.5706249885960991
train_02780.png,39c298c6e886852fcd8126ed52fa21e0c27445318f0353794a97f79d77aa9f4f,4,1,81.53,0.9075595343140548
train_02781.png,c0bbedebe11f4839f809c029e3ecab9af1a70e5546877dcae90a97811fd5abad,3,1,32.85,0.7093345414333403
train_02782.png,76bd8a6038de427a902e25b4d6f4f7a8f3853bff824d8a8469a626570520402a,2,0,322.92,0.39254190457404287
train_02783.png,f64c196e7c23deec97a1dffed62571f740075e2bdc9572e8d7a8f66534dad3c2,2,0,126.33,0.9500066478691835
train_02784.png,add1c7a54d156d5eb86137f58fc909a9963f0b80b6463749b234a169296b5009,1,1,67.74,0.8741831592823209
train_02785.png,ca2a47af4d4baaf33e4a27dcf31fd51aec53039b7fbc5826f5555cfce50d4746,1,1,148.27,0.953536011144567
train_02786.png,98e5e89c68fe5060029c527990393f0bf846e322feb3dae729861514eb9e73f5,2,1,153.52,0.9460800732331394
train_02787.png,9eba55689e57a29758f29f5c0d83ef92295ba7028bbe9c7638f6897e0adec64b,1,1,349.01,0.44693180118729436
train_02788.png,a14d1d51236e28f1058ed8a35d2d8fae5ce073d23b826ea558b493eced7b079d,0,1,13.21,0.5848368166927527
train_02789.png,8e4bfc8482a28514a67b9ae417b69600d7fa4eb9aa248c7e59de83d8080f7e21,0,1,90.47,0.9263791823516498
train_02790.png,6fa52d78f8b1f8dbd31f2b09aa8ab63a72c9d16792efe0355e22a9fc57299f00,1,1,338.95,0.4111589908971963
train_02791.png,9d0f235298f6af50892b929a45a97ca60269706a0c3f10f2783b7154c92c2529,3,1,242.0,0.6851441335761449
train_02792.png,2f55b4034bd471970fcf394b214317d3c61d8626db031407fa4512880d7b385f,1,1,11.85,0.5694966210252869
train_02793.png,99afc48f068613c581b71363e895baf414482ab5e89e658bed944d175957b5c5,3,1,53.88,0.8220245121137921
train_02794.png,a46a0ba331502274332d1255be5441a969cb85a2366608b12774517ee35078c8,1,1,234.38,0.7357820026313878
train_02795.png,6f9387e686015bdeecbaaf2df718346903461ad530ff7d56d8cfe2bf4c455ee0,2,1,182.63,0.9157930680587758
train_02796.png,26f24e2beb12ee198157743a3f6a2937b0ff0b448872b4a9b74c682b5913e91e,4,1,22.35,0.641470167235448
train_02797.png,db3901f710a3b6a0c34085937a16b915ce85179db548f27253d4d536485f8e5f,3,0,320.04,0.3848867249598496
train_02798.png,055bf52f635c7a07e21635770c8d7ec3e46531eb6054b1ec9d4b1ee72cbc540f,4,0,305.86,0.38646611630490313
train_02799.png,fbd10455ad201e6467303cdead04b1eed805fb4abca44f1845d1f1fc1a5e583c,0,1,152.05,0.9502989291797046
train_02800.png,b70b961ac8e090c9ac3eec5d07327e61d9a55b91790d29adfea59f21038ee2d1,2,1,331.85,0.4070720943978382
train_02801.png,627e579ba50d77b7d364bf0bd367105242e8cdbf5bee290f4c96af04f49c7790,1,1,359.39,0.49644401479605355
train_02802.png,b0b111252bac5dc11041cb97742d63bb08454593e69f36a5d8bbad20f0493db2,2,1,184.58,0.9123266109779138
train_02803.png,82876bf5d1aadebac1c0daa97829df5a9b30c1c8935ab355169d25ed60f9ad21,0,0,271.96,0.4910709265760767
train_02804.png,9b09af857d6807906ee20e6a81f88f3e4318fab122e0dd4fea0f79d0d7239076,3,0,14.16,0.590346623800394
train_02805.png,5049d16ad0733756c194cfe04b2b368606e1ee85a213d36d49f3bb970f324c99,3,0,342.26,0.4287776762314496
train_02806.png,f36e13734190d079bc1dcd4bf6d94cfb72e4d346589460a5a181221161cd9bf6,0,1,231.85,0.7392061509984583
train_02807.png,cceeb4b2bc18abeb757920974e88ea3b22a4acc364a5e3ca6d7854c852cc86ca,3,0,339.86,0.4210493879158172
train_02808.png,a54006a04cbadb227b2ceb72dca38a87d1ec2df0c921dc90b6e8e1a137c5d682,0,0,274.39,0.47867608125605554
train_02809.png,696644c3a99ebc7dcf9999523fb5b54238d012b77196625d3d38c2afa996609d,3,1,272.06,0.5010971353283045
train_02810.png,a2a8974ef932611bec5b958137baa21b73a2eaddca9ca0734cc82b6c0bc56d7d,2,1,333.82,0.4116040528636245
train_02811.png,625743fe79767629839a92a0034cd1ccc89e4a5e2fffa4124375368f0b5559e8,3,1,65.93,0.8682691901637763
train_02812.png,3a90a70f0a99b6a55a1dee6ac34af5b95770afcdac97c822e893679f2075a21b,2,1,244.31,0.660510234854844
train_02813.png,9803757a118d79e15317a5d5d6a3bfb06c1f776c90497997ecfb4b0c54f4d04d,1,1,134.64,0.9552592631521158
train_02814.png,4dfbd7ae07779f0c134e9b901328c8668c97c5e901a8adcfe844f0704864f6a4,4,1,23.2,0.6469336355810884
train_02815.png,f396cd7e55ce0a93cf1fc1fada415c8fdfd019fa6a8b39f5d7866529958319eb,2,1,265.33,0.5322145764692792
train_02816.png,0a9257913dfbfb9f5bdad6a02e12bf16db1e897760fdf9be55aea183ace12d15,1,0,287.44,0.43011915170475723
train_02817.png,01ee041990cc7ded26a4cfb9e01f47905f0c0e69ee543ddbc67bf003701efd10,3,1,318.6,0.3841908089441162
train_02818.png,1f23f5cf8fd81d47bff93dcb85c197b8de308be41709d1ad0a7cacc682025b65,4,0,344.73,0.43617075218258433
train_02819.png,2c4da1f00e8da511c5d42f7b53f3d8ab5218764268b2ea2733e07c55d0f53e4c,4,1,124.61,0.9507116011873039
train_02820.png,7eb2e450e19027c037cdb678de0b5db76700c8312b4941ac3a5e7284c6bd9753,0,0,25.39,0.664115939339896
train_02821.png,42cc8998c47523f4563949db528cbd923dc6afc008d3bb9b7b1cf70d92e8e1ac,2,1,322.52,0.39212190771656424
train_02822.png,ee751cc326c93e7bce2ba83246962e596f144d867376b58203069d7088249f7b,4,1,174.32,0.9306164867392324
train_02823.png,e91dbca726eaa19abcc549e010318801a513e169bd84d69a7f13d818da29977d,1,1,311.28,0.3792042186774778
train_02824.png,976b99218669031343b55922f8d41e7a49dfe260c3d1b0eb3e766976f97f1d0d,4,1,22.76,0.6441060287574413
train_02825.png,07562757f4b08a7522e59550425802c0e24ac08b60120173543c264b87e818a6,4,0,343.49,0.4316876030781437
train_02826.png,d466af6a4e841f9849f5c2ac076e60a3df834dee2a0ced58bc2fb35ead61bec0,1,1,266.19,0.5334864409393976
train_02827.png,5238b9db712afb10122fa72210d4dafacdd2533adf2acd88e31741734c72e3ed,3,1,33.93,0.7159362109066149
train_02828.png,e82f9f0bf4c8b8097b53edb8ed76221c5392d53412a6fef4b5f64ac4eab0d94c,4,1,284.29,0.44024302031552187
train_02829.png,a0c801b1d0b59c771bcbb471968bcf6eec66a43af5667bb43935a473069558aa,1,1,73.44,0.890859880931662
train_02830.png,bdfa1a11b08bc7f42421838fc02c6c7bd043f8dd3614f3635a589dbeee64f0c9,2,1,275.77,0.4785992904252653
train_02831.png,b77f3a94cf3df46dfdb9424c67b6060001fe26ff2223cba1f8600edcd0a9a132,0,1,3.67,0.5263199804636486
train_02832.png,c163b75a9943ba0fed7a3fa691956508df899769efa1d6d87f36e01b6812c226,0,0,334.04,0.4005617824070811
train_02833.png,e50bc96b0b3e57fb38917734799a8d063f6e4167137c5f31f1f123451fc58037,2,1,102.21,0.937079978501443
train_02834.png,059615fe8fea729117e251c079e7168eef2b2e83c1cc9c5d839ea7c0df9378c9,1,1,280.82,0.45696291756067514
train_02835.png,6c0a65becce35b52c1f17a6c496c99e620a466c7facadfceae5b2bbcab7e61e9,3,1,156.0,0.9484823676094111
train_02836.png,f7595dbaddd0666da6e06d8207b8c0f9e2c5da4f9920763820b08dc803d2f258,0,1,21.02,0.6355747263012067
train_02837.png,1380d4b0e00c33556a6da72c31373b1cf82a71a845c55999981b6154a7f0a88f,3,0,293.38,0.4143965422906949
train_02838.png,cd03bf571e0c7382ff34fe9d1227e97778d85e94b8c97cd7258933564b782db3,0,1,302.43,0.38610227076203324
train_02839.png,7aa9f3be1c65390e09a996505ad1725b9d4f53c9f3eeb233057dbacda892982e,0,0,341.03,0.42086359082281066
train_02840.png,63c8ba1b76a41ea4ecf3bc08067c19abd310e82c2731fe5169c425fd16df4610,1,1,320.55,0.3790120109573888
train_02841.png,4f6c8cd7ddeddf7098aac68523e74c19aeebed6a369d66d978b7e5cf97f150f2,0,0,339.76,0.41671749951723974
train_02842.png,a621e9a2e63192fc4f4c37a942c170c365a40136bacf047d5c5870070c3322ee,0,0,285.19,0.43157949598851547
train_02843.png,62edaf1adc4d1ae495349f745ff5d9d974138dccb9f79382869d0d40ec3aae9c,0,0,336.4,0.40672610411200777
train_02844.png,ecf369ea6b1985e983a50056b0c36c630bdca7c46a15eb366683bb02c7879e9b,4,1,123.78,0.9504891097463185
train_02845.png,9b53f3ba3d661420cebd2e778880e11d05b11b96422a9dbaedf376ce66bf1d5e,0,0,297.92,0.39436303243386905
train_02846.png,1cd4c3c011379bf0bbf73e1c463d6817428a940995e5fb88767f0b8b41ab3206,3,1,233.9,0.7347312159026423
train_02847.png,cae53ac4a66bb341bee242bac041be6c8fcaf81b41492218c929fda66b7e5a99,4,0,247.78,0.6413060647981633
train_02848.png,720bbe12f7f660f424b3468d863f88621cb1462a614f8834a2c2479d38079ee5,1,1,96.68,0.9344459194158116
train_02849.png,906ae9f67317f5aeb2d7b3ac7002d713ebb6cdf2d5b9af438d116a9dfe900504,3,1,153.79,0.9495669421985221
train_02850.png,793c20508e162a8ffa9f2d31d659306e54e6aa9265fa6ec6b890f8fa5f1da8be,1,0,31.35,0.6960638376871532
train_02851.png,48165c5b810dc59230ab82c5465c467a6097b08bc6e86ba325cd0c83190ef0e7,4,1,113.19,0.9460073421664127
train_02852.png,58e55cfbed0105550f4e38d448246f34fbd6a1f8a48d54312f1b137a535ddcf0,1,0,287.67,0.4292828316962209
train_02853.png,635d5e075cb8fbd42fbddda6105d18ba8088defb1f0ab3a73e7eefd2a9e2207c,4,1,295.79,0.4043711013822281
train_02854.png,ff086f072a914237e66792f08fb4048ff144e9e0f882b34e3ea25d83284cce46,0,1,132.08,0.9539159926963998
train_02855.png,0e48eecd1608b32543d4fd9ecb02241e3726c26d85394904ad9de9eec7f33ce3,0,1,293.12,0.4059948675102075
train_02856.png,043cc803d6a13cd64e376c3a45326c9ca0771be8425394ec15cba23a7ba2e171,1,1,132.42,0.9551280373390378
train_02857.png,72f0dc5d083370f57352184d6f0f4cfd0f2cc3869d5f700a26b6d3c7fb409391,3,1,120.69,0.951008891421592
train_02858.png,8bace2b87f42ba116d754409257f8f738080e7c6085cbbb04a80a1119cc95284,0,1,95.79,0.9334584976623704
train_02859.png,89f5f170610f7df2d7829c9eab93d25df1c4823475a7dc6832c5dfee76e20596,4,0,190.15,0.9042543946413248
train_02860.png,413db7463d8e7528e1802ce10ca267178505974532579bc4a3e434f44b9f828f,3,1,298.77,0.40119674924154053
train_02861.png,82d5dbd8b1a4526f06295ec6268d448450cfcd998347402fdd6d110867f1f37f,0,1,56.97,0.8378067620294771
train_02862.png,722c1dcdf84319f4a397c3018ffe505181a4513b0bfa10d2d64d74e0ba91d794,4,1,198.55,0.8835747807715268
train_02863.png,53007f02e1f023db075341ed7f6bd2110e3640246e06e7bb76ae48df02067033,3,0,341.74,0.4270427583733971
train_02864.png,45ec3577026fb5116178043106c7e6e231222e41d88b1d96407f646db1d377a3,0,1,274.55,0.47788172469714707
train_02865.png,391cc8355ab207f7d578e7f561163e9caee2297f189f34d2e9b2d5e32282cbba,3,1,216.49,0.824654344965507
train_02866.png,eb6d09abe693029ccba03f2d8c231bf5e50aa1bcd59fa9f09f5d43837495f3c9,2,1,315.07,0.38791531082202774
train_02867.png,68e96ecfdac9153ffe28c1dff450583c33e973358bd361d5523dbf9ef2d7335d,2,0,263.78,0.5409758204046773
train_02868.png,e274e465c795004c4c89b757bf8d0fbc27ee88a3b0f100b11ccb53fc132f8d7a,2,0,242.5,0.6718455879551906
train_02869.png,5d83c076358421c02cec41c11f508244f07786ae6d8a9daaab04fe810fbabdcb,4,1,173.25,0.931915141294612
train_02870.png,1b5ba198456e0969ebd3e674ec138ff4502b078b3a0755282d629980f923e368,2,0,340.11,0.42925861975552576
train_02871.png,ee83aa8c46d156d437f6e5ee0f2fdc2490e8666ee75b7bfc146d7282e8a3c24e,4,0,266.99,0.5228413252341759
train_02872.png,facc31f9105f11414fdea32842feae76cb78fcd546ab636fb27d78faa693dc69,1,1,196.27,0.8971793894824567
train_02873.png,8931e711d2b67477fc7f00b5a5d418433de1c6a63e33b911ebe5afe4944e13ea,0,0,322.49,0.3805989342707902
train_02874.png,78af50d72a35c192d3e64830e50d74009f4eab0151f1c2d1115665d3275e3407,1,0,305.43,0.38496887114874906
train_02875.png,5fe5279590fb01d4bb0050824c6a7ad93be10c2218371c98a8d1afe2348a81e6,2,1,96.24,0.9307867166460689
train_02876.png,d25f9e1f69e142fe993139d70b118892e0e85172fc9a3fc7de6da204276cc1b8,4,1,50.72,0.8058677394455835
train_02877.png,af0057898a3c4413dec45206bab2c7f77c33b7478450676658d3216c03a7e0ec,2,1,135.09,0.9507614218610602
train_02878.png,5f50ece5e739c73a3529eee6883533702dd1a7b06c36506c23d5f4ed65cffb1f,3,1,257.61,0.5853083215187946
train_02879.png,8f8a16060dcc1d8238a6be5e351403e788b7a8de639ab9fdca31502ffa9163d9,0,1,309.37,0.37843573953328435
train_02880.png,2cbb4ce3ae63df24b1b587f8debc7b13230de51572bae64dd25199413067b7c7,1,1,272.69,0.49684497981312786
train_02881.png,a54006a04cbadb227b2ceb72dca38a87d1ec2df0c921dc90b6e8e1a137c5d682,0,1,275.2,0.4746829557650577
train_02882.png,3adaf0d2fea288143777615bbfd08c39f3ed1caa9b2d52542fe7218194c1b7d5,4,0,357.41,0.4921979566036259
train_02883.png,1869c624a869b9c5fd5207b4223ed788fef9d63143bff6538f4c70ecd81276dc,4,0,273.43,0.4884713095934736
train_02884.png,620774d4504e097a9fd70f49883c6c8c072843a2b7dd7185db495dc89bbdaf19,0,1,49.34,0.8036659539930189
train_02885.png,924007716491c5b3c179afc4b78ddfae05f8ef5eaf7d35b32612cf50f8769d84,2,1,111.19,0.9439872784704725
train_02886.png,266a7a922861dd66730057e98193e7d616143414d293b345156cdd22f87f8e79,1,1,67.9,0.8746902176689709
train_02887.png,b40b72c3a677d0cbd817d1edbfd6bb1f0c642198999a34e5d5ff66ad6bb4aa89,4,1,67.14,0.8704362325989751
train_02888.png,ac26e112d0ecf7048562fe942cc05da08aa2421cde8291d489ceaab4c6e32019,2,0,347.59,0.45643514454677037
train_02889.png,22f0e8dae256de12f46f0c1269e7c67f6f2b4263494a8143290c8a58aa3b8dba,2,1,155.77,0.9448735481320099
train_02890.png,0946f3368a9f114e8f5a8b771012a0a3bd3d1572a77aa7369f15d9d5199e140f,2,1,318.93,0.38923826875613293
train_02891.png,8e8cb0653b83fe7c95e749e9f549b21f31c1a8f8597bf10ca381ea837cc6c15c,3,1,164.48,0.9429257262378203
train_02892.png,93a611b9c2a6ead5ca5fa8772e748bef2b192e687753db481e5016383efb72ef,3,1,27.96,0.6787550498919674
train_02893.png,b6fd9a046b7a84646428fd788ab16a589c122f7343f22751434b3b3200725034,0,1,286.3,0.42752634635679154
train_02894.png,d5bc708cd943427e136d73d02bae8c7046b5a7636a08ffccc99059e7b4346d31,1,0,292.0,0.4147754687359873
train_02895.png,da634b43a0e4b3481d1a44c55d80f86415b7a1eff2d78697bfa1fb68530ab7c3,0,0,331.48,0.39467456999972295
train_02896.png,9867b55c8db2c49d1f13ac29f0f2d324bb6887717a4d98898bc1c12bd0ff149e,2,1,225.67,0.7701605684939605
train_02897.png,7a1041bbe299ceb3837d3c601c2c10be7d72a70cd2fe1194d96b41524899b0ca,4,0,335.35,0.4069315274687054
train_02898.png,0a6ed57ed1c7afaa09747d6da5be44b04c6cfd0f89c6f89f61c590da8cf43500,2,1,233.92,0.7240379860571177
train_02899.png,ede2b5eec4bd0cc4ddbc06d572cc3a500ddb69362ac145068a6490b9546a066b,0,0,5.56,0.5374390880638161
train_02900.png,7435c894a7e576ee90c10b8e2ce34cd90a4d8e76994bddf5c9bc5fb9a931c768,3,1,218.2,0.8170563657289373
train_02901.png,5e999cc39e1d65803d323efdbbf7dd61c2b9ad27fdaa80cc06cfbf238c60618d,1,1,292.91,0.41202771964034307
train_02902.png,ae312ee981ddbffc74753b866d42970d5bb3b8d3481f4e541376dd3289775c58,4,1,172.6,0.9326784465402517
train_02903.png,246797e164843d8c010e2518b3c84d01e281b7109eb13a426be9c26cb5f9fd72,0,0,340.59,0.4194043039819978
train_02904.png,fb07e018c1cd3758b9586875d4b9ecf6d10450b825ddbd38bd72e8f2cb16c270,4,0,188.34,0.9080370615496884
train_02905.png,6e8b8e41083ba88f3cfa3b91fa2483d42dfe2535760de084c4ddbba0b01a81d0,3,1,241.56,0.6879187060683588
train_02906.png,b486337fb2700d96ced4c3490b1adeee10bb9f543ef815566f6f842e11e13dd4,1,1,325.83,0.383803224078449
train_02907.png,eeb74f6ffc8945fbe0994861be1f35fa877bf2a7fc7eaa22360a27e9b680389d,3,0,309.97,0.38549530382485986
train_02908.png,88f7680c4516803a8e3a619db3365fb3a381dee7a8b6d04c5dbbe39bd6837b07,4,1,87.61,0.9188086764341039
train_02909.png,1add860359c0bfb064d0d9ce58db70d3c6b6fa8c313c2cf2d2504daa27fdf04d,0,1,32.61,0.7101418294045211
train_02910.png,f443fe682b94f0f0f01f25a437cc5b88853057ef1062a2ebc0c8f174693df85f,4,0,289.37,0.42239360282750305
train_02911.png,62a63fe96a0324fbf39301dd2fe2aa03c1e812770188e7a948492b52dc02d46b,4,1,306.46,0.3857998813407978
train_02912.png,101db080e10a9740187abadbdf9e8d24c11a6ddb393034e2efbd507bdfc98ef1,1,0,333.73,0.3976342504817073
train_02913.png,06fc109fb583d1674800bdfcd03f32d056421ce78e9e2cd7cc55acafa50cd35f,0,1,136.33,0.9539583984719151
train_02914.png,67047bcb327ebb19a3fbdd6498d6a088adccbf73af7b0ffdfcd88b683491b318,2,1,241.46,0.6783237633027591
train_02915.png,cb9809b610896c50dec4938125f6a2a9271f7b61dbf0dee16d8bb36c0e7e2625,3,1,208.87,0.8550630840037534
train_02916.png,53149e13fe76db6bd739208608016a738260184743434eef9612785979fa8814,4,0,175.62,0.9289662803223335
train_02917.png,b37e98e1cd9a0b340bf595a2ece35414feaf4962cef868249fa4b44cc191fe5c,2,1,10.08,0.5727892588182798
train_02918.png,3493b035f99339491ca8854b5b6dab9002250741b9bbc233df68fac32b01965a,1,1,147.54,0.9537415688706112
train_02919.png,a7cc8624b44cec4f6ebe35bc9dcece5a2c17b299ae3684a6eb8b2c8eee6e46b3,4,1,220.03,0.8028023744364953
train_02920.png,f4d2f94fb6ef62ef85f28e02cfbf7911a25f0b2a4671a6c3da53d8306b115a3c,2,1,194.22,0.8915514666073201
train_02921.png,ab912a4a7acfa257e2e849942c3183fd5c2608c0711d4fe3ee4060f22b8d55fd,2,1,40.57,0.758283665600517
train_02922.png,8e87ae332cc29d75a88d27b18cf2c85a0e8b4f8746814296bcbcac8cdc5f8e26,4,1,353.97,0.4752460604200512
train_02923.png,9b7fb62a1e59db84f3195b285fa50fdad3d3efca63e5b42cd959c2cbccaaebcf,0,1,146.47,0.952312574490251
train_02924.png,7c7cffc26e2dddfeaf03d05e08c73080d69f23ae85c5b3a6c7099f5895313286,0,1,52.51,0.8185519110672256
train_02925.png,831a06de52ff87d776d8ca0413babadca714c3165cfc70fd96dd98ecdf5f247c,0,1,246.16,0.6491445388052748
train_02926.png,d51ca32ce7ed61a28b511f86c56123dd8adc2730d2611e0efa65eddad5d7f73d,4,1,219.78,0.8039942345110038
train_02927.png,fb4f2802e5405509285be070f6e08940ce2321b01d1505ccb776f9d3f57a1a34,2,0,270.87,0.5024989188383497
train_02928.png,6a22840031409c230da627c49981391502c259e90c532d51a15c81577021b16a,2,0,274.49,0.48460853868998
train_02929.png,41746f65f04d325803cd00421f1227a5317a4a5b664af26602aa890410280a76,0,1,283.62,0.43757030125950835
train_02930.png,bc6f3d5822ff46e3cf8bbb0bc2bc43e6ce76d815fd5ca35be854b0e41da3bb3e,1,1,335.86,0.4027322059490076
train_02931.png,5766fc595e9efef3b4fc4c2baf16b1e568254033494bba421487639ca7249305,0,1,39.08,0.7489925471645094
train_02932.png,78cd8893e930054e40e638b35b52d2c37a8b547a2363f63353a9b8671c165090,1,0,147.86,0.953653107322707
train_02933.png,cef00b01124cd3dc3cc302eb074c0104dcd1ee466efd1d837a210b820632ef64,0,1,80.46,0.9087940923660353
train_02934.png,cc6ac31340f24bb52e89ab160647df52d0238d92564ded343a312ceba171dc54,4,0,355.19,0.48111754466322465
train_02935.png,7b9535cb7bceeec9433ee1d96fb11dc560188507029595a2f9648f6ad5fade13,2,1,159.58,0.9424712704100926
train_02936.png,c3fb9db72a60da0e5bfa302d29c2be33af0015691309e2aed93d4ca6760e4383,2,0,330.81,0.40487261752452547
train_02937.png,f60b19c1e433040464568366a3c545e6a257293bdc0ebb89f0c1cc155aa2d124,2,1,89.89,0.9223183848750927
train_02938.png,524fc40c31794585520972e4562d1863fde84678049e224e8019e4e60b4dbff7,2,1,147.24,0.9486755825546134
train_02939.png,a842877d6f0d22c7e67072e132321109c1acc7e0e175b96f488952e9da8b8c73,2,0,199.57,0.8770746591995096
train_02940.png,883db3d53c4ba91df06f26c8c75af4a86aa257867f7895e72854d55ba1309aa3,2,1,286.77,0.43442454389043095
train_02941.png,3b94d224f254e29d6a063dd8e00877170a0d0479de9e1472e6b238b835f9a5f4,0,1,52.87,0.8201795522623762
train_02942.png,5c2d70e41db794c76c6f7dcfb8219f5ab450ff41d56bee10cabd7dd4f5a1ac22,1,1,314.89,0.3778267717050705
train_02943.png,b16a53d7ec67d76e790c0e3528d1529c50e109537cb828b3e057fccb72542513,1,1,325.43,0.383315519290393
train_02944.png,c608c065049d00f025fda304a88760f4af3269de917509a5b265ebb25028b422,0,1,246.4,0.6475754781723496
train_02945.png,55c068372633e25094718080b3199a6d978308561c5dc234e287386de135e205,0,1,68.12,0.8774829314142467
train_02946.png,8b3f6694be03424dc40ac621a8e694c8ffd9da35e22cf7f44106b6e132b32b20,2,0,116.26,0.946721208354009
train_02947.png,7e9901eeeabb3320af1781ea04f6cc2da4cbf9501f2c68f5fc84ef73a791b6ee,3,1,56.13,0.8317193652683328
train_02948.png,d4b9cb68b3757564e94b33f35d94265d2cde5e4c5c9760ec29f5b481113a2288,2,1,208.57,0.8472685099657246
train_02949.png,fa492e28e54f7d36f38cb744ab345e69b509012a809fb23b4b59e51a59b34396,0,1,108.74,0.9455496829291401
train_02950.png,3dbb7698df027207408f7c004bc34ecfbfda93e6d772c056fcbae2387586dec7,3,1,290.2,0.4238930376620591
train_02951.png,7a4ff20afd955173c87a68131ce45d169eb5cc225c958f093b833b53f1a2eb84,0,1,23.28,0.6503628806323747
train_02952.png,9fd47e89c4a420cf3d9a6c04969d34f76a0c1f13a57b10bb0c48b0bc74fe0153,1,0,280.74,0.4573193852417085
train_02953.png,c0d38b2ae05a0b43f3380dca46b70d3bd9e9e008319001ad8c22e214f4c9d353,1,1,345.54,0.4331722853471333
train_02954.png,01adc1e1121265375a7a1b27e5d3b600a58befac812aed201c79db654e5b4895,3,0,349.17,0.4549484930038646
train_02955.png,3b5bf1e9be6b079753ba78ce8e3830bf167d2dd31d99d3c6796d2f4db86d98b7,3,0,318.55,0.38417133999767494
train_02956.png,9cacb535996e3c384530751406c1ed3d711a6d1b7ec168b5793174a23fd428dc,3,1,157.98,0.9473888476390478
train_02957.png,e546eaf0ca3a9cb6167ea90650595de5c4f078d4da81365487f1fb4b3195da2a,4,1,166.82,0.9386674383872433
train_02958.png,d3b91fd676499dd42691751d149db1cb144bf9b11718d6521572435de91d49fe,0,0,358.81,0.49910997041331
train_02959.png,f20a50e7277c15762feb6f1e957930146f360c86f7b0b18488bc8f07ad4164ea,3,1,134.98,0.953638027761291
train_02960.png,9ead335f325d468e6cca6ccc466e0215aab873bb054b992fa38a18d1224a05f0,1,1,351.71,0.45863943799724766
train_02961.png,0f2c37f18b930e35210606d812c98234977507dfd7f2f9ce861cb2064c41733a,2,1,189.55,0.9024113304055486
train_02962.png,109cac752788ced0a018b973429a50b5a1eeb9b192bfdb14f0b26da892a2460f,1,0,281.48,0.45405064567226056
train_02963.png,217a9a1fc50725262ad36abd3d932f2fe004d5bb5b7a74af60821b295090fd98,1,1,256.14,0.5961291026050793
train_02964.png,392ede8a2ef749607918b51d5ef5daaea024efbddf614d1c66d2e0f6ba3050b1,1,0,288.03,0.4279870286499093
train_02965.png,92cddcbd6f597041646837173776dea956690aaf317153c449293ea1dbb34bbd,2,0,357.31,0.5011044660099168
train_02966.png,1aa98a356d56e4982f6c0f57ac26b9faa74297faad376544789e163bd62ab500,0,0,210.02,0.8468246242863519
train_02967.png,3b51f1f9d03ac665cb553020d611350320ed4881ba837502e3e6ccf72c225f23,0,0,324.1,0.38236530755492454
train_02968.png,85eaf021fc21c85ea9f153f85fec2812815d3fec60fe9fd8887428bf3ffd76a3,2,0,297.11,0.40598349514710363
train_02969.png,7c91e556286c5d78c154c1a430e65168e0518611df5c19e6a9dea6326a0de81a,3,1,205.69,0.8661206145406729
train_02970.png,f96c21aef1bd2e32e88850d97f7f6911d820b18f5c054b7028efe16e5913dc7b,1,1,344.09,0.4278612198615348
train_02971.png,7bb587dc256959814fd0cc4ccac08d46c380be7ababa9e83c64dbe960ee71468,1,1,335.97,0.4030112516939567
train_02972.png,74159582345ae13b63411795b495797d40bc499bfeda8a80d10144cdf885d993,3,1,136.96,0.95361538232776
train_02973.png,fe539dd2752c8ab7da548d87492943c0002c8629c5c48d044cd532d3728f30aa,2,0,310.61,0.3886795113346248
train_02974.png,925a1c0221ac8c6924c0a2a7291230a630367d3c74473d172bc623585701a687,4,1,16.53,0.6041462132019053
train_02975.png,ce3655f1faffcecee4cc3c778050615c4b52e7ee9cc517da8089f3e999eee50a,4,1,26.27,0.6665955369994886
train_02976.png,c3132a095f55a86f1cbf99c022643655da6c691a5565cd1b2945924587967a74,4,1,320.02,0.3827321816007041
train_02977.png,d309372c28455a6747aee3ad1b2eba55e55cb03fec25f009dc6092ba09073a21,3,1,350.62,0.4611580488210852
train_02978.png,419e1b2084990bbed86df6e3eae4f7b0b6c72471ad393e9b379016dacca279fa,1,0,300.71,0.3928120019067703
train_02979.png,c13c725dd91217eaac49b66b788186ace33244172de10ffef6e54c99e0619b31,3,0,328.78,0.3947231135591756
train_02980.png,6f660e588b67f5be49473596296c9e23e2bd455276cfefd3f4ac4eb8b80bbb5a,0,0,155.54,0.9486025207848504
train_02981.png,bd716483312a155133b3036a1a62980ff963ff1c5b2f07951b298543d5fb958c,2,0,293.7,0.4139174947971712
train_02982.png,3742367519ccf01279aa8ae5d0fb5e8b7ef0a72df897a0ab2856ef67d82e7281,4,0,302.44,0.3911236685917591
train_02983.png,8be4641c186d45a7d17bc1e30f8090574c1e61bf6d97f8e4858a9e1ba4e88ba7,0,1,241.96,0.6764387861051553
train_02984.png,991f341e37137a49e724b69505077e4ca5b16bbae7fa38eaf1dc42c517c540d8,0,1,27.23,0.6760288838138232
train_02985.png,471d5fa6bdde264ed46b7c6382cc4923b4bc0e23ac73bfe5613b60c10936981c,1,1,237.42,0.7172963531804832
train_02986.png,3ccf9577851897257f6a0795bbfc235c2f786d51f8eff37651561ec3dfb41ef8,3,1,132.47,0.9535339004992995
train_02987.png,b774b894048f3d47ee254f9cc9d22465e5629d5ac1d98b25f2caa603710b5afc,0,1,274.0,0.4806237619242621
train_02988.png,77f3f760e293fdaab2e8685e4169ecf7fe086e70f5478a2f75c745089b895bc4,4,0,357.18,0.49102680166300494
train_02989.png,be6e4da32c4077caad5fea9da3ff5f0b108b75f8e9986f040aa0f69e1ea22d7e,1,1,272.63,0.4971653311729276
train_02990.png,8be4641c186d45a7d17bc1e30f8090574c1e61bf6d97f8e4858a9e1ba4e88ba7,0,0,61.11,0.853919982361003
train_02991.png,3cc1eb9e2c63884f8bf2a4c62ca8c43eacdef101aa3fc6a6f82af66d529b40e1,1,1,31.17,0.694918659287484
train_02992.png,f1fbb7f2fc11da105a9fae1b82032f4ae62eae773801471f13ef535a1920fa05,0,1,155.91,0.9484018022499479
train_02993.png,5f960dfb7c21c2520869f7863d8d30bafa9af211dabf51f0ee154ee353046aa7,1,0,327.93,0.3866995994421208
train_02994.png,7c8d2ff5491f19e6a24f00ddd523c3f0b72ed372422842f1a858214a1baf4ae4,2,1,196.12,0.8866694725817251
train_02995.png,fdaff31c2cf327f6a7a2d6d502dd30208f2ae4b19774ac26b3ebf2e424b6e04e,0,1,185.16,0.9158880202768445
train_02996.png,0e5026ee22857d4011aebdb6be3c24f4b25190d97740c63b472c2ce7c92042f1,4,1,338.53,0.41562898273855636
train_02997.png,a2b58103372192fe2113b1888851b43e5ed7e63d5e997de3675341e810b72972,2,1,119.34,0.9480159961500952
train_02998.png,419d18fc985c7446df606bf260b16188f62ba3ec238c44a006a11bdea349faae,1,1,53.42,0.8188804870763455
train_02999.png,84b14c36ad40634e245131d9ba4c01707ded67ee6bb752c6e06b1a8be3567b45,4,1,101.4,0.9368665479648927
train_03000.png,a44665e54a5771c197a4148eda549d752a422a9b4c7455b6b439fb6172332871,3,1,273.62,0.49303218028142864
train_03001.png,021d1c0cf0364369b75dd403de300c4caf237e0b38c4b5f1d6e672c58db9f1d0,1,1,247.04,0.6557237080770033
train_03002.png,64cbd7b100052b8c72ab6afd77f80cd2e0227a4bf0e079a36a5143fd134af74b,1,0,285.92,0.435810960324589
train_03003.png,83e43c58ec3e279af6c859d0e612706bf51e5934e8c8e18b880ebbeb8be20dbd,3,0,196.36,0.8934106721973231
train_03004.png,6380d47d46bbc570235ff97c50c085d66210b64dccda9710507822f2ef6dd05c,0,0,322.84,0.380954969094358
train_03005.png,c13c725dd91217eaac49b66b788186ace33244172de10ffef6e54c99e0619b31,3,1,284.02,0.44591334031705265
train_03006.png,aa1709bf3ffccc143711585e22b459336422ac5dcb9c0b40131638e72ee332b8,4,1,323.37,0.38551010968372845
train_03007.png,c29a54956f3ec2561fd67670ba40058c27bf3561270c833a310f35b41cc35278,1,0,323.06,0.38084555617934207
train_03008.png,b9bd7729e5660d6ccf56a7c7a87b32721b827e05bcd3426c95933f93a4102fa2,3,0,302.1,0.3948731597253472
train_03009.png,9be4c4f1ad9dbd2b074e69e8738f12d00c0c396065d5f25e1468b0233962e21f,2,1,319.94,0.38988842569728216
train_03010.png,3713bf048c3c2fe8a1f07cca297161d66b1e056200b17e532e0d860cc41d9931,3,1,115.99,0.9490008308710318
train_03011.png,03fe8bfd825a1d87bf2b28c13c1696dcd41b15804a7d6798fcd0c4e46f5448a6,3,1,18.63,0.6188371772662851
train_03012.png,7e1414b0797f59f33d92d8392e697d674fdad78bc796a34bdcd0aa6cf023f925,2,1,356.25,0.49576061139458666
train_03013.png,202609580ec82581a94b56d36974ba41cd756db19d9f063b3e12247f2af4f59f,4,0,327.03,0.3901490051809405
train_03014.png,3199fe7159e755ff9ae8e2862135840d5aac04f5fffceb5f21be99a38eb9edad,3,1,20.58,0.6313872193342525
train_03015.png,d81cbed9a29bf64076ff2fb8e5ed8770982c00891bf75725c73c4d49c88df950,0,1,74.45,0.8950369719132454
train_03016.png,8f0fdd08c82950fe34a214f03bb20152583f91e53fc5c8843c99a93162231182,3,0,291.52,0.41979806636892
train_03017.png,b9a8190244330148192949e84794a5b621daf8c4f97ca769171177e7df4d28cb,0,0,321.32,0.3795214533867082
train_03018.png,fd66fc3b69faacd738326036c9e8608c9f525aaac8fb8350088edec4db4cc506,2,0,288.82,0.42775157933928065
train_03019.png,509c9e5af03c43fdede7da4619b5a84e05edbcba2d23c5de6c32ce849e9304cf,4,1,227.5,0.7645405716483863
train_03020.png,275a8845787deff060aa8d1fd58f156b65ce616405c96db52a958001eae46d09,3,0,298.28,0.40224545505073395
train_03021.png,7a7fe7c07993bdefe4229d455a74fcb8d97aae256b4d4bb96b115629a3740ad5,3,1,320.39,0.3850953575167103
train_03022.png,323a5b17cc8c4eb6b7b5a6b1c8318c636749a281f56154d0a6f84d24ca6ca4a1,0,1,19.94,0.6285037064776913
train_03023.png,a819dd021de258eafc3cde4ebe1fbdee8e7238a9a9bc25dc476f8fa1afbfb3fa,3,1,193.97,0.8992610531012347
train_03024.png,ccdc419cf4322fe828ea8a23b3d9435fb5a8daf4e9d461837235383afc1cfe0a,0,1,164.05,0.9428831550899769
train_03025.png,78fb659b80a115fc6743c8769e40de527026b44856b79690a84b8d0e8633c32d,4,1,81.97,0.9084526039630002
train_03026.png,03173b83f874948c016dd770a3f48359a2338a96492d6a230c8eed35aa0d60da,3,1,356.98,0.4911591692876222
train_03027.png,afeafb5a5e132e2e67353f4e7831177f6ac64a0dbcdc76a75fa0c3f035de5140,0,1,174.25,0.9324990064184043
train_03028.png,cf1cdd741d296735dfeeb7456985b2af2d92c5c6828cec4dd3170d074b7dfa33,3,1,348.11,0.45056360657784034
train_03029.png,5c1ddd94e8d660f84000b91911b9f2ed4120ac8e23e1a462cd005853bcb196a0,4,0,241.81,0.679451001917557
train_03030.png,e3bd968cf0049eaac714314588227580e34476ddd45fe660263630105b13422b,4,0,335.62,0.40762111245263816
train_03031.png,1449facef698506e1292082a6ef0e53cb18eef1cff4c3d964eb326ef74a27742,2,0,335.72,0.41642725767266503
train_03032.png,017444ceb00f0d1c9eb18521557f1cc4442a24aa23201c565a533a49be369858,4,1,276.58,0.4731414421038524
train_03033.png,7a1041bbe299ceb3837d3c601c2c10be7d72a70cd2fe1194d96b41524899b0ca,4,1,73.0,0.887522437847945
train_03034.png,d5a6cda7d3a1b1041cc5ba1281971bc291e65b6d807050dacc3e86ede6b0bbb1,4,1,10.72,0.5677285699952608
train_03035.png,11a1e10eb8b978464d354518d602212b6398aa189e3538d901024d6a6a03e197,2,0,339.38,0.4269626686924128
train_03036.png,0f0d9b52ffa73eb80b363ed6ea66b1cf62b85273ba37cd8b6bfeb8b279466fd4,0,0,350.31,0.45716962120279636
train_03037.png,19b7e9ee5e0b0b5aada9246db63bc28308eb244e4941ba552dceae9e9298bba3,2,1,101.25,0.9361670714548788
train_03038.png,e473721e69ec3125fccd3802e77693d8ffb2a27eb03f4d1497481ed7f68ce8d6,3,1,1.88,0.5170960675390659
train_03039.png,3d7969cc02e70a3dba668070dc3039085a75a71512d52130d4dea02c5d4a32f0,3,1,294.03,0.41261099591640266
train_03040.png,2ceec5336a64fdb56c1a8ba6c001f69e7841eafdeb0f408bdda29db2b192e8be,2,1,197.89,0.8818670901314986
train_03041.png,badb0315913d5c867afa55837144120b082eab93c2b328f84b635d9420c87dfd,3,0,351.72,0.46602918722883907
train_03042.png,2053427394a928e6f872f1615cd4304e9789cf0fc994086b8d09c60996a9863a,1,1,306.8,0.3832265815837857
train_03043.png,ddf46a867a7bf84093d490aed932d18a4097dc26ca5eca16e9c6e0f03f034fa6,1,1,189.18,0.9129487257785603
train_03044.png,503abc74c79851605d8b3069362f433504a9bf1eca1bc71c0d0bad608b7c41a9,1,1,127.01,0.9543230791834039
train_03045.png,60e00a628e36cd79a8cc0b0352b1363d381760fc3a7ef81a7ce8faa6e70dcf31,2,1,234.32,0.7216840146064863
train_03046.png,14d7db0fdde2069325b03bb2d0583bb8d140a316d795c6726a071baccf161cf2,4,1,206.52,0.8586089764476234
train_03047.png,49dd31b1aece0087bc1062907a78399aa8c20cff05c83c5a2e38a3951bd205dd,0,1,64.43,0.8656471968828272
train_03048.png,f1f1aab55c583fe5fcf0a5fd88f0d5a1002ff51c17b957319355f5b68223faf3,4,0,340.48,0.421582141315346
train_03049.png,1eb6e4c0ca6b65a98c81b6136ed18f283bf28ffacb77f3ddcd82ed38d2f5ecd6,4,1,206.12,0.8599969281450676
train_03050.png,f954ab909d6d6a7efa007d437c0387cef4f0d268326f3730e4a6556e51cf98cd,3,1,248.99,0.6404067378734897
train_03051.png,78af50d72a35c192d3e64830e50d74009f4eab0151f1c2d1115665d3275e3407,1,1,187.66,0.9158748529232814
train_03052.png,606ca1ca35a25fbbc8c3552ebbab54b57b55ffcc48910291463520d59e9e1d3c,4,0,314.67,0.3812015291425999
train_03053.png,7aa6a4e37328406db93de5288d3113893c516be351d48f763bc70c3c41eace8b,4,0,130.04,0.9517377563984663
train_03054.png,4a0809798160caf4d5c55e0519823eb02a255049cc3387da89dc07ec273d1002,2,0,332.54,0.40860500918628345
train_03055.png,425fbce0f9f024d7bb59dbdfa5373bae7f6306009420fe25c780c445b4a5d458,0,1,288.74,0.4191533160697926
train_03056.png,e1aa01b0e06ae809eb86e60664eba1ed0af88e696f567a3fc9b9812087b2651d,2,1,246.23,0.6484279946048963
train_03057.png,75a3275f99abfbeab166b59e8b66e27d05f3aa31c2e940dbace57f07c38e31ea,1,1,312.27,0.37866105832569785
train_03058.png,54749fccfbd928f0e54dbb245cda466a066149d5d841217e9801080717abc408,2,1,175.06,0.9272334122562838
train_03059.png,59258dae01ed7dc9bb594d7df98415dfd128f588e219b0c4dbf427331c1228bf,2,1,66.96,0.8713002730304708
train_03060.png,365821a9613a0f03a91e3905b2a40bdd8a60c9dccd7816ced4936e9f76478c6b,4,0,234.03,0.7272927292432481
train_03061.png,f54e257b769a22100ac25e43acfaffc3f08529b45e574aba7a38bfbc0e165cbb,1,0,339.14,0.411716874110727
train_03062.png,02c7bb7f599f107c9dc842ad079d5e04d16b9c4a1719316a2898330442a50ee8,0,1,270.05,0.5012332200283823
train_03063.png,713e97f8efdf45f749926e546744372fd5093ef2eee74bc6d570448adecf5e4d,1,1,181.02,0.9269972221224901
train_03064.png,f5c90dbe6f06715e4fdee0379c26118a46a42d52db7848048d5585854710e768,0,0,350.46,0.4578408395272209
train_03065.png,43f0e8a58468958f21d564e29db421fd2aadaf838baa6e89c14048412d5e8649,1,1,271.15,0.5051786934967873
train_03066.png,0c372453d3399b8003d3d641f87835e231a5ad7f202e240d4f39907ab0286d11,1,0,276.65,0.47651907065528626
train_03067.png,9cb005b2323c0dc992a3794d2c26d0cd3f435bfdcb97d4484efd7e04a10f8853,2,1,20.5,0.6375606823250229
train_03068.png,53e715f94973464715df28528b64ef32791f617ff7e66da3c304ff917f702a48,4,0,274.38,0.4837390701265967
train_03069.png,411e35dac528ebb46e96a9a11a4bb6f69b6cc9b20ae839cafee8529d9c5fe319,2,1,250.06,0.6242801510057217
train_03070.png,4993ce48e86a65b128e27ad3e7dd16a7d979e449936ef4256b3835fabda3bac1,1,1,344.98,0.4310901771609328
train_03071.png,3b0c37f0409439a85ad33d31fdba2134f9c77674195b2b0971fc7b9124271ad3,1,1,96.05,0.933675532497366
train_03072.png,191a18d20c86d8769354aad0a68f6463bc26514fa535fdef03ace6265623425e,0,0,355.55,0.48211488636727007
train_03073.png,3419c3fec55d48b93c64df53860ff96c776192eff64f527b11aa4f73940ff912,3,1,138.65,0.9535229009561774
train_03074.png,a2f9686654644dcd6f571074c1fff400a6f381b0a0a714f255c1b61a17687dfb,2,0,294.91,0.4109383026722391
train_03075.png,2386e9c702fca243ab7132ad62ef481f4e1aed61e7bddf86a0ef9e33bd01397e,2,0,339.55,0.42749159041931767
train_03076.png,8e0d9f220ea267d91e63adb6b3b2c4888929dea443722ece5a3fe91e9d7a642b,3,1,296.07,0.40735169631070106
train_03077.png,c9e126b282dd0f3ab621027af0c41d191b58210e503fa148d9fc54af531fda73,3,1,32.03,0.7042809461072174
train_03078.png,8f283b502b53489347e5aefba30a78d2f7225b7619c0ec160bc73031194cd4ff,3,0,75.26,0.8950470846434823
train_03079.png,c7c42f0006c122a9e344e5f768104df9278a90e917defe8bf9796f7a30c0914f,4,1,72.18,0.88530390818193
train_03080.png,757668ecc0a888c29d78a5b2c39dc2f554d57be559cd6240de3e34950eab1bfa,2,1,228.61,0.754298731898855
train_03081.png,2b801226f6d1eb56026f0f932f8733431790fc39d9feb8507db8fb5b205be045,0,0,326.79,0.38605046205445187
train_03082.png,4780ca41693b0fdc54b8ab477ec1294e033955d7ce674e34960a279a039a4e5f,2,1,33.56,0.7182948086473597
train_03083.png,0081849a31d70be955fd488a059e055f585a35ad40d0ebe70df8e0c0fe4e4249,4,0,316.4,0.38130573302595316
train_03084.png,224ff18db42ffa48151eee57352965abf5c5551d05e0266ef9bef5d457e258dd,3,1,147.12,0.9520258186564603
train_03085.png,9f46025ea60d53435eade048f94c2f00de2437465cc9f02ff57bbca82628c49a,2,1,79.16,0.9029637539792253
train_03086.png,597b27b9dac4b40f31cbbbb20fc0b5d026bcc73195aca354d946ac43c81eb951,2,0,341.68,0.43441389122594243
train_03087.png,0aa83c55e4a5a2bf981a4aa25cd4fb98bd832b7af4a34491ae567ed7d4209d60,2,0,296.77,0.4067102431465265
train_03088.png,9464eb98bfc990d13f3a6f0090b566bc065224709be482c19e7e878f67624b71,3,1,333.13,0.40321485371938076
train_03089.png,2ea60bb90bd398b0acb3e60396d65c85213f62a53828391b1b1da63e65dd03b0,3,1,150.79,0.9508198793892361
train_03090.png,e039b75b4501c5f38f0cfe5045a2a8c254f77054e046df5a81adf87cef508b6f,3,1,121.95,0.9514455758793342
train_03091.png,832328d2fcc3525b043c006bbdae336502d18dd38c4297c9c44ff3c0a28b4d1d,4,1,26.76,0.6697172240713226
train_03092.png,55994cf985537037777edcf02004ba752da3162407f3f147a377cd85e751f687,2,1,93.06,0.926792435345
train_03093.png,e30b7e895b16f510534c6b14d5d13ecdc0f0ffe6b9860954ec1079cc2e617aad,4,1,5.34,0.5355555521154178
train_03094.png,f63038860aa78eee1797b4a0a0c6229a1a13c660c2aa2deac422661896c0948e,2,1,338.2,0.4233878459528172
train_03095.png,7afda18c686c69fdac669151305c28b6bf7131e82055eee726ee3ba084e69cd6,3,1,299.28,0.40013743377722905
train_03096.png,54729a87a42ad67d24857bbb86d0dc4a3edec41b5d9f2329d91fa339953ec8ed,1,1,167.16,0.9430011988162256
train_03097.png,ce50b294d9f50024beb70399791d2695ae4b47e551b1481b9a8b88e6584ab940,3,0,343.41,0.4327325915517392
train_03098.png,1ad762d8a4756113d9666a6a00bc2fe84810b48efb32c3a34490adc58e114e19,3,1,222.15,0.7984259504104066
train_03099.png,dfed3a4d3ee49b8e49aab66bceea6144bc38f6e488ef4f64b3824595426f1df7,4,1,246.75,0.647926019814618
train_03100.png,cffb89a190e95078ddbde691b3bad1e9d2113230b302409b35fb332fa66daa16,3,0,54.96,0.8267395923382908
train_03101.png,84bc147eca4d351d8cd6447415216059215f1edd8c12520e78cb271f31005d78,1,1,169.79,0.9406016891538855
train_03102.png,d0ea2717ef2e62d411fa277362b7d66c5ff758a076ad70734bf794b5c4220b25,3,1,148.28,0.9516824442614429
train_03103.png,ae75633bd86bafa479879915bd4be0ca7d52510f3f6a672e2aafc05d769a6842,2,1,323.99,0.3937626966692765
train_03104.png,6a28e6b4ea8c7052ab8d32d2bd1ccf706cc12f18d3e4723e73847272bf1811d4,4,1,128.31,0.9514905725538312
train_03105.png,322da6426c7570bdb9e5f768ad20154cc4e4f7f45cadd8483ca2f5023eeae197,2,0,328.75,0.40091040903991515
train_03106.png,8c3c4cd3cd2b494db86b4096cf6e0a259f4a459df6af97efdcbea01ce6a9e8ae,3,0,156.54,0.9481957624089611
train_03107.png,5a07fc0db5831c1037dd18d2bb9cfdf2bfdc502c214a03ce6f465d77ad8838d4,2,1,270.03,0.5068308755998868
train_03108.png,a3951ea5ec3ac1e2ab38e5893444a10198857058ebbbc1319f40afd8b1b6efbc,3,0,327.4,0.39252870997389044
train_03109.png,26cd23f447438191cc4156a512310d553a4e1aeedc8afe6764b422cfcb525cc6,0,1,358.61,0.498036757843349
train_03110.png,87287350f7e44e855a0fb271a0e508d6d738e727f21984a8051526d05426ab70,4,1,87.93,0.9193386134649064
train_03111.png,953a9c44e42978933f37d087e4488d5caa82ddc6a1d4c2671c3d1a8aee78f8b9,2,0,27.79,0.683266027362657
train_03112.png,0956caef22d74ca5ef640b022ee49aa61456d785043549fac4a208fcc7a65656,2,1,221.06,0.7935785832147793
train_03113.png,032d1fea28c43754b0ad90d1ccac34f71586bda634256ed606c372ebe2e0f8d2,0,1,318.92,0.3778538055364151
train_03114.png,b125969eca22e5b14c44ae5a848bc1517bf0fbf828639fbaa20928baaeedae97,3,1,100.38,0.9373628979037992
train_03115.png,e7d9bdbb746fc48fed547fa89d3b9f44da576f0a878fb63fedcd5dddd6a55366,2,1,155.42,0.9450712906132567
train_03116.png,6a607d50c5b660672e5d3be6d4ccedaff1521ddcf82a6c809012e7cd6874c2e6,3,0,301.12,0.39658867187122354
train_03117.png,12db8fd47907b9f1ccd074c6543cc68b231e6ad8cb03b8d26d995883866e25b7,1,1,77.01,0.8999280712396726
train_03118.png,aa64a45655bb4469f934a7ff7d1ebf95121adc4185aebc8b43cc222cca869b0d,1,1,204.86,0.8727613015568355
train_03119.png,b5173cffa605af9c873cc674bdca66f015b72f3e953fa797c24a4451646930ac,2,1,136.84,0.9506872613203807
train_03120.png,f68f6b18effe97a106c45a74e75bbad45215ba537def63a1fc2689b1e62a3fca,4,1,9.38,0.5595475473156006
train_03121.png,634864d50113bd19f3b4032db52f641f15022beb22ca56f1685be67dd07cb167,2,1,342.93,0.43872924713040096
train_03122.png,fc7aed05960ab72873d8eeb1c556947c4e0b255921da884328998fdb9c6edbd3,1,1,134.54,0.9552558152742289
train_03123.png,985c40ba47151153cdfb7083a0648b97a13cc378ede64f08c484303c05c18e04,2,0,346.23,0.45100742480017364
train_03124.png,a1a84b58db9bdf11659af50a69750c9965b6063dbc5c55ce5dcc7731a1fca4a8,2,1,316.72,0.38825549002102516
train_03125.png,b6e93b4488e30420ca327919a23eab28d5cac0dde4c25818af72c04675389da6,1,0,336.09,0.40331743046770246
train_03126.png,9843bb567b7f0a63b8a67f286efe5a1cd740733dcaede3f231f08645439593d4,4,1,229.3,0.7545969234339456
train_03127.png,f1d67cdf9a167d1ed068aee9cc4ad872d061d18049b1753ca150f5042d965d75,4,0,231.92,0.7396713396967118
train_03128.png,9b12017cd504a5f1bb88db8c551cb7c759b45678e51a8b0a965d449f6fc82c8f,2,1,85.93,0.9159764773028931
train_03129.png,c6bafa0472fe203db5b2bd07299c3235b9f45a4abf4ba9e76c8c1a8997662724,1,0,303.31,0.3881385274637503
train_03130.png,0aa6f6759dd234a8275a91a7a95c1bf1dbb92c7ad6f9867e5ebfd29f4223e755,3,0,339.87,0.42108010714545197
train_03131.png,17e7e5d9eb17e4cf142a0af999b0ef53218e2fd2dc4923be035e6af8c2d633af,3,0,318.99,0.3843534796853734
train_03132.png,bdd3ba59359cfcbbc84f41378909623df08d8776d2e58cbc5e825c5587ef9e8b,3,0,304.15,0.3916770360115931
train_03133.png,75de2778203b2e8c39b365f41fc93e293c59a6009ef2e0228f468676348230eb,4,1,174.51,0.9303803125997534
train_03134.png,b3f4dec9e72871a0522a144493c306781b4b037fafccb946daa29a253aab6cf0,3,1,178.93,0.9272141834784279
train_03135.png,7050b27917eacc3efa375c3ed85caef358478dab260bd9f0abe8fa0692bc4c2f,1,1,4.32,0.5238636049508527
train_03136.png,855e586adc5306fc38915e924e2cfaa2cde861eb81fb47e18d5c8563b68ed880,1,1,200.48,0.8859951079678658
train_03137.png,0206d24baf85ca79c69e63572e3a24977a861adc8f40675af51256c6e64b4c96,0,1,189.65,0.9069931900521421
train_03138.png,5909b91e15b7e1673c40718d4820a3a61c5951c9294f2aa5c1444ad5617973ce,2,1,14.44,0.5995308790233717
train_03139.png,48700eaaef0b27b08571ccb6e67dff676136d83aedd5e24505a7ec22b8e69551,0,0,306.21,0.3811692020583875
train_03140.png,e79fa8ee45c9ff2460e91661953964f84b974d7e2a0e69be2607681ea7fcb1eb,0,0,285.11,0.43187747141990707
train_03141.png,bfe4df751ee65071474f9dcf6fa9bba91ea089def222290f7c5f17d9b6085775,2,1,134.05,0.9507701228967751
train_03142.png,5660900b61870dc729ea6eb55fdab4c3d93aebe8a66f8552639a9e62eaf1526c,0,0,352.78,0.4685489438557277
train_03143.png,2a23233703fdf0696cac0e3842591a51e680b9aa955a3a4c126aecee98cf50aa,2,0,337.17,0.4204058007733235
train_03144.png,cabeb14aae4ff33c6c9f50ddc2f4cd839ac6dc42db605dd328419b8e64ccb5b7,2,0,340.95,0.43198003600982254
train_03145.png,e686d7e5fda96eb112882931406961a63909646c725428f511e799e0d9a5a3e8,0,1,333.16,0.39844412145546254
train_03146.png,3905720ff5d7ecd11e80226e757a96c0f47ae97e3a8d3413abb37442b780c1b1,3,1,339.11,0.41878093507681063
train_03147.png,1725865d5a0bb8a41dea8e76f229cf5a2750853fbc6b53e32c90aa841371dca4,4,0,194.07,0.8952698189433824
train_03148.png,73f7245c9d9c34267460cdaa61266ef72512300ffdb58ace63612c3366413515,0,0,291.25,0.41131698765822416
train_03149.png,bb57ddf4c90b7ce30622a24db49e7567d324c02caf37b478ec40af0d78aeae44,2,1,158.27,0.9433498692744857
train_03150.png,5780f9a2230f42e1ab31c693762e967e4c4b167841fc7c3d2ad038f7d90eba13,2,1,121.72,0.94883787449944
train_03151.png,b1e2db42b01f1fe1e2127b3b850fe34c0d21fe9389f663e69b55c03480b6296a,0,1,220.37,0.8014413741707458
train_03152.png,5337671c2c74baaf5835c5f4f91ea21d581161839903621dc4d466792da3150d,3,1,115.41,0.948709985173036
train_03153.png,e7a143046b83014bdae7b8541846183de428ab5f915d8bcf0e0c218769e2b4d8,2,1,289.93,0.42435004302359314
train_03154.png,72e03c016ecb5c89bab69bf824f4718aab2b577832fa0dbed85ecb5c445b6a42,4,1,184.26,0.9157771288790998
train_03155.png,3dcd6118064b378290cb02050f9d926557118755b4b8ddd2ed0845975ae8fdbf,4,1,148.59,0.9497904364436529
train_03156.png,2ba1dbdf2f9db191db2faea0b2e32649e933848053c008d58c44a66680d36b0c,4,0,318.24,0.3818263840981831
train_03157.png,f8d8ff9d7336b7749864a3030646388cb7ca0596c70e1fdac6ec8a8ba1ea205b,1,1,114.58,0.9496837396948098
train_03158.png,c8162d171124ffae22d29085034d34c40e07dbc24a59d6b7bbcfde46391af15b,2,0,339.51,0.42736682378457097
train_03159.png,72ecb55d75619bd34cba4e64ac3e95ce43e2bfb997f5066e580880cd27cfa55b,1,0,317.88,0.3779439465461382
train_03160.png,8acabd267b976d4b1f7d8d69b5fc3ec596dbd1d32011c12e1deea6b13e352d77,1,0,254.62,0.6060049663781397
train_03161.png,63466626c67bc2f8213ed7ce784ee760ea968c2bca00f15c3d0c1eeea2430b59,3,1,120.91,0.951088153142472
train_03162.png,1f45d67a7c3e71d053be6ba95cf4f8afa25fbb3a76835b71ac2fb7b950b05eea,4,1,156.94,0.945992621052365
train_03163.png,b9757878c5dcb54843a9b9eb811e9d10dfc87db6c6769fcdbe086dbf9f109fd1,1,1,216.21,0.8301032864972641
train_03164.png,2ec08a61bf855ae5c0ef736615a741b0fae8fe85409398c8a767a7d3981eb187,2,0,197.59,0.8826986758797155
train_03165.png,a052ff570cdc04ada663e42e058b15ff32c6df7a98571a9b0cbe18139c0f34df,2,1,150.7,0.947382151046139
train_03166.png,d34ae9911bb6f0af56b5cc11d91e65887bb71966bcdf5b39625d990e24533deb,3,1,6.64,0.5443021293183541
train_03167.png,0a989dbe91e187a84ee312d21ad6036a5cb37c144dbba4cc731d3fb830cc72c7,1,0,358.43,0.49137465754683685
train_03168.png,f0952f64c7c7348eb83ee63a950c84a2b6215d0793dc7e53dba1c044d243d2a6,2,1,47.25,0.792879458624688
train_03169.png,0fb0aaa86500a6592247ae6808923f8a03e773533f6ab4a41f8e5b7ba7a1f90a,3,1,307.97,0.3871374865174564
train_03170.png,74162e40d555eb306aa976a8b33513c1bacc4caa93c1fd3b00490904758db614,3,1,6.95,0.546133728587015
train_03171.png,0581cd3f5fe60fde61ffd2012fbbcc5b9ec9f0d03cf8aa1ec19742866df5d7dd,1,1,5.27,0.5293936284832371
train_03172.png,239aa77468f9e75b296121b1c58f9cea666b155f9a2ce8c1292004700556a727,3,0,315.9,0.3835902648349242
train_03173.png,f0120ad222e7385a2e8b417406bd41ce97fcae1f915d86bc155ed87c186e434a,1,1,282.21,0.45088925573475097
train_03174.png,4576442b664ec1a8343ee7e4855eb81be2ef08525920e8bea83fb75da6fc185d,4,1,283.34,0.443925426718623
train_03175.png,d7d990ea75cd30e441f4cf7349fdb9bf0b7755be6a666a383a945ffdaf18e772,4,1,282.88,0.44574684231463013
train_03176.png,a53f4b43e4eb72a639c1f09a76a5230d8e480254329efb2c73360a90260206da,2,0,294.21,0.4126398565272109
train_03177.png,b8a85c48c6bb11c7ed2007d9beca4331a918e6263b36ed876443f27352f9cd21,1,0,275.71,0.48119449642906875
train_03178.png,96dd12fc9502b3cf5749546bdb353baebd57e56af5760308fc9f109b28d10e4b,2,0,303.74,0.39466798620877297
train_03179.png,84eeae9e8cb7ef985120eb8755a824278a64b70e3c8fb9ad9bc9424ee2ab9589,0,1,176.05,0.9301920318087646
train_03180.png,dd05452bfebb57c25c77d0e720d6cbe2234558125ddee09eb0f14143b1d7fe50,0,0,275.33,0.47404868757211444
train_03181.png,c558521aa58401e1225c921169b646c00aff4a9135e9d148c874973ed1635e9f,1,1,351.2,0.456362217407348
train_03182.png,27b8808761c954ae72279177f7c249dcb33f172573ff453c43d5ff399ac91427,2,0,294.08,0.4129624938929352
train_03183.png,fb7fb14b414e096f0f803e16eef5f6cb7096c2ce3fdacbb50b2adeedec7b2c66,4,0,331.24,0.3975585887433278
train_03184.png,7bf1fe66c53604e1e2111bdcb07ce1bc650e09cd016e63d4bc5c6af0b8a0e8ae,4,1,165.45,0.9398899055578877
train_03185.png,1573d97eb65602f950a2d7a59c9f5b19126e61fa406e1e0b2546902af745f9b5,0,1,29.1,0.6880264679455673
train_03186.png,e43d5988a9a9faf459a078c0487924ec49b7c47dda1d4c5b9a4df5f865f607fa,3,0,352.48,0.46947430955286884
train_03187.png,1c172020b178b7f4a0d630304a18532cffffb20cd7e59497d4ca742867c887fd,3,1,56.44,0.8330164507961653
train_03188.png,5de3ffe36b77d6617b84bae3051a82c1c230078e014c57b4ac2a2edab8638e3b,1,1,219.88,0.8135820947019324
train_03189.png,cc74c8ce23bbf55aa17b310a6a3039fa021fb56f4604387a8f6d577adbfba935,2,1,130.91,0.9506363911390407
train_03190.png,5c69a35f71277128ed2f0f0f8ef790e29ebecbec556b9f7511372d749adaf7ef,2,0,281.44,0.4541071097916658
train_03191.png,6b2ddb875b0cf8b03d041688c5c93a3d8e3d19c82e0b82bf0bf1067b73e2e1fc,3,0,281.95,0.45431648241685935
train_03192.png,27263d07929c549177ee24152e4430d2c9223e0c39d5596fc1f33ab9fe555852,0,1,87.64,0.9220124073839474
train_03193.png,ace5c1d2764dea2941d30c9e941db2950cdea617ea80ec36c3f257716cbdeaf6,4,1,23.11,0.6463553758291829
train_03194.png,9b356ccf9fc96f66a924e5a6c4d101647f970fa6db73953b8ad65a22bcda11ed,2,0,336.54,0.4186456079854712
train_03195.png,1de16cccefb030f976584da33d283d0d280a1032509bcd7f46c36d3f9f7cf533,1,0,358.87,0.4936865801589974
train_03196.png,19f0a52797d20db4791238e2885b08ac03ed90a27afa4494138846e72fe13ebd,1,0,350.89,0.4549928787810123
train_03197.png,947c7b19498401f101657b4d71174ef1b08a54fa98b9a16347c4a2d26f001cad,3,1,147.71,0.9518554747393746
train_03198.png,8fd18a1c975725ceeb06fac6791ef8fed1fa8555c0dac3e8f6428b7710bcfd05,2,1,258.9,0.5696146980716992
train_03199.png,1f2ddf46d9cb57d14ad09f79311443199c34d4cff073834f7ad606474897c1ef,0,0,313.66,0.3767475416420643
train_03200.png,4583cd52a49eb65c5d13dc2aa9221dda7018b6266d4a62eb7abd084f5b221491,3,1,44.24,0.7749983627682879
train_03201.png,5d6e1b06c896017bed0a01460133a126b1b791cbd4206c8659586fba9e9baed7,1,0,287.7,0.4291742316255974
train_03202.png,d363b8313fedce92ad6c3ccebf1448978702dfa5134aa4f652f5ab25987d0da3,3,1,316.59,0.3836563670421789
train_03203.png,3019337ebf048a142738e2ffa8f28661c152883a8dd7f292b1ba1e51c6f74b6f,0,1,283.09,0.43966038579563294
train_03204.png,a39156dae9d089dae144e720945f03595e8b9b90b9122a119dec5902e1bdcf29,2,1,344.4,0.44404105764828933
train_03205.png,ac63e27d7aa50644647fa9825296ea99fbba499e86a87afec20c97fa2b95261b,0,1,39.78,0.7530144405422047
train_03206.png,85b5c9b34e1d86605fc5b157557ced6058e2f49e5dc53731df36886f149d2f99,0,0,344.87,0.4346190507421634
train_03207.png,661d03d2274530d162366928d63ac27b8370ac4e4ca26832f1012c4e93a1f80b,0,1,262.4,0.5452026452531292
train_03208.png,6fe7082028b2dc6480a7838f75d86c0ccb606a809177a11bdb6b2451ce22384c,0,1,49.34,0.8036659539930189
train_03209.png,67115655bb96cf1f37e560571f0067b820a80093965f73c3ce39c51fa2d02873,0,1,78.27,0.9040864209355243
train_03210.png,f13d16c5a08252867f1f3055057aaefc37e624c75fe812e3b018a8fa40fcc94c,4,0,310.72,0.3823633789699846
train_03211.png,9e52422eb62295a53f0e262616139de3d289629167d0955959f025020eb9b616,0,1,215.54,0.8239430685602832
train_03212.png,b1daa4a23799bb2764b88ea0251ce5d4f05eb16f556de95403ab188e4d842200,1,1,33.92,0.7122402967866601
train_03213.png,900459dd470bb4d18bad85d771e2d8d55254d5b0e3799f05d130fd2f62400957,2,1,293.19,0.41522707438726764
train_03214.png,e4b27305ac2251eb7f6e82bc3cf263d64389c6abc554f3f5b803639d39dddefd,2,1,207.96,0.849517877450727
train_03215.png,f5dcd8ab84d8fb39f793b6e76a64424130df8e5cd04dc8a414bfdd63fe983ab4,2,1,177.83,0.9233989277953993
train_03216.png,60f2e6ef266784dceeb1ec0dd41a4f7b24f9d41f6d83873b49d31580923f6a8a,2,0,353.23,0.48114570572589577
train_03217.png,461b9d6e159e3ac604cb9c6b30db31cc3d6441f049077bd14c27c248a6a3e1b3,3,0,282.83,0.4506824517856329
train_03218.png,5895228e1c4ab1507b5ec99f4a1da1034fbd87266cebabe963998bf832b9d604,3,1,331.88,0.40052998911832444
train_03219.png,fe522273cafb74b5172086c4c2e3bbe16f293ca72fc6575d1e6e2d20cde90fc6,2,1,132.51,0.9507346029410042
train_03220.png,94ecc7ffcaea948a25aa899d8e479201fb9adc334d35d9f964d0b315d1ddb340,3,1,69.96,0.8807354721147016
train_03221.png,2de4b4137bdf440165bcd00570cb36d1afb7aa03b682d89ce46eef5401c277d6,3,1,312.07,0.38431387554813456
train_03222.png,6d6b3585f6191f41cdb5fe1f2e4660b21ee4f6c89b4ee3d3b5917aea86d5ca26,4,1,257.82,0.5773983190013958
train_03223.png,89f5f170610f7df2d7829c9eab93d25df1c4823475a7dc6832c5dfee76e20596,4,1,27.39,0.6737217682959098
train_03224.png,32e9da3f2c9db48e8193d66b92bd25b371d93f8ab2c962062181c4a679d9ef44,1,0,293.12,0.4114085688578784
train_03225.png,486255b8a7f0830c13e171bdcca9de30f33481b9faf2291b1c90065c5f9efe59,0,1,45.55,0.7845863228301521
train_03226.png,607956f7ea076b1a396cb01e35ec59c30d91c5617d61b5ceba556cb44e7b9700,1,1,319.05,0.3783000620014988
train_03227.png,f63c56c86058a4e41771d8d06799952997d3334ef40d47ff0ff86e62ef97ee89,0,0,301.29,0.3879461566850232
train_03228.png,95c10489c889d056a4dc1295837972900c56745ff6e427c1ebdef73a514e399a,0,1,322.83,0.3809445811621683
train_03229.png,a35d19c54f245f398ada9945bdaf172390f6fd1cf6f90eb443770a097388f49c,2,1,116.3,0.9467397435748158
train_03230.png,196e13864ab75e946d5b0bb6b60b63267521416965f41075fc15140e2d130a4f,0,1,204.59,0.8664332420794784
train_03231.png,226144cec16908a92df346c1c6ada1822dc0f3f1a036b9b5711208b4d1cee5b0,3,1,325.35,0.3897130894914923
train_03232.png,1e77c94ad659421bf67f909e0fc6d6b78b17bb8de89400ffdae9915098d68a7e,4,0,26.02,0.6650006664990445
train_03233.png,f68f6b18effe97a106c45a74e75bbad45215ba537def63a1fc2689b1e62a3fca,4,0,292.73,0.4123232262839891
train_03234.png,1de16cccefb030f976584da33d283d0d280a1032509bcd7f46c36d3f9f7cf533,1,1,353.01,0.46458028770371906
train_03235.png,a4a98d52a57563340ef540dfadaa1d9ad2adb1a453dffad4661f742f1da30abf,3,1,86.21,0.9180344890944688
train_03236.png,52c28d31daa6babac6f53de2f654157bac9a8a2652b23665653d96e624ea3cb4,0,1,241.17,0.6815208658921619
train_03237.png,856b6dfd194bbf34f8d0a6e2abb8b9297b7fa7fee703806a02e2781a24372578,0,0,346.45,0.44080403695269527
train_03238.png,90422ecb6d9055e13016ea1dd53a9e4941f9148509dfca2a1f75cac2d85c2ed0,3,0,125.96,0.952563292785574
train_03239.png,6420ab9ff24f68c7121cce613eb96bc0f8fe54461f660bb0af19100d33050b0f,0,0,338.76,0.41359518740683665
train_03240.png,1124f3dbb56c44c7776399299b69084f73f941c726f6005175e65329ae385c31,1,1,323.02,0.3808100286381704
train_03241.png,ca060a46f94245c084d52086b3d52d9a32f420bf1c145a6e9354a14a2635adee,0,0,275.95,0.4710491000539717
train_03242.png,be2e5c67d2f73fb579899e438872c9f912bd1d8ce985918830f734e60aa316c2,2,0,319.03,0.389297015422281
train_03243.png,bd79fff7f5d5f7b447d1ad4650531620219e81b453abcedf40fc9b28de5ecdb2,3,0,336.1,0.41038424401826085
train_03244.png,56553519c1be8282b1da93fde2f5dea56e7bd030f128a87a9ba629629f772643,1,1,90.63,0.9262398740139288
train_03245.png,82beee0e143159c59df20d2489e5730424fd3d7d9b186e39a520e959570eaf73,2,1,219.71,0.800080498152285
train_03246.png,ff81c9ec6a1a423df13515909d5523356cadfd9a0c5df9511fad46da56c35fe9,4,1,299.83,0.3956631705205035
train_03247.png,263ab89de9a5b5ad18e2ffa6bc72071ba52fe17bc1972486204f2711c8d51e5e,0,1,285.33,0.4310599298048415
train_03248.png,c7ed1e76d62d4a64b2e2923d649dc4f66252b197a022f6dab78babbf43a1ac92,3,0,342.22,0.4286430380539668
train_03249.png,0a32ff21eb0f9b9248b6eda0af0a780b4b799d5d2ca5a3ee7029b86f774c9074,2,0,298.27,0.403611426009689
train_03250.png,e78543810959f8ef0c5dfbf13f059bc297a53018400a4f0e323b64996b89c127,1,0,317.49,0.3778640283187798
train_03251.png,f009123ae6db3992735548711baa2aab84f413618041c5683df1648852cbf923,0,0,111.19,0.947150811533231
train_03252.png,2e487a65a4dc25ba7e78f94d18efd57b20af283c65b021dcfa3769116daa9fda,0,0,329.94,0.39153438190948836
train_03253.png,cc3954886ed4c10a7c17f908c5d70eb57c809a33caf9a70c0dfc4f96c2d93c24,4,1,108.39,0.9428724942820037
train_03254.png,b486337fb2700d96ced4c3490b1adeee10bb9f543ef815566f6f842e11e13dd4,1,0,180.92,0.9271455001683203
train_03255.png,be22743134e412797dde8c7f6458c5590c12f6ea762e3bf9808479016e32dc1a,0,0,353.79,0.47339887264145186
train_03256.png,ac26e112d0ecf7048562fe942cc05da08aa2421cde8291d489ceaab4c6e32019,2,1,53.93,0.8234973307544023
train_03257.png,b0528aaa18028236caa1665bd969308c84e71f07614b963c8b0a3a9f91090c1e,3,1,67.82,0.8742930710868462
train_03258.png,86d295cbdd632e587da04a513eaa5cf15a7caeee73053b29e6b3cdb529364293,3,1,38.48,0.7429658292350582
train_03259.png,662c9ea3c0772ec1ff74366766f24ff22cb8451e28a72796bf8b73d0317a6560,0,1,35.62,0.7285683713873393
train_03260.png,804c88595e1caab9c8c3e023f1aec0d1f1180adc3d898cb433d4182fbfd66721,1,1,103.85,0.9419890624858209
train_03261.png,71c7281d6ca310ffc10a1acc6d53430615b496f60bc5bfe16762870837329ecc,0,0,299.85,0.39051139421063313
train_03262.png,f199a6d5c862d2e1c8d79f121bb09bb94e6866480696fa1e1c0def07d646d403,2,0,352.03,0.4755991717916704
train_03263.png,9f7d94bbe553228214497170850b1b5e9592620229fe6fb190fe21570e1e4342,3,0,333.99,0.4051765231384998
train_03264.png,95b1f931bdb3c88fd948c872935f304c707c7f60cc66bac03120b157cf7143d5,1,1,189.09,0.9131262007652451
train_03265.png,fc247576d39b9957022ddf939b22777daf46d08bad095291e8a5f3fe00837244,2,0,309.51,0.3892459254449992
train_03266.png,599b9c6878c6c2a842934c71ae1c714b17ecced0807eb2275412cd59fc0e8246,2,0,274.43,0.48489438709809474
train_03267.png,437ce9f8fbb3d666788d8c5a09663ebb06145cc2d3a8a213079b584e190d4db6,1,1,105.38,0.943330266957718
train_03268.png,433cc32d585a2ddd1af7f0ed63a78102289ba6fee9531320387e9c2c209c5e87,4,1,274.06,0.4853227679357249
train_03269.png,ea37b126a1fc65deb04de7e25e55a98254df655946c15816a2568854ce4f0977,3,1,332.86,0.40261822439757233
train_03270.png,b19dc2077b7a1f6f55caa1aec0e41e718f202d7216e4be5ba141c1c3946b7013,2,1,106.34,0.9406086039745923
train_03271.png,0a0209cdc46be733c2ee918bc5e80d7dc5b4af8341368310c911f102803972a4,2,1,272.52,0.49418440095096444
train_03272.png,4479da2643dceb6188194f1b4c70b7aef9b3940551cf06a6c82ebdea4c27f4be,3,1,73.87,0.8915121359457936
train_03273.png,f77aab02d7fbd31b70d7e1551cba650e8c4ddd445a90fe5a9b77196269884d64,0,1,206.4,0.8602089449064358
train_03274.png,4256b4f193859eabe626c9f2c0fd7b5706cbf98af6e5c255009af91dbb51e46e,3,0,231.41,0.749167186081687
train_03275.png,f56ac41c8158955a30b7516b6a610f572cf9da98f9b206abc72c06843a3a167c,0,0,274.33,0.4789746703849962
train_03276.png,89622cf1ba941494ad1d3a7610a5b7a253b2393b4807802c2c2c59d6493183e0,4,0,327.39,0.3906958395832577
train_03277.png,ea3fb5d6a51cc613b8cd30a6da6474a4bbf8e8555b15002d271c7c84b7864699,0,1,51.06,0.8118659282496117
train_03278.png,046c2e11edf522826ad648b2b518addc7ac6f7289dbeccc2e3fde1bc228a6dad,3,1,184.02,0.9193050278633387
train_03279.png,ad3c33e58ec72c0261ed9003f128c4828e2dd057fcf00d9d77848624b4fea842,0,0,294.28,0.4029158594612176
train_03280.png,15d966bc691f17956568170e60bd0c448a8abe4c36b376d40a78bf7c5b7b8727,2,1,347.41,0.45570463008400364
train_03281.png,38966c2f013b23c44fd6c85b3ede717f0b2a1d2a0eeb6f8b8107371faad511dd,3,0,303.06,0.39331032890296486
train_03282.png,d81d410d1ae21fb4600e3e2150477b6840827b0f6794512462a57a6feac60bd9,1,1,209.72,0.8560258393546015
train_03283.png,203ca866fe13eb709d2fa70a560b1f97e3c25d54c5230dc6d5e75a54c169a8b7,0,1,213.43,0.8330463242243329
train_03284.png,02f3948aaea9ca277118703bef5d1645e41fb9909fee5928dd2e5213a93bebbb,4,1,9.61,0.5609446084261127
train_03285.png,b97efee9e56d16db4e58b413c02a4a782287cf32646cf70ad35fdc5d78c06848,1,1,110.65,0.9473093529055863
train_03286.png,43f694c86b16dfa2928bad4a95afa314045bd6ff530d6cf1c15307530a9d5349,1,1,232.37,0.7476483383713658
train_03287.png,3dcd358061a32691c4d97797341a8e3b6c2c7323a3455110cab995ee5ff9c1c4,0,1,159.8,0.946036141357778
train_03288.png,a48564fc13b834981665d09bfee27a681027f36218a34e216f7cfa6a0349205d,3,0,273.81,0.49206644305401925
train_03289.png,a3f831a54a471d55e85cfaeb536f75b1fbdd7b9eb5a1fc737fdf3b9b2f62c464,1,1,152.03,0.9522612370242081
train_03290.png,a9eb32c1fe66a679c528d0ab549ce8c6cfa954e0dbfaff3fbaa967c2806e9270,1,0,341.74,0.4198113617257655
train_03291.png,5a079c4eebce250d26ae578be9de36cd29346e7f8690e64006f184a045f16841,2,1,126.06,0.9499531944381686
train_03292.png,e8f0f79d5ea54f8eed794c4474f51881cff6d8956a0c07b8912e9f8d49001903,3,0,302.35,0.39445495772842054
train_03293.png,127d4447c122d062365a7151e5c139011ba48716f083a2aca757fa4a6a3da9d6,2,1,261.4,0.5547581499634895
train_03294.png,c240b6b555e22dbe81446820f7b76ea2e5fe9bf919850e773288299b4550786d,0,0,304.08,0.3837258967764582
train_03295.png,dc0fab703459b46c79a5336d6b02c278ae5779f5583d560253e8cabaff9201b7,4,1,186.39,0.9118683147085748
train_03296.png,37a14fef939fc488bd8d31b21fc1ad0180521dd45d77d728dbef4664f9124afd,1,0,313.07,0.3783134780789411
train_03297.png,527d8df75276eaf416efe4ca270e1d544b7e81e276926a583c69ff0fff624831,4,0,312.5,0.38159879259603996
train_03298.png,ac7d6679d4e6d840f8263ed6fe1b5fb210bad557a10d9bed4aff0796d829b932,2,1,246.44,0.6471042645196651
train_03299.png,9037f1049f78fd59ec670c1169a814153d5f9253cd5bdc785fdbecd51bdbbae6,4,1,27.69,0.6756248029378464
train_03300.png,a08b00ed75fd7ced1161d36fb7b645a56fe8e6547c5d55abac1eb6a8ae73f9c5,1,0,125.95,0.954083096143258
train_03301.png,57d21e3e9fe99903b815b564f98105f89832e7636c1aed1b606febb5e82ea130,0,0,278.33,0.4599316175624154
train_03302.png,c3f19225aade3c53d24af0e1480ef8085ece959a6dda1fca40da3931cd2e164b,2,1,103.64,0.9383736004902806
train_03303.png,545afe5a055485d1846387ffe704b0607f51c0f781aa5c05abd0b21ac3955304,2,1,14.06,0.597171943938646
train_03304.png,9e0e10feaec112759d2663020370b4177f790fed5d1b6baee293bf416cbdebf0,0,1,358.52,0.49755508078417354
train_03305.png,d3f6ecccbf7c17cd85d38156b7177f8bf8988bfaa74b8586f93ffb5ad005922b,1,0,281.05,0.45594223846530246
train_03306.png,d0527f76ac8caf7f4cca047f2214e7cb22bf321f62afddbd20261fe378fcce11,3,1,193.44,0.9005002240370408
train_03307.png,81c2ded20359c6f25994585ab3469581d035227c863bca741d30157e55f204c4,0,0,281.67,0.4454270459637039
train_03308.png,755472d1dbd9d0445460fc9e506fdc2ac02d53d9768a706c65721baeea0640ee,0,0,242.43,0.6734056797794714
train_03309.png,483008c71742db9ab0e731ae189b82c759decbeba20d81b42548cf9156cb16b3,2,1,250.82,0.6194993154621496
train_03310.png,37ff1cd540b5b120cf1a0aff1c52441dc3eea51c60d4457740973d60ca3e4f28,4,0,338.34,0.41507405359157495
train_03311.png,9cdca2dacdef0bf745a59196868b93e2f2572d20ed816f750e3a199189bccee7,4,1,143.21,0.9512332015922236
train_03312.png,a9ce00b86b54d4bc748fce820fe05c8e67cd213c7b9a910bfa5b05bf065f3738,1,0,315.47,0.3777604044547177
train_03313.png,eabd2b7c0afd1a5202e32ca1824b3493537a0d65d3f459ed8fdabb32bcf85ec1,0,1,245.9,0.650843641037368
train_03314.png,1a68508675bf8b01c77eba46cafe8debfb1852899453fd9d5d0634e952d475b8,1,1,186.59,0.9178457394963645
train_03315.png,cffb89a190e95078ddbde691b3bad1e9d2113230b302409b35fb332fa66daa16,3,1,123.15,0.9518229849185208
train_03316.png,0643c44a064325f73725da879cc68d4d4bc34fe74d55a57c07a2b503f3ec9838,3,1,276.51,0.4787450626980771
train_03317.png,7acd46f219ce66a86df14027ad025011999ad0d6ab7886d655e48542ffcb7a1c,2,0,346.18,0.45081192347629323
train_03318.png,b23fdf65ef2e53007344a468bb7ea7a186ca0f1f83a7748b07d83914106ba1ee,1,1,140.84,0.9550198986660778
train_03319.png,822c9c633af56cfa2afa4dd02afac2d005034059c32307b5c4347153d790225d,2,1,311.83,0.38822622909490173
train_03320.png,4e16ad88883948cdc5362d24913b32646f9f7b2868cce685fa22a7eb5527bcde,3,1,168.16,0.9397470820958862
train_03321.png,2a52da3e800d501b72acf6605afc03cf3b4bff0fce1a15e20c58fb44badc1e56,3,1,331.9,0.4005713941473313
train_03322.png,8a7ea0a3cbe894a336cd99709b0fff870409682769a60e542e9bcf7650470926,1,1,175.41,0.9345245834747783
train_03323.png,29c8d303dcbf7861c165ed66c058d58f35b2f8dd825de7816fd44f7cdaeb0e64,3,0,326.07,0.3906415099223574
train_03324.png,357f1a754d7f4b58a2bdbe8f03465a229832f8d878844c5c91746876126e2b51,0,0,341.07,0.4209974522143049
train_03325.png,a54a5d2c3004feec9c3f7a413e147968498b9608fcdeb7ceaa34987f315cb3d1,1,1,280.27,0.4594286824979165
train_03326.png,d2ebcad2e3a0192046d40a05b64bd24b486be7688d9e9da714c6a212d6461267,3,1,300.88,0.39702729662082553
train_03327.png,f6ceaf92db36935236cc3f81cf92f3eefa4c2778ec02d1de1954fc247df12783,0,0,289.5,0.4166970511567589
train_03328.png,d664182ad40b77b7b812d1cbd8c1a29df75fb5d5679ad45cc9d2960a9c6f1734,2,1,151.87,0.9468696372991469
train_03329.png,cf6abbb920ae3b23a1ec53e4aeab254e021ae9f06c2b43a7365eb64328cc3eaa,1,1,328.63,0.3877905383139557
train_03330.png,a705e3785b356832d0f305442ee5a02b5aaf907932275efea5a6bfb299f60976,1,0,283.52,0.4453751331658055
train_03331.png,31950e8bfd0e73a49ac8fcc2dd997dea7278847adf5a0b4357a37867e782b982,3,1,260.08,0.5699454501844483
train_03332.png,a461157b23892bd46754ae8d588c89c2bb4682521c006f0d18d5bf93699564d1,0,0,347.41,0.44470917328216364
train_03333.png,0014f69111dd918f3eb66a67322d776e7639a81d7b20f93930ebd1cf8c34734e,2,0,242.72,0.6704715986692472
train_03334.png,906d3cadcbf7d27d200fa6da603000eeb129912c9b1e8064ecd9a68153453b78,2,0,316.12,0.38809286179362185
train_03335.png,28143927c1be57be6c185b8e12ef66a3921ca158e268ed1411d5c4e47dfe2b26,2,0,343.33,0.44014937291087575
train_03336.png,8338faad91148e21409e620023f957e5ce6d46d39b1d7537c6c186a7f46e62a5,4,1,339.71,0.41917535459089805
train_03337.png,4c43ad478237f378a21628a0f892fa25cb7f7c66274448ff7a465fb2a013a803,4,1,67.21,0.8706577023863418
train_03338.png,31fbbcaafcb629872ce023d3a0d4035cb9150239f10cc8250798e04c2738797d,3,0,334.21,0.40569332525402013
train_03339.png,8612ab050ec69b4db57bf68e1ae8baaa97e3dd85aedb7466fe9ba3db2f5bde7f,2,0,271.85,0.4975289690856846
train_03340.png,c1c1c62df4381c6ddac96ec04c3cc9905b78d27398cbfa7bfe6e0ab0dd30c6f4,4,1,24.27,0.6538024487836172
train_03341.png,1b59a1487ecb31ff43fd69f0b5c01d09671d9a563a4e5efa4bae244168a4051d,0,1,319.8,0.37838060902106535
train_03342.png,3aba42bbd48579b957e98c2109d5b523bc8d2d1f386d0cb01a5591feeb3afbed,1,1,340.62,0.41621950010726644
train_03343.png,abc8874a63600033362a3407128c828537ac5fbf0db532b65568a95a02aeb828,4,0,288.49,0.42526093894365063
train_03344.png,99d2a9213799a8e2f2b159cc0f904540c84cfd02b61447483468a630a90ab5e9,1,1,284.44,0.44162601508067384
train_03345.png,5a0a114684d65ffe44097e030a3e2e11e799f1b345cdd5f9830f64a0581763c0,2,1,205.43,0.8584842867633612
train_03346.png,7274520113bee75f70c661b90aaa428f821cf0ffd1304997ef6a0cd2fdc97070,2,0,308.84,0.3896642249251471
train_03347.png,7b2be06fe84f0b66a72ca6d14272b655fab02b19a0130bbe6e8f310c0ee8640d,0,0,326.47,0.3855639271456819
train_03348.png,5f59b8dd94a2bbd88e24b4c10347c13247f43dbeaf06667af0f54cc5adb2972b,0,1,170.77,0.9365318585002624
train_03349.png,7bf1fe66c53604e1e2111bdcb07ce1bc650e09cd016e63d4bc5c6af0b8a0e8ae,4,0,311.28,0.3820801954266077
train_03350.png,f1b1386f375cc2400add98e1628afabd83dfdced066edebe41d698b1614e8f5b,2,1,41.96,0.7657891750680625
train_03351.png,da0fc50317fcba2feb011b627c09ec3c7465a2ec128d799bda962792ad9ef091,1,0,270.85,0.5068286329377908
train_03352.png,cb25b54d03a0299910df1e78dff40c38b31f933239e4bf5b32715f24e9167bb3,2,0,288.02,0.4302955159631164
train_03353.png,2f0802daa61c4f1943a387ea3dccd668cdef11ef450636dfdbec24c7459c45dc,1,0,297.38,0.40006322543339273
train_03354.png,fe3e0d37fb43c74948eb73e505b7c6a00208217c527c3f8ce5a85a27f18b4445,0,1,95.22,0.9327659404711741
train_03355.png,b44f72137204bb2b07505636708552d3df00bc659c2cf0b324401e11f9179b7b,1,1,238.24,0.7122103680227309
train_03356.png,e9915f20fddb9d52cea7824a1be0c2431357d31d55d5cc35c508c542b469ffed,1,1,49.98,0.802567076443404
train_03357.png,7b964f5ec6814767ae94ea278519a441a392c9a150fa004d4b576015e03cfca2,3,1,238.01,0.7100046417713487
train_03358.png,5f6baef9ad254ea157debedfa21b3593097a9ddb1b294f08e3465d321eeacb5a,4,0,271.42,0.4987819283558691
train_03359.png,aae0bf2480d4c3d8f6149e6450a8ee4359182c8ae5fcc64962e1a6436b4c9fbc,2,0,351.39,0.4727035883778123
train_03360.png,5f3e9bd7812bd022fb0c3d182f49c8024151b125099bfc9e2eeaf1f1735abd9e,4,1,162.75,0.9420954469724317
train_03361.png,916cfdef7eaa53a6865f933a49792920fb8728a68a435119b2abb1aa0b5537fe,2,1,90.13,0.9226752121521536
train_03362.png,f9f7abf1cae0d2a37abef164ac5cf59ea6d10e72c67e6692d67d19f84094d1fe,3,1,149.06,0.9514320731961082
train_03363.png,79068450aa38817d801f38cfc1af79b26cb119516cf46ca8ad4b843812c51a8d,1,1,345.91,0.43456923977378054
train_03364.png,19a9fa339d46bfd05184242ead88fca17d9e33eb2cdd167b0b2597ad61dac6b0,2,1,255.28,0.5916849733543078
train_03365.png,e4652277477c7b65c1f1a0479589e50dcdb0e8028ffa30d1844c5b5f27b7bc6b,3,1,280.25,0.461591503252648
train_03366.png,f06a559bae74a597301ffdfdde244d4f4af1880d387b80d481e87fb475f9a013,1,0,306.74,0.383297858478144
train_03367.png,d3473271a3eefcab812c06f976716ae22d90f8918a9b7e5edab82819e32a243b,0,0,292.57,0.40751430453801546
train_03368.png,5100b6a6df8b343b0e490e4bf71acfb2db1922b817814779fcb5ebc058772f9c,2,0,297.78,0.404593145966715
train_03369.png,ad54bb5d0ca8de57585e0e5dc2f70dda1a76c6205009c4d63437bd88295bdb2a,0,1,143.69,0.9530142596986675
train_03370.png,216f3a907646ed6e0eab8838923a007f209c41bdb9e67ae817507d2b31d98ea9,4,0,61.86,0.8524554111053845
train_03371.png,7f583e24b533ba6b1ef4a971f608403075471679885d40476418106db45064af,2,1,332.23,0.4079090444900317
train_03372.png,bf33af9f3f5b29fda4ab92c718ee6d67cab728f8088fa0a0db18be2ede1961a2,0,1,171.29,0.9359635602736657
train_03373.png,9b81f1bd8eb0a3e36a0df73a08252ef3f64bc31f128df0a2c455a6e16e90c22b,1,0,301.9,0.3905654585086828
train_03374.png,d15d18fbbbd7576c104647328528856a7eac0784dc90108d70b82932a6ee3542,2,1,226.76,0.7643602452016834
train_03375.png,92d8f4d90ac5fd66f122ecc606aaffc7981f7e2a6a3b352b61e30e4d77d65a90,2,1,297.72,0.40471539490050834
train_03376.png,83fb25c7421f664dc4d573353c8c98c0925ab1750bfdf5f325702a897c1358a5,0,0,275.53,0.4730764836862111
train_03377.png,2e412399ec757186cd14b046d64fc215595e2ddb0ca6c01abba06a86b09d0bfe,0,1,196.15,0.8915795511662443
train_03378.png,0ca006eaf12c7bd35509a9d68460a769b575abee084a94b9a3aa09266e6e9e66,3,0,349.13,0.4547806422281189
train_03379.png,ebd0457a8b2b2d66ed67af9fdb4422d8b5445e39b7fd3a1d7ea6e6ff4abb1dc6,3,1,238.62,0.7062519338704782
train_03380.png,fb8e5eb840dcdd765cec9fde7ee1c067f3a5a7c67414ecd19c02bda9b515062e,3,0,315.89,0.3835897477756186
train_03381.png,8eff008ceb50238b4373c392ac14941b7c53d5f13451e6b6ba983ecbf9a3307f,2,1,30.48,0.6997825404529376
train_03382.png,7950a005aaf5072a8d90750c0a1b9786596bcd38a7f587ed0c4fe81461e89c74,4,1,358.4,0.4972985995280506
train_03383.png,af322c01a391783f823439e51a1d96797a476e32e469b181e01060c498983750,3,1,54.48,0.8246580267921149
train_03384.png,e514d1b822632e62f0f1d48b261eb016e200c074b64b3e186c293ee3758245f0,2,0,338.46,0.4241610042834023
train_03385.png,3dc5ae98034e310e3b733895eda757aaf0efa4c717d5679b86658d06f332e830,3,1,160.51,0.9458161161816663
train_03386.png,53a9d73d192f9e3afb1d4260105b3a00a99a980f97a5db606d8664a995909f00,1,1,164.75,0.944973393130663
train_03387.png,c8b62e71630dff8ccbdc11bc5f04ec6b4fe9c0f76d69e10ca9e3f687b787e419,4,1,129.59,0.951680545515434
train_03388.png,2dbbfc1aaaa4b2d42b2cf17ed431633041a27c1ca749c318849479f0e7ad7056,1,0,324.81,0.3826000186306538
train_03389.png,3f168921f7d7a10970e2e89dc62f90d0dabe280976c2207cf9fca447069cde29,0,0,247.08,0.6431270041948738
train_03390.png,3a99074f6e3c361e53eac8723d4ea74d91dcb4afe137545dc78fe2bfb73e8983,0,1,345.6,0.4374390264913145
train_03391.png,dd14ac11b346c936d62d0fae43ce05ccaa7dbd2f1aa3709f5e6c8df30cae1c2a,0,0,294.4,0.4026070779878637
train_03392.png,0f9a1ea9be3ca4845441e4bf69fdd7f3b53322efd5212021fa987efaf606121a,4,1,201.6,0.8746757786838552
train_03393.png,5503d618546c5aa11fc61777a6dcff8e6388d46940f0730f892b7db00de6e5a0,4,0,338.86,0.416603428186061
train_03394.png,581255826991db60f99586e42e5f243b7d29a4aca79ef299809353ff229a0dba,2,0,281.28,0.45474903277949524
train_03395.png,5e3fb2227704389c5c5e5f8db7403c660fab6b2d012c6d30e88d137dc6e7e6e2,2,1,259.98,0.5631529080320985
train_03396.png,0705d0ccbe6aada548c1450a727c4794172dfae210c37c6f96697ec55409739e,4,0,354.28,0.4767230354869344
train_03397.png,80cc30dc8a59a016dd7fdd5fdb8e0928b08ccf9b8c91c2a39f8eb2129b225436,4,1,46.64,0.7858361271706925
train_03398.png,8b9100b813c37020820fb4c4071a019e64a99ca9d3bc6df21b9c0f861df2310f,3,1,146.28,0.9522531020246698
train_03399.png,884892d863a74d6c21a85b5f9c5ba029d474c27b222e70f88949712353282eb0,1,0,358.49,0.4916887612723014
train_03400.png,d9ccaf6505282da22517520e969e514ef5923b0db864471da82924f7a762ade5,2,0,349.58,0.4647550057710472
train_03401.png,9fbb11d7fe82c39cfea7955d399df9bef6dd77c8de08a309210a2807cfb2271a,2,1,90.69,0.9234960500505455
train_03402.png,6decd31eb1508aca51634c1a0daf5089366a8c4d1e47ddcb9b3c79fd6c92f78e,2,0,334.94,0.41439357395535265
train_03403.png,89c021212391b2811fc4667b208adbed1ba727bc27c93c72a02eddb80c8be980,2,1,121.08,0.9486318127677894
train_03404.png,424009652848444627e7d2277f1ac667a7b706f9cc327875654ac4cc41e8f37c,1,1,294.11,0.4085653354690892
train_03405.png,80463fbb9987b841ebded940e3033f720b8cbf98b1d864186c56af2a776f2ddb,0,0,352.43,0.46689462216971794
train_03406.png,f89a16927bab621f930ee70e83f0be8337f0bc01f22be467801dbc5de743ddd7,3,0,60.77,0.8501608457291948
train_03407.png,3bfdc6ad795f2819a932c666c8b4199699c98bf46cc192cc7c94b8cfa245cfe0,2,0,320.49,0.3902955150312784
train_03408.png,5748589ada25ebeefb949efc7965e17f11362ff036d3be47219a2aecd5fc0d59,3,1,127.96,0.952970564193819
train_03409.png,f56ac41c8158955a30b7516b6a610f572cf9da98f9b206abc72c06843a3a167c,0,1,123.31,0.9524604158612927
train_03410.png,dfad1726ff2a8eacefe367d00680b9aced7932f7486093388301f8b6a3a2d471,0,1,102.18,0.9402453384306177
train_03411.png,aed9a65589550a31686b36b7704717c71457394282761147cd18bb4d1347f7fe,0,0,344.75,0.4341617090399785
train_03412.png,ecad28017317580ea80188babe5c6622b55c73e6bb2895f9a9d32eb476645d11,2,0,315.18,0.3879275227039546
train_03413.png,48fd4273525107accc6ad88ba183950c8d99913ad33395e93724aa834f33eea4,4,0,57.73,0.836576774841196
train_03414.png,b209cd3ae0f1be0ca1d4eb4194b7734d3c733e3e34e1637fb4c2d660b32d45bf,4,1,165.29,0.9400280442350346
train_03415.png,451447086b2be6fa91c0281acc23a4c92ff7a1680c5d38359af8577ed6f7febc,2,1,242.59,0.6712836436007233
train_03416.png,225494e359c83a19748b1c997f739adbe38b1b6d46ad52a19fc589481578702a,3,1,157.99,0.9473830242601656
train_03417.png,1d3865493d8f818966c84a2517e9d91256715d727f7e6f79695923556eddc1dd,3,1,93.64,0.9294171195645808
train_03418.png,55234891fbded995f5c51f5f9e5cfb3d58664ee1291481a50c3c9e478fa11586,3,1,216.56,0.8243489022562939
train_03419.png,97440c64d53761788b74a95e1c1eaf426044249588c5c5a2cb8e8491fefad00e,1,0,321.84,0.3798538934791833
train_03420.png,c0109bf990ea8d6b1f9b2b63765679cd3c7a42bee74cd614cfe5373406479a98,0,1,326.14,0.3850758117290328
train_03421.png,31d85e7e9af6b5a391bf789f5184553c3fbc1fdd78e256ec32420dd485dd39f2,1,1,146.83,0.953928724924772
train_03422.png,ee83aa8c46d156d437f6e5ee0f2fdc2490e8666ee75b7bfc146d7282e8a3c24e,4,1,192.1,0.8999242908129277
train_03423.png,3a7a6f87b488629a3a5e651a96d6ea8b89e6e9bf48d92e06a375b0d82540b37f,2,1,34.94,0.7264224251567004
train_03424.png,9b6e9e76e823830e1b5f11ead38b380900026e0e4b0c0c8f5a3da3a5540c57e8,1,1,173.68,0.9365412321692238
train_03425.png,79c97d961798f8ae8287230e7ef05366f2452aba039d4b94886f5abb84ee69ac,2,1,334.95,0.41441917449780913
train_03426.png,4adfc7f3fda55635eef97d63b3c0d542da019d7a08bc05bf661345018a6db9b4,3,0,277.55,0.473820124323866
train_03427.png,34ca2250b097a7a60cb7dbddfe648eeae572bb2d352217936bbe077142aeabf6,4,1,53.88,0.8202981137481931
train_03428.png,fb9371c152315fe00d6dd99146259de95f89db1046701fd1586189c19f93035a,2,1,15.14,0.6038874604741666
train_03429.png,39f386d28eab5bb78b5d9d430152ab5623ccf24d243d35bd882dde5ae73c583a,0,1,221.2,0.7973441660351729
train_03430.png,abfb6d10eb396422a61015f16a7da8ef7848c2294062707e1ac14bd9446a270a,2,1,288.32,0.4293324936490159
train_03431.png,edecfa2b5f65fe30a20fab747a7769768f61519334f7392e2741a2a45039d07d,2,1,61.16,0.8519377637543394
train_03432.png,c39e5d938b6c657b4d5bdaa00c63ef36087de770d25d376c5608f8e7042b7628,2,1,29.3,0.6925721702086436
train_03433.png,2398c10c36d96c282cffaf0bce3f117c30f5219ccc8fc41d3f634757918af1bb,0,0,314.91,0.3766935242821243
train_03434.png,4541eeaf85b66d6b8175ad9c5cf4a715e3d02641ce88609710b0173f8bce3003,2,0,355.72,0.49312957528205065
train_03435.png,94277c24dc5afd79d0e96d06f24001f1cfe38e01de4366156186e00c096a18c0,2,0,320.49,0.3902955150312784
train_03436.png,9aec62b5ee85777ab821904a78fa23588eda03ceda66fa9896dd3ae32bbb4254,1,1,229.7,0.7629206271960333
train_03437.png,55565b8a30717b3f9f1b18b29ea926462544fed8fb3367ca49d655a22e3403a6,1,1,189.41,0.9124927318728614
train_03438.png,0454c5283fb3ba312546cc67756734f8ef13dc0a45b28094a8345e63db760969,3,1,271.06,0.5063911294314989
train_03439.png,54df805e010dd95cca7a72aa50510091a211b34e769f6cbca65838cef1ab7d77,1,1,15.83,0.5949305360186028
train_03440.png,1c2c3f7ad5aa9ffd3215afad10977133bf54f232172cd031fb6ad79a11b5e490,1,1,269.13,0.51644864257893
train_03441.png,9c6bde556837e37584869c64265e3f16a9b699ff08a27dc1e5c7a8b2f93fb24c,1,1,82.55,0.9121029750907103
train_03442.png,a7a9e5f2ecb0e56122d112923a71d6f4dd137faec5cc204c079798d5448ca4e3,3,0,286.05,0.4381678830274729
train_03443.png,48700eaaef0b27b08571ccb6e67dff676136d83aedd5e24505a7ec22b8e69551,0,1,91.53,0.927903345407969
train_03444.png,749c852171a320c2e7c9c217af8d77f1faa7a19a0d0b48310cee093a9e144e63,0,1,313.93,0.3767191465602927
train_03445.png,4473a998f398a0d432cef27ec06046e0be37f31dad50e584b5137c159482f620,3,1,158.15,0.94728943322218
train_03446.png,19ba7208404c425aec714502289cb08947c5777fc3611dff5a783584f60ca4b6,1,1,312.71,0.3784597875486202
train_03447.png,ed0244158b054b8d25bb13a04a2c706bd31ab569a606c2434b635254d451b160,2,0,322.96,0.3925849929491028
train_03448.png,637e412bdd51e8daac9ae4b4184543bca94b53b679da2dd14b3203409d9f4d1f,4,1,283.54,0.4431412953009542
train_03449.png,2f1070bb597bd621fc8c70359746dfaf31cfd321e313434e3a616012a0467921,0,1,350.75,0.4591458728283797
train_03450.png,5c374773fcf77b66ce2c0f0e28d626a8d95bb76d1701399663bf419dcf51584e,1,1,130.05,0.9548608477749291
train_03451.png,f3a3a6735c6d57c30656e8ccec86605b80ce8ac282781f2a3f2f34af3d83e617,1,1,340.79,0.41675448109225066
train_03452.png,a50bde765e219531876fe7b7156b8143dfd5dfe3ce0538ffc8f0d0f1a1481cdb,2,1,334.01,0.4120664145783515
train_03453.png,cdbd3fd920b2207bb974355ea606abf096ae09a80cca49f004d2b211ef4fb682,4,1,306.66,0.385587806566239
train_03454.png,80b0f8758bb86b438d8384ac0ce10d5aa3b122acf3071d68e3ceaa53230a596d,1,0,307.58,0.38234187615916504
train_03455.png,29d3dde99641e99afea70ae28db062dcac2761895cdb9c6092b29b51738b02c9,1,0,314.19,0.37796398488637667
train_03456.png,7a989a6b67445c00f779954712894b423f64431cf4079ec182ec6b17c92e64d9,1,0,297.91,0.39881404295774353
train_03457.png,086ffffbd898c0b7715f4d541eaa37f419203ac5eb6db79f3a2cdb560482ab72,0,1,6.74,0.5445162714652112
train_03458.png,c5d19ee4014dbdea1aec00668f6e1a1f441aa8f78d051bbfdba68fab49dbf463,2,0,285.19,0.43991072884911736
train_03459.png,ad29d85f748c4e385d29d6b39fc0789a046729eb7e1c71e1f1e17473cf127938,1,1,196.33,0.8970300112658575
train_03460.png,3bc13382c403cc5eef2f97db47da4cca0952ff87c1efaf080edf36ca36f5a2b4,0,1,84.31,0.9162836623244967
train_03461.png,7b1fe7bac5ce2939a1fb0435f9e96759157797893cfc18594b0ffafee24f4abf,3,1,175.61,0.931641994121153
train_03462.png,25763a22b756b31c00b840ef43b00cdc7bb5037e77bca22232145a1523c1adc9,1,0,320.75,0.37912862495693567
train_03463.png,adb0721d3bf641d4c05f56253f59fae0ebfcb8c15ea876b18944195c4178bafd,2,1,241.02,0.6810552247664974
train_03464.png,d499ee5fec4c0535e8381196de0962528c750c3df5d55e5a7d5b40076c524530,1,1,193.09,0.9047027405896827
train_03465.png,8ea1b6f0806c2f73bdfd4fdf4c0fb3efd09becbcf029ddce860a3c66b6f9b962,3,1,320.86,0.3853998166838116
train_03466.png,32dc659bd4c7d660727ca7b45c00ef198ef9d8db486687e46c67f50a058fca99,1,1,32.43,0.7029028609269306
train_03467.png,fa85a8600fdd75e07673576b31e31761fba2f42d9dd4b56ecf9c2a3ae4257c42,0,1,293.62,0.40464679807459775
train_03468.png,52512362e41fa75ffdf621bf1b02a76b452ce1142cfe70c18103c96830fb5410,0,0,307.31,0.38007413420973174
train_03469.png,75c86118542ff94105da42ac4416c21b70ba467f6d95dee22db61a8cfa59b660,0,1,253.73,0.5997231963875544
train_03470.png,6a87f97924490bebd3669c9dfd19a723e6e8f8d06b09d110d2d833a2de623278,0,1,133.87,0.9539859205333523
train_03471.png,ede271363ab8a07e0e3520db0125055cabd233ce50cc651351884409ff75cf22,1,1,129.79,0.9548234808124202
train_03472.png,9c74dde581c22fe8bea963fe3aa0012fce2facc8a4b0eb134b4d06cc361e88e8,2,0,312.17,0.38813268010136776
train_03473.png,bea6aa40987b09481437435895a86612e7c329fad48cce1f70c3667a41e6848f,2,1,234.76,0.7190838567017955
train_03474.png,225f9b08c1f0d755b4c3ae058991fba5a3b07376f65c62ade17205fcef2d00cf,2,1,133.62,0.9507660210605514
train_03475.png,b0f3566c647cc3e660e0c9462561cfcdbcbd885d1453128b7ce7131c23403104,3,1,332.33,0.4014738184612148
train_03476.png,63bf02fba7a265e671e9b3f9c54f3669cbfd43255b4e589d2b9a72723520eb10,1,1,186.0,0.9189018826847394
train_03477.png,c3d450613ab9994de658e6ea84f207cab637b1e8c5c335f32591e0204cfcbc0e,0,1,183.74,0.9184310737830954
train_03478.png,96fb9c515e7a157418c0566cec3e8bcd3ff2d565f274441e9978e96efa18f670,4,0,285.57,0.4354515520980606
train_03479.png,9ea7e8f7a4f184ede8a00b987c262533242d7226b7987354d97fae28f488433c,0,1,8.57,0.555679185556466
train_03480.png,6b04da9730a01dcab9eee17ea4b4624c08b0abf54a4477e96346922479585e69,0,0,320.34,0.37875240457789994
train_03481.png,491d70d9c316a3a7d1b9189369eada39b781f32037d8b275a359378332ed68ce,1,1,129.88,0.9548365967448201
train_03482.png,641924bd8d6c0ae2bb5d1763b2bfaf46b81aa3f6e73527af302bec199a9e99c2,4,0,303.9,0.3889563025169792
train_03483.png,2efbfc2d2b75eadff33dd1767f0362eb03b5435da4d0a30f3fc34d2763c90ee8,2,1,275.24,0.4810667924446515
train_03484.png,7eae615f40d8be979cb8b9a71edb92f0555769077b93703b3fdabf9a7c68e582,2,0,338.64,0.42470107830490755
train_03485.png,3fa66d038b9158c94984aea25cd2422b93791d678b0c2a4042355ace00395750,2,1,169.77,0.9335434566859779
train_03486.png,d1faf22008d266d0cdeec0a943c808a7111e613f4cceb24c37c67567aed4e7d2,4,0,342.14,0.4270184728891107
train_03487.png,759c5e3488ed063c8a5f31e84370049f57763ff2c433092fd3a734c54b11a626,3,1,258.03,0.5826763818687772
train_03488.png,6b8a6d4a77efddaba8e8b57d8e8e29d64e9477f401d5e7d0949ff8741f31f56b,3,1,245.82,0.6608077573128183
train_03489.png,2b627511d0b812279fc168e5824ff03d201d6befcc8c242b849e3dd5013a572f,1,1,280.92,0.4565183839551149
train_03490.png,9b7a2702d56dbca645fbbcd79e3263a4e6c23e0cf0a841eb6c0d5d483bb92121,3,1,18.05,0.6151137948460018
train_03491.png,daafc214aaebff5e17a14eb5f7e890316d842a59ddf7d3b19ca33ec6b7a60358,1,0,331.45,0.3928214449862142
train_03492.png,6200d333bdf4ada9eee117563f6e0d1182fb157db6a4baf307775a79a2044de2,0,1,121.29,0.9518543566858839
train_03493.png,27d014fdf74ad66ead729acde35d5ffc36873e1f7dde4603e79e1819337312ba,4,1,288.51,0.42519471858868424
train_03494.png,64db93eff9f5e949316f4ee5a4d9d50307ad770cca9e9012845a49a09096be21,3,1,291.28,0.42052648927553077
train_03495.png,cb42cf2f09aaf5fb9906c72fa66ab62426fa0bfd1f608428e9398af6f31cc486,3,1,111.61,0.946556514605215
train_03496.png,7b4b4e3d567c866671fb0c01fc2c9698d5c1b66392bede44efa1eaa4d914b746,4,1,199.02,0.882254385966247
train_03497.png,826ff2c7bc369d80bb9435928df065bc05b07cb1df188189bddc098bcb4d2849,1,1,6.34,0.5357086763633596
train_03498.png,9acc6fbc899704ffb45ff0dd133ded76176572bdac01b0a474845fca35fca370,4,0,332.1,0.3993451064580992
train_03499.png,65eb9da67c99f22be7bfd26b548af60c41122a1a751716420a63363add809ef5,4,1,224.93,0.7782676370144915
train_03500.png,3ab53f9ea44cc84d02a351d95791c8acb3227febeb47b41f76d80a0efa5b46b2,4,1,289.64,0.4215329044941516
train_03501.png,3a4a40581b3097e4ed524fc98b108cfdaef56911f828b44f677a91db8bc32798,2,1,258.31,0.5731707365764448
train_03502.png,d67415948a6d23d4eceacddc016eb8f6c7be32342c4e37d3addae6165a734537,1,0,295.55,0.4046528638286441
train_03503.png,d88edf75faf49a6e627a46b77f4735cb39e80a357fe1a50de59bcd600d654527,1,0,59.14,0.8433861274684531
train_03504.png,f99ac86bf5ebd3ecd98d07bcf6b2f7748b5c4b5842f0bf710b440b0446d72a6d,1,0,288.52,0.4262492731873632
train_03505.png,3b3febf0a451dbb6df960da2fdf730aaab1aae978e0a1103f0b46e6454640c6c,2,0,314.78,0.38789028291007693
train_03506.png,96425cd750a7e73610597e8bc75db1aa1434fa9d856ca3fa7fe5dc292c57b930,0,1,32.01,0.7064049852420684
train_03507.png,e81ba56edfdba19ec5fd23a15c48d8432e5cf6abd6d2a3b347aa865d9f4d4fd8,0,1,33.59,0.716201821412078
train_03508.png,934fa55a1b8b0e2b1642b51539185467cd17c508f7c69f2ba67afaf88e4d16f0,0,1,350.83,0.4595075816494242
train_03509.png,a76066af9aabc58bf016cb1c1119010a16c1f0fc681b241c593209b870e4cfba,3,0,286.72,0.43572063598239064
train_03510.png,694b7476c19b3c0c90a78a71933039aae454734389fa012466161e815033fabb,2,0,291.66,0.4193470816059025
train_03511.png,8fb8aa26b9e0aba65ac1acf18b9fe02a84ec13e852d0afee7446f107e259ac6a,3,1,356.47,0.48859433641997785
train_03512.png,627f83ad310f74baee47b1207e0bf8a5401d5b7491e13bbe070c11d5f8cbdf89,0,0,314.4,0.37669170524751794
train_03513.png,856145097c43d593257a178cdca649f46afddbe12be249fbfd450401366ab19c,2,0,345.99,0.4500716506572307
train_03514.png,a46efb75814a254933d68f3b226cf6fbd27460c5ac5622e920fa6e4c9bd1dfc2,4,0,275.44,0.4785690659471438
train_03515.png,f248af8e3534081114deb4300fda2a74525dddc4b3cdf4f2eb8f92dc82bec80c,1,1,57.63,0.8372352779410109
train_03516.png,82cd6d28e791eadd364ab03d2522339c73bcbd8893cbb7c073b3c87a7ce58024,4,1,262.83,0.5469078725256014
train_03517.png,25c1860a1a32ce63080f250cd3e13e8e200433a580e9ca3a92cd662839babb65,0,1,231.78,0.7396190155500638
train_03518.png,16cc8f4166b4641240c5b9e00e10466ed3f41b3dcac3923eb506590a0ee6465a,2,1,216.37,0.8154470700889219
train_03519.png,bb0dbb6ca20166f7e1142c74de33276c815b8f01906c6801193c1039f0908858,4,1,44.19,0.7730765149982087
train_03520.png,f52ee53665cbe471f3968aabf4bab4c4d6b5ca95af2bee0e566f6dca703b67c0,2,1,4.9,0.5422727910640537
train_03521.png,ab282935f2ab6d42bfd1f1ffd16e118b19ac65de59356f4de1cf8fb18df973a2,2,1,211.0,0.8379658212037496
train_03522.png,a9f585afd46e994961318170d91fec2d86d83e0fcfea1d043bc0b19ce8758a02,3,0,155.15,0.9489161717019848
train_03523.png,77e39947d677e22b9f9f5c8b04c6525ffb53c4fee5c29009ad77efaba6c8d468,0,0,320.37,0.3787741423511083
train_03524.png,7260e37b229a24a3cba0c78bce73163555ecf147e45e884d350e8622cdadbf74,0,0,352.93,0.4692621110777069
train_03525.png,eabf3fb8ecf1218a17e3c31154427bdbebad3692cca41ef747ec1c4432b67f01,2,0,286.53,0.43523873641134236
train_03526.png,bb65eb10a755a565ee2ac68d1ef13da0e3dbceea73815e2f96bf9c30ddcf9d4c,4,1,241.1,0.6839298371247055
train_03527.png,e46dd615d9b9c76a8cf41a1bda5475bf545cd3986d2f02acc28d0efc2d9741f3,3,0,288.93,0.42803678332971584
train_03528.png,5f96d45ccbecb17787e1fd14c03fe49d65247ecb5a6d6b806793d8f2974a1a30,3,1,122.72,0.9516920213411886
train_03529.png,b4866390407f15d2ab1a79a23b7948e68636cf41697421826ab8013413d5fd12,1,1,151.22,0.9525669924789345
train_03530.png,09a4ee1a01735cebbfaeccef6ac42d688e176948cb89918b46c92ef5e0cef4be,0,1,210.0,0.8469020580527975
train_03531.png,8e3eb491ab6841160c3888f7caed8b79a5c1cea92431f8fcae1f30ffcb0e2fa9,0,0,113.9,0.9487021017423117
train_03532.png,ce70cfc9886cb4617387a8b3bd4f451ce270dcf0781dab96647abca9f5e3b572,1,1,17.23,0.6040169855829022
train_03533.png,2fed67de7c794cba10c804cdc6e90ab49fe74347b9b5ceb770ba32873c6ec6cc,1,0,279.79,0.46160928070645835
train_03534.png,c20a82a4b63a8bcf7370e37aca02310511d9022b605c67257139bc7fdd76d38b,4,1,318.62,0.38198655073796445
train_03535.png,5d27e52095df38be6d81f024115e19edb65aad3dc272982591db63e5a0e0aa46,4,1,163.82,0.9412529538121222
train_03536.png,486255b8a7f0830c13e171bdcca9de30f33481b9faf2291b1c90065c5f9efe59,0,0,287.52,0.42324724864684776
train_03537.png,9c21e2cb9e428425bed7464a67f02541f4778524c1afc4988715e304798b2899,1,0,273.88,0.4905659314838611
train_03538.png,0ea40950140fd45b6731716c823ef145f79520b7edf2331be1a096fc8ef41353,2,1,161.12,0.9413651514781001
train_03539.png,4b3718cda81ba3d7acfcb3fac8ff9b52ee674b27b4fcfaaafbf836ebb56f01ff,3,0,354.96,0.48115835643670235
train_03540.png,3f0cbf2430f8837e48ffbf2304b2a33a447d637f2773c8a063556c4f958a0add,4,1,99.35,0.9347434010759451
train_03541.png,087314d5a80669cc5b8ad31cf7979f72da4074fd040eefb9547f4936a2da6546,4,1,43.78,0.7708897449254338
train_03542.png,996dd06baf608204db0c76b7875e26dbd6f5f654d0d30dc1460045caddeaec38,0,1,263.0,0.5415868996670443
train_03543.png,ce1b73e7cb6f0c66368394431bb09b84f69def3ac5c0f527256442cdce9506cf,0,1,293.03,0.40624088257668584
train_03544.png,61c802a401a74885304a454241d9bfede171cffeaf70ffc9a957ce5b35b42b48,3,1,347.91,0.44975105643737545
train_03545.png,b01b788148883b1876a3966b6205226ce2fb265570755327eb82859cb4a272d8,0,1,15.02,0.5964680473797456
train_03546.png,b1389019bdf857295c272cc0ff65a5bf3377331f1af55b593a24a4527b097d5a,3,0,323.26,0.3873888636099641
train_03547.png,05936959c0fb096e7b75abe3f52776890652cb1c696a9475ac8dd320ad7a44f1,1,1,283.36,0.4460375871180523
train_03548.png,e3bd968cf0049eaac714314588227580e34476ddd45fe660263630105b13422b,4,1,327.41,0.39072669497577045
train_03549.png,136760c2020b0adf71393d0a503f77cb44b6deef923b59edea0005badcae0c8a,4,0,306.51,0.38574639377010256
train_03550.png,804c88595e1caab9c8c3e023f1aec0d1f1180adc3d898cb433d4182fbfd66721,1,0,312.12,0.3787353178308103
train_03551.png,818c286958a27b846296bd2c32d2569d5b4f9a52e8a5840d948642fb8ff7c78d,1,0,332.39,0.3947249405582119
train_03552.png,705fd6b1e9701f65441d664f58583d3bd17ddb29d906bf4e69d1fc9057c2b7dc,2,1,229.87,0.7472963053108244
train_03553.png,ec132faef59912ea6e723ba11618ec6ae98ef48a2786e2e7c0f1adc843ef8bb6,3,1,80.76,0.9076169643252506
train_03554.png,72e5e611a8b0fe22e4aa92df561cdfd375b7662dbb157ede16af52630e60a0ed,1,1,197.47,0.8941379031145231
train_03555.png,58bc25e472ed819e12923f80b43588e756f5a8e6802dee0de8d62c95b6bf1e3f,0,0,318.69,0.37773227224599426
train_03556.png,310567dd407741f9f9fd38ac38f6174d7ffa1f4f6797fb61904443fa6e5ed0ed,4,1,131.42,0.9518823245657633
train_03557.png,691b7920706cce670abd5571fa1c8394771a342659d52d8fd69394d008663409,2,1,301.07,0.39857100054573114
train_03558.png,ac26e8b55dff192b4f0974da405b5510c4701c9437f20ab1eab98f120249488b,0,1,195.28,0.8938300275699315
train_03559.png,4d5ca8d64fc58305cec46e3bd4ccb42e0fc4082e135cf88f158d6bd0874413ff,4,1,257.56,0.5790165507359717
train_03560.png,8b515612ef888a80efcf45b1431ffd369e0d4ecd5c8f3d0e1c22d8a94fd1d921,0,0,290.68,0.41302702965876
train_03561.png,89fabbdaf4e55563c3858d85654139cc1d37307bcb0154d791b9e3895a9b5458,3,1,21.44,0.6369307720728187
train_03562.png,72b8888d363709810a1c5f15b8737526d08dcfdce8b4e331fa4d00c896ef3ed2,2,1,347.09,0.4544150538114657
train_03563.png,dff5ef9ddf6106f7d5853ae848312023d07f1e95d763d0fe8fa64642da5688f0,1,1,315.21,0.3777848519662949
train_03564.png,1de5d79fd19a1af661564d10015594860902bb5b76d752a9fd6384dce1b0ca24,0,1,198.29,0.8857824825692076
train_03565.png,7d70a9c505b2d5e20fd67f53192a65b8b38faff7281a0efceda7f9448455721b,4,1,323.95,0.3861335046018923
train_03566.png,7aa0cb43811894263c2780ca2552a832659a2f3cb7ce8be3bfce481452be3962,0,1,162.92,0.9437826148720316
train_03567.png,7d5652bc1820a8ec449afea036c6b3b552f39159c1e1b81df86305abb181bdf9,1,0,350.97,0.4553451778129112
train_03568.png,05a9243154bcda248301772a78a7ebd4adf1b9a29225fadf15a9ab15da61df0f,1,0,348.22,0.44367049028139594
train_03569.png,e1aba43cf40aaa5f06249284630a9424322315bb6531bdc19aba96fcd4d7937a,1,0,326.74,0.38498901383012374
train_03570.png,ba9c266209d64c8353140199d1a5b6903f2f80d094c693403a4c96ba549061a7,4,1,100.6,0.9360588074574473
train_03571.png,b64f0355b35d7df1422db801c903474c9eca66ec845cc0017f87b88fe90da4b8,0,1,190.83,0.9044276335584798
train_03572.png,33215eb687f244f1da2395cec5e215281b084e3d248ac6511f9f0692cca9cf5f,4,1,168.18,0.9373819600590789
train_03573.png,23f78fe08308b817c1c6f84007fa96db524fae4cfc00d48ec33265ff9f9382e5,3,1,236.7,0.7179959014333225
train_03574.png,445f7660bf4dda6f583311a7eef17a52c3a393430c2e75ddbe0adba8dfa296b1,0,1,315.47,0.37673340127832977
train_03575.png,91af87e7b71c5070907908a8cdbe2d81f3957792b71bf6133c2c101686f1b125,0,1,16.38,0.6052751273583629
train_03576.png,566214dc8a1f6b84469e49a392f456c37a640b17d0789adba45cf56272e8cc1d,4,1,236.09,0.7149307838059269
train_03577.png,0cdffe9f4b688b38754b5b9e492f4ce8eefc6a327f5a60fc658fbdc0b0933e16,4,1,34.26,0.7164174558568096
train_03578.png,4abab8439db40f7d5976542bcffe7d9b93378a3b0711264abf527847076756fb,2,0,296.24,0.4078715629932746
train_03579.png,ee2cd00cd4ce9a1e936209170265a84f8f4bab0e5140b2c7bbd36327d14199ef,2,1,273.92,0.4873389679639951
train_03580.png,7e7f664a02ab42eaa3346c51d8fdfd680d06c1917f6c8329e730eefde155e486,1,0,334.53,0.39948084611339163
train_03581.png,2c3e13212fc514474a1d54b88e8801d184519ec62c768bc1a018033c3194404a,3,1,254.35,0.6059563973793154
train_03582.png,ebd07510fcc7f84dd6411b2030e500aa88687d980f38c83caee692cf15e9bb02,4,1,313.34,0.38137531170114813
train_03583.png,f1f3242a3c996a1e43ede139de0aea66a1eac6075725e65308e63819cc93eea5,4,0,297.9,0.3995684484746407
train_03584.png,6e0bb9b94c5c6ab5fccc0968193256c685bd8e79d7e8e22cfdd049e6fb5dd82d,4,1,203.57,0.8685023423467445
train_03585.png,03fe8bfd825a1d87bf2b28c13c1696dcd41b15804a7d6798fcd0c4e46f5448a6,3,0,306.22,0.3889884284411658
train_03586.png,4b607ae20f8d380af7e736660ec13c10bfc5ded69a8c6636f6bc8af23e7d6df2,3,1,242.12,0.684386214293794
train_03587.png,807b0266efcfc933a2380f553a077b730ec7e2b47b2be120e117ed60040adbfa,1,1,359.25,0.4956989667617504
train_03588.png,3469c6641d851426ac8f1e2a2b80e7bde46f318faa05da87c8e8115b1ef48298,2,1,281.66,0.45322924842616363
train_03589.png,293f186726d114b82786404b0fc90cb729a6981a369b71a2f928fa5ad59c5955,0,1,294.31,0.4028384928502117
train_03590.png,be7ded466bd1a59104d9383acf40fbc55ac6f255bdbc9d71ba9da215be67885a,0,1,273.15,0.48492433939809626
train_03591.png,592ce0746d76b1f38b7ac77e7f30e842a628637bd551b6d422b2c6ece352c0db,3,1,278.84,0.46787588924342877
train_03592.png,c92bc79b5d3623ebcfdbb234d9f1dacbfe83dc01f491a3f029940bf1eabd7572,3,0,315.32,0.38358110027426984
train_03593.png,00b0911af0e2dbfaafb6bfd74c2d0fea1169ea8010d4ed03b82fac6a983472fa,0,0,312.15,0.3770762736239196
train_03594.png,63babd2b6d214c4faf4c9cf9cbec6153f50b528fe6ad506739f1d1a2de8a0de8,4,1,201.24,0.8757673218130194
train_03595.png,b63a2831b1b7ab13ca5323fb0f0acd5d01175275f2f9383e773112646902fccf,1,0,84.1,0.9151285159226938
train_03596.png,ac454af47759a894bcd64073610de9b2389684e97f36e4b0a6a29064bdafabec,3,0,310.56,0.3851072217621407
train_03597.png,88b81f5a99423be5e6867e6b8f225f191e9faa879ca73850d9d32f04323245ae,4,1,46.63,0.7857851385267214
train_03598.png,7216de5f500429dcf2a0db732ba6cd6ffd88e033c53951f390248457554cc4aa,4,0,218.85,0.8083757827497112
train_03599.png,8120058abdaad1fc9c971e2d09b2b021b4846f0cfa0e57b11bfecbd915482adf,1,1,159.98,0.9482878440780963
train_03600.png,8a1e5f29cd1581fb3596ce6bbb12f8381df89a15163d3384518e4de1784922a5,1,1,159.57,0.9485383636903166
train_03601.png,e71f1e2bfd51edb1932f70e49e085eede94170206c6f51d64a31dd6fa58b53d6,3,1,254.52,0.6048715493028435
train_03602.png,b3086689e1e6e6c8d20529d38e9611dd2bffe7227dce7d3ca1a2d0895da728b1,2,1,327.37,0.39854961044411275
train_03603.png,473e0e5ea08b6017b590e2fd3dd58275b2ad410dc6f233cc915ff753f4305852,4,1,238.08,0.7027595783081994
train_03604.png,3a9c06ac4cb0ca50b1e77d37eb8969074f23e4db2963ab6b59696dcff8e10e2d,4,1,358.26,0.49657148122790973
train_03605.png,96b6bf5994b121cefc518da5e44340ea4b14dcbfc7d1368a4b1cf198038e1066,3,1,111.65,0.9465814912132682
train_03606.png,a626ba3a57af6eb37d421d77bf552ee599a954a4e1a436fba4bdefe777e681e0,0,0,344.45,0.43302605526698784
train_03607.png,5d07745fa323a4ad4f61b642b5b56ee2f9ab8809d78c6390f92b703c47ba55a9,1,1,273.04,0.4949834039476618
train_03608.png,9aa977da65e00b760eccb603d96cec5da6389aabb2cd1f89609d563203f8f8c9,2,1,175.74,0.9263275671724106
train_03609.png,b15aa9e4e1f4730d9fa6a9f380cc76dd7d04bc4b2f9ed0b771651906b003268c,4,1,169.67,0.9358883898892748
train_03610.png,e1bf949bc3c152fcedd57ec46fda32c1dea6c847792b847e05a405ddea9801d0,0,1,179.5,0.9253152872140923
train_03611.png,18c389aa032c439833ba5276d5f5f13e483f17e287cd245377008998ffc3d5a1,3,0,275.97,0.4813481518783442
train_03612.png,5304ef4e70d082a93b0bccb9d8d2e5e135bc02ec722bb0cb791fe77945058724,0,1,41.93,0.7651169088864513
train_03613.png,0c768fe845c912bbebeba73ab0fa77905ab4ed80d0b4a491ac148d39a82bb522,0,1,151.39,0.950580853867371
train_03614.png,4e37903919a60395957cf11d24946cdaddb98e128698e8aab79c4a739f24edc0,1,1,56.86,0.8340110727548244
train_03615.png,cfb2e4ea4a19e07e5058a1aed23254ff0b182f2ab47559f284ce14e2d495cbf9,4,1,144.63,0.950924550163051
train_03616.png,1aacd5c10062342d7d6e5f58ca64ac3bb7eb5408f2cb89bfbc7b32161346b7ef,0,0,313.27,0.37680482949604255
train_03617.png,1124f7f76e7ef4f026c1db1dd10e376b20cc471507da989513a34de7eead9cb5,3,0,276.04,0.4810089613393666
train_03618.png,ec0c524a2fa3833f6024d3b53d0f12005b07519f47500b8572a4894516235372,0,1,135.35,0.9539865078787464
train_03619.png,ae69532858e3c85ba61e31f2e533ea4b4942f531740545752a07f1a2e7f43f12,4,1,144.48,0.950959561779585
train_03620.png,4c60dd815c25259fedd4b512cbf5c0b0aa7f76de6def29ba0d149fa01b64384a,1,1,212.83,0.8441248713307407
train_03621.png,ba71908ae92f2b6cdebacbedfda4d9e198dfda91d74160eb9d8c431bc49a4cfd,1,1,230.24,0.759879281200552
train_03622.png,c410dbebe714c39c15b30875801be582d95278834e156ae1488baf62e53fc132,3,1,6.54,0.5437127297206936
train_03623.png,f308cce750452fa52d6d2c31fcb0f8fd3968be1feb36e4e90754ded1c2d8e2e2,0,1,56.41,0.8354976932073375
train_03624.png,3cc28d36112fc6ecc417cc3e6260e52f938009320af05040c11a231973cf3fbe,2,0,300.9,0.3988493770343957
train_03625.png,98d98489c2e19f2ae99998901c01d775ab4d316cfd9a11638fcaf0946034e54c,2,1,85.29,0.914867851876892
train_03626.png,6b6189c68c66d6201400ec9ca278aaff340ce900209672b803bc642f0c3b2bb9,2,1,75.55,0.8947742328385864
train_03627.png,3c79a569c757b76f1aa6b8f6fad3bb7a16714631b7f565271dfa4874bd0566de,0,0,316.27,0.37685915105792034
train_03628.png,ef69557c2e5c117cce2791ead267e7b82189c52bf1f7775dae4442a65e56284c,0,0,342.82,0.42704883098058893
train_03629.png,333c1902d8451b095d1f794a8174d1f76a8ef867923553208dc4383f54b2b93a,2,0,280.75,0.4568962542273994
train_03630.png,a0168e84b7655f161fc0b9b222179f2e6457a5c02cde95ef430df9edcd1611de,2,0,131.43,0.9506751763854159
train_03631.png,d16d464cc949e9187f9b0279e2d3130d9616a292fd61c4cc78befbe9248a9f22,1,0,351.39,0.4572070486451181
train_03632.png,1b25338dc430e763be14098a8185adf00ba49df1fe46a225ca3aa56099357f72,1,0,106.75,0.9444578839556312
train_03633.png,8defe3e465782c9fd852ff72aa28f81123d322c526aac08cf05ebbff9605b1e5,3,1,223.67,0.7908623035375246
train_03634.png,4eea31545910ea74e184952f067e3a67d279550e2f4b7abe674343d1338ad625,1,0,359.5,0.49703077761624875
train_03635.png,9aba9479992f74910f7b77018879ce5b53970f3ace18dbe89a61e4bde5136805,3,0,278.95,0.4673775664773681
train_03636.png,e5760afc7f29bcec480fd03a472ec90851c2ea2cc018a1ee62ace365a6707189,2,1,290.07,0.4239316320498246
train_03637.png,cea5c4ad7d2658a640e70c45cd8c27edd77995fc0605cb0dc8e1746ee979b43d,2,1,206.77,0.8538077577179837
train_03638.png,23c4f86c3d139b7026e7fdb486bdf194fd586317c9832e7c658826abd4c47969,0,0,337.01,0.4084341752371312
train_03639.png,799ec395971657267386d95f8b0a7e0a673eb5242705621e096d617c7b53cee2,3,1,62.15,0.8552472932743407
train_03640.png,aa98a8d771e91df5521c6140a7401db28ee70300430113393481b3ea1d952736,3,0,89.84,0.9239714750565055
train_03641.png,b9d7a8d14fea6c7698604a41903c068a6839f1493547b58d4fffbe83046d2313,3,1,106.85,0.943210793085623
train_03642.png,a81d8bb82397fcd08058153f1079690a67a03d3f4f977be05c2bd5fff9be4539,3,0,294.86,0.4104080615715622
train_03643.png,352cdbf68df73b6993c7049c7720865fbd5c89c3feb2e9d31a8892d1d19da97f,3,1,105.77,0.9423437594639046
train_03644.png,44c14c60f9fd89d55034bbeb2739fdfcee81b0048c12cebbebb30b6f7abc98cc,4,0,337.85,0.41366356406176436
train_03645.png,a1b61e4830bfdca4ce870deca95084ce378d357eef57c00ecab1fa68584e11ef,3,0,344.68,0.4372880897853367
train_03646.png,8234557b725b3bcfc52bb793989f9025f7fe3c6d48b0977e90fb39e965530030,0,1,88.69,0.9236843688873064
train_03647.png,7c7fdb15a6405b7393522d855a3256886a27de6940991f9ced6732d2c63aa6cf,4,1,168.54,0.9370293786751023
train_03648.png,cba02f1327f556de858aec82ded32a483dc2bcf8f515102aff6bc333376614d9,4,0,347.17,0.4455298289771777
train_03649.png,3d98d6fb038a9dde6ac22e39cc020364d56dae98b6b6e1e21aacdb7304349de5,0,0,347.97,0.44703805775144195
train_03650.png,6f25a7b2b3e08021f0362972559ed5fdc8f1408509f9c19ad2eeb0d260bc2577,0,0,357.54,0.4923617411780565
train_03651.png,8cdef517a5b97f4c8e871e38ed54471e67569f126c467416830d27f3507e5125,1,0,327.44,0.3859732824216135
train_03652.png,ac892e478fd4caf8e070e9e9723177135434a00a6f2ffb7ea1983a086f2a90ab,1,1,171.11,0.9392946345925611
train_03653.png,661e990a6bfd0dc122eb006899b0fe81eca01c1b76b44fb5e8eac99e653d7ee4,3,1,106.17,0.9426697404653475
train_03654.png,306ff83ce0ffc2a6fead9adef4e3a02be82af5b7146cdaf1f9394aa78cf51e4c,4,0,314.75,0.3811981131184132
train_03655.png,10b615b26ce284a80f8bfda0c2147abc25b4839731998ff4ec632f2552242d21,1,1,159.86,0.9483617090830113
train_03656.png,12a0910ef182d0eb00bb196f409bea3e4303da36c30e5e41503f6bce67319782,4,0,120.33,0.9493708922527664
train_03657.png,2829aceb8bfa570cbcd6150b31e6e03835da7d2ae3728d7ca2805ad73645d93f,1,0,97.34,0.9352332536961433
train_03658.png,b1389019bdf857295c272cc0ff65a5bf3377331f1af55b593a24a4527b097d5a,3,1,37.01,0.7343829135885283
train_03659.png,0ee479843f20326f91290ca6b9834d233a981b5239d3ef963625bded86110e1e,3,1,176.81,0.9301040856691122
train_03660.png,0eaa0ef8661f17c77bdc405a08fa575de6781ab2b3df8314e413e5698a891b84,3,0,287.18,0.4340720399059764
train_03661.png,c0372e8c49d870da1099a9938562fa2085e429432856e5aa93491b57feada4e4,4,1,334.3,0.40433625109170634
train_03662.png,2069beac4941989dd3721019abf728d79c56e083412db19f56b6d09c9fc847a1,3,1,188.02,0.912030888897123
train_03663.png,16b8a56f4cf7cb84f283ff0e2c40fe047adf3a8f1d9d4a9b51c2e77aa6564413,2,1,12.84,0.5896308649278669
train_03664.png,cc1dc93d17351dd262bcd0a2a2eb6783746b870e9d776db79d86869255a6d536,0,1,49.64,0.8051170769234709
train_03665.png,79c7a43052eceb065e5b3943d7fbe4c2454ede1b8af89d69c771c89c90af00b4,3,0,280.07,0.4623812309989586
train_03666.png,0c40a466539e7fb2db40a3311e76afdaa46fa791d7ccf0dd2ba3a10935794863,3,0,329.45,0.39587529249598513
train_03667.png,91985650edaf0da760f73c76c6fb67e532ba21ee5b7bc5fd8062bd7e871322bb,0,1,95.57,0.933192986498884
train_03668.png,38104ff576fa93ae0a86ec2592c7f85a5f01838e7ffb74d38985124ae9b839aa,3,1,66.21,0.8691817533906692
train_03669.png,23f82e73e80e7ea4d2d74e20004bbb538015ae594f0f82e821e8ca6e4b91909e,2,1,65.18,0.86567403147554
train_03670.png,d0f14df78a64a56eb79dc3fd8d0dd2f31f620aa1cd6ee45461426ec94dddbec5,2,1,15.12,0.6037627969836901
train_03671.png,bdeba32896761ccd3cea566162768c6d7702862758ccd984fd4a3aa5b59329ea,3,0,342.22,0.4286430380539668
train_03672.png,00b68fe26d7c6cdcbdc88edccb047beddcea9cf9e589560d643bfd77c7b65dd6,2,1,98.4,0.9332372369516339
train_03673.png,e3ed40fc8b5e61e9614c5cf554334f92c2a2d6f12df1c18d65cfccdb5f1adf16,2,1,237.64,0.7018073609170694
train_03674.png,a86533efd23d8259ded86fc6d3b719fa8f49ecb27851e48f1bb8776850847bf6,1,1,344.3,0.4286142217797591
train_03675.png,4efacecd10eab4a90da156367aaf08ec966938863bfdbbd2d024140a522b0480,2,1,66.22,0.8689945699914651
train_03676.png,06c831e1745a4ed17f0bb08b6c8fe250bb15d570a8ba2932b3cc6e82b932f61a,4,0,71.58,0.8836459581979987
train_03677.png,14830e247b4f61d0c47a9d61b24cc654eede9ad71f48e779de5d94165453c29a,0,0,345.51,0.43708785489921925
train_03678.png,7fa7c2cea0f8c3669829b9441f74540bedce491ffddc1d1c1baeb1c800a65ec0,1,1,320.4,0.3789278997944908
train_03679.png,e864d69d554f8b7624dd271b4bd005aa5dd84c67bd97cd7e2045625240272545,1,1,135.32,0.9552765590102495
train_03680.png,1ba1b128e642dd2b7d5558939a292e2f2768c0385dbd9c488de8f797a03478c3,1,1,346.67,0.43749154858504063
train_03681.png,a9f42b7d827fc93bf459e1896fb758e6a3dde62c33713979c5b741cf690839a0,1,1,28.88,0.680231520780766
train_03682.png,56e2a6cd3e9fc36f0dca43dbb15b24fe0ed3c26e535c226c83ae3f62083e8e0c,1,0,344.93,0.4309061645882451
train_03683.png,6e6fff1c88ea1fd4e59b058c4e4f91b37e997c3d89893583577c08d229b09f09,3,1,333.27,0.4035278382507019
train_03684.png,471d5fa6bdde264ed46b7c6382cc4923b4bc0e23ac73bfe5613b60c10936981c,1,0,343.23,0.42483495528339715
train_03685.png,fb0c126f13055fabf6472eacc893e25f26d1f3a539a72b49ace337bafa1480ae,4,1,326.14,0.38886673630285684
train_03686.png,e4949162bf6b528189b66c72767f732af3477ef6bc50064ac61e56ff64f36796,3,0,341.14,0.42508240686179566
train_03687.png,4d61eb5a9b1cb92203eb4fc25d726c4711230c928cb00428ce9c0b590797c16b,2,1,17.75,0.6202338407641472
train_03688.png,39d145f85feccef52d1e225ef14be2cc7644a5727f376d31a907623e03ecf2a2,0,1,3.97,0.5280662796690989
train_03689.png,4554eadef5a3145c5be1058584346e7206c7a31eb455a4b39a490f1e8fa808ab,3,1,171.77,0.9361165493051552
train_03690.png,2f6b740ee80e73de55b2ffef30c02ca3b4865ea0997803b1bbbcdb8f7f2a568e,3,0,49.09,0.7997509627817178
train_03691.png,e6a0dcafb78343060309fae01c0bace2e8f06be796bbda054eb6727b91721055,3,1,300.93,0.3969353162739325
train_03692.png,72895955e9c6197de44e4ea779d84f672a5f9ee368801b1fe7293c2738f6a134,4,1,287.33,0.42918529130663935
train_03693.png,bda08c51decb3a6f531ac34c9ad0ac2564fee3ece72594f6a553d716812db76e,4,0,270.51,0.5035787045488456
train_03694.png,e96d249f30eaa60c4898b626d1a71061b6a09e728f7b5c33aeed6beae9296606,4,1,14.56,0.5916560261700132
train_03695.png,54c1bea6ea00c123a68321bf6e6bbe7cd5e02662a1ed61f134acca2bf52fbe55,1,1,281.14,0.4555445277902227
train_03696.png,68e96ecfdac9153ffe28c1dff450583c33e973358bd361d5523dbf9ef2d7335d,2,1,257.5,0.5780806480819807
train_03697.png,bc2a33431e6335ca4697392b5ca09b2e37abf35a75dd604f388e1464fa5673e4,4,1,250.65,0.6228561370648215
train_03698.png,736e07ba3ca774ff9cd273f1ecf6ff9725b4436c64c4cbd5c4249900720e3007,3,1,230.97,0.751670448850853
train_03699.png,33e861971eb8024f6916f97d7e4e830560bc610814f4db79e69735d768ec11f0,1,1,255.64,0.5993704746161209
train_03700.png,44a09ce079b2251f9ee042049a3d6d73b6ee37e313732fe8d39c169e2f65d702,3,1,197.45,0.8905958930682392
train_03701.png,c288042457edf97354eddf57514872fbeb5a11ab702149ee6b091231962a3b95,1,1,117.23,0.9510233630831826
train_03702.png,5813fd5b272cf19a76defc3612ae442b5b9d842462e9f4ae62a49de283d01d45,0,0,275.89,0.47133754060460087
train_03703.png,c1d6937afb9dd08e1158c21edb62aaea1630b873d4c83d36d6ad52af2650230f,0,1,120.22,0.9514903464669668
train_03704.png,bbc2d13b4411ebb524433df211123febb4bf0526e03a44d28792b2b64e64c492,3,0,341.23,0.4253736219613185
train_03705.png,53de9c0d644cc395ff260cae603155452fadc66890446a03b380c6e13b8093bb,1,0,20.13,0.6229831195966801
train_03706.png,a393069828cd58955ed793a463962c7ab9bfeeb5cfe5cf4eab1da183c68ce1b4,3,0,276.51,0.4787450626980771
train_03707.png,b5c5e289038b364be8c2e21e37a155513bf20529897ade5e9ee1e4858ff2f271,3,1,335.89,0.40984083527405996
train_03708.png,27001a2b819c16dd8f649cbfdf31321d9b651a61381f8ce66a8f90b1efd5da61,2,1,132.07,0.9507138314535142
train_03709.png,8de8f9ace7f4d26c43926f71e5f3723c78eec7c522411b7ef3fcc7136dbeaa4c,2,1,50.7,0.809208979668165
train_03710.png,232ba03650c05858e441a9f7579538fb2b278cb414f78228ce0eb828a2d6548b,3,1,133.6,0.9535991817617532
train_03711.png,42ebd48dc0c133ccb9a255a362a4433d84619cc86796d27a16ce477ecb95cc64,0,0,336.44,0.4068366665551108
train_03712.png,c1c5f4e2a4dba0bb6387b15ce29cf7510cf2b6f619fcf79c59022cc687c47ca4,2,0,282.62,0.44946369436066613
train_03713.png,47a7008b49786cfefb33c79b2b5543975f53f87a3ddd1c6c942dbb5e96c7d5c2,3,1,208.66,0.8558223404324341
train_03714.png,11e0822387c3bad84e636faf4adbad1e4a9bc9463b550b5861766c9d3be2d344,1,1,29.85,0.6864779156226076
train_03715.png,fe27825b81e5183e8bb1dca93edd15e4335bc50bac4591e75e5884d7eaa18b4e,4,0,280.88,0.453953806141731
train_03716.png,1df1352821237ddad4442d4d5f70194e25978e8b7a1e685eb9e5f1e2714b5eb3,1,1,179.72,0.9288833716323371
train_03717.png,c2bbde383bc81909a87e2739ad9ef4089a472993e33fbbf4ad491a8e31dda6a1,2,1,101.35,0.9362638636035385
train_03718.png,d07950d3ae16213bce34ed05e45a3f2170d2402bfddcb1ae02346c7f6500d970,2,0,347.98,0.4580305485930874
train_03719.png,0a989dbe91e187a84ee312d21ad6036a5cb37c144dbba4cc731d3fb830cc72c7,1,1,9.37,0.5540476452969797
train_03720.png,b1a4de8c46e3bec22a8051b534c7d7928a3f8e2a974f0b34e4d7689f0a03d910,4,0,150.93,0.9489248979194927
train_03721.png,333c1902d8451b095d1f794a8174d1f76a8ef867923553208dc4383f54b2b93a,2,1,279.11,0.4637415544984267
train_03722.png,a8eab749e08ade67420afc094bd5acbbf518fa1376e118330b699e79a9d12f55,2,1,254.03,0.5994262073531149
train_03723.png,39c298c6e886852fcd8126ed52fa21e0c27445318f0353794a97f79d77aa9f4f,4,0,346.44,0.4426556473860548
train_03724.png,6c34f7482a55cb28e8a88c08374f6d0e7ba2fbd0dd8e096544d67c02278a25c2,0,1,336.56,0.4071695687338477
train_03725.png,3023c6ddfe3c0ef7489ad3b0d70d9d8bfdd426f54957edd9407a2b557624313f,1,1,223.79,0.7945074839590386
train_03726.png,5304ef4e70d082a93b0bccb9d8d2e5e135bc02ec722bb0cb791fe77945058724,0,0,205.27,0.8641307820224213
train_03727.png,06b09e5939c28a3a3f1caea93075b316047e10320ccc893098cda64e35ff44a3,4,0,345.52,0.4391233379073593
train_03728.png,09d59b6d77d73e0c16ae10034a05d242b171b31d4f5455a7a9dd8a4161f106cf,2,1,204.18,0.8627013560443486
train_03729.png,4e3ffa129bcee64d49676a5bdcb65da485cb41c6cb3aa0a6e8586169fe9b7e71,1,0,319.1,0.37831916994102327
train_03730.png,7f22d230923b73e6e66d1627bea305059bef4d97fb4331e1f241d81c01af7018,4,1,183.33,0.9173969737499034
train_03731.png,85f0c724e8aad715374f7959b2374084418058cc6369715e84ee99bf512440fe,0,1,118.64,0.950897142409289
train_03732.png,7360e6854f09c35986d413709a1e1a480143365faab3620191525475927cfb1e,1,1,304.55,0.38621470917242
train_03733.png,6bb1e6f2efedf3475ddd4ba0ffbed788cf275ed4cf2c2bb72d180d6363b0fdcb,2,0,353.17,0.4808647839368061
train_03734.png,80ad8aa96548bf6933cc7d009c8cf7b10cc6bc88739532fbc6b34db2f4dc4717,0,1,96.0,0.9337098535281464
train_03735.png,315fcea59ee7581a14ade93aeadc6dbcc3b6798f94755be396d6d216b2b4461c,0,0,279.7,0.45382447570558565
train_03736.png,98aa56c4b276e89d113241c648b3650f3860ad9fa9a19a8d1a15077c1d142b84,3,1,81.36,0.908858568987465
train_03737.png,ca8904c0ac561d2660f022172b7a5351271b30f9c6be2a457be07010ca6726d6,2,1,57.23,0.8370839451064751
train_03738.png,5dc2a7c199d27aa93b17c6ea36870fbf6ce87251980526625decb010c2365d3e,2,1,168.8,0.9345668284227282
train_03739.png,8047f119a7b1812e4ae3354f76c5559a7e5477da103e7e37dc100c2f4099046d,1,1,293.33,0.4107950289263777
train_03740.png,a57425ffb4909de5c5efbf5c0f95069656560b109828c0f9b504cd55b8a55d5a,1,1,326.21,0.3842855031890279
train_03741.png,ec276bcca8421998c4edfeb4abfc6df9beeb4509dbdf87bcc48bb0947193997a,2,1,131.92,0.9507056698028324
train_03742.png,ef0d30ea254673cebc2ff931d09e0bce3e684e2deb280a6d96077e91a5397e5e,2,1,109.69,0.9430257274034043
train_03743.png,f7ac33e980138e61264ea0af5fe81ff943ae0365be16fedea239f08b68e8da97,3,0,323.06,0.3871953548256997
train_03744.png,dc3dd276f4793313017e691d69153784fb9277cc5c9e883d99c818d0d229888f,3,0,303.92,0.3920091802870786
train_03745.png,6fe36bf19ec0f50918ccc20bbb20e060f0bef1e932a402a07cfcab063d685aaa,1,1,46.06,0.7825689068448876
train_03746.png,66a371c2125c15473cf4552dac85bb7462b1ba670816c9360c7411f7cb4ee2de,2,0,349.44,0.46415520179764447
train_03747.png,2048a290eba3b28ad78dfde4e8b3e8ef7caa0ef7b5f7923e91526ed4530a5401,0,0,358.81,0.49910997041331
train_03748.png,5f7011d90d98b350f0061de8f588caa2657d8865aac016c41e32dddd49e88e47,0,0,355.28,0.4807562930391706
train_03749.png,93f03dbf7e8c0026f17b4193253f5ccb6cacea4ee26211785d0cca869aba3f87,1,0,325.04,0.38285971084864545
train_03750.png,fe9b462229a84fd8fc3e539a2e8a44e54fbceba48710ee70f9442db421cacfd4,2,0,334.35,0.41290487865817865
train_03751.png,dd188c8ce63eb5fd36b8f00b7c4125eaa6865d63d6ff34eaeee2bd2b5a163f21,4,1,261.63,0.5540776744230363
train_03752.png,eebb98d6a4c87161985e834580dc30d8945cc6c548d7d6308bbd0f311f34cb34,3,0,303.6,0.39248241204815565
train_03753.png,4f7e473dbbdca61d2248b53595b04779e51250e9fa441bedda2dcae9f7742154,3,1,186.0,0.9158277845986426
train_03754.png,c44df0f7f938ef557d0690718994280c0a90bb735101d0c307912b3815c2a8ca,2,1,200.6,0.8740208343054041
train_03755.png,710f7247d5913e7a0ff625b35112bad09f82beb05658e3a69e71780c3dded727,2,1,214.33,0.8243207723330145
train_03756.png,5295a13b949fd00f6782e535357d39d894a12e1e330473265819a65971205128,4,1,281.54,0.45119410346849204
train_03757.png,13d46826b297f349e0b7ccfdeacbb9d78ca9dcb4a212879ea16fba25f08bb424,1,1,37.78,0.7358107367250221
train_03758.png,c23af3f5d1c04e41538dc1d2c035a12e63f38ba5a77ee9398f0106a1fc1a044d,4,1,25.49,0.6616151042446001
train_03759.png,04fc52ddeba4af0eb33f240b1cee9ffbf3fa5960ec649e15e06385a985163db4,3,1,77.83,0.9011944291168368
train_03760.png,b1446ccd4e27259bfe240779a974f9f1bcab169b05f591f4e2e94b3418e1db15,3,0,347.77,0.4491850783089083
train_03761.png,a6d5dcedf91e2c96119f50f38fe6a9bcd9cbff726abe3df53e7021c4fbff0702,4,1,29.26,0.6855373869966764
train_03762.png,ba1e6e2b8fa14ded77b1e5b238e20100474b99de621c1a56bfcba232ce658fed,0,1,226.33,0.7705770797078801
train_03763.png,eeefcdc92a87a68b26fb66e2b521f65692c734ef009f4e3a11f84f00e6ea74d2,2,1,214.62,0.8230831406244699
train_03764.png,a099bf5562ad3867a6c8f03fc5889d8adaceb1cbf966711817c68b844ec92c4d,3,1,48.74,0.7980374034802563
train_03765.png,33d33762439016ea356946093a1c99f87a64b8d7c7b310192421295ea975b490,4,1,345.31,0.43833118516527453
train_03766.png,d1b5c56c732bab367ebafd02b24e8da79855c39e2e70fe19ad9f5f15de86ebe1,1,0,319.17,0.37834645669286876
train_03767.png,2f814770ece01208834b373386f6d1d1ce92dcea6b8389e266a46869e6e21a78,0,1,358.22,0.4959552099057704
train_03768.png,d1c4645485b69724bc587c19d6b4d95577f0013933a55eb65fa2f8b81c29bbc4,2,1,357.07,0.49988509847151197
train_03769.png,6023fd10d1acc79356a49bf7fef9c9eca946afb2d95d0aadf39272b41579e201,3,0,219.8,0.8096903180176038
train_03770.png,10fd7afa801504a4ba73184856e2580a3e57d9350593276bd4e94df2dbee453a,3,1,30.28,0.6933881989321893
train_03771.png,0d271b9f0e463b86dbdb1f7352078ea429197f1021d961416730ffd80d86f195,2,1,270.18,0.5060525147172493
train_03772.png,7e78ea7fab55870dfba38a83218f685bdae16b04b31b3808f6dbc9eb3982382d,1,1,244.23,0.674051510742791
train_03773.png,d78771f353f8a597da6c656db21cf17a736923ffe2a1b44ef4afaa96616edf64,0,1,257.02,0.578614233876709
train_03774.png,669f74a86c8d0cee4d42b7ed6f0595660b6b43fa8fd2ba7dfd137e9cd83209ce,3,1,296.58,0.40611868608049534
train_03775.png,ee166fbd6d8902ce2efe338716ec7769d70b3cab1a4ff04b5f99f188dc1e89a7,1,1,270.0,0.5115490304232576
train_03776.png,14d30cd5a86614a1a8a4d6a1da7318376474a7c02e120747ad00c8926b6b3c12,3,1,192.14,0.9034528913961357
train_03777.png,f43ccfbaab8d8e96d81a078e98d66211d4169e9c523e14520a46d541e9b808be,4,0,247.6,0.6424633933251618
train_03778.png,58c8b5ac8df1e74a77b7f4d682c10cf0285f1f618acae8700967ea43c18780f3,3,1,293.05,0.4153233130704109
train_03779.png,a28243374900b662739ee1b94a4139dee1f3e2e414727d6e09b4c871fc881457,4,0,357.29,0.4915862618199569
train_03780.png,0781fc9ab17481222195185d61051bf37f1b1a207118ade1bb7d632739d2fe23,3,0,54.68,0.8255280736745129
train_03781.png,8687c23689d519aff4fb8910848e932ff38a6f119197efbab5a5386a61fe2a47,3,1,6.23,0.541890111592979
train_03782.png,f2c0f14c9237e6791fc286f0a46227610db6d84f612e73305babd7a116d019a7,0,1,275.82,0.471674554992265
train_03783.png,805c576b7f230e4e4aae76f9cc907d0f211e191567eec007eb746556228acedb,3,0,314.3,0.38366778535436974
train_03784.png,b31ef16b9e01b00a7f6b61c8a11ab2e25f3ea2facfed33c9f5b749a07cba5ecb,4,1,135.25,0.9520413585492077
train_03785.png,1a2c4e786234a30644e5b22af7e1adf9c8c6a3237a6615e1352ff9bc46f050d4,0,1,231.79,0.7395600569474919
train_03786.png,a626ba3a57af6eb37d421d77bf552ee599a954a4e1a436fba4bdefe777e681e0,0,1,349.94,0.4555250645723975
train_03787.png,3c16664467939fe3cb521e0b93a16094ec1d7600bf982e6d0b89d6e859acc6cc,4,1,188.63,0.9074459229635611
train_03788.png,f2ce21469359be206ae628cf533e4124a5f362f7dabaed21ea005c5b36833ffd,0,1,8.03,0.5523627277212075
train_03789.png,1ef3702eea57fd21087b2690ed9dd669f0937addd7bd31a68dfaaef43ca49b1d,4,1,230.89,0.7456004401067463
train_03790.png,222670c98ae39793360940e2f82ec8738b1d497b35b6f1eeca6c22a4a303eb87,3,0,18.31,0.6167822027257914
train_03791.png,27df64ebd464061f413ea584b21d48abe67df02f48a01e724e523e540a95f849,0,1,341.15,0.42126577399075
train_03792.png,5251bfcbc066f77b2bbab1e05e7c930f13122116058d1d7206a29afdd765c159,1,1,213.58,0.8411120365756846
train_03793.png,5f9f0dcb32ecc425e9efaaf28c769ab0042fc5bf39cc8861d7d477dd1735ebab,1,0,329.44,0.38913125684600425
train_03794.png,5c708c5500f901bfb5b288c21f4432ecb308a6b73e06097a518c083a87e5cc91,3,1,190.33,0.9073639338961562
train_03795.png,c847571aadc8f453681a7ec74ddff17bdf75f1d20216c5726db890528c16e523,0,0,294.88,0.4013902220916574
train_03796.png,69e7a5520d74383c7aaa0d0488ca20fc2274334c946ed5e5e7b915b7bea18d4f,1,1,305.52,0.38484704361128186
train_03797.png,e81ee7de8ed45f844f57b711fcfdd14224e30ff3b95b2167e4cc5ae265604fcc,1,1,126.11,0.9541210815509593
train_03798.png,76800ad0df75c1014ff48ec61dca7f431374158db978ccf3e43ca3e86a76f2f9,2,1,231.37,0.7388103575338375
train_03799.png,184ed4ba8ae6ef7d7f0629ff75a559e33f03bc57771d18503459cc0656d32732,2,1,167.83,0.9355512220036352
train_03800.png,fa5ffc31f229fb4499cf699c981f358290b21663b282d91abd7b73d2ec5c84d3,1,0,281.66,0.45326527431760877
train_03801.png,c91b2a628ba1215e4080e8eb60eb9ff43137e8f47724e2bfa7eb7a43aed00b31,1,1,197.62,0.8937496641016238
train_03802.png,a0343caf378fbf2bd4e065f2005a6870998a0866ed0b24d3d57e74c7edede622,3,1,298.46,0.40185669430555987
train_03803.png,f4e7e2881f20e27ef34ca5351f78f90cd0989204a59efcc785e1f6af30b6ae6b,0,1,129.64,0.9536981091136657
train_03804.png,5952030148e2daa05d5ed6700deda4e111b8d32f2b62b11d8cd158ef789a26d6,2,0,163.5,0.9394937589370337
train_03805.png,153c5c5c94fbd22780b0db666f4d34b1286d751cba367ec374ff776ceaa7f2c5,4,0,310.84,0.382299401001261
train_03806.png,0dbca4a6673acf53190879f94dfa5ab3f791f2a76342fa5cc21a89812f9926e0,4,1,295.32,0.4055166373129235
train_03807.png,2ac3650d2f9060f1811287a55033c73346c3959cd420c98f6161f81ee3edcc86,4,0,275.51,0.47823180198318377
train_03808.png,9233ab16f960ca8637310558feba57fd2a1d8bf92630a54a70e15137fa683e88,1,1,47.47,0.7899310983167291
train_03809.png,90fc7b6769694f343ba2d5093e1cd2faacd1f4682aa0a87863db2d8de1d87bfa,0,0,340.24,0.41826079366754665
train_03810.png,763c70a5a57f431ececf5ac0509b4836de518640c8e71588bedbb56b875fcc13,1,1,290.65,0.4190451992343258
train_03811.png,aaa7cdfb780f0cb5386c7b59455a0c88dc088cbf7c2f8e4a8a7c83be759d9768,2,1,285.13,0.44012490671523197
train_03812.png,ef8993197168d409db90bf593f46882a126834b8547a59d52c69f16bac691b84,4,1,146.95,0.9503096502186523
train_03813.png,f64c196e7c23deec97a1dffed62571f740075e2bdc9572e8d7a8f66534dad3c2,2,1,334.54,0.4133796210320329
train_03814.png,8e54abcc28552d72d9a10c4fe6a5b40ddabc30c1e9977b86489865e61fe88787,3,1,193.6,0.9001283177389865
train_03815.png,64a99ee96cc58cd3451a0907aa34933c288c1a4eb91d72fb6e9a476a81898075,3,0,350.53,0.46076558981498156
train_03816.png,5709f28a80e2d488cf92c10c1edd56bdbd7de4d9ea3a644dbc1346843c07ae10,0,1,107.58,0.9447226137211404
train_03817.png,aaea43a9f7d46205c930db4bd4f80dbefd66f919559dbbff2bf7c867a91960c9,3,0,277.93,0.4720500179890471
train_03818.png,a564f5c0584a0184bd87c8cc0187856ecff77cb69a7ac9382efb3f771f1abdfc,1,1,325.93,0.3839283484183984
train_03819.png,0560d62b9971e370367661d5ac20041aa331b87cabc82062b347e9380f9a98d4,1,0,275.2,0.48377083157056866
train_03820.png,2dcf865c5d6fe6753fe9b871b32565065d144178e660eeccc2a41164538b7283,0,1,135.27,0.9539877997800378
train_03821.png,2961cdfe3b33bac86711792c20f3c9495a4b1cb3d6fee42d900a86eb22b6c681,1,0,338.08,0.40866318145080144
train_03822.png,8a29e851e98676ef30b4425bb175e66193c48f2fdca9a5e506ca861bf8b39a7a,1,0,96.79,0.9345785350368851
train_03823.png,541d421786363331e805652cc2f173367c895128118758bcdd9d45387ea09973,3,1,107.96,0.9440591195666648
train_03824.png,b3e7f6969a1cc455bfa55564b0d5759eea38b4037c68b01a8eed13991ce8a63c,2,1,133.88,0.9507690396406375
train_03825.png,fe1160eb720e4b3252267ec593c4a9a4d45ad4864894c8c42bdc1ac00129e5af,4,1,263.21,0.5446572024457577
train_03826.png,99c171006cddfd9432689226ac9aac294f97657df53e44a8b447fe72a0a8f9e4,0,0,176.95,0.9289788744533256
train_03827.png,7777465e1e8908d2395071da92d1e7fe00d69d035b0e08440f3e6fa1b97670f1,0,1,294.29,0.4028900579068159
train_03828.png,dbc02af4f1cb2f5feb0e064bb85becadbacf30f4d76ea5ce9c5c0470f490aab4,0,1,9.16,0.5593230812542271
train_03829.png,65290345d669604d28eaf110ccd15518650c97e1ed1fbfc09562f7e4c473baf0,0,1,2.97,0.5222737570111436
train_03830.png,481fce932ef035cb4963e5a37d0e8ac1a0e019a3ace2d22dbeaf04316a5f9a48,0,1,200.9,0.8781910677242535
train_03831.png,b7e739baeddfc96d0a05a1ad44f067c2c26c5304b00ea78d3a1892ba75b25754,2,0,298.24,0.40367067880654744
train_03832.png,3ea1dd3a2a640c78810da039828645ee02eabcc6bcb3c5fb4e9df0e64bff3f5c,2,0,295.86,0.4087255314259472
train_03833.png,aa48ffda7e9f42b7a3b94b967177902cbd55472da7ab00871339877e6a67d536,3,1,330.79,0.3983498187774533
train_03834.png,9ff41f735fb694957a2a4e8149fb07b7f8b0291f51458b6e723de61411dabe94,2,0,139.15,0.9504746002625065
train_03835.png,e6d1b9c71263aeb8d34f8ea17e88651454f2916d63bca37ad8b25eee2767c12f,1,1,238.84,0.7084645714732538
train_03836.png,b61a7cc84dd9b1e1be222a5f5be3b373d541dc250d665865e14df1f446aece17,4,1,278.93,0.46239877015413416
train_03837.png,e00ac319a130e249c5d576ed89cd1f854b7fd91f362c62802ded83dbc15a1c3c,3,1,168.12,0.9397843798186916
train_03838.png,801c7bbef3acfb06aada5aa24dbeea8d50a44d4945447d4bfc2b95da333343f3,1,1,168.93,0.9414157456054191
train_03839.png,7d1e148e86788c453301e1577a1ca94b16980f1af2ab5e718184f69c899cd2d4,3,0,325.91,0.39042953602133856
train_03840.png,d6a528ead12ed3c10999d41246f073d4753e22b677c288cd955abcca128f077b,0,1,53.14,0.821391826515349
train_03841.png,0548fda0bf0137369e5663431003148c285d15de55af941d6add41c4812c0cf5,2,1,143.41,0.9497353197094672
train_03842.png,e509e6bc14f685f1c2f1994f2789548618887fb4ae78e364e402e1b41c8edac2,2,1,95.6,0.9300207151346804
train_03843.png,29c65edd59481ed3c3f8e08c9e95f10f48d48b68560b8e012889df640cfc090f,2,1,81.13,0.90705284718279
train_03844.png,332d00f67eec5059a989fab0b49c36f8f4b16f01258c1e38681974e9f276ee0f,1,1,58.02,0.8388456901232559
train_03845.png,c46b5b996d51f29f0874db5fdd68340ecdd73f29c1e8fcf25909ed10730e37a1,4,0,354.1,0.47586418738293884
train_03846.png,1bddab129430e3acf33cad4efd037f5507b2f1564dbf88414c8d918bd614f45e,2,1,23.65,0.6574113299351779
train_03847.png,bcf02e69b457ddea571d7c808626c80219e77f912dd420eead1eb5555b2ee371,2,1,231.94,0.7355449199864624
train_03848.png,b0317072cb81d06b9ed87aa687f953b57f9f64e57957f82cedf7341a67072307,1,1,208.13,0.8617468852513046
train_03849.png,7a5c50cb437a70427499ec668611ef886fe334dd9045c345294b5c5efde436f7,3,1,144.32,0.9527147265227306
train_03850.png,524d7a7734c619373e5a3218792a39bdb2b3aff47520f2aa4dd2854197fa5f52,2,1,154.2,0.9457314607499625
train_03851.png,9c933ca7df8cd02f5ef2e4b4f3337c858a4dbbc357bb244fa30999c4786cc010,4,1,299.54,0.39622020840085526
train_03852.png,8db23b950e2bd87ca6071e355eff20a25a8ea2b59e0c0ecb276c04176e64abdb,0,1,87.07,0.9210784241699865
train_03853.png,51de588050c8bdacfae97cf7413c05040309980a7187806a63ece16b3a4a19b3,2,1,67.78,0.8738005518497957
train_03854.png,0df7937e541d7c1f465e062d5843963d9775f2b4b340e91b2fbcd86f68fad514,4,0,311.61,0.3819316509561338
train_03855.png,363c423009165b6d25b7e78d36f0b0c1b7108a2f9e504752a2e0ef47f86ee522,4,0,318.36,0.38187501589716694
train_03856.png,0d10482517c13080d612386d70cd30cf464d022c395091e0be18a08494650b23,2,0,316.09,0.38808589821446815
train_03857.png,728fffb07f9abaf579c792f7c09181f07b221c30e90790740cbc1a9a81b451d3,2,1,338.54,0.42440055148118166
train_03858.png,f3a3a6735c6d57c30656e8ccec86605b80ce8ac282781f2a3f2f34af3d83e617,1,0,332.87,0.3957406263539913
train_03859.png,2083617cc00f998bf8df3b011776bd249002b493d090bc7c73739ae951d6d05f,2,0,81.37,0.9075334461021657
train_03860.png,5929e9ca318c442b8980c73e0f7be7f588d8ede389d357b80834c2e7d730bb12,2,0,321.07,0.39076533312232387
train_03861.png,f10b4ae26e45122ff903d9c4b9932c7736632a87d0f96e56cb32300bcf929cb9,3,1,15.6,0.5994644726554386
train_03862.png,dd6b5a5cc627b1807f52cac0c4042f5cc1e1dbff9fda00675835a04956f670eb,3,0,283.69,0.4472190520432487
train_03863.png,ab9be9f2c1730afaba1dde384733f08ebfb655dbcd8f25db1565c9831be03b2b,2,1,292.66,0.41662181590854525
train_03864.png,c3521ac93586e5a93a1b7e225821d22af34edddd6ef131e10b5ea04bd00d83fc,4,0,335.7,0.4078271790054727
train_03865.png,ae8a2125f0ac4056d52f35e66cadf65a611ad6df242177077dcb8da1d4391daf,0,0,343.96,0.43119486253732625
train_03866.png,63e9a3c0cecb1c43fa6f68fd031e05ffbf8b6de6713847816068588fecc47c70,4,1,189.43,0.9057858356206188
train_03867.png,ab92833c1cf25f3aa5a33fb9e480ef6014ea214af321aebe26405e0e691e3e27,3,1,305.83,0.3894536044196169
train_03868.png,3c7b24d18f591bf37d7799e991ccc6b98b417cf16f23f2065a2eb754f2b52ea8,1,1,130.24,0.9548871425879695
train_03869.png,9c2b703ac7adfd897b89e1f7155cb7b4e1bebef27e38bb3a58b6cdf76efa6889,0,1,356.07,0.48475301128842707
train_03870.png,dec30d334ff4c2b0d6d7789f8c4af75161ce40dbce817ad89311ced0977c3997,3,1,37.74,0.7386642081050906
train_03871.png,58715ff79e5535eeb7150dd0d3131d954bbee4b91ba7fc4aa92dc2df5b0f1aa6,1,1,342.12,0.42106601322260767
train_03872.png,337b7315665c80af3fe4b2064ce4cc7c5f84351a17fc9d55fd35c9ffd0a5c217,1,1,241.18,0.6936776371772083
train_03873.png,33215eb687f244f1da2395cec5e215281b084e3d248ac6511f9f0692cca9cf5f,4,0,28.84,0.6828938207024706
train_03874.png,05cc7627a9a68f225827e2c7dd485d4a0efea7ab9cf757e13fec8a553e52f72f,1,1,297.7,0.39930469837743543
train_03875.png,4672159781718bda1e9b346c5e709814bf1aad55970a37f0a06a1357d8c24d9e,0,0,339.09,0.4146116563339821
train_03876.png,cff539b8123bacfb5e3d7e248cd2c96d4e754111a779ffe56436d6fa1de86655,1,0,284.45,0.44158582725288836
train_03877.png,6915d06c754c2a45ec2f176e96d1e7f2c625a108b61243953439ffdff0414568,4,0,335.57,0.4074927259151114
train_03878.png,8dd5078f50f67aa938b819d83b94b235e90b8eff2227b4ece44313899b0c6370,4,1,205.29,0.8628300941203244
train_03879.png,252287d616b1932d6e6c8292a4ccdf2a3820d5b9e5b0940d9f9a4b6bb8675317,3,1,23.37,0.6493693301103352
train_03880.png,08b51221a27c1a342c3390d436f891548e4dae5964f70b12814931dd5c243e98,4,1,56.58,0.8318644096939384
train_03881.png,7bef729b37401eb088f3b2f21bcfc2de624872ea05669f84a0ca3a1cf932971f,0,0,327.44,0.38707878950389957
train_03882.png,7765efa952e16699d5efcfb6fc61caf19aac450a0bece66849e6246b3761d2fe,0,0,356.85,0.4887628148611679
train_03883.png,7aee50dce3df0b2a62b3f810458a7d7a75e53d8e49fa0dc9a6f8d6f506712c7d,0,1,113.47,0.948470844547455
train_03884.png,82c0c3202213b6bd7b8ce49bfa1519537f584f050c1fd6bc1e8e63f8dfb84708,4,1,315.67,0.3812162218867552
train_03885.png,51bcf6245521ad6e684b17195ec24ce2794a335cf140f5c64ddf06ce0c8f533d,1,0,124.43,0.9536906861460598
train_03886.png,95ed2a5d2be01503c3648c80f9e72f0ad85c8a57466693050d35928af5a183e6,2,0,85.13,0.9145869152807863
train_03887.png,a9386804a242215beb25230073a5867c09f59d851805f581e8e282ed5f0771fc,0,1,343.15,0.4282325120433401
train_03888.png,fd84a24f91213677668c3907ffc179372fc7b73f07fa3e008c4e85662cbc2f4f,4,1,335.98,0.4085546919886486
train_03889.png,ee66e9a67a4ebbb2264064e9f0d023c98de7affa3c0cea9f1ee2f79a7e6f81c9,1,1,86.05,0.9187151523996498
train_03890.png,a1a08eeaefc9f0efaf7fd62b338d8ea1267d7435ebea24796389e43127c8fca3,1,1,105.13,0.9431171036427388
train_03891.png,51bcf6245521ad6e684b17195ec24ce2794a335cf140f5c64ddf06ce0c8f533d,1,1,253.48,0.6134494633459865
train_03892.png,83ee658d60c2e0d54727be3a3e99cdfea3ae50b073cb786e5deee9cf5a62c430,3,1,0.51,0.5096172205992006
train_03893.png,960026f16e7c9b1c2ea9d4a111595bb75a7f5facf6351714411d164151b10193,1,1,67.29,0.872744595418288
train_03894.png,98eb8f6335cc4a53b61adfe854387b7338de67c63c872b1fa6089c5f37b075d8,3,1,106.54,0.9429661723187674
train_03895.png,0fcc76da05c48d02675408811becb328bef3bb2dc9d906061321e5af14cb5bd7,4,0,347.63,0.44737318554087674
train_03896.png,f67f2fd3d05c754282bb6247c2a779037e1edc1f9548e974a0f6c34e1c358525,2,0,348.11,0.458566177914038
train_03897.png,ca94eb2fcf0d9a639dd6cf37b08bf97e4f38b4f16899701b119d5fafcc03fe34,0,1,162.22,0.9443171584226235
train_03898.png,7eb2e450e19027c037cdb678de0b5db76700c8312b4941ac3a5e7284c6bd9753,0,1,277.67,0.4629506602422971
train_03899.png,3a48dbaf9febb3611df281f77e8c07991822c1d5025d7c0d898929030693ca86,2,1,63.16,0.8589527640700959
train_03900.png,22837e1dc426546f6ec06bb9e8e395797d38aad40d14be94ad63fe3b892724bc,2,1,332.91,0.4094511839208133
train_03901.png,8e18991353f6e33eefd5cc5c5ad425813dfd23f1feb730694b8c5a5c96529994,4,1,343.56,0.43193573948464
train_03902.png,e12ac6c74fabdac77de4ddfd93b8ba182caf3cff3e97fda40fb9523fa278ca3c,1,1,188.67,0.9139473396419018
train_03903.png,d02ef1e6512bd08421b51d63b4d98d5a7c14601fd21c9b888a47463e856e8e0b,4,1,321.13,0.38349730872934523
train_03904.png,2ce91ec880a8aae8252615c90c5ade6573d2ec3dc9b880d5c2ba2447ab584a44,3,1,28.77,0.683885990354277
train_03905.png,d51d8886767a495f34a966b99196b5db00749a9e09e588faa554de1d898a1ccc,0,1,343.4,0.4291381932592776
train_03906.png,7e2f1fc257da59324f76ecdef2a8c0bc01d0d266cbe66a329dec146aaa368394,0,1,300.89,0.38863227948316126
train_03907.png,7e66d24d4dc9464bacf17fb060d0477c5082f7ca01aaffe819deeff526c9dd4a,4,1,87.89,0.9192726935339144
train_03908.png,b461cf64bcc5d049b09a640ac3a2c8c94f79691f9c5124df3187a7b2c1bef254,4,1,11.59,0.5730911499881295
train_03909.png,dcf6de555079892ddc413621da0ea57a73d02c7c49d68db670f87a2f3bc4b1f5,0,1,90.47,0.9263791823516498
train_03910.png,e942d085fc834a833d1746506d4b09380ab64e0faa2d6ae47a1e1de49883905a,3,1,349.48,0.4562556414609548
train_03911.png,75e2ea983644439a3758f36bf702569c6d9f35543b73de9db6dc4d50753fefde,3,0,26.24,0.6677952263828187
train_03912.png,252c728a4da3ebb67bd61f81191ebad0aa7ccc8c8692a6c65253c39153eaf5d4,3,1,193.73,0.8998247560490088
train_03913.png,844b4937ce90a63df9147866cfea00910a0fa2f36903eab02874af331f886dd6,3,1,134.16,0.9536203587285109
train_03914.png,96d96782c19be96bab0fb4ed0296a44e3d6a7935e5b268df6d5297e527bc5826,2,1,332.86,0.40933585011909424
train_03915.png,a3612abc5b06d7a7b6c821201d02c1d93a0cbbc5d3a4d6aa444684519f2245f9,2,1,320.3,0.3901506551588893
train_03916.png,edfed7876bc7e460cb981a594219473a648cd40564423dc2f5c897a09e8ce466,4,1,166.5,0.9389593979572841
train_03917.png,b37ea5d6864cb6e037822a49acd5d2c138ae53eadb05b57e73228ee664583dfa,2,1,264.8,0.5351901818478081
train_03918.png,f235abbae6d47787bede44674c1e5dc48d16b0ec31eeb8d8bde25091c57b017b,4,1,104.0,0.9393148252744008
train_03919.png,9feb10f2a16c7f9efbf4e1ea5f16b6d2ef1c6ad5fdfbd9c3ff047fc301c6ae73,2,1,82.01,0.908796790442848
train_03920.png,003311ca15a08af421c076e3499b38d60578202ce5fbe37b3336ccae3b532617,1,1,200.86,0.8849133136948557
train_03921.png,178ffa5c945da47b73487310db05805c9711f1e9450963ed9aa3136657de0df5,1,1,329.91,0.3899477499478551
train_03922.png,b7c260f7a51cf4390ad6a3745e4c916c83d87086bc093ca9f5cfa9ea836003e9,0,1,324.79,0.38322297716276055
train_03923.png,6edb895cfa629b3a9273c426d14992c1cd0a7c3bfe02b5545e28445c57e31df2,4,1,201.35,0.875434981350652
train_03924.png,a793d89f7ee09491882cc9644d606f9cbff1c68f553624a5a472bb75041e4f5c,0,1,110.07,0.9464429409910496
train_03925.png,1be07f152312368b99daa981f2046550c231f2a4033fe627d8cbc8f3a35a9277,3,1,322.72,0.3868779737012205
train_03926.png,8eed301c2c71fe22b6cf40545cabd5422214dd0eaa7da493d53e617058b777f2,1,1,236.33,0.7239939943811001
train_03927.png,e5d57d1992f1470d711d581e51378aba6173ba0688267d6f88835b50972f85dd,1,1,268.47,0.520210249698946
train_03928.png,012016fa60aedfd7e9bf37dc3cd80affa0ee114f01f3d4b4701ce77acb737a0e,4,1,152.95,0.948056126427
train_03929.png,6db1f95e4b8ef0b8f34aae3b264159a48d025f8424a1f2d5e2aac5baa01070aa,2,0,338.63,0.42467097099346984
train_03930.png,246a632bdac5b823ca44a041dbd90bbba74313e0a0e16a639f7690f5f6044cdb,1,0,277.0,0.4748027434431992
train_03931.png,8ebc030fb0c5ed919df818a6a84cbf537b5703c12f69afeb4ef7f07aa85f70ca,0,1,319.94,0.3784734557778169
train_03932.png,2a43ab785b6516f15f6aaec05a429e98534efaa31d85f86e1e07bad374660b68,0,1,120.18,0.9514761527129872
train_03933.png,782d3a8c765334db40f68da3870afd5fb70d1307b4e66aad92547a0ebc055160,0,1,100.9,0.9390225401610627
train_03934.png,dd71a309bdfe8da3f4b464f5e5190ce79ba950d589a18a92b28cc92ba9c7a728,3,0,22.09,0.641121321376606
train_03935.png,3629c20b8a5b48178d022c03d470e010da03081c58c7847d4448d272340298ee,1,1,324.14,0.38188207071938973
train_03936.png,3ea1dd3a2a640c78810da039828645ee02eabcc6bcb3c5fb4e9df0e64bff3f5c,2,1,27.58,0.6819654917127185
train_03937.png,0450c3c293884788d5f14b52f58e91ee621d1031b3b7a7396312aa2cd0a536cf,0,0,316.66,0.3769497960851205
train_03938.png,2bc954810966a498d3438795d84a7b0269384b1fe610bbcccf709d640c41d435,0,0,328.0,0.3880077879388649
train_03939.png,e3d7d1eebca423d9d5b217702dfb916f157e8d1618435a35a994970e678e66c5,0,1,8.01,0.5522402473037726
train_03940.png,acdd7c22c098dee132154c157c10adf369e759a37e7ad2924056f3b455ec3765,2,1,139.85,0.9503842156781216
train_03941.png,9575baaad56f816cc06429c0e93b1953cc85274b7432ca49121d4273310fdf08,0,1,333.12,0.39835020149508243
train_03942.png,1cc388c4ffc0480de0981324c688f5cb65a8c4b4e3e5986bca8f9fe6fb52d37e,4,0,14.02,0.5882542375815343
train_03943.png,3f18a24fbddb406888163c3de93e416f0593b1c40ac4ff84ace9720b4ea716a1,4,1,289.12,0.42319852996969826
train_03944.png,c79d2a72127c980b3dc84424077fba20080603975049d018d2b8e55b1db15251,3,1,357.18,0.49217221387727195
train_03945.png,63aca7c0930f3ce2ab905392653a218330e27df95b2d8c4855fc6205939c3f8d,0,1,204.96,0.8651857677197118
train_03946.png,fd0fd9d2ae2105e84d9088b9e01946f404ac1db48096c5c9029f2e5358521431,2,0,357.47,0.5019204134789574
train_03947.png,2f40875b82623445d5586c777c9f3ccf2ed01802d44f6ecca83c11775000eaee,0,1,266.33,0.5220068612423628
train_03948.png,e2092f649ca9a58f3a504a2b53fa05716fd4dc1cb7b407fe0bfdeb21c3976f6b,2,1,284.95,0.4407699941075883
train_03949.png,21fdb0d6add7c79cd117f7161d38b4cfc07597a54a79186adb9fa18cbf37bd30,3,1,321.16,0.38560871606734864
train_03950.png,49ed7d1746dc0c53f6f2feee8aad74022b211e1facee77278997d926b7557a36,3,0,313.03,0.38395892479548493
train_03951.png,9c46b73c055c18a297b15c6ff3dd33e568f8571c4775103331b49386f352a5ed,1,1,327.84,0.3865638892079213
train_03952.png,efb5f39c80f34a54ef49c4bacd4cb5da59f73c9856756b602437584f0f6da374,4,1,270.91,0.501460575557541
train_03953.png,85b575f8f81c8cf10db14082759dc5cd50ebb02d1d2d9f879852915a5b145839,3,0,127.36,0.9528586782516826
train_03954.png,35eb75cac9b72d6965b4c11b4665e185b5e6a2521f7b27107a890d4fb72ff879,3,1,331.96,0.4006959122925847
train_03955.png,89ed7e980d31844274f66407c7dad40f59f389899f61ee593096c3e4605330af,1,1,109.26,0.9463520124806625
train_03956.png,e0b096bfbe02323c117a81e92cbfbc075e4758a93ec944807aca56f28d65f737,3,0,330.23,0.39728809320126285
train_03957.png,a41abb18c56b6ea29b952b49bd8f376f65d7aaec7db047428440944c8b244e1d,3,1,16.72,0.6066002785393783
train_03958.png,f15e88ecde625630ac70b67375c012c74cd23c27f94577b5b1db986798be5cc3,4,1,150.24,0.9491956131454896
train_03959.png,c82cc132819cc83aec63158848acbf64252246cbcc26a3d5e40dbf3d1dd393bd,1,0,193.46,0.9038662846003773
train_03960.png,7f30c2d6de1f5d0befea9a89e7fab9b4444f83852ec90af02fb6a120fc3ca6d8,3,0,359.81,0.505861970503388
train_03961.png,77e39947d677e22b9f9f5c8b04c6525ffb53c4fee5c29009ad77efaba6c8d468,0,1,86.96,0.9208960155250332
train_03962.png,5ca036c12d37ca0c2b51b4f20989afe8dbc3dc33dc18ee0e3605b80852106a0c,3,0,353.27,0.47312344303165144
train_03963.png,b938807ee0777a614d65d60392ff0d8854f88ae64af5dc10240c6cc954e7a293,4,1,262.34,0.5498242919475582
train_03964.png,dbfa3246bf7e29fb6a3e285947bcac4576c8e08ee7830b0813eb2c60f96471e3,3,0,157.92,0.9474237236307869
train_03965.png,64f73a04b4e2216f3fb817f1c08d3deb7747b4b36b771af00c7673c2d8605369,4,1,316.02,0.38125084087060185
train_03966.png,979c278cd26d30dc5845b65b593bb079e452a72198cc67fea1bd2c7c5fdc002e,0,1,204.44,0.8669353598508199
train_03967.png,5537c29096c83fe0cd1e08ec69cca68f3cda7323659f4e55fd2b6a352d4cfe42,2,0,278.03,0.46841311587282664
train_03968.png,c74c5c75f3247ed3031d148b86d5539ccbbaccf0ac624942b154928ca0f29261,4,1,45.85,0.7817801844592871
train_03969.png,fe5f6fcb9388891eadbdd15ebaeb1c016c007378f3bcdadc3fdeefc821eae46c,1,0,320.31,0.37887881103306265
train_03970.png,edc006c12c83bde7a70814e3e9a5bd65175cf4def7e04099c73a569a6c331a33,2,1,41.13,0.7613258955828863
train_03971.png,4be9e61caffcf5c19fcea7c8c8090754927203519fb21f3055fa4340a0a10f5b,0,1,298.33,0.3935051850458958
train_03972.png,a7e484ed099f51094d610623f5e43c3dad49a61dff334f7aea1919edbd228326,3,1,73.74,0.8911737756839933
train_03973.png,b692c30f9c9d5e1fe5ff1e5fd112c2654c425a4544b942a95298b9356044c1fc,3,1,50.67,0.8073418043726254
train_03974.png,db3894ffd3ded30eb3567b4b077d1467f099762dd6c22b8e3e1e6384e765126b,3,1,202.89,0.8750944015577372
train_03975.png,af3fae1f2120d9b9387c9dde10d1d8fabb1cad0d55d1f55058504b13cee158b6,4,1,197.23,0.8871863518523688
train_03976.png,59328fe35d898bb2435e1cc39ca9f58d13ce212b692a29a3334a68ace26d9eec,1,0,328.25,0.3871905264630027
train_03977.png,3e569a1db99bb56ed79896f3dec1e8263e5752d93713b1a1f45593037c5ccafb,3,0,337.09,0.4130206440819805
train_03978.png,279d16bc542a6385413e9a78572d07361ece79169caf5a425d953a47a541b727,4,0,8.78,0.5559176694156438
train_03979.png,292ad6ad58f00bb89478f43937a9707526ecd7abd0c326b299cef194282630ad,4,0,281.46,0.4515259299195438
train_03980.png,6485fc4b6bae05c511cc7fdbeecf45a05f73b0eac2b98f24bc7ec6f2c75b4bd1,4,1,340.56,0.4218363815906618
train_03981.png,72837ab2bfbf76eb4ba6ff800651f879867f83a8bf2e758f4861f18f336638ae,3,1,126.66,0.9527170158235914
train_03982.png,c86a0214d118dc8e25131b21fafe6e3699528f5921c261a475794be37fd3f3be,3,1,312.6,0.3841035534517202
train_03983.png,d6063c5581b2f26d3fcaa7cdf46fef55cc8a7003a9982183deba2e267f423b0e,1,0,281.86,0.45239712453701625
train_03984.png,2ac9ea23983703b32565903e007a11efc4b865712eeb3b32c57d3f6675f89feb,0,1,1.67,0.5148686550850281
train_03985.png,8fb996d1f8acbab73d991006632f143771d75699ecb222b6ec26eb85deb7b2c3,3,1,36.16,0.7293522453130017
train_03986.png,d16d464cc949e9187f9b0279e2d3130d9616a292fd61c4cc78befbe9248a9f22,1,1,339.33,0.41227934914899544
train_03987.png,01f399b0c21f2d46142485973535c4db1138ec8fb66835b2acca02437e27dbab,0,0,151.6,0.9504924600461883
train_03988.png,3d747775bcbc204db98082cda427ba543dd510c254f1b5d0056fa4c41154b2dc,2,1,64.94,0.8648943449454868
train_03989.png,cb6ae8bcefbb7ff77c7d353c922c7b15492fd5bd095eb5466a2fad62c3e56245,4,0,351.83,0.46533403767259496
train_03990.png,151479f343cac8d43a168fd9ffc3c5b028c498f71fda90c5a3cb44ce90f40e31,4,1,61.75,0.8520534682310072
train_03991.png,95eb87c5e92d89ab36c19b05db02917a022f72872f31df684800f4ccaa30418b,1,1,14.98,0.5894442988855235
train_03992.png,bca2069dac751e74dc94c7b583f0221093b0fe617b2deac8e83378811c762737,1,1,340.81,0.41681766058251324
train_03993.png,dd2b26d03305ad925856a233dbed0ebeda7ff025e3cde1fbbb6eb107d96aea2a,2,1,108.58,0.942266883165947
train_03994.png,a2472d1a26a3238d8ea586c2c7a095374715c8805e8c61f9224759f3c375ede3,0,1,243.64,0.6655681762758938
train_03995.png,52ed33c28f25a8db15c44f6d6677fee4cd7d101b5a4c01d00f864c6024286249,3,1,254.71,0.6036599655539777
train_03996.png,20fdcbfdbcd8657d236990e5d0a312d617e2cbbe2cb06a8e46112afda04dfd86,0,0,314.89,0.3766928334241223
train_03997.png,7e9f55bc0a29031ec04260c8dca0f50927081142576070cd0bc154ddfb083b00,1,0,287.21,0.4309620457576258
train_03998.png,374ab865a549cafe70a5b490379d976d2fa797e285c776d1c3a8469687e57719,4,0,321.29,0.3836202876396395
train_03999.png,1902e64f5ac7491cc65ae611a4faa05a20ae601de169332799d9d2e0da8aafcf,4,1,335.75,0.4079563756180094
train_04000.png,e11462516ab0f8d8e2500ef27928426c5f9daca05f69a9a4aeefdb0accc7bec3,4,1,284.16,0.4407406008443514
train_04001.png,d20807b9117c2e9cde49ed321ad473f143f25f16b535011288e35efeebc46458,2,1,251.65,0.6142880203002348
train_04002.png,c11fa29f81dc433ffe4944aad9082daa8780e0c930e19298e657a593fd2c02a1,1,0,330.58,0.3911606341685154
train_04003.png,3443968d0a3356997a09ccd98d43e3d5262f2e5eb520d5b4ac2b7764106bd0eb,1,1,98.25,0.9362863465272842
train_04004.png,853ddbdbeedf67914b8a9dbfe341d0275c0ca2824dee3c99fa78b42f927ec3e5,4,0,141.28,0.9515717871430884
train_04005.png,3517f043fa9faa62ceecefaec0f4ec3bd1d3e94aae97b2370f9923959b21b1f4,3,1,202.56,0.87610628466705
train_04006.png,467d7102486a673546738f3cca634af0997a92dbf670b98498542bf37443a2ab,2,1,108.56,0.942252834311607
train_04007.png,faa8b6c238852f1c06c34ee4da6f398e53900a6834e65df2f71add098c1aace6,2,1,181.47,0.9177488974062786
train_04008.png,05cc7627a9a68f225827e2c7dd485d4a0efea7ab9cf757e13fec8a553e52f72f,1,0,287.97,0.42820187435752655
train_04009.png,fed69d2472d8368449403d5766fc4c1a033e0e58c73f423384cbd09676ac4864,3,0,284.58,0.44372728099056463
train_04010.png,79271f59e16c91349890c9e1ff0a8be286bfb9ad4ddf6037f810e9b4c349dc5f,3,1,273.49,0.4936950419330288
train_04011.png,693ad47b214aaa6448fabd6bf2e641abc03d3e39dc1b813db85d739c560788d1,3,1,272.37,0.49947546041605956
train_04012.png,b8accc5fa4c4ad50e50b86e0585bd631002097f4105fa16965b6630d68d9cd6f,2,0,237.19,0.7045342455831346
train_04013.png,e439994a7b352fc2a67c9ded5c9393480faef3aa104f01fae2d5b4a25c99bb60,2,1,193.35,0.893695146212424
train_04014.png,165c1b86e0a5cc38add22c74d8662604a65d36d899a5e32f1ac0f8f7240ce1e2,2,1,10.44,0.5749664576309405
train_04015.png,2d5e32656003ba2ee2c05dec97e412acc5fd1c3024440ed46c37cf4dfa6bcc51,2,0,303.38,0.3951427826858093
train_04016.png,beb598bb2d8f5a354d149eb840b96a04d1785b4eb9bb5a219044bac2228271cb,2,0,301.45,0.39796167642479374
train_04017.png,384fd37a314753ee936d2e1f261a71a06b23b49c85a9ee1c7d7c653cf7d8f5a0,2,0,181.53,0.9176496304541538
train_04018.png,e3727a4f6919208ca156b8b94ebe59a374d9af28ddeafbe4161828f31c1c12b4,0,0,84.61,0.916827267861756
train_04019.png,594ae45e9aceb867040a1d46f319f7275de2d43bb78bdff8bf3400baab321b99,0,0,356.17,0.48526357731440345
train_04020.png,7b9db43f03cdce114f121050447d0f363618be91beed43f387e33d0d13b7d325,3,0,329.31,0.39562985053140626
train_04021.png,37da55486a8e109f9d41a2a30d90bb9983ed721e158e28763af263bd858bc389,4,0,277.66,0.4681288744714035
train_04022.png,a884b3c99eafef07428e3291032a0601ac9011675e541bfd9ef30e5bfc1e83ea,0,1,133.92,0.9539867853953439
train_04023.png,7a46b0730a6f9ad19d76f4545f65b61d5baeacc2eceb33875fb965fdd0c4e103,1,1,340.22,0.4149751636995886
train_04024.png,5e6cd758168e52d2b77d15c6af7e212bac33f96cb6360894b4b709bb713d6217,0,0,255.0,0.5915289973589094
train_04025.png,7419eb8bbbee2c9c7ee20cde7c6cc6e499590c94deeb6f0829d2e51f006425d6,3,0,165.35,0.9422193296134399
train_04026.png,b2adbb03fa9a6ec191ce20e2be3e21ea664157a991d2a8256bc7ddbbd27156f1,3,1,357.04,0.491462657065918
train_04027.png,c5110523a41ba20d04f843398acdbcf963241bd3a2fec6211fb59990fc29717b,4,0,291.69,0.4152910481264703
train_04028.png,fe5fe13bd625864aedad1bcfbabfb950f0151711b6c70747e3cd5c8bd22cb0ad,4,0,285.42,0.43600289660110797
train_04029.png,8fe11d1e2d9d59d16158164138342e19ca48ba72753c3254f05aad6cfed0c7c9,2,1,162.25,0.9405016498554569
train_04030.png,31d40907b63a34dcdd21eac95d6780a4f6debe739d5dbe9a8e7353d296a5b876,3,1,139.11,0.9534860281295099
train_04031.png,b1ab475a931068508d0fa9936fb18b336e213e821a54d1d5dd85fd142559e921,1,1,337.61,0.40735500857735674
train_04032.png,9abf404a1157c3ab2bdc5ac1343892b683c0e847f29064af1feecc2f4683ca51,4,1,211.67,0.839400574570878
train_04033.png,a509febf7702d0b463fe57dd1d4ea16ac1baea8397d7ca65b1aff129ffc9bffa,3,0,330.22,0.39726949390059824
train_04034.png,48561d51bb38fc5d4cdf5117fd1297098a7cc2ebbe180c00e9140d9b17bbe875,4,0,298.32,0.39867890975843495
train_04035.png,3dc979d23dcf7cf186c4c3f1a58e5ee048270ca6053e29f1a0d348298a70a65f,0,0,30.17,0.6948298402512013
train_04036.png,f23a8cebe62677d2dcac9fe916c580e1d66b1769ffe7aa64cbf8770ae258a59b,1,1,72.89,0.8893716251407261
train_04037.png,316cb8ebd042b907bbb0b6e7e7ce6e9951f0fc4e805d2f2558866084ce1e9b42,0,0,286.41,0.42713296087984687
train_04038.png,ba8784144d783465e50da61fc69ce4bf997d3ad2b0f77082061170c4ed8d3ee6,2,1,37.54,0.7414115883295452
train_04039.png,3fd96dcb53065df6046f4880fef18cea14da88974ec5324f4de2b35ea8573522,2,0,278.64,0.4657587273275503
train_04040.png,768bb88afe8f235f5c6728f62c4948a8d3f52c3eb905d26c0bef1054d1f95c67,4,1,349.95,0.4570453073326317
train_04041.png,40368902f5834b66fca68ce245898cd4d90a112167185f646113fa6103a3e2c8,2,1,50.03,0.8061232800903875
train_04042.png,ba84cf2d68a2ca40a05517d51def6f9cc5872460db08b08260668fd0cf61e8d0,2,1,153.81,0.9459330771455104
train_04043.png,4471c84897c2233034d8938753eb4a3d64ae8c9c5f9bc495eb424beb218fea8a,4,0,339.59,0.41880685126587935
train_04044.png,ff63efb701ae4dba1f43ab029ec710717e0603f8aba96af470b197cbbd0a3545,3,1,244.84,0.6670863430122148
train_04045.png,b80fbcc990bcaa9b300d6acf8b45b5234756fc9122d25f6c02b26819cfc3e06d,4,1,98.29,0.9335756298325965
train_04046.png,48aad130cdb85ec2979e9fcaac6749daff62f9af51a59d4214bd7cf9987a8fac,2,1,120.55,0.9484528910491603
train_04047.png,2220bc5f878ea303ad2277cfbd52abde04e3313aaca6f64d9528d7b4ebb420be,2,1,162.22,0.9405251533925099
train_04048.png,12a64c253261daff9aaa4cfed48308bd44bb129c68d87d557b200652cd9f04a4,4,1,163.77,0.941293233030085
train_04049.png,0a9257913dfbfb9f5bdad6a02e12bf16db1e897760fdf9be55aea183ace12d15,1,1,115.09,0.9499574066112526
train_04050.png,edd1f1b79ffcb40988c046bd030820ebccd0b9035f67ecc177a2879f0eccc375,4,1,65.19,0.8640912791447476
train_04051.png,bc8577c3163e826065c1b3b63553381c70e9cdcfdf524875915735e640eb0425,1,0,319.18,0.37835040581387985
train_04052.png,101ff8e49f3d2f131be2872aaa8a95ba9759c13f430f61bfa3a006e1d3bc6837,1,1,71.43,0.8852984945467558
train_04053.png,46b4da440a601de4b68d43b76188d50c4478005a2d4335294782b50b2032340e,0,1,204.56,0.8665338321962762
train_04054.png,556685ad8e7e2ba4309b51d83bc37e7bfea26019293cc5b0ce709e5bcf9cb0c8,0,0,301.99,0.386794376141328
train_04055.png,cace49d6a32cf8bbc155f11f755045ef09a8ec7960493af9e6d6db3a68a88112,0,1,255.65,0.587355966189511
train_04056.png,a912321785ad50ec33e2944e2f2484e0d5406d3f01942e606db00a555695647b,1,1,114.89,0.9498510012510721
train_04057.png,1cc3f16646b64e797d756da642b10f0dc7747423ec34d8490cd9a15860b3c41b,1,0,324.45,0.38220712231391335
train_04058.png,9fbb11d7fe82c39cfea7955d399df9bef6dd77c8de08a309210a2807cfb2271a,2,0,288.29,0.4294283078143957
train_04059.png,c264d19e7b2033d4d5d46bbef2e455869969515fe0b92486f82058615c92c716,2,0,237.37,0.703444628103184
train_04060.png,cd5616e372dcb2be4439dd8a90eaa5281571836a5feda093d5722e3647bbbd30,0,0,322.65,0.3807597662104969
train_04061.png,c572aebb045093b54ad7e8dbbad8bb8c03db990f866bddc1fce02fddba7c4575,3,0,344.57,0.43688575598913293
train_04062.png,8641eca0cba18fb8cc7a0037b9aace13b93a5907f3e399061bbd0cd1463ab81a,2,1,197.72,0.8823392133699902
train_04063.png,0d8aa5f0fdf88b218ae56bb6c45c758b23074ed9e0b33626d2068328ffb5ed12,0,0,358.42,0.4970208110508572
train_04064.png,cba4aa1dc9e718588b2940d0ee71cfe086414c2c16bf4dd3b56ad548580b8822,1,1,279.4,0.463400551644329
train_04065.png,06f3d39bee84e650a675121a5f989bf3a7b4005a43763b42fb92d4b3e5b70f03,0,1,220.82,0.7992282697275578
train_04066.png,c46c6005560077d3014127af0d6fc57745d869630823e31a418e0de72c2ab13d,0,1,217.18,0.816561490163454
train_04067.png,c9434d6f38c28c2b50eabe31c72870e7c2917e8937e469275f0478ac29a4d50a,4,1,220.72,0.7994821679803595
train_04068.png,642ab5da6c41b8e311be93692423e6e10b9abb392458ea9d86700f2c9060407d,4,1,269.74,0.5076980284718291
train_04069.png,f0b9f838fa32c6d94e2bb07a04af53143f3e7d837c29cfe65f182bdc83d65f6a,3,1,352.53,0.4697032210713666
train_04070.png,fc44f06a98167d37a72397e140ca49d2aa333d8b5485fd4b83a8d0f0bb1b5eac,3,1,69.81,0.8802967370429468
train_04071.png,78f9949c71ce9b8bf170ad7c80dca4eb27ab5d4f0ff3efdc13f6e50cd1ed88b4,2,0,274.9,0.48266516540264354
train_04072.png,41825bc2ed34120cb2ae09a96b121f056ffb4915a365c67a2945e1aff2ff6e67,4,1,287.14,0.42984369613142076
train_04073.png,14b4fc6c0073d5a2bcdb488794969ca3656a87940a276d8ae67b40a2d2f4baaf,0,0,307.42,0.37997306188896657
train_04074.png,beefc011ce95f26fe1114b751ba6a5a9c41c2a31ec3678d80f2072e8ea528664,0,1,37.15,0.7377075231973934
train_04075.png,759d4de898c5ff7c11bdaa7bd8a20f3692bcf76958f60c557f3f651519ef23f5,3,1,29.23,0.6867898390015127
train_04076.png,8322ea4ee196884f9195de2c422aefea9921c11717afc9fd6555c1c5c836702f,3,1,153.46,0.9497169401699517
train_04077.png,23ee15cdf320175c833905d5a200e39b0d1bb2cf4f46f322ece56c2106e0e1a8,4,1,84.27,0.9129149978755646
train_04078.png,dc16422774a2e699aa8090944e471887d85b2cd9ea44b5e73874e0d2e09a7c71,2,0,341.12,0.43254111870691514
train_04079.png,f72449435bb7b37628f99936ad558cc7b643160771267a68a590ab5f25c6fc29,4,1,84.57,0.9134721680424155
train_04080.png,853677f7d74a2a4b442464c6313407c72a22722092d3d3cb96088533af966b1c,4,1,96.0,0.9308823357446501
train_04081.png,5371852df3e80e247bc3a7247b4a275a0cbb00d5390ac7ab96ed0680fd483cbe,2,1,11.11,0.5790349493620494
train_04082.png,98a517f93c910e997a2ab74255270db4ebadecc23fb162a23782512f37021ac4,2,1,137.01,0.9506760716408305
train_04083.png,194bef90bd184e86a1f38cb4a7c3befc53270e87fdd14426c61eff25f9dd88c0,3,1,63.75,0.86092036848826
train_04084.png,e6d1b9c71263aeb8d34f8ea17e88651454f2916d63bca37ad8b25eee2767c12f,1,0,347.07,0.4390580713900518
train_04085.png,ba76a5db3a1ba1f186803eda464630a47d08ffb5436a61c5b712f6db428e0253,1,1,123.44,0.9534040625188012
train_04086.png,f93f78ca369d7e0fc0fe002f7b3e2ae477ce6c309a17b99a4c7f2f4a4cf78704,3,1,274.25,0.48984404038768803
train_04087.png,5131d2aa5fa8839c524ea5cf4be00d9f028aef6b6b0ec75d3b71d8d93716ec95,4,1,102.32,0.9377633436500271
train_04088.png,3c6bcd219329f64bcc9d475f8a7c5f644b30314b9688c46213a6df84103214c0,0,1,306.77,0.3805925478039217
train_04089.png,892263975362275043174af8fee8b850da8699e0be7743c5d3b1d74f971382fa,2,0,271.32,0.5002054314322917
train_04090.png,f69af6130cf9e7627e816c52b7d4cadb96aea23b209d91164d6a58270bc9de81,1,1,96.3,0.933983464564161
train_04091.png,2d59d0a8aabc2d3b26433024024c44ba7b65cf591213c725b59f29989a8b56fa,1,1,66.18,0.869116863199841
train_04092.png,d90d0d8cde6005fb46f4c6a32364304000b103a4acc710079e32fd6bfbfa2a4f,0,1,186.71,0.9129676216274125
train_04093.png,297e747706c3a06fce8037d608f3c816db499968760fdb40df2f01155bf53a48,4,0,358.37,0.4971426285899481
train_04094.png,7e9c34a5061f937f9bae0713e9e1737e25f45eb58a410b92f4771ca8798448dc,3,1,87.87,0.9208430530014867
train_04095.png,120ced087964c573695a369622b63a3cdf8dcc0c59ede88be7fc4be22656d66f,4,1,232.7,0.7351307802011219
train_04096.png,4f7521ac4d5e658e9e8a214178d7a7fc7126f0dca5405b2231328e078b9ab46a,1,1,160.58,0.9479117371312049
train_04097.png,65c6542f1e19cd058c5432d55113ff22e7f65e01ef591bc1eb539433bfdcee38,0,1,211.19,0.8422264826679086
train_04098.png,517fa675357844610e8ae140aa4d14a3c11e00bf4199e5a4476a492266306772,0,0,339.76,0.41671749951723974
train_04099.png,7379e91133c5bf20729df7d83b49c27214443aecb3fbe35e5e34f309e9706979,0,0,346.68,0.4417295629724779
train_04100.png,3906530b8a46e74083d6359fd9b670beb5c4bdab93bf892cd377b0e5876844eb,2,1,160.82,0.941586955925618
train_04101.png,1b436692a7e46545698ec1a5b35df33e7f52645f94ed45b9ad7d56f587ccda2a,0,1,160.32,0.9456833116410329
train_04102.png,a1563e8ed0905a49aa71506c0f43b798b0b13a10e614fdb16c84a057eba26b8a,3,1,345.57,0.440597210413239
train_04103.png,46a4a340b529a9b82c596f3a7bda275b3ea41dc2c414813969b0cf0415645253,1,1,95.93,0.9335266791407644
train_04104.png,ba7fc4ef92f80e9e45733c98b717d7813e904b97314fa5dedaf4a4e824c7a5ee,1,0,275.85,0.4804921208113247
train_04105.png,1ea5becc13aca501ce7f0f2ed9f424736edd3ce2491dd2bc526f215c4d75eef8,0,1,260.19,0.5587261599979896
train_04106.png,ce089501948361883eed9e7a436a1507e4234243fec8ebb85e36bf6b816b94ce,4,1,39.87,0.7493329513161048
train_04107.png,5320f34e5b8da124e47b212c0a8d634a2962d62f35f172b7b61a9778895a7d01,1,0,343.31,0.4251125650782343
train_04108.png,4c3dc5756dc20b63248296dbb5ebfcd7d73f2ea5f590affba41f4ac8981d1cbf,3,0,318.45,0.3841333472591999
train_04109.png,4356f9beeeacafcb922361629569a583dc0222f16a3bedc7bc52c71ca7e1b10b,0,0,271.78,0.4920132112014575
train_04110.png,32f5d580752ff29c6163c9364b1e08a7790878ef490c008ccb352f781bdbc609,2,0,265.64,0.5304841309795756
train_04111.png,da0cb527a34e5c27328dc57c15a996004946dbf4e13064477e0666be3582331c,2,1,122.07,0.9489459705609686
train_04112.png,ee44c060db69d33d018ee3e300a95c449254893915db94ee592739e597eb9ab5,4,0,278.21,0.46562534218453877
train_04113.png,32fefde7cea258687a7c559ceae63576fd12354581c0f292729f30c7b5048958,4,0,346.38,0.4424222148275782
train_04114.png,ff087e1a8d9524cac7b79c907351091a453b2e8de13df6a7f54e5c0fff5b461e,0,1,337.9,0.41101064023021605
train_04115.png,5d6e1b06c896017bed0a01460133a126b1b791cbd4206c8659586fba9e9baed7,1,1,139.97,0.9551074443053396
train_04116.png,b52206da93a537296996688e052a27443c3e2a1bc29c2ab8c9c61d0fccabd55e,1,0,308.05,0.38184634072068524
train_04117.png,63eb3d6eac32ddf58abf350ad2057d1a93aaf12785a4bddbecc61adfccdaed1b,2,0,355.69,0.4929814750900905
train_04118.png,12c4d6648d6cfffc8fc87e22b745f0c804b8c9431fa3bc44e7a56ee21fc50486,4,0,26.73,0.669526270248745
train_04119.png,6fe45555ea899f1e9d981ac5ad1ad7171317b7ca508709762b84d8d258c86c7a,4,1,303.4,0.3896685097345511
train_04120.png,c87e4a02141b4c343626eeff6c0f8edacde8dd877b7e6e7e7f61c11f4a32450a,0,1,59.08,0.8462287093215307
train_04121.png,c23cb18c266a57dcc607b76204aac1bd86cfdf8376a3da8210d0a144895b7c0c,4,1,85.72,0.9155563774570858
train_04122.png,256eb249cae65543542d94b8e95ba665e32f7c246835b0aa678a3c1579808521,2,1,343.67,0.4413713589776368
train_04123.png,95b3232d1cb9d63a5b78e355ec95a07cd3afdafaa98819fa3959f1c456776cfd,2,0,305.72,0.3923432537588989
train_04124.png,70445d624b0ff443b41075c90d27c415d9ff31f9268ad12796721496716e2558,1,1,10.94,0.5637867746173222
train_04125.png,8ce529b21aabc22c0e4f9b49aef1aa73210e68d2bdba462b1b2ca74d48eb5817,2,0,299.68,0.4009520276649962
train_04126.png,18eaebf6bb822e43be6e34130f763530ee2460830259b63be2c22e1e6a956778,0,0,321.59,0.3797547079869761
train_04127.png,c0ab65daa8b367327595ce15534e480f78c296b8003faa81918804fb54f7ddcb,1,0,244.5,0.6722988574033842
train_04128.png,94b70cd6ef0c24f545eae8a7737344a14b0cb6732c85b0f70728d9f383bc6a55,0,1,329.5,0.39069257730172924
train_04129.png,7be340b483aeb8cc2c549bc713f91f73f1a00f7351de4c31dfd7e649dad87604,0,1,347.58,0.4454122071723375
train_04130.png,63139e9dadeba4e4464f7f715b085b01822aa8b7d17610aa6506422921e50a25,2,1,265.66,0.5303727461433956
train_04131.png,8efbe304bd09c1cf8e6c0b5d806ce65ada2d472ff0aef78f1c52f5155bbfae89,0,0,318.48,0.37762715266671126
train_04132.png,21d2db616e7c205236ecc05a0be21820b618072c81c6b90d6a99e4bfbe5b503d,1,1,338.2,0.4090016975205646
train_04133.png,feaf26dbe35db937216b33854adf5e9e149f725dc43cda79a2dc53284d422905,4,1,255.65,0.5909904632169982
train_04134.png,2eb9268e93528a711251adbb9258d609fc6c91f5635060fee83d4e91a703ea0a,2,1,310.69,0.3886441519496766
train_04135.png,49b12060e0cac3a9ec987f67daae423a17ae12914af7e3f33d2a0d4327626b5f,4,1,8.31,0.5530894996079785
train_04136.png,16c676378d596076efc319e3b89b60df0bcb7bc539d30b1ac8f4fdd362fa7b35,2,0,329.74,0.4027491123999291
train_04137.png,e5693025339f7d1e8f11e3944ab9c673df4706399baf6c65a10f4974513edbb6,3,1,294.45,0.4114854458862053
train_04138.png,db44e5aa04fa699077f01d17b67ecb3b3c204011a0ffd57fc6acddcaf5984061,0,1,225.88,0.7730215294504279
train_04139.png,52cc683faffb5bb70e8c11740d2b103d38c8ffa6e4c7fb3cd4f8429bb9107e85,1,1,182.22,0.9251754897247499
train_04140.png,4313af56792e33e2269d1cb2c196acaf024cd0aff0e4c4db4cb211fadb1114ae,1,1,324.15,0.38189236452365244
train_04141.png,f28f0d1f763b8ba7c074d3b462ebf425f8329dacc16d364d7e00a3bc3111a30f,2,1,335.87,0.4168269015374327
train_04142.png,0faa2aa4b4a34c407aa92a42a18aba363ac0822811bd792fa7ee0eba643f9bc9,3,1,56.73,0.8342213875342761
train_04143.png,93a611b9c2a6ead5ca5fa8772e748bef2b192e687753db481e5016383efb72ef,3,0,359.84,0.5060219728247526
train_04144.png,f9ae82c5d58f23d4f8eaca492eb4d7d2a362a8e302572b0d87126b062ec122b8,1,1,264.75,0.5420818754181367
train_04145.png,2ff5a243d1db8fdd3a4454f3cb4149f11f2b6a031094a0aa8e292b6450c87a58,4,1,125.59,0.9509515647263554
train_04146.png,d40d523d63aa6a7a9eef2b5c6e7deeda1fedc9aa1b3783a593b999a7bf011990,2,1,52.08,0.815433050342891
train_04147.png,1ba45cd4123fd66c1ad9eb74f25838c1354ea6199ac135a63deaa11b9115a030,2,0,18.06,0.6221835027778757
train_04148.png,7ecad2864fd3da279111bc20b113c645883b0be0a541622ef987590946908589,0,1,37.88,0.7420089537325302
train_04149.png,618c8d0ac419098c7411f37d70e374613d5c77d3807f60ed5e8161bb9f219e81,0,0,292.02,0.40907200582064873
train_04150.png,6e52ce5dc51d7c6baace8fdb1bb3e316569f65406780d4796241ccfed2da4426,1,0,289.86,0.42165057729538685
train_04151.png,b1253420776ad10f1a133d2030d44040db9cb17c1e2d00da744135a4f27ee8fd,3,1,45.55,0.7818946787011253
train_04152.png,e8594a558a7a7b5f6f35cddd7a112143a32c451f75b2230347446925b92edb63,0,0,319.75,0.37834805074317474
train_04153.png,e2f5da6342e734144177f21a0beca70eda48cbc43b144d4171165b2b679aa526,3,1,299.31,0.40007614395736246
train_04154.png,47cf58890a1e883aa7b99af5c9a5d9e0b59bea4aede3f542757510cc7b8f512c,0,1,220.78,0.7994257847581208
train_04155.png,b0022e58438b10125f41ae6b501bbf64e6b811a0a541027269ada842b9d1624c,1,0,290.36,0.419992463156771
train_04156.png,7ed6224a97ba0309e1d3cfe79693f4e5df3a8aa6590684290223a385bbe4a6bf,3,0,207.95,0.8583586963435701
train_04157.png,0fedbc6a9f2924796ea163151192f89fb30d2389b68b576442540ea98a2ec07b,4,0,303.18,0.3899917939848154
train_04158.png,0965b5ce23b21bd153944009286164087b4edc2d6bc35208e37883f3b5326a4e,0,1,297.89,0.39442664098225333
train_04159.png,9480d2757b6031ecad21eda92befbb1e5db76770cf696c1ba8ebf636be3e84f1,3,0,287.89,0.43157817667225445
train_04160.png,588f84972eaef49064fed984f2c4371d7ebf9467c9a57890f0cf84a317242190,2,1,228.27,0.7561678350204454
train_04161.png,3f4fda37f198ef30b04fc6946d0f1e1b8289ed9991e0717d44f91e19acbfdf3d,2,1,288.15,0.4298768749676603
train_04162.png,b18f5c1432975b8328f8cbe14634185be4aabe2d23b66eed0edcb43d6fc32d62,1,1,163.19,0.9461407256545225
train_04163.png,1b86af25dcc70da49184d7a887becba47574557d6200e31182f9db991cf999a7,2,1,323.17,0.39281445454158737
train_04164.png,58ad867266c49636523d13bd418733a30cfcac271b20dfffdcdce80807d91434,4,0,332.77,0.40080105579641107
train_04165.png,09f63b0d68b57bebfc482da06c0935a293030745347c48a335118d20b93c2a2a,2,1,76.17,0.8962471175028172
train_04166.png,e0ca739e29b840affb86c081abab0cceb125044e784846e3d16988272e0dd7f6,4,1,291.67,0.4153494356707732
train_04167.png,bc57037305074204381aaa1592417bcb1c67b7b8d91fcb5edd7422835be4de02,4,1,2.6,0.5199588238102824
train_04168.png,82c9103c708f1b2578042cc55708849b0fa5988cabd70939e3c768c7176a9278,3,0,331.21,0.39917211256839974
train_04169.png,88986f507afe0871959508efffd1fe7e3e3e2473b756f83019e480cda3d1c88e,1,1,191.05,0.9091377063791809
train_04170.png,e4dfba48b461bea40ba6aede5d42a12c1fd75f4058331fdad9225c7b16916713,0,0,344.13,0.43182683774263964
train_04171.png,0f8ca054e5160a34bfc1058af8093e38ab121f786e2bf63100d92e3ce445988b,4,1,206.79,0.8576637645818161
train_04172.png,8b8296332aea2707c9bc4d6f047bbe16ea67f4030f5681d46b9778ed59afff1f,1,1,357.33,0.4856817752679771
train_04173.png,28c3de2461996a3f31b6c7e0d86164e41871df3259f598090f123f76b2999b3b,3,0,339.86,0.4210493879158172
train_04174.png,de7669419eee8af6fbdce6e438cfd4c448abf19be6c200b237dadad1bd984a46,1,1,262.53,0.5556204697752748
train_04175.png,9593f3e1ba1bbf980f8aba816e25fd08b894a0ee9c43d351553785bcfe8f9e76,2,0,342.33,0.4366346539433264
train_04176.png,afe37bf2895470a5acff377b7ad3c2ef18e0681a6040caf1d76af15e26e02fed,0,0,332.87,0.39776780784541477
train_04177.png,b34e128b0e0d3efa80ecc196925972361c17a7a97c6116e1442e0088ad247da4,2,1,245.79,0.6512004313635078
train_04178.png,c915b7db070b3bcc15768c6967e62403195f6b53df93902aed2e9be35c41326f,3,1,104.94,0.9416488312092085
train_04179.png,7b375236420712baed9d907f3ad9c0394b2375f8bb61a8a3c0bc1123a1cbeb44,2,1,333.12,0.40993894921218177
train_04180.png,d164d4726dd4b4f9c963798e63b1ebc3cdb4d646d8a181c6f9a4c079879203bc,0,1,298.1,0.39398378435479875
train_04181.png,277677daeab6768951445f5837fc17b69ef643dc6aa48066c170cca738c268a8,3,1,177.28,0.9294827319234121
train_04182.png,dd438902ffb1d2eddbb92bd71b009ea060413679a4d5872a82655a3158083be5,4,0,68.94,0.8759948905333075
train_04183.png,ff1091f8f7bccbd6407331f74b30bcdbed4bc288b7dad701c3b3fac97c6ea8c4,0,0,336.25,0.40631329858266035
train_04184.png,eddd480dd73698e88ff70a0eaa857ae5b0ff67e71cbd5205f023c03020d9edc9,2,1,173.81,0.9288403596418171
train_04185.png,83119003e299aea5bce99572ad31b9474a73deb58c996f9172bffa62bf5a5157,1,1,166.98,0.9431558088205809
train_04186.png,5635a7d4a4e344dbf4dabe738c599d23d7aff53e560b51493e30cef84fe48184,4,0,308.13,0.38418249762028794
train_04187.png,1445cf7070670e58a74750525010ac34e37cd7b61cd4352a05e45272e0c8b1d7,4,0,147.31,0.9502017427438002
train_04188.png,82a0bdf6dc5a0d4a8e291fb4091a6d7fde6dba97ede81ac90e8cab21b404ba61,3,1,288.06,0.43099021169467067
train_04189.png,65b21a4253177e54baf2b9f62ea9c391c35bdbeea54cc369d7ae932f324f2e92,3,1,278.63,0.4688309853871508
train_04190.png,1aa98a356d56e4982f6c0f57ac26b9faa74297faad376544789e163bd62ab500,0,1,210.02,0.8468246242863519
train_04191.png,1b3a817ae9e4022bf7cc1ea7dab8a15ccbcf1b5ce1caecee1d1b1a6d647067a6,2,0,326.89,0.39778368857009533
train_04192.png,101025db7a2ac0c5bfb69bd0cd8a428d885bdc47b724b0a9d361ed1f61350f73,1,0,272.62,0.4972187577606322
train_04193.png,f584e356490a1a53459525955cca87d9e9a7a4c0713d4333dd87f1811958266a,2,1,95.25,0.929593882678765
train_04194.png,eedb24fba33b8dee356c4af671248e43d49c1112e2c241c6d45585f940b30c6d,3,0,355.04,0.48154630720277397
train_04195.png,b986de79db4541cb06b7d45bddb26be19b15c9997fa8e93d0788dcddb8905068,2,1,268.61,0.5143003388326665
train_04196.png,5d770bc314fd10f731ca35f4101ccec96fd83b9d2f1062a2423a32858ec73a43,3,1,134.72,0.9536341409989878
train_04197.png,c41230976966bc993e9a8389ba4b2d50cbd37579c8a519a6b0afbafd9e619f30,4,0,297.48,0.4004800553983924
train_04198.png,6b2bc8d43cd9b261b51a59b3eeaa20aeec1f009ab0398c27d3ad80950965af38,4,0,37.97,0.738427077823581
train_04199.png,d6884d8c1bb21194c620a7bb36dac539d0e520832105147a79e81a1bc580842b,4,1,138.39,0.9519071656182746
train_04200.png,16a03942e7fea076d8a34287f87d75b13079f5b8efaddc75a8669195f0189044,2,1,264.21,0.5385274783465622
train_04201.png,830def48dd6ce18bde7a4b0aefe416b24001c8ecc815a2176238ae2886e58c92,0,1,299.83,0.390548878779672
train_04202.png,27f661278a0527139bd9f10b5207e0e6b2cafbad07549437c6cab64db207832d,3,0,273.97,0.4912560208310981
train_04203.png,667c14e21a73870e62460b957e09abf815f54a481ff3c3d00b9713c8b3e089b0,2,0,325.57,0.39582440350506126
train_04204.png,cbb4f64dd9a54875cc567f09e9871bffe0cdc0007cb98e46ed0beb44727cda40,3,1,71.77,0.8858802915568986
train_04205.png,c36f77b246189ffe08ffdd1c4ad8219c543b31d17e4a7408ada056b3c6803957,3,1,253.65,0.6104308401500715
train_04206.png,d7f423814f759a0a08a52dc65d02d4b0010a92bd6a5d02a38a9809a369872239,0,0,273.14,0.48497538414584196
train_04207.png,0125400e06b41cea030b4779f82beab383ffedcfa77bfe9cfc09af1481851fe4,0,1,151.14,0.9506844994892524
train_04208.png,c1a0343444dcbdb8a48abe912311dfc4461959f023e5eb54994f5fdbe3388d36,3,1,282.72,0.45113173937748374
train_04209.png,eb036a774229c33b59fca0883e1dd457f31a7453a0085f164334c2853a3bc5cb,4,1,346.93,0.4445779535266374
train_04210.png,ec9b3e23111f1bbff81e96ee227be5c43c1e275498c65dc3eb34b78e231d7842,2,1,329.42,0.4021415303457838
train_04211.png,d6a528ead12ed3c10999d41246f073d4753e22b677c288cd955abcca128f077b,0,0,343.68,0.43016170351190464
train_04212.png,cba5900706587c98eff57f73c6ce12a77d5541591e980ffc03771602594bf39f,4,1,117.3,0.9481225672838662
train_04213.png,55e56190f8bed48b2c7b908e64947981030453962d10340909c658427ca0ca17,2,0,323.48,0.3931631555908101
train_04214.png,c2379a6031e87d01286e521cf9950e22a4b3e24cdc2fa519ee1a2ff8dbbd8781,3,1,73.6,0.8908078883260159
train_04215.png,4957877fdadce7acf39aa320d2feea431d522e362bd9dcedff0e853c33f0d36e,1,1,344.97,0.431053349829723
train_04216.png,b5159f65a57b565721b427d53f553cc5fadac0d5ba3ea92c2704554189532f6a,3,1,222.5,0.7967034647821835
train_04217.png,27b8808761c954ae72279177f7c249dcb33f172573ff453c43d5ff399ac91427,2,1,225.31,0.7720548257757424
train_04218.png,7cbd7f5b1a69563ae3d83388fa9cd4bbcbb43ed1c83a1c35ac1242bf0ec8e2d5,2,1,351.79,0.4745081840156384
train_04219.png,a40886241854c019badef43b66c11f2e0763c24cc251436d42267904aa55cb28,1,0,355.09,0.4744845340479471
train_04220.png,aea9f7c23b411ea7f3367d81d699057ef4caf7162d19bf7f556c63102b382a7c,4,1,61.36,0.8506192309625259
train_04221.png,eeeae5f6a1e8d4482b314d7a66924d22cf2b501ec7b36425ecfae35a6dddafd3,2,1,126.88,0.9501098560231488
train_04222.png,01f0ea9b2f4d14e7baab2cbc9872714f658088947bd0560622a6318153b28f3a,2,0,292.31,0.4175617404908716
train_04223.png,d89234bbc675935c5c7730a7b885423ded79fa52bda72e85b1adf856ff4c638b,1,0,323.42,0.38117450180060386
train_04224.png,044d2565f70817f6a74194b81d1ce86484cc6b5ad82f4f78954a80021fb9604c,4,1,327.54,0.3909284756246751
train_04225.png,d8bd82d65e3840e48a6afe268dd8e318ec48a7c7f38bc426fd2cd6f74a5cbb44,4,0,344.82,0.43650334829599996
train_04226.png,0202764aa8c3721aa8c27b113c26aa0ef0cfd882821643e1f0ffa289c85c82e8,1,0,282.31,0.45046110621282603
train_04227.png,58ad867266c49636523d13bd418733a30cfcac271b20dfffdcdce80807d91434,4,1,206.55,0.8585042855327097
train_04228.png,1a3b540a8a9155914735e6a66e6debb519b697c157b03f8747a4356f669bf5f6,4,0,319.52,0.3824377939879338
train_04229.png,b6e02408b80fdb335dc5c6973addce9b78531ee59cbf2699033fdff28b6e5051,3,0,156.98,0.9479558284984946
train_04230.png,fba9f9257abf27bc4d695eff6b5533044b40d7cd04598bc4fddb68860e874e63,4,1,278.11,0.4660780414450674
train_04231.png,85eaf021fc21c85ea9f153f85fec2812815d3fec60fe9fd8887428bf3ffd76a3,2,1,46.01,0.7867470018038294
train_04232.png,aaea43a9f7d46205c930db4bd4f80dbefd66f919559dbbff2bf7c867a91960c9,3,1,110.56,0.9458826921769566
train_04233.png,cd70f3d4c4b1db5d25cbd369599c9e48b684334e88729d0557ab5ab3c2f0f5e2,3,1,313.79,0.38376028165986026
train_04234.png,bc2a33431e6335ca4697392b5ca09b2e37abf35a75dd604f388e1464fa5673e4,4,0,99.47,0.934872547651437
train_04235.png,7cc8287c38cd3225b30d414ad92333c959faeb294a8b9bbac194addf6fce318a,4,0,276.43,0.4738476484862135
train_04236.png,c1eea4839338777b2f4167b469990660dc52d5f2f8e1d5903ca21e8e7d27d7f1,1,1,240.57,0.6975579212863825
train_04237.png,dd71a309bdfe8da3f4b464f5e5190ce79ba950d589a18a92b28cc92ba9c7a728,3,1,113.21,0.9475166743466152
train_04238.png,59694a48df8cf1bdbed9cdd979382ef6d3389ec8d838c3b2d543797f16f578ed,2,1,284.99,0.4406263104688129
train_04239.png,1add860359c0bfb064d0d9ce58db70d3c6b6fa8c313c2cf2d2504daa27fdf04d,0,0,284.58,0.43387137241195356
train_04240.png,92798f89d20795ed4130f714609cd97c9d82698948bcdcba4cf429e35bd3ea8a,4,0,297.38,0.4007003567018094
train_04241.png,da76461c6f957448ce0f64044098146e4828baf0cf629ce8bffedebca8fafc7a,4,1,158.87,0.9448203083012847
train_04242.png,d5348ad0feff68d76d1b0003ca7a5a217cd9e112f410fd219185675cc19e0843,4,1,282.56,0.44702859588056615
train_04243.png,7f567160c13f421e00733c363548cc2fb48d94c1c369cb2dd1b45f77e5a45aae,1,0,334.96,0.4005072651241366
train_04244.png,178a8d190feb71954ff56e734bd2d1e8744c781f2e6988356a861510950cd2e5,0,0,335.09,0.4032171765975723
train_04245.png,25574312ab5ad39a3e5fb236d0bd2d1c0efe76490e23a108e2f59c1466a22f3d,1,0,350.31,0.4524612360370904
train_04246.png,3e5c324c633ecf10406f1f0bacbf926fe9a6224be8bffc677bd4be8f34222b4c,3,1,97.04,0.9336822729342033
train_04247.png,1cb8a4f2b38969571958b82ba4834a5041b0f50c3fd625cc31232c467392df27,1,1,357.41,0.48609156505593354
train_04248.png,f6fd93e26bba12e23093f57ac58b61f240969628d1ae2912f04546ed393a0567,0,1,152.24,0.9502155226517467
train_04249.png,64ff373835998373f92be7425fc07bf66bbe43c5fefa794ea2ad5394c4ad3fc8,0,1,70.5,0.8844766091136164
train_04250.png,d2d625f1e8c3f43518e7199695889fdfaf95b0151c85b430144095f0eac7e0ca,4,1,91.56,0.9249500534006578
train_04251.png,37958fe74b80b40118a23bd13394491142dfd683b54f71f5e8d75a4a21a425c3,1,1,189.63,0.9120532581476861
train_04252.png,fc5ba4a6e857d83fa8f1eb4d59ba2adcafe6de6987940b5b918ac780a81e0d07,0,1,29.6,0.6912117098704048
train_04253.png,065e10d502a27822a12de94fb7e54a53f6e3807034fd749c502c978b1f609fc8,3,1,14.97,0.5954668292018702
train_04254.png,b436f892d57d7e90f977446f091e7f46096e2d1a3a52401c4d47eaf7dd338351,4,0,309.1,0.383403068973883
train_04255.png,9e3196d03ffcd02348e533d8a31896726472beb5908d9b4c8bb574d5da0874f3,3,0,145.92,0.9523450681249018
train_04256.png,4ae5754baf4c0341bf1bef949ed49cd534532c1ecb21123af472f19470d1e0ad,1,1,243.77,0.6770324977209174
train_04257.png,9c55914fa0972368827595aad2fb7ec7e8a70919407202ac1d76671395e7bfd7,4,1,119.58,0.9490855861807301
train_04258.png,0c0fd8c535d0fca842c159cb3985f22b5dcb3091cee0abddcb867f395cdb4073,3,0,322.68,0.3868415936891116
train_04259.png,747eb3af4d9bdfedbd765c540827325d0ac5196403944571b374f8114cd96c89,4,1,315.02,0.38119247930308636
train_04260.png,b5f323b3f7974b25a5fd2dab641560b7ad519d6a0a780a4dfd6a5163600c4080,2,1,298.59,0.4029863164373303
train_04261.png,d1073aed4dc95ba9f062c002b3f1ff44f935b67d6aad54633ec9537522ebab02,2,0,126.85,0.9501044224764065
train_04262.png,840a44b940c6a6009afe644b034d0ba3e3b8422cccd02b43d61478d5a384ad94,1,0,275.88,0.4803418851069414
train_04263.png,7740833854bc204003fde8082bb095a6278b7b3952d7ed693e0f6a57842580d5,4,1,219.53,0.8051801626192827
train_04264.png,81366a94b74c6f1a495118eaff3e5deaf4ade7a6202cb0d10a80a2eb6e21bb5b,3,1,194.77,0.8973510420644275
train_04265.png,4e6c675bc23b4dc1ca6b84efa80cd7bd698e99248f8e5f8a6783c04d5493e12a,4,1,74.99,0.8926838494873682
train_04266.png,4698495fcfc194dd97c0c613f0dfb422055e6945f5c53994b7b437785c5b5952,4,1,236.1,0.7148701592022897
train_04267.png,8a8b1b9e72ca24806170a5ba1f05ae3e150c52aace6e5c93da886268a5c28675,4,1,64.57,0.8620021214131244
train_04268.png,2df8a430df1fd97674ed9980c18d6ce0939d06c1634952e83a52cc1cfd0a38fd,3,1,319.47,0.384580005623536
train_04269.png,d45a8e1f4d3acfeec6a8a43a04a3ed06d629e6abe99e0494a24c6e0644cbabb8,1,0,154.92,0.9510257908057579
train_04270.png,d40f7bd56d559542820949a92188a27009e15e6f06c10911488d922a199bd322,3,1,152.37,0.9501908048347236
train_04271.png,75e80dc5e6a4cf872cd3c1ee01627eddea29e898f04aa645abd475c35589b810,1,1,242.73,0.6837465776631275
train_04272.png,11a938419c25d0e95f3c04f23a6ed5539e4b8d08f31dc00a2d49db4c57df4d1b,2,1,244.9,0.6568023417440789
train_04273.png,b950994908c77f03f204da60e9201a8f7c8e60870a71c0d43e914148fca71228,2,1,244.25,0.6608870054030592
train_04274.png,201668c7d2788f1305ec631b303f16b0ff2c05c008730f2508bd719bcef2cc74,3,1,174.12,0.9334571492507039
train_04275.png,48dfec37b55b765c168964dd324c7d70c8cf8349e88178a17ecbf154a6241f8c,4,1,235.26,0.7199424376713098
train_04276.png,67a9be022d3cff3c8c81516e92c1547beac499779b115a6ad7b69d1da19bb0c5,0,1,313.22,0.3768135649588219
train_04277.png,1f727ce4da3e74431c8f4f8c0ce6bd20685790e2a014d2115359a063a15cb8a9,3,0,302.65,0.3939635404515929
train_04278.png,27f4c4d96c5495145095f81fa6f40ffbbca76eff1c9ad89bcb2021786f7c2670,1,1,324.66,0.38243429821894376
train_04279.png,9cb24385b556a25de16dbb9734109cc5ed6efc80cd900e777807bf45a974e98c,4,1,282.1,0.44889213633544106
train_04280.png,a4b05f1546726f8ae6e3ab99105fd94bc82ce1450ef875a0e7b349fd1b1e12e5,2,0,288.96,0.42731433496578036
train_04281.png,e2bc38be155de0c38eb51dd4862cf4301a31369df8b314ca48c7b27a12bcf27d,0,1,27.12,0.6753194005992603
train_04282.png,924718da467c0fa6dedcab966a819e1e96fb264d476a27e71f3b792ba8384b0d,1,0,356.64,0.4821753239146963
train_04283.png,b9a8190244330148192949e84794a5b621daf8c4f97ca769171177e7df4d28cb,0,1,242.42,0.6734702838398534
train_04284.png,7549778945fd23cc78d4159886d67cee964835e108345260a1bc67f0609949bc,0,0,331.72,0.39519111066418333
train_04285.png,c37e048b2e0f0db28a5eed43903a5fb04f7f98daed49324c3c60bedfa5d87e79,3,1,358.08,0.49678064218382073
train_04286.png,f1dcf4437a6d57257c85a3a2a505ef65ab35e560ddf0cd5d504e038069166bc1,0,0,281.98,0.44414750158399896
train_04287.png,a01aa00bf109a5089a2a460a32d79109fe51ee2393587ecb8afede7a160cbd89,4,1,327.46,0.3908040525375287
train_04288.png,6dacebf51b6a8b77acf249210750562b46f145c03b486766c9af47891b7de3c0,3,1,12.37,0.579121945326536
train_04289.png,44e5b6dc6e044739433a073d53578db1065082c79161a1632913ee70de804317,0,0,314.41,0.37669142483166296
train_04290.png,9912fbbafdba56fbf7c1e4810512830f850991fc45fb9716b034e74bc9495009,1,1,325.48,0.3833753631314477
train_04291.png,3fa89370f03ff08109a96f9845701df4d0e25d155129c993a9e0b1d94fa5ca05,1,1,91.02,0.9268257490133831
train_04292.png,447e2a712d35772e2cf4d79a03b1a6367c81c8d847693e60a33485b13b8b0ccd,3,1,39.81,0.7505961175581037
train_04293.png,889c7bc7b9a3b07d5976c99a7628cf540951902d3914dbadd1dc19537627bd2f,3,1,132.85,0.9535592224068639
train_04294.png,3a0a5c1af0992a7a231a6ae8f2c4dbf7015c84abc408760377311209a3b9a81a,4,1,106.75,0.9416245014086947
train_04295.png,64a1d1b73fd1ed0cdca63a68fd1e00daacd77af2a4d26be12c182615872f4312,0,1,88.49,0.9233706912226531
train_04296.png,1c231640e0122028f4cd7895a8db4a455a256a5db24ccefe8e53da82c595fcf1,1,1,36.08,0.7255488352379824
train_04297.png,9aba1aeee77a5fc969dd93c590e588e8550bf11ccdf62a55cce4c8d58b6cdee7,4,0,311.51,0.3819752289623031
train_04298.png,5a2f35b07178619bc8f75640e6cea753ac687a9f0c4966c779f4efabbde8ef7d,1,0,337.84,0.40799165770195706
train_04299.png,bc8aed13b8c9e019a87b5e743ff6ad4dec3115ea14c2ca837f111c42ef2f7fda,3,1,144.21,0.9527378137114417
train_04300.png,001fbc4344b255e3e4842d3eac5f079bdea17814fe03446c2d967c41b8e85c3f,3,1,258.37,0.5805513127089871
train_04301.png,67bebdeb554eee4350c6f8abbaea15443a3f7d2f422cb6094f7cb03b56c53137,3,1,358.39,0.49838660434198395
train_04302.png,a547611ce76b2709aa113d3dad2b191cf7e756669b11e3ab57b6f75a3286ccf6,3,0,330.29,0.3973999543407074
train_04303.png,ef8f309a8ea1641576fac6b3b6ce08a34e8e891b2c1fd89cdfbc6cf0d3254ca5,1,1,127.44,0.9544126302130616
train_04304.png,8a5e4bc532113a27310a26504f989e146e92afefcf1ee1d7c2b40e4a97451a89,4,1,78.64,0.9013652260211915
train_04305.png,ebb17220835a1e04343c214b8b565a2b299e837643537d18a9616e468ed657d2,2,0,289.83,0.4246503653178351
train_04306.png,2d9b600975c778ae01d76d54e75c65bce942fd484f0988f3418be86c47067072,0,1,359.06,0.5004569252654563
train_04307.png,01e4d13ccd8b5a99dba17850bdfea387b09aceb01c514453b30d2d184e3ad3f3,0,1,209.65,0.848250821244007
train_04308.png,39ab629b7fc7b46dc10cb761d11f5b159b786f989d914c1f8deae4ff0bfa6a05,3,0,324.64,0.3888616719751213
train_04309.png,453983fed1f84de03ede3a631c7a4c8b6811ce1e5b84f449b51d8dc0b0e7a1ba,4,1,13.05,0.5821713666625713
train_04310.png,6c0a65becce35b52c1f17a6c496c99e620a466c7facadfceae5b2bbcab7e61e9,3,0,267.86,0.5239461613473042
train_04311.png,fd76676fda4b67ca71cc45ca625880acbf0fc99b57564df4f37f1a56ddda0d5d,1,1,140.08,0.9550973538949314
train_04312.png,9c8256d87880dcda5d06005aed1ef38faaf9c861ebc3075e55f26e8d814a7cd0,4,0,338.37,0.41516137674402864
train_04313.png,56e2a6cd3e9fc36f0dca43dbb15b24fe0ed3c26e535c226c83ae3f62083e8e0c,1,1,283.0,0.44753935795156213
train_04314.png,7e899b723c3eaf1b299a7f0373e87d9d2c2f41ff969f124c8620c6b5587de476,0,1,30.22,0.6951465308930938
train_04315.png,d094394c146c298078801bfb24d30ef41f396e71b0422da7f5a636bec37f5226,0,1,144.52,0.9528250746257326
train_04316.png,039ade76c25e6ef7222f4da4b7dad5ccb2794e7c039eef6bf6aaf0ba0d4492b3,1,0,358.64,0.49247562428630215
train_04317.png,eab20a464e538dd861597203a34f235543c8ae1673f02a92d8c0082fc786860f,3,0,340.21,0.422131960359831
train_04318.png,cb9809b610896c50dec4938125f6a2a9271f7b61dbf0dee16d8bb36c0e7e2625,3,0,282.89,0.4504379859083672
train_04319.png,1be07f152312368b99daa981f2046550c231f2a4033fe627d8cbc8f3a35a9277,3,0,277.49,0.4741010611760824
train_04320.png,c1ad4e61da6213d939b4671bbaec05e158945bff47c25a1af27d75b9a2c29cce,1,1,271.83,0.5014705248116627
train_04321.png,351316bf32dce231d5934890ebed43cda58a77d227eb22986d614f3d2fde1562,3,0,354.94,0.48106147491905243
train_04322.png,db463159b283ddaadc06a59a3537c4340dfcd8d5f2bf66ceb4c686c1e2b916f5,2,0,307.42,0.39073424886387365
train_04323.png,fd84be2c0f3779f67e1952af8b15a747c03ffd7ca0c74e5fb7ba056f00115c55,4,0,276.4,0.4739891807498071
train_04324.png,3517563d1d045d5edda43a111724d7471070ab2c50dbbb201af1ce49d8e9b096,4,0,306.21,0.38607200823693527
train_04325.png,0a0209cdc46be733c2ee918bc5e80d7dc5b4af8341368310c911f102803972a4,2,0,349.75,0.4654862586394411
train_04326.png,26cf76fbfcd2e1515bb1490d3e3ff63ea606482c41e121c0dac520b9a4ebfffe,1,0,277.65,0.4716510337102299
train_04327.png,cec287a809c45597c3e7cd45977f969586d3e83faef4a220cdd05a515b43df39,4,1,88.18,0.9197485373035496
train_04328.png,ed717c404eb9c32507d570e9576b824dd5b83784bc7adc36aea8c56a0e22789b,3,1,214.71,0.832260907810833
train_04329.png,14baef3eb0dfe7280d75d9ad69b716ff2c3962e986a2aaf1de58c1eef00567dc,2,1,111.34,0.9440794713254256
train_04330.png,21ed3331f4a8909b820bec5a7cc46f51278d2dee9c3aa446f13c1e12b5b5e623,2,1,213.36,0.8284029815356523
train_04331.png,4af7376888cde27a2d71d2c08003520f31b7c1c41ec58b37b8f5408709660d5d,4,1,351.53,0.4639847577331221
train_04332.png,a14c9be0ba77b2d9107c4c1e26c0a09cb39d960beb44c5192de3cc29a05af709,2,1,194.07,0.8919251248614701
train_04333.png,49189ca61ef0431367e332fc4d8bebeb082c3e44758f60b0dbad1ae37771b091,1,1,50.96,0.8073339927454813
train_04334.png,6c01bfbe9e609b24ac0529e20cd364d6fd3a45a5446fc374c9a2dc18edfc91ae,3,1,66.56,0.8703125508687166
train_04335.png,a2143b125a34395d32be5f3aa897b2ab036a4b4b15abca582d8ee043add2c72a,4,0,213.27,0.8329181867037282
train_04336.png,35d36c9c9205e465d7e351aeaeeb4f49f134a638911738c488b536fd98e51266,1,0,351.56,0.45796652105650343
train_04337.png,958034027d670118b69529b194b6d840ba6a9a8437a236e530fedd40d96106ab,1,1,113.33,0.9489801599858403
train_04338.png,d4f019b30f65e4f3eb16bb3cba48286cc2ba0c40bb83766f42418bbbeda8df6f,1,1,263.61,0.5489927917071887
train_04339.png,633981bcb3659304ab7809d5c51dd4b53f6f3d025de60f3b2c7c6d6e28ace69f,3,1,351.35,0.46437541737667787
train_04340.png,8ee248047fed76b956d84d82e021e87287d57e005eba351694652a4f96d80093,3,1,350.23,0.4594640902088834
train_04341.png,84589728e88a4caa98e99ec61093f4aa20c7446dbacfc41097bb2aa835f0efcd,0,1,220.93,0.7986843054453526
train_04342.png,7c4fabeab4957964fd9a5b31b79a4e93a08b7fa5c9a3d7b260a0a700fa44cfeb,3,1,254.0,0.6081921787767991
train_04343.png,6289d0aec5322b7ffbd66a841158aed230302c3bb2146949cec0444e96a04a06,4,1,190.53,0.9034316572283693
train_04344.png,e93d7289f44ebbbf4a1f9613b8273045e69c49faa2ada457201eea1d36f34087,3,1,44.11,0.7743057528750941
train_04345.png,6f25a7b2b3e08021f0362972559ed5fdc8f1408509f9c19ad2eeb0d260bc2577,0,1,233.58,0.7288911501180311
train_04346.png,5f9f0dcb32ecc425e9efaaf28c769ab0042fc5bf39cc8861d7d477dd1735ebab,1,1,281.88,0.4523105696383859
train_04347.png,a49904c6f211658d69542facdf9030da08ccebc2f1f322d070f562c5f57c01f4,2,0,276.58,0.4748854852539575
train_04348.png,611a5a752fa9599a0bb5aa33f4628e601b365886740e9e9ed23fa1e5eb30dbcc,1,0,123.14,0.9533123127875412
train_04349.png,d7d990ea75cd30e441f4cf7349fdb9bf0b7755be6a666a383a945ffdaf18e772,4,0,319.29,0.38231285736437043
train_04350.png,8f4c643e743934145773ba74c095c55d40161bb8058559267b91db5378d76d53,1,1,134.99,0.955269504309626
train_04351.png,771b9b6076e9487ff16c1af00e4f0147b243f49903da3416c2b8c3fbe3846715,3,0,347.44,0.4478601540128083
train_04352.png,01ec47fda5b8d8f9fd1c4d013bd972dfaf1718f0cfed3a0a6b3e0d051dd1d160,2,0,356.0,0.494516122111771
train_04353.png,7561d82d6be827032fc315e67f5fa5c02c2d86b76bc1c27f8534357cf7c71852,1,1,264.42,0.5440730745834734
train_04354.png,2cd7697e58a221f1ae10586196aad479a1c2d646801936fadfbfded8fcc4043d,0,1,83.69,0.9151423721075248
train_04355.png,e8f0f79d5ea54f8eed794c4474f51881cff6d8956a0c07b8912e9f8d49001903,3,1,112.94,0.9473601930205872
train_04356.png,9cf75065fe36fd86149e11c75c972b5c2cb2dae973b1a903c8015e24f0bf81c8,4,0,282.23,0.4483629758759804
train_04357.png,5fbba6340d1f1d9bf9e1a4f9508e75261c24ca9dba89e3074c7dba7f949f839f,4,0,342.81,0.4293080507007598
train_04358.png,370b367222f9b03fd6460fe320abfc3f9eec7c6b965857ef33c675ff11d5948d,0,1,322.93,0.38104903099471077
train_04359.png,f75482a4b8a3642ada55c64cd2ce5a41c644d8f88c64b83a2213cd0a578de197,3,1,310.84,0.38493840403027896
train_04360.png,eeabf5ef9b152274d246ebc9235785182d1fc42762e228353b92a301d997341c,0,0,344.18,0.4320133878867031
train_04361.png,094a4312855e03b07bf0f93c0081d7d36c30da6eb2ba234ce08384035b2b4bfb,4,0,322.77,0.3849094769784675
train_04362.png,b847ef3b066d311aaebdd719f35413f7667c86b998f82da73ae100427fca0a9e,1,1,188.2,0.9148525223502367
train_04363.png,5451f939c33efc445ba849d7bd4010221cccb9e80df24eb6b98df1ee86594b61,0,0,343.84,0.4307508997227124
train_04364.png,324525404080b5ab77e57260e8f0e0e9b31e866f4c1c20e4fad80777b6bca1b2,4,1,175.76,0.9287837249216949
train_04365.png,33ad031e71c02737d2d1349cb9122cb441b85157db43830cc8218c36787b9fbd,3,0,318.16,0.3840302945833667
train_04366.png,746d6f44111c338df9f57d161ff00477d03c094cbeecbc51db7478754ced7990,2,0,347.21,0.45489727555032855
train_04367.png,be3e7f4dd7aad822fde2132606290a6a46233a69251c5c6c5aa313742829a1f0,0,1,237.48,0.7049272275878812
train_04368.png,b7774a978dab5ec01321e4c712cb47c36fc035a46b48a0c6d933079a9fb07fc9,1,0,279.09,0.4648368028562168
train_04369.png,30ffefd002a0e0b8ddef11385f49e381e9236c51a1f1c35ffa78e19f45ca29b8,1,1,24.19,0.649657146740956
train_04370.png,e79c6a7235e13216b506fbfbf43b0007782c1580c7721fcbfdea1fcf720a44c7,1,1,25.69,0.659486382969571
train_04371.png,2e13f5ca1cad28112a8b97ba8f33f90d095b1839ad98e26ffc25313ab49188f7,2,1,134.63,0.9507685203356211
train_04372.png,e2f4cf8f497fd710a9f3a05ded086bfcb3c54d1a189e170048749252926d2943,3,1,259.49,0.5735885879935055
train_04373.png,194bef90bd184e86a1f38cb4a7c3befc53270e87fdd14426c61eff25f9dd88c0,3,0,284.96,0.4422652458120606
train_04374.png,727e09ba18806274e6cecb48b2ff339d057da6fd5845298b8889b3d7bc87abac,4,1,286.67,0.43149121141553926
train_04375.png,c696be9bcde824a8e22ceead194dd1b42a9bad7432507a6443b9fe1e47c5b2b7,3,0,270.28,0.5105856020898752
train_04376.png,3bc0eff10ccf29885d6a0846824684f96451571ce848cf3da0f07ce2dc0075ec,1,1,69.11,0.878450280433773
train_04377.png,730fe3d969c5a882614cdd43457d50f505fa66a7c5f69ada98a42a192f7fd2f0,3,1,307.05,0.3880623609678307
train_04378.png,2eca534248e9703a61d91c41bc52fd8da5d4a211a7ff7c328b656e6251059eca,0,1,254.95,0.5918506199549398
train_04379.png,53ab46b04d4edc6ccb0319d124e8df1c4f61e60259defcb22aa5b2b2e1d9018e,2,1,100.77,0.9356969085062065
train_04380.png,00a2c3ae567adb1a14674d173259e7fb1a6a0296e96a38f49cf6f785395748c6,3,1,319.84,0.384774440042411
train_04381.png,03f840889b0f7d81489237f0885c8b1dc621d21b5c3e42971cc2076590993100,1,0,335.14,0.40094395882728256
train_04382.png,7c4cedce71300ac7e8f55f4b907a751513e69c4cf3b2accd81b74fd610136b35,1,1,331.86,0.3936377644802819
train_04383.png,2be3a6ff63bb53d470032bcbb9da41169d4d63b222e1081f2e90e336000212f4,2,1,72.8,0.8878948692368029
train_04384.png,320cde52fc2a80498561af92dc9c2edd2b517599d73d79cdf9c083715e59d40d,2,1,316.54,0.3882020301581571
train_04385.png,6d020dad159ac85aebfb608b689639ebac9faca34d561cb83b949f75fc3d682c,4,0,25.15,0.6594403254970216
train_04386.png,7a989a6b67445c00f779954712894b423f64431cf4079ec182ec6b17c92e64d9,1,1,57.74,0.8376910356910146
train_04387.png,36121b20117791b5bd02d4629942a9253a75037d5a3da59075cde921ae87f10f,0,1,144.36,0.952862878655946
train_04388.png,febc0b2dd8af546d77bdcedeb607a479ced687a0e4b5766e99a0ab2d5b2b43b4,4,1,127.41,0.9513327162019238
train_04389.png,c1237bd258bb87880c38f9c202963d32df9a183ad974e8c63eb7c9b8bc391d94,0,0,323.29,0.3814355486687071
train_04390.png,06efbc4d6dd2b3c5484859788e8a2e78bdb8b958a6f04989e952c14d8ae1fe1e,0,1,328.24,0.3884181320822834
train_04391.png,af798bbd9e04d100a9dfb9d7ab98f7dcc3070dcee76b06cf982e15c7c5c12a68,2,1,115.57,0.9463941988652995
train_04392.png,5146104fdf291b204175ee3097cbc18c8317093226f0062a452a82a113a45b37,4,0,313.63,0.3813186033736575
train_04393.png,a4bb28050f68a2e4e558239340c6915c757b1ea575ed2bdf405bcccb418ef6d8,0,1,19.31,0.6243814096640106
train_04394.png,a1de774b12888e3a744995996a364e7ba4cce3a090d9eac7dc4291dfd7d9a42c,3,1,217.05,0.8221974422961891
train_04395.png,eba1385ca82323fe0c069dc7e08f0e9751bfa0e8eb87a920d32870f3ae0d16fd,0,1,87.26,0.9213918374836308
train_04396.png,52a64a430dc6a5fc4590c93f069af5ec0c6c444cedf25b81707ed123af8d3712,4,1,314.58,0.3812063266445096
train_04397.png,74cca89e0cd91a1f441b3729d66acc59ce86bce238e564dbc97438118384eb6f,1,1,116.22,0.9505366657969498
train_04398.png,7172973d303fa1f4e7fac3ca994ab508eda5d9349f90f6acc41d370df9ddf9aa,1,1,274.56,0.48704276029521876
train_04399.png,d0991d0544222393ac559101a1a5032f4e6f76fed0e7721cd0e82986e309e803,0,1,203.3,0.8706837930762317
train_04400.png,12ee54cef06666d1dd191e254bffdaca72e4df40e9ec3c59e1cb4054b9deb65c,0,1,294.29,0.4028900579068159
train_04401.png,a6b2b41bd7a78152003995f6daf88bdababf6974603bfaa5eafe1365459c38a7,0,0,279.51,0.45465847158154454
train_04402.png,0b570b0855ff45b3d91661032933a3f53ef96f7a0e3929ffc6f4bd3b6d388ca3,0,0,274.93,0.47600613929882624
train_04403.png,88ac01f3fbd0cfd91c09e96ceb89a76458e56d24fa645b7eae6e9a293e164b0b,3,1,3.8,0.5278520161480476
train_04404.png,00b68fe26d7c6cdcbdc88edccb047beddcea9cf9e589560d643bfd77c7b65dd6,2,0,307.19,0.3909310280073463
train_04405.png,b17c56cc3d6af9664318d721cc84de9b81d82265506915dc9d78f89997a2df21,1,1,213.57,0.8411525757524332
train_04406.png,a8a6b98a8882ffb4e0c40e10ca9091d151c7013380b11fd9f573cfc3b3b4b384,2,1,124.93,0.9497094492965036
train_04407.png,8691fddf2ebf032a271209446f9bf1975c789f81ef37b1aa1f20c63e67bf3e39,2,1,248.48,0.6342375121141856
train_04408.png,31b5237d4b9cd1bdc37f2b96361c0474901fb80e648414a2f3647acd9d63296a,0,0,350.57,0.45833471385709884
train_04409.png,afad91923188230cf67ec0a9817342dd5b0bf9ab67f7d36ebcd1110fde17fca1,0,1,78.99,0.9056714662807431
train_04410.png,928cf60730a09a5d51618e7c14c1cc1af8ce8bbc00c9681becedf83a1031c713,3,1,198.6,0.8875235251843249
train_04411.png,a023bdafba9353b6c33e00a4992d561db670a8e1571a2204fbf771c2db3a99d3,1,1,48.33,0.7943290215732915
train_04412.png,f6ee14ed4ed75a52b9a83dc1683f0fb85acdbe378d52a6bd0b0479d3514ad226,4,1,246.5,0.6495315868729146
train_04413.png,7ca23ad6b4792c7842e86567ad703ce3bfdee9e07375c010d20b4877f4ec3e71,2,0,145.03,0.9493336308157142
train_04414.png,6593dca6b3bca135d32952d698f00f53c90aca96796e64a379d5645a05aaef0b,4,0,297.53,0.4003703737506524
train_04415.png,96df93bf2ee24cddc5c6388ffdcce6a1465f5a7c52ab3d261557d49c051cc559,3,1,263.89,0.5468987995549853
train_04416.png,e40eef2677947c458a8edce9403d6a52132989752b73f82c1047cbd0bb025712,4,1,102.53,0.9379633097384489
train_04417.png,7d035657c574710aab8db117c3bc6373a9db99602f3959bf1c16c7c78dbbdb4f,3,1,337.51,0.41417627040770433
train_04418.png,e4263af1feaed8ade819350630eb50985009484f860d0fe321fe46fab9a106b7,4,1,109.78,0.9438578950817696
train_04419.png,f012fd5d36ae613e1a3a7d367ad4713b7ee5c74f12c2335899c80d34767b9002,0,1,349.67,0.4543350005814771
train_04420.png,da07f8d1a8ea9e72a7fa0583fa67bcac3d0b24a2ff2d0cf51cb6c712d4fdbfc2,3,1,54.81,0.8260915144392769
train_04421.png,b15168c168e9902acaccb50fbf0c307c93ec3150d35ede866c83312eb8a285a5,3,0,320.55,0.38519587627433755
train_04422.png,d06df1fade49af83327d1e6da87f07d2e0ca555c797ae0ce67356ed905b65348,2,1,132.53,0.9507354348298486
train_04423.png,e1448be17dc210c9fba18a03d1e86196f214f8984bbfd95bdadbc2828e13b0c0,4,1,3.5,0.5250156326289656
train_04424.png,7c864bc7ebdb66cc5576b552dba8ecdeaee07080ebb9ad5fab729b615db9b853,1,0,302.33,0.3897983282552766
train_04425.png,88ab96c6d833aaec3dbb3009853eea2a0733d71e9e49236c27f3e531ab60ae5b,4,1,273.12,0.490035363807927
train_04426.png,cb963f4e19106e94ba9cdcb06a7f16387f6b6e65fad6a87b59e88d9387274a72,1,1,123.99,0.9535663464585991
train_04427.png,58e55cfbed0105550f4e38d448246f34fbd6a1f8a48d54312f1b137a535ddcf0,1,1,105.0,0.9430053434297422
train_04428.png,a70209fab56c493df3b84c3bd3778379757f9e8b54edaa746cf0fc55d3cbf173,0,1,33.43,0.7152162483074604
train_04429.png,3879f1cddec365f2cc8129926d186d37405bd768bcc57086249cc3f45bfcf072,2,1,343.0,0.43897640084372946
train_04430.png,2af33065a28f6a8f38d14c652428d6199168ce67842b255e139141818e0fcc9c,3,0,321.51,0.38586677674870973
train_04431.png,6d3b955e093ca7e9af3060b9896de7df9fdd610e0a2d44554e395bac003c426a,1,0,342.86,0.4235614465519825
train_04432.png,0f5df1feb001975362e3c9ccefe5e95fbb885cccb0100053d7bd66b035f8be03,0,1,257.02,0.578614233876709
train_04433.png,52a7de39a96b37e21a8b554a5edb7ed4867dbfe89fb095dc61a1bd876bfb101a,3,0,224.19,0.7882255225114027
train_04434.png,039894f92bb2f12543de62052193f55ca46678917b6b7ab06f5c50062dc16b02,2,1,163.42,0.939559951328872
train_04435.png,d50e4e7086a30946c655190db534530e20705981878daec313b68b0c52550cd6,1,1,11.69,0.5684894546167425
train_04436.png,bd53e2755ed8b8e318e8ed2e2c7b347513665572186f1fa7bce32bc8c092c03e,2,1,116.95,0.9470345131764094
train_04437.png,151bc57b96b4125b828160b0367e83a8b3d61a7649a81b2b49875e4f606aba3b,3,1,214.4,0.833554096633718
train_04438.png,cff0db9cac6bc424441381892a0f36f0d5c62a19a0b51c54a933c9d38556b751,2,1,77.35,0.8989733433037789
train_04439.png,c413b623154e53894b3d1c9026d0339a066c71b76b416242fafa50b180a1a22c,3,0,320.23,0.38499806634607386
train_04440.png,1badc3daaa324dc3d5fd3f9d740056658b0fb79628fcd6c00042be000bf4afed,0,1,306.9,0.38046436697065494
train_04441.png,194a9f702b1365e8a8c9fb5db3c644572d3779f8595072b239b0fedd4d031fc1,1,0,273.23,0.4939779678424989
train_04442.png,c07a153291ed0818983e62350d2d0e608c3b92ef5580dd79f7e04a0dc87a2ea4,0,0,346.58,0.441326377916562
train_04443.png,d638b6b6d0b2a95d927acaf213c42abae22a990960e9a1a20b6059633356fc19,4,0,81.55,0.9076004087456222
train_04444.png,c74725c1a6ada13f3541b7709b58c1979eb9e00e9b1dd85fc3ae599b8cd800d9,3,1,141.01,0.9532803971171869
train_04445.png,5d2e06d3849133e9d1ffc52968b9921cec5795d20fa3b7124cb219e1dd27bf17,4,1,264.98,0.534307524683795
train_04446.png,c1f54f80f47460d4bf2a1bd8e4cffff58cb302fe7f1650592bb0d65b8d9f3671,3,1,329.33,0.3956647620317839
train_04447.png,490984298a09d8e9b3a5a4b58ebcb167a3f0bd3f2b67f6b1e07db935246fcb7d,4,1,26.88,0.6704808090973223
train_04448.png,759456b41159c966154c87bcb234097a43010427768b2e695d577ef80a93620c,0,0,260.84,0.5547166485587958
train_04449.png,2c74772a1c82bff48e230aa5667701a651a1c7ef97bb444f2b51aeaac95dc12c,2,1,7.59,0.5579177106750539
train_04450.png,8eff008ceb50238b4373c392ac14941b7c53d5f13451e6b6ba983ecbf9a3307f,2,0,331.56,0.40644535504738466
train_04451.png,8e528f1dfe9da43473bbe71ed8730b4a183114ed5114d06069ba55b4299dd75e,4,1,180.33,0.9222801122867151
train_04452.png,d391fcd265b950855af739ba6da9f461347bd29f9cc138a4f347d41ddc9e5264,3,1,6.68,0.5445380866839833
train_04453.png,886cd1c95c0c4b0be3f2b94144bb70cea3ac142807b1e8b318bd13ef19fbf667,1,0,168.37,0.9419302959972291
train_04454.png,6bfaa07024129b7c8ef06a860e4c3bc573610954956e86ac192ce417e62af847,4,0,276.75,0.47234401249036995
train_04455.png,f5d452c6cc84089cfa6963848db3f84310122e1146d05d6bb6fe4de80358b4ae,1,1,90.67,0.9263003441759632
train_04456.png,76d815a36f36a15b8150287a82a479a7117ff3b0329d1bf72cb5fa51ef389454,2,1,309.24,0.38940781775734745
train_04457.png,fdd720abfa6ab4f53da9cde05535f2139bf271e0c3914148e4388f1bda1d13b3,3,0,242.23,0.6836910094297364
train_04458.png,0d8aa5f0fdf88b218ae56bb6c45c758b23074ed9e0b33626d2068328ffb5ed12,0,1,212.4,0.83732927927694
train_04459.png,b808080e047a6f275a85e44433aa539a6c9022227b3538e6d12b839e55d13709,0,1,332.17,0.3961793626110448
train_04460.png,db656026f635cc0a41dd54cd258b23049fde86a42bee554a83d971eae3b53a2e,1,1,273.27,0.4937667598480709
train_04461.png,a5ec7cf9ae1bab9df1308b2fddea4e5e88a46bdcaf96f755f5576e44ccac5310,0,1,210.57,0.8446798447866087
train_04462.png,a345fe2e031a5fc0369ed5db43eff4acedd50e6580ebf29d0928c2e8a413d574,0,1,165.84,0.9413631619262027
train_04463.png,cacb05457556795fdaa1b4aeb56456698e6a0415173808e4c349f37a37af1dde,1,1,217.19,0.8258238306106073
train_04464.png,fa120689291d2ec4a91de7d91d780045f234991acbba4da72a7c7ac106a6b54d,3,1,271.15,0.5059107918385064
train_04465.png,9c9d3db2a92565e0bfbca0d1befce7c55dea9e737f9a245878ec9a7f2d972c8d,4,1,9.46,0.5600331349058806
train_04466.png,4ee8f8205ef3a5f9cffca5abc76441738b52b412cd60c18ae7260c8d31d604fc,2,0,338.67,0.4247914730653816
train_04467.png,0508627cfdf98cea37646027889bd83580be507802c5f585f702c42e015e3266,3,1,76.15,0.8972321152334285
train_04468.png,6358129166063769270d1e3dbf95357268f62da49d9968e88cf40354214dca64,2,1,70.45,0.8815515452377629
train_04469.png,a500cd9b66cfe0deaab4891aa07a34ed8ec1252437fe63f5af2c4ad8ac11c6f9,0,1,348.21,0.44804756184502875
train_04470.png,de8f0aeb7091f47e9221de732f6197e42811cca51dcdc2f9c8810f94d262d6ec,0,1,73.47,0.8925347580193812
train_04471.png,f7ac33e980138e61264ea0af5fe81ff943ae0365be16fedea239f08b68e8da97,3,1,6.26,0.5420661931420491
train_04472.png,81e1926bf70a286cd21cd76345f451163278a62b94ed02b7d4f7efe82531e226,4,1,248.24,0.6383479585795434
train_04473.png,30bad67d2375339e81509c803fc1a22f552d48a3a6c912dc0bd5a96333e17f7b,0,1,104.01,0.9418828328718674
train_04474.png,e55dfbd6d2af75616a5e8f59c556784737648c310db9e86fd9bcc04b7aa5bacd,2,1,296.07,0.4082514006762474
train_04475.png,3493b035f99339491ca8854b5b6dab9002250741b9bbc233df68fac32b01965a,1,0,331.5,0.39291984236414584
train_04476.png,52538874a8ab93b7c0bcf71453adc05c6c3f2d4a8f00030aafe76975d337b5e5,4,1,182.29,0.9191479833761483
train_04477.png,7d0635fece01022493ae2328dfa17f1a09a95932ec78f666dfcb199730d90f83,3,1,228.16,0.767294869629455
train_04478.png,5dcfc17d4965b043651a624910f1841943659c7f9781e93b4884a6ec50646551,1,1,67.47,0.8733222320877746
train_04479.png,26bee84ff2c5629289e699ffdcf43eaefac3c86b4101fe7571bcb35a93f191e4,2,1,337.89,0.4224767462035318
train_04480.png,372f6dacf8b65d0f34fc963ed2400da629443ab5ea1c9da03a25a2de16ef5310,1,1,21.04,0.6289590035576333
train_04481.png,b15aa9e4e1f4730d9fa6a9f380cc76dd7d04bc4b2f9ed0b771651906b003268c,4,0,322.23,0.3844073814396524
train_04482.png,c757e77c5b4bb1b827befcd71c7068c2c85882b4accb86bb3160cc0a1699300a,3,0,317.39,0.3838080961093326
train_04483.png,25f71c2616559edfac2cf56818b79444008776edc04f534ebffd907246c65d54,0,1,233.73,0.7279870145594408
train_04484.png,1d8d7d1db1c368502a2344f64437516d1a58f9b8635b7aab86343b715a6ae98f,3,1,216.64,0.8239992404708986
train_04485.png,c00bc079f0a52b547aa68be394105d3edfbf9064f06cb9dd3d071237cd2ea8e3,4,0,347.96,0.448710866870152
train_04486.png,cc26889f791d29c4dda97d9c2ed8df168366e752da4bfcaeb9942ad9b451755f,3,1,53.78,0.8215821857411723
train_04487.png,5bc12450e4b15b4e47bd61deccb511a73790990e4e0cf84fb67dcb8aba57fb1e,2,1,27.13,0.679173916862111
train_04488.png,082c05b16235b46aca21bd13f7b26925edbf23ae9f9cdd73a0dfda3bd1771a74,0,0,343.6,0.42986828669323407
train_04489.png,8387a2ff9cc4e6fd5cd176e817aa006fdb11352b380dff274f1c9654eeaf4ed6,1,1,188.36,0.9145459910276871
train_04490.png,f3f89615030c3370ac74774a37ae14f3dc7b8999b0e2ba8982a4281f9ee59e92,1,0,355.98,0.47886876315071236
train_04491.png,5bf77dfe70a3121322264359e3c03324449de341b8c01c2867f6e8a8555542a6,0,0,40.95,0.7596482470596072
train_04492.png,01ade496763cc9e401c9786da67bd6df8300c5688d3f427dcb24ee43e9929a94,4,1,68.01,0.8731581879028553
train_04493.png,1bf5b851961b44acf92725cd112b5e40eb48badd91f424bcbe49f4071f303b4c,4,1,199.09,0.8820561662372707
train_04494.png,b2c8e06379237a618a3adc2fffe65efcbca71c850cd52ff26284a74995ee5269,0,1,237.67,0.7037375070051654
train_04495.png,e4fe22afb1381df1ff8b550af6f9080678e0ddd6d47e156c53212a7f6d7ffa03,4,1,221.21,0.7970971219282801
train_04496.png,748bcb745206bc5a280296e54ff133b3224bd75c8ee6c932a5a0127ec65b7f51,2,1,249.28,0.6291935031550097
train_04497.png,b269ba682b064078835fb5c5d9fb3f86dcb5e14e922eaf779c67a6656920c5df,4,0,315.13,0.3811927916819684
train_04498.png,33f857aa1cf5abb1daac21f96f477acc3cd750b584c6c848f03d05084b9ea6d2,0,0,285.67,0.42980815740632367
train_04499.png,4197219d35feec68c3b63def624f71261b8e2084924b66020dbf861759e5d618,0,0,312.52,0.3769690542713909
train_04500.png,52cb289371938e6b00f225883451474a3d7a15db85fb0b8cf033af29dea32a98,0,1,279.32,0.4554966656729696
train_04501.png,f6fd93e26bba12e23093f57ac58b61f240969628d1ae2912f04546ed393a0567,0,0,290.92,0.41230202162964574
train_04502.png,e165a7f87760a28d08f846d498eaca6930ca1fb01b53abc4d83f533e203f56e6,0,1,311.68,0.37723743640113006
train_04503.png,12d7aa1e6d118745b66f5bdb65ef7961189fec6fa36ead298604866cf2ea4840,0,1,72.31,0.8894736473591379
train_04504.png,6961af327e3528e42a306c32928e6f0f68f5c3865a604ecb4ac280a2b5c18ff0,2,0,319.9,0.38986027829504466
train_04505.png,4d5ca8d64fc58305cec46e3bd4ccb42e0fc4082e135cf88f158d6bd0874413ff,4,0,321.66,0.38391692563545826
train_04506.png,ff7a065097a91bf05fd71020ee31ae95d64f7073e608830604aa296d10090575,3,1,31.2,0.6991320548470575
train_04507.png,aa57ed783688b2edfbb2d25045b97492eeaae91d8beb8e5db486432b81e798eb,4,1,90.21,0.9229471544434481
train_04508.png,0eef0b4aaf19b73d309a6f7d3c01a172a1c6f6f9e3995c59dad94aa4c2d60329,1,1,182.71,0.9244087511456733
train_04509.png,cd23bb0b58f45784d04843d539bf024e53a651da7a11e4fd4e019a6a0fc0ab13,1,0,353.75,0.4680482735470812
train_04510.png,6a650a2d87e79296f060d39fe1f7e3335903615e2593ae3a619a03a937a04305,0,1,265.75,0.5253543778338461
train_04511.png,f2c0f14c9237e6791fc286f0a46227610db6d84f612e73305babd7a116d019a7,0,0,292.58,0.40748633675413803
train_04512.png,2c908efe92b6b37d400ea92f0b12fe3223ce0b8728cc0b839a696993a67637ec,3,1,18.22,0.6162045439328088
train_04513.png,7b9fb96784d093bb470d6495188432f2c02b7c01bc42e3120bc7316fc28a9d5b,1,1,118.73,0.9516933635090712
train_04514.png,a60348e063094b761f5fd9c027609a7e250d9c5adfd6f73c71cf4680172e3454,3,1,62.16,0.855283494593033
train_04515.png,0afd541cd451d9107e098519aa885791fc08d7cfde91d37a4e4c9ce23d93143e,2,1,177.92,0.9232677982719198
train_04516.png,35a73e1e0138da6b3195af42664e967c8d2bb5ee8e45cbe1319ae008db039ee3,1,0,327.82,0.38653387225173796
train_04517.png,c2ee79a7f911bd06e858827f38b2e9b9e08710afb6c877177864a24aef153153,4,1,219.69,0.8044218526348325
train_04518.png,276b819942989972237a31b9417498e2233e4325ce03f2752cc0552d33ab5b27,3,1,155.74,0.9486172992738067
train_04519.png,5724fae8c04db9e233d5f80dcd15e22e54e113d7b1c3fdc87ef44bab792c855f,3,0,201.56,0.8791148935677496
train_04520.png,daa164ab70aff51a8a537bfb546591ebf1a0a21a72ea7de343fe666e69e2ae50,4,0,295.77,0.4044192857970627
train_04521.png,c7c748d3bf9468374aa763b43cc965892aa8d7b64f4e0378bb6c3c4eca259091,0,0,335.92,0.40541515387012067
train_04522.png,19104139777f194e732fbda020713f0f2f0e2e36b7de06c49aed50d0e2b8e72e,2,0,310.12,0.38891334907782016
train_04523.png,212492aa6a3aa165aed29ddc3d8a0f83f0bc5d6f56535a5394c8c3c728d34f17,1,1,76.84,0.8995188926640303
train_04524.png,33968fbd576d0e21724f98b1f909929ac6fcddc2643abe1947f63ca7e8602999,3,0,319.17,0.384435023862764
train_04525.png,8ef491b86c2630f480ef71b191d195e70282a5f9aad082e49a5f404627c68bc6,4,0,321.88,0.3841014136051204
train_04526.png,cef3cd07c5c1ff82979c6781f2842eab344225dc6b639be2baa1dd0de8d63611,2,0,59.95,0.8475166776684708
train_04527.png,26300c2651b108894794ef7be15c814cee86cbb43aadcca118b0d5aedf7ea5ed,2,1,343.19,0.43965017375491894
train_04528.png,3ccf9577851897257f6a0795bbfc235c2f786d51f8eff37651561ec3dfb41ef8,3,0,281.66,0.4555338768589341
train_04529.png,deb5711b9eae89a24103c61ebfaa928c375d5a40b5b52183c71251c1b7ecd710,3,1,319.89,0.38480203854185313
train_04530.png,d2f53b60b7b99206436016cf3c19436774b0ad5d2bf30064d9c4971131e620d8,2,1,276.81,0.4738436917512698
train_04531.png,c3ddd4f23395d777f777a8467b3b54619e3b6b751089771f0e1e2e7f1aa4a350,4,1,99.14,0.934515910783864
train_04532.png,b1efcdab007826652248fc8a20ffac0c17756fa739f40cac2e994f8f24508655,3,1,235.18,0.7271425584956119
train_04533.png,6edeb55b89f4521618a825191ba29089663b0a65e40b045958a060faa2d8e853,2,1,342.74,0.4380613315339181
train_04534.png,3019337ebf048a142738e2ffa8f28661c152883a8dd7f292b1ba1e51c6f74b6f,0,0,325.5,0.3841685846822749
train_04535.png,1b97659b952aec32e504e67fc9923ef58fb510f062915d9a85a7e53ec78f9d46,3,0,329.99,0.39684519731747575
train_04536.png,4ef99f951572d73ee8ae20c638bb392f6cf4255ade6cd3794c04a176282e5f39,4,1,106.87,0.9417190223238847
train_04537.png,2c40722dd9516b0811180364da2fae18baac4f57faf8c4e6537667e8581808a7,3,1,274.09,0.49064990880915854
train_04538.png,525154d519c2fc7ee92c94ab0740cc55ea75439ec6adf5d84066983abe8e5775,1,0,66.35,0.8696798260091353
train_04539.png,7d141212b1fafee270fa51ee41e5e3ed59f453630c36c128034464aabf62de38,4,0,348.02,0.4489554486306729
train_04540.png,0b787f816178dfd94c651f8862724ca40033713c579f479b05aa55d9f45a91a4,3,0,297.05,0.40501140108575673
train_04541.png,f93a5236eccd4f0eb09f5d510d3eccfae1780ffb9af0f5edb18f621c1c89d3c4,3,1,333.56,0.4041840286828344
train_04542.png,774d9a90796e979277b40153f8f33a2c06b9e9315a82590dc4c8a4306517afc1,3,0,42.14,0.763632589139129
train_04543.png,12886ab865bde53c591baaa1769e55bbad9c49b102812ab20b33fe228b7d732b,4,0,275.67,0.4774628612240116
train_04544.png,104259b1815d555ce6d53b323eed5264afc114ae97853e83fe57752de5db2a79,2,0,351.98,0.47537137534833923
train_04545.png,8dadbc7927ae9277b3731f0dd23cb382b796b2eaa44b849b2db58b92fb3910dc,0,1,301.58,0.38746143486334583
train_04546.png,4e739d7acea1c00d485588ef39d60044e82b1d7ea69acbd2b7ab32a055e66dfc,0,1,199.06,0.8836034748466695
train_04547.png,6f64c95fb3d4af6c0f3ce4f269a22ca155ddb4a22efec40133521c6999cbd1b8,4,1,345.59,0.43938855903144125
train_04548.png,38482e56151a73f050544b0158df4d346b7daf8c353f2f7d13e4988c8cc61b19,0,1,2.63,0.5203231165634676
train_04549.png,70cfde9cf83dc0d7d81fe071d4f2e0facef89e56633d4c5d98751dca2bf282a0,1,1,10.45,0.5607314017801736
train_04550.png,7eff6757af4423921e1bab4cb07b05082ef4d2359d1b694ea250001015f2c23e,0,0,355.83,0.4835319004581078
train_04551.png,ea8b9e6a9ef90dd9d4d446eaafd6b4eb816315f57c77b948433ef576c5bd8a39,3,1,308.29,0.38684082783533097
train_04552.png,82460f859587e16513f7a51f1f7e0de02c5563e9ae2d67f43a5bb5c4b768c966,3,0,271.82,0.5023589988490444
train_04553.png,55aebe66cddb39468a8f2a965d0834881f0ec91d4a187c3a9fdbb4b7e0dbaf5e,0,0,298.81,0.39252803743199643
train_04554.png,febfd5a02deb402ec3904298bbe75c2b1718d5c0b134f9d8bac159ceafdada8e,0,1,211.47,0.8411061061193432
train_04555.png,3b51f1f9d03ac665cb553020d611350320ed4881ba837502e3e6ccf72c225f23,0,1,275.18,0.47478069845403265
train_04556.png,65b21a4253177e54baf2b9f62ea9c391c35bdbeea54cc369d7ae932f324f2e92,3,0,346.39,0.4437305492528621
train_04557.png,9758aa16cf2f3b768c67c6ead4f7afde911a567b8dee3c5a9d08abf6262171fb,3,1,58.59,0.8417554699446855
train_04558.png,eb67b34efad21a8a4c7715abc3b6d6e398d3bd2ae9630b9e46b86843bd7afaa2,4,1,150.31,0.9491687450885361
train_04559.png,1c899cd861effd10a25d4cbe1d8bf33e9b299524f829868219231fa4f5e1d7ae,2,0,298.78,0.4026211456185603
train_04560.png,410c44732c9f161b2b9eddea3ed277cbf6b10bf70be57855d566634e9784883b,3,1,19.78,0.6262338986193646
train_04561.png,7259f3361767a5efc41ec40719f54cd1ab9e3049ea783322bf2066854c5cbab1,3,1,223.83,0.790053637572981
train_04562.png,76ce86225599f83902ea0969d01ec288345a4d14ba43de16a136b085fe3d75d5,1,1,195.68,0.8986333472290627
train_04563.png,75d960fb9cd3d5e1845adb282a3b92980536ca00bf1fedf65e10564fe647f79b,3,1,323.36,0.38748751092186584
train_04564.png,f9fe04d709927a2a2b41cd45170449fd803ee733fc8d967e879cf258bc81142d,3,0,358.68,0.49989747620805647
train_04565.png,19f2c0a5a7c171ef9c47c26742fe707552763ffc9bbea2d1e9a8245b1ec10bc4,2,1,344.24,0.4434505574029663
train_04566.png,5d007d4e97fe8b7af5c18a597ade35a186f37b6eabc6eb2407a8cf1056d59581,1,0,294.42,0.4077007106820978
train_04567.png,3b303a3352b0c6eeffe30ea431b15449f9d3c8cf0828d4eecf77a0d3fe95be17,2,1,179.26,0.9212649765584158
train_04568.png,0cbeb908f25d72382303141c0359102442ce3737d0579abc88f1753ab301cd64,4,1,264.99,0.5342497019700154
train_04569.png,f253e2125c84b69363efa856b5808c0aec8d1edbfec92392cc47efc5e4e790b2,4,1,173.71,0.9313633271436331
train_04570.png,599fa8217573633853109162bcea42fdfd8ab9fe06266ba59288e3e48df62503,2,1,292.46,0.41715707893797627
train_04571.png,9bc3995732072db4f445f38d7f424b61c2937134e59619fa230e911ca2f30b52,3,0,113.98,0.9479507744574237
train_04572.png,267ddba80849d1ad8370d7b4efea833e1ca41385229d2412b99d3d25f6d3ea64,0,1,175.51,0.930900619067344
train_04573.png,40637bac8f6ec903ba7ace1549a68c34737687fb47df26f5ee70214e3431fb87,1,1,264.4,0.5441940014591183
train_04574.png,3b94d224f254e29d6a063dd8e00877170a0d0479de9e1472e6b238b835f9a5f4,0,0,103.49,0.9414304969375238
train_04575.png,8e87ae332cc29d75a88d27b18cf2c85a0e8b4f8746814296bcbcac8cdc5f8e26,4,0,91.58,0.9249790011875638
train_04576.png,c87e29019d48391bbe10aee427fa89a541e748bc0e0c3c2c6e6768aee774a5b2,4,1,130.37,0.9517765579757029
train_04577.png,a53f4b43e4eb72a639c1f09a76a5230d8e480254329efb2c73360a90260206da,2,1,2.92,0.5310797133619263
train_04578.png,c37e048b2e0f0db28a5eed43903a5fb04f7f98daed49324c3c60bedfa5d87e79,3,0,316.89,0.38370381609285387
train_04579.png,4768e4ee221f53ef977e96975086c87020bf075d9e6d5e3a904c56c0e71807cf,0,1,18.43,0.6186292974859658
train_04580.png,f37bd31c561ea5c9664a3c7a84a3882a76fa2384725792c198af2675308e18d2,1,1,263.95,0.5469222367646414
train_04581.png,d75c0fe93b4f3b88c392d124db8d814e687512fbcb405b51e2eec6bc167c0233,4,1,197.7,0.8859166470037835
train_04582.png,6f082462d0f21efd9ba35414484d085ffa5e8752c3cb5c03947866636448252c,3,1,333.95,0.4050832146080653
train_04583.png,08c671cd2535344e09b820c54edf2adccfd8f609dbabd6dabb4d34e2ceca9fe7,3,1,233.34,0.7380165152844638
train_04584.png,ac9c8264dd19be9ca4bfcda99c8acb4fc74755f39b0315828826243d092465dc,4,0,354.14,0.47605474377135737
train_04585.png,2dffe7beaa3c03bc48b601584e1267e482b9570e17ecf16d7ce2d7b9d0e22614,1,0,310.21,0.3799319112803888
train_04586.png,7efce5fc939b922166780b530ea5542a265c8dc30b76fa5532cfd357c07c703c,1,1,289.05,0.42440346123177247
train_04587.png,be53a359c3087652b5375f97e94cfc4c6a14a8e517b02eb47e01d8fd244fc433,2,1,199.6,0.8769869665591066
train_04588.png,8c37b30a01116430e62e0b14f4cbe9cda5d6c0a3cc903cc2a56447f2c6799f30,1,1,81.79,0.910560955508838
train_04589.png,933d8d6dd51f2c72ff495b38f763c5afcd641b96f66ffc33b3bae352bec45695,0,1,264.94,0.530075066471483
train_04590.png,c84e83d8f43c9281a156fa721488ea50158b4aba998bf42800839395a2121116,1,0,355.56,0.476789045076451
train_04591.png,2e1ddbc68d5e2db7ea13399e1ad0483a5076ba08bc0b2e794bfb0fd1d83f92b4,3,1,165.36,0.9422110515828952
train_04592.png,f5660c817b0e0ab70930da8fdee9b28dce8a1ae900e72f6bfb7cd810af67d762,2,1,198.0,0.8815603535397305
train_04593.png,397e52773b539299494b825d87144373b7efe16a8876b676fbabe0b9a0aebee5,0,1,95.75,0.9334103896477343
train_04594.png,3ad076c1bc72d6982218503146a9001bbefa4c88fe88fa270adbf69f78cc43d2,1,0,275.27,0.4834155811465384
train_04595.png,7e5a4c94a6da1d31a32fdc842c25f39538df9140c046eef513394ae6d48cfded,4,1,321.27,0.38360474038382536
train_04596.png,8f936c53964cfdbc3346141a454708ff298bd2b7d1700b6e92c32d104cad958f,0,0,320.45,0.37883266685939154
train_04597.png,72a870dda431cfc10797c25fbecf7c8c1a993c3dec8e1e5aae48d04f50878687,1,1,221.42,0.8062488485854383
train_04598.png,75baba00ccea36476a825ae9662d09ca2bfb4e36aadea0500f2fe5e90d4b0c9c,4,1,153.27,0.947907890415363
train_04599.png,9b4314b8f6fa0a1348bc9b855cf478c083e43116609a1a55a1e477ca04f8227c,4,1,160.55,0.943702433293401
train_04600.png,0201ee6fa74cfb0c0e42af95d278fc545e64367fe942284fbabfb660ff45340f,4,0,296.56,0.40255399111832707
train_04601.png,a5531a42221309d1e64ea481769c819f2ad274c4f4c34d911ede5907bef2a0ec,1,1,16.79,0.6011551475383733
train_04602.png,60c79b3118f768ce8f62a97b63e7861164c1bab2ff5c9e11b8a2c26fac126f45,1,1,287.64,0.42939154376891364
train_04603.png,64665912721d056c9bb9b8c1b8953ccda3dda44b902c30911ffc0f4219f5e7e4,3,0,314.18,0.38368660101725527
train_04604.png,9f4516c2aa8b711a550e0488470a24cc0ab1cbd33056461a010a2fc45c882989,3,1,158.59,0.947027993196663
train_04605.png,1cd4fdf2f563019bb7e0a052eb1960c1124056ca37ca857779bd9f812422592d,2,0,289.25,0.42641615679292993
train_04606.png,79514462ec84a77d16dc0a61c1035952b9e26da47a1934825552542ac4dc0c0e,2,1,53.82,0.8230268176695559
train_04607.png,a1f5b962394fabe33c2f04685dd3bba8dbbf25f28e4583c42e8c98af0412e0d3,3,1,235.75,0.7237291512616683
train_04608.png,7151165946fa7ab9cf40b84321ec49f0b1a93ae62e35be87b73afc1c575678d5,2,1,163.35,0.9396176787586201
train_04609.png,81ec115d74f3732842f02073c1464c3f35cfd2c23e637d020ee9623aa4a3d2ba,0,1,170.53,0.9367902157809613
train_04610.png,5bea375868ef6c05bafac84bb6e1bf10190fa4f1f691e98fa3d8c1ef293bd432,0,0,288.34,0.42047512119630975
train_04611.png,ab139699576e643df4639f8444efb66fb82318b3693d1e25ffadeea41d34c010,4,0,298.87,0.3975474173406955
train_04612.png,132be2712857b01ed877f9fca41dd5fade48ab74287c1c2a36351a2081e6457d,4,0,295.65,0.4047094411153495
train_04613.png,b6e02408b80fdb335dc5c6973addce9b78531ee59cbf2699033fdff28b6e5051,3,1,284.38,0.44450371783473175
train_04614.png,0f6ef791ba18301ebcb17d097fe24ead64febf94f0176cd012d1a07c18ff72ea,0,1,236.24,0.7126441248088121
train_04615.png,12ed6e4d9bc1c6a05f4b24322302b2c590178e0629074af7c0b6e399fb3d3158,0,0,295.38,0.4001537606781085
train_04616.png,12f96470e6565d9f71a9a22a692aa87e6bd0bc58bcd2e6c791d8b997ea949f51,2,1,201.54,0.8711557022288006
train_04617.png,f5be5aa831acf75b2bed2e4f8bf0272b6cb60e675ef45b92f3f25354cefd6f2f,1,0,323.25,0.3810171031790742
train_04618.png,cc9dde5ac5999cd4b1012b215e521420159f092d3159449432a22be9754361f8,3,1,221.7,0.800623611458044
train_04619.png,b1111b765fb0f8f782ab1813f6f209267d44fef2a66d40c893cf3ef2fee38ed5,4,0,316.71,0.3813638581799095
train_04620.png,028de32d00e261bd013d6d1abe95a0b0a6da8446106cdf4bddb944d1020a686c,0,1,118.0,0.9506376246878813
train_04621.png,900350e5d38801847458755b64c758a20f3513cdabb0d24f40a18b9174e0dddd,4,0,279.66,0.4591867533244197
train_04622.png,5ae805af153633c861c1abd6d6722e5ebaaae07774f5c98dfaafd461b9f5cd12,2,0,308.94,0.38959826858642715
train_04623.png,1cf6532b53d11e8094ba9b064fb696f42b29dc61cd2551b249d46752ab367731,4,0,346.82,0.4441439463265211
train_04624.png,327b2cee34dcc496904ac5350536a0538d00393c9358be9c89de98172130ecf8,2,1,60.52,0.8496160867958743
train_04625.png,708bdc72dcf6ef377af3fb76d7a60695ae33f3af0c3882c94a3b9bc3dfdfaeee,1,1,265.65,0.5366915135736121
train_04626.png,dbd488dcdfcd16cbfcf90116f885d92961eebdfabd1487f47cd4e90f9e6f11c4,2,1,325.05,0.3951117633346082
train_04627.png,60d41fb11bb736489b386cff9580b0d8f887a5acde436ea395f96f963bf45fd7,4,1,213.72,0.831050516760787
train_04628.png,d526934514dca27acb9c90a7723228bd8f578aa9f09cbcbc9be9e30089886d91,1,1,47.17,0.7883803566063681
train_04629.png,e88baff859eb1e26b1e08fae540c6174ce89b466af3d3ee2547a4b1708be8160,2,0,294.47,0.41200081494394003
train_04630.png,de34e7dabdf8c2c7e7027ef40a2ab81bb3d8a444e49889bb3534df7e561c0d16,0,0,344.27,0.43234995088479455
train_04631.png,172872b0219d139a3d934e5d6f78fd16b612d2db30aedc071641996873658ec9,0,0,294.23,0.40304505748786185
train_04632.png,b9d3eee73c3460731f143282f319066d750732c9d6f821c8a896a6ff51dcb8f0,3,1,359.15,0.5023634485487964
train_04633.png,66186e965beec14961de5d43737a7eec6ed9cc1be65072d6994024ec30be4ae0,3,1,90.45,0.9248967422760012
train_04634.png,dc414914a9dd8a49fd84b7de36abcb194e53e8e9ae79aebf565aae4bcc7b10c4,2,0,329.35,0.4020103092105324
train_04635.png,278b371df2117920ef73021fd460325489bb8410fe9b6b51cdb72b40c62a3970,2,1,226.82,0.7640381629985692
train_04636.png,6f07562d7eb2229cfae855616f19326b02ad54e3b6e949a481cab6c5b6f7341e,1,1,195.93,0.898020562781067
train_04637.png,7e03dfb2680e20a51c4e3d8e3ae68e05455fd0b63c23cb02fe857ffed3f6202c,1,1,234.35,0.7359613013697274
train_04638.png,727e09ba18806274e6cecb48b2ff339d057da6fd5845298b8889b3d7bc87abac,4,0,293.98,0.40893390403330504
train_04639.png,de210b1a4dbaed160e55632af23ef376229b335b4f3b03c7d5ede1b742e251b2,2,1,304.84,0.3933165827540638
train_04640.png,01be017c6e47a95062ae4d71d053cfa22df85e498d98d0e59fda1191b1b21fc6,1,1,330.13,0.3903396657643278
train_04641.png,a97dcdf6acaca81c61a242efb0a63323997b122b69c6a4a3c972c4990e9d4f05,4,1,267.92,0.5176469868728752
train_04642.png,2ae1010549f4f1fec595187e7e5a484d4c7451e356e9607ffe3087a706ea0d7e,0,1,27.58,0.6782837577112191
train_04643.png,b50aca5d8a479a792718d9018e58b28726b0f74e57ef78cac7d8c7efc9781455,2,1,69.49,0.8788325107582796
train_04644.png,a987b62b7ab650b5302de74189ee6cbd6de6305d04aa3d88692334a76a284a6c,1,1,229.76,0.7625839206066616
train_04645.png,7b1a76124330a1e2719accacd58b9cae8f492cbeed49bc5607fe69c7f334b695,1,1,245.49,0.6658556010586943
train_04646.png,74c5095288b878eb481a07b30bc164aa9b78debf0d2e36bbd1540d094fc034c5,0,1,294.68,0.40189369233662203
train_04647.png,304798e361d94a453e8ba1e4b56666748c7e7867668f479b759f528497a390de,0,1,340.14,0.4179368930614151
train_04648.png,289d41e77b69fc310de8d3ec3259cc7ebd1b65b2bfa899f75695d6b60e9a1eb8,1,1,176.14,0.9336324263487475
train_04649.png,e64361dfe02f65c3543183a827123cf3848a9867e2933291974176b024196532,3,0,299.98,0.3987369559141292
train_04650.png,6300de65f2b02a023e7618111fb2697bb5e6c24c08d2a6a93caec9d320eb2ca5,3,1,276.22,0.48013915024909276
train_04651.png,c5da7375ca4ab42c155d8fa7c91adf7de9e73ef08f5ac2b2c230a8f7fb667de4,2,1,318.2,0.3888468688859502
train_04652.png,d135a280c5d8ce0fe84d480e84de4fb41d374b1404d12ac7f57536d680c16200,0,1,14.58,0.5936302094492942
train_04653.png,23bc9a83677eb6fb2015dfb33674ab97c42ff32858996b0ee5820ea8bf7fe81d,2,1,112.56,0.9448030737918052
train_04654.png,99eace90c37b5e0bb77893221ce1114333be1c3c642480b516fbc56239574dbc,2,1,273.8,0.48791801144208574
train_04655.png,4a05a28e2833e3cf14785206096916ca66300ef29816a69dec6582273601a46e,1,1,261.83,0.5599554053406862
train_04656.png,3a0b635c6efaddf469902e77810469228fe467d1979dd1a4e4e81b1ec31e8f64,2,0,341.53,0.4339085740146657
train_04657.png,04bbf26ee374871955471eb56d7f43f86f110010da425358dc168647506bc69b,0,0,277.2,0.4651307056121508
train_04658.png,c9f28e0fd20d388a016df5563185fa16d7eb9d2ee24f6abcd8fad8fd45da17c9,2,1,261.35,0.5550516704480899
train_04659.png,d28f4f2eab4f3c7317088a8c6dc97e91f0142602f907ade61d3a2a773638b3d6,1,0,284.89,0.43982960871855736
train_04660.png,49f4e55bffcef74dcde6462bcab36202e85c3a60392658656ba589efce68127b,4,1,218.22,0.8112969996941107
train_04661.png,520746f4079d460ff7e590fbda0de81b1427327f10d724b3855da5a77b39f488,3,1,149.26,0.9513653271185358
train_04662.png,2c3e4f3b68c96949ad0dd5de18c5b0c9cad85300afeb3167ce73125385551046,0,1,145.8,0.9524995148330134
train_04663.png,bac9ef38b1728c48f0ce87016ac780d2adc68c1f39dc0cd5d1734ac72669d8d4,3,1,89.55,0.9235244948810455
train_04664.png,1201c7a896dba2d8c02076b7fac996d0cd9e818015f1bd80d36cc77b465e720f,4,1,156.13,0.946450076197349
train_04665.png,00fc4b6605656822a652380101d1779d5d55409a379251949861d3490b93e503,3,1,134.07,0.9536174541716135
train_04666.png,06d28f6541f1f7cefcf674996b71ce55a3fbd2434dd143c918bd69fc6f22fffd,2,1,178.03,0.9231069555802676
train_04667.png,99fd0a2d3151bb78ac93674272a718d5e991b04294b69adc79bb4314adecadee,4,0,358.62,0.49844504213048374
train_04668.png,5502cdd0ed8754c85cf6ee88170c344d356206f03044970a724108ddc0b5ed97,3,0,334.77,0.40703634335738814
train_04669.png,4200c6600812ccbe3df97315bd1ebc228d514b65251621309ecf5b8d3bc4d51e,3,1,332.5,0.4018370296178006
train_04670.png,7a6d9a9ef2f372bda05b5a32ff9005f87dfe5a53c08ba7c8fd7cdc63a43aefff,3,1,12.08,0.5773165076994468
train_04671.png,77529e406de42f3d67d6a7378843dd70b1228da461994f140c5bed3541570970,1,1,313.77,0.3780763004001605
train_04672.png,b7fcd9152685c50e7d22f61fc2bf81d59c0c7f38f9fcb31d387f5471fb77333f,4,1,274.77,0.4818232549807799
train_04673.png,7ddb1d8fb6fc9b6ff7b72103e5f3a97e323dfe9f40d3138ab58c9118cfbb8ba7,1,1,308.86,0.38105858589349806
train_04674.png,6026aa6b72100e74553faf3e04351332ba27a816e66d32e3ee970a4fdd1b49c1,1,1,207.86,0.862694353772482
train_04675.png,94b3be408102d977f02b93414dd7785eef931ec32b175962211e2dabfe996c7c,0,0,18.66,0.620131848141024
train_04676.png,3ea503fbc5465d80c393dd73e7e6486914888270f115e59c3ab726ea8002a2cb,4,1,181.28,0.9207889092981758
train_04677.png,486a8aed6f0eb50fdedc42631789c6a032d7b89494a84f343e8890a17aa6e956,3,1,225.47,0.781629861109086
train_04678.png,299baf5b1bbd0fce80d7a14c71b071067de185db012a441eff2983ca1dbbaaca,0,0,278.25,0.46029491664028543
train_04679.png,505f7ab1bb16ad2d1798bd2cc25c1eebc18a0c8eb35de0e6f33e67a82b15dac7,1,0,311.19,0.37925979798123055
train_04680.png,3c79a569c757b76f1aa6b8f6fad3bb7a16714631b7f565271dfa4874bd0566de,0,1,85.13,0.9177563419099032
train_04681.png,781ba2cda15c815d1bb890221b00a731b5ec6f05a69a6f7b6bf95319a25db6da,2,1,196.74,0.8850156329431139
train_04682.png,483cb758d010453473c9379e9b803c23ed9dfc8f4913e8f53c1818f6070aa3bf,3,0,312.45,0.38415948694120927
train_04683.png,96102e20382cf580bf0e0b7920534cefd941c353e00166925cf19e81394af34f,2,1,351.28,0.4722103433320307
train_04684.png,16f44d218601e9324128411acd50af1c5b9d286e6b75fe4f734077256597cb28,1,1,117.76,0.9512672382903821
train_04685.png,49f65b07bd1f522642115a5d6d8450e6d910e2a5ed1b5f26989c75ac2887700d,4,0,322.59,0.3847380623233351
train_04686.png,dd415d390e982007fb662fd48f1bcd00d16207898cdcbce9deec0fc4bddbd785,2,1,315.99,0.38806348953754133
train_04687.png,6027f239594d6243c03dbe2d6d41d6b03b1845415d75b84b1d88727a7abc9f13,4,0,286.4,0.43244976204607577
train_04688.png,5829c51984125c0bd75b910e5981eab65b2e4d7a5fc198e27575b8d4c29959dd,1,1,104.57,0.9426311825339231
train_04689.png,f8904b5958c4282efc4d90967ace27cd0ffbc7ea728e7a81193c73ad67d1d462,0,1,61.01,0.8535504559167244
train_04690.png,817fb81defaf8c8f207b5549265123c225aa6a635471d64cfbf3cde363f7874e,1,0,158.71,0.9490469714732563
train_04691.png,e5151767fb375c6ca6c3d4cae053784e4576e6f8a44cfd87dbeb992558255ee2,4,0,250.25,0.6254250305760807
train_04692.png,1ea5becc13aca501ce7f0f2ed9f424736edd3ce2491dd2bc526f215c4d75eef8,0,0,339.02,0.41439489711148914
train_04693.png,58e586acaba5a0b6d34304f9154f5362b447739c33055fcdbb97f6e16dba1076,3,1,167.3,0.9405353628537759
train_04694.png,6330adcf69d9e91f1701527c9aca9bd1940ed89c5b394582fdc6f8d38f9098a0,1,0,309.86,0.3802016638825804
train_04695.png,ec365e1d8bc1c4781dbb64574277ea68ca91617df313daedce7736f8f4389573,1,1,291.47,0.4164242263639185
train_04696.png,75390b0b9fe134d662e1696b13cdcfaed81877d36720882cf88fb42e647730e8,2,1,121.31,0.9487071205988866
train_04697.png,642d11bf92b9bb97141c5af8156ae0ee6113c57ca29fe2a7e12cbecfb8945477,3,0,320.76,0.3853327055105218
train_04698.png,1d16de488f8954ecf7d51297b58504056c0e172ba15b9ce92d336618b4601444,2,0,301.1,0.3985222464474426
train_04699.png,a03b2acf307d73ad4e92e4ace815892465aeb8d72de8e298c5b401a8707d8d92,1,1,64.01,0.8616933647923122
train_04700.png,70c27b91117a4a929cc40d11c4ffb9f3a29b01f98ac29946f51a648bad2778c0,4,0,298.16,0.3990151791570553
train_04701.png,a6943f62f5e3b6e9da9b6b4fada4ccb314e5c3f0389efcb8840d46c3e8c68656,3,1,262.99,0.5522614197910232
train_04702.png,5b1ddebc02d0c6f5d4117fbf02eab0cf132586ec49ae52f8592bc141a687cad2,0,1,97.62,0.9355816069239214
train_04703.png,dc592e091d72f910d4b9c3e7b0f4ed3565690ca1f098b1a3e31296d7f3f09dd9,0,0,293.78,0.40422210566669176
train_04704.png,76073872bc8d713a75cadde10d3328b1fd12a33375c5c6791a77814293956549,3,1,37.36,0.7364401939129971
train_04705.png,171d39eaf8f1c3ee4593df62c106fe1fc3a993f410ca210a50a1325ee87c81db,1,0,320.4,0.3789278997944908
train_04706.png,b1ad02d9586ab6e389acfceec663a1d9ca1917d51ae527b6338c5d62a8814ff3,4,1,298.31,0.3986998327490602
train_04707.png,77c5bd7bfc07eec08d303dee8ceae0099a293aef2e5dee28e1ce19bc4d4589e5,0,0,16.91,0.608719886730685
train_04708.png,f45206b804c7707b0ac71bc8cd196ec79c844d0e26c1ad78b0c054b64aa93d6f,4,1,2.86,0.5214127882785367
train_04709.png,4fd8f7bcbcef9afebfd13ceb27dbd625b391b7b85823c368790e411d7ea3f0ca,4,1,300.94,0.39362834184937623
train_04710.png,f6fb188cc004e2ab58e72432397d69627ee381aa4e662faade9ff3f57bd57223,1,1,343.95,0.4273622741220538
train_04711.png,4d5d6fb65e6710e0b4cb6fabed3319bdd9c909642cac9b297bfbab74ff41bb98,4,0,326.19,0.3889361455282612
train_04712.png,3eaf281549a3a234a5737f19df342d880ab5e5207fae3f2796c6ff916bb96d47,1,1,105.67,0.9435746513652785
train_04713.png,9fdbea5e97125df40be150e8f1599e35a24aff44569c5aacb9d0981cd8d16571,3,0,271.25,0.5053779757181547
train_04714.png,affd5e149491014a29e591053831397fa574ea6f447de93c860f4b6d3df2edb7,2,0,347.86,0.4575378185145478
train_04715.png,14c21a34fa0ef673bedabade6c5306a0baa371be734aae8d89792b422a13da07,0,1,0.22,0.5067845881084972
train_04716.png,44e4890b99318fbb155a7df59a66ab03e7ee5098c9fd541e8a1918e3db734907,2,0,264.97,0.5342334153093007
train_04717.png,edcf7a69149cf9a060af4af77f011eb16e997b4b06984826517cf6b18856cd64,0,0,295.87,0.3989728287864754
train_04718.png,69a97c3a3c6b766d5acd3117351cff0a6ff409ee8641f84a68cfb2b60d8e3911,4,1,188.53,0.9076503991569571
train_04719.png,d2982ade30dbcd67219eae92e302ca5fb52d2f382571b65f43ff760f4a4a4e1e,0,1,80.27,0.9083989302807277
train_04720.png,b7d0329fc3e4d5f8e73ea1c6230ee4a7aaacead124d53f231cd7191da164f5d1,0,1,81.48,0.9108734760468575
train_04721.png,a099bf5562ad3867a6c8f03fc5889d8adaceb1cbf966711817c68b844ec92c4d,3,0,236.39,0.7198726806113617
train_04722.png,58ffe5357297ae9a07f9a497cd63df2164d3cbc35bceba9ae1fa9f4fba779517,2,0,275.17,0.4813948860756144
train_04723.png,e12ac6c74fabdac77de4ddfd93b8ba182caf3cff3e97fda40fb9523fa278ca3c,1,0,295.29,0.4053396925447962
train_04724.png,abbab36c993604dff11c7116ca78b5ddbfa4345ff5477d4dbb079bcf6127405f,2,0,288.95,0.4273454881132686
train_04725.png,5a74f0e83ce945fa931655eb79630003db15a35926e99bdfc6f38a8bdb207dd5,3,1,42.72,0.7668090877188785
train_04726.png,f37a9bbccbbdf5ee0fd77e64ca57733e43d43ece4385db7952a9b28e9f55656a,1,0,314.23,0.3779544611982043
train_04727.png,b0c72643abb8cf264e51e2a392348faa3451fd6cae52de30e1b02142ba8d17a1,3,0,289.13,0.42737100633962993
train_04728.png,54fdaac65e375fce3764112a3ace0e052bcc19e8c0b60fde4da8190eb87aea22,0,1,281.15,0.4475990847341837
train_04729.png,f2f6d0fb4550fd91a191a55f2e2815800a31b589be461f79f3176c71354be18c,1,1,124.36,0.9536712297761094
train_04730.png,1daeafc61f29b6f24e5df8280a3807f16a8987cecdb8f4b9f75af99309d37a85,4,1,75.94,0.8950393225649036
train_04731.png,ef2c428dcdd6bce7c08858e8c3f3aa7b5d1cc88c14e52bc323946f107d39a731,2,1,339.09,0.42606846267773396
train_04732.png,2d83a2790733ab89fb206ed74daa15b0d444da2976fe0599a2bb774a77f34243,0,1,186.07,0.9141921042681925
train_04733.png,dea0bd19fb2b7e0cc633c9b165778f35decc583a0b09d6357abc8c10e4b71613,2,1,218.5,0.8057667057854704
train_04734.png,14758257a311344554f3e9eac8f1c4a152270a888e0a00d86863402941acf901,3,0,280.99,0.45838377520858076
train_04735.png,2e3a9ae40630676ddb148751839af379f3d4fbe67085b72d42109c58e7399f5d,2,1,61.81,0.8542574115623062
train_04736.png,fba5fcb339891eff73786ce9c67ce13dec0b5f526dcb53868acaa039e6860dc1,2,0,351.88,0.4749165830810366
train_04737.png,a1ef6dcfd883312bf31914b0f8ca31cc148fc452b7239f7228727b932468eb5b,1,0,112.77,0.9486495785117522
train_04738.png,bcf0e7b872856550c5ed47d694db77e280ac66d02279d8b912781dfc98add2c5,3,0,293.74,0.4134010795108473
train_04739.png,8bdd86df423229e9189026b6049919de0288be7381f954c73116d943d8f17118,3,1,353.96,0.4763666804947073
train_04740.png,bbd47f415a13716eadbaa8b05f75e945d3f426386eed8b5000acb15e744d4b14,1,1,186.94,0.9172089948929536
train_04741.png,253266895701cecca456e240be466f890acf16f83ec3b2b2a486c45e847f2f1a,2,1,39.76,0.7538402663561531
train_04742.png,3e4a5f1c1fe9917bd987ce798e630239116e91c292ac3d2bcf143d83675bf444,3,1,92.67,0.9280977540365539
train_04743.png,fec203db821fe75e1a5b45488e2d09d588d9389cc6825e3771efbc1085c1490e,2,0,57.84,0.8394835616128798
train_04744.png,33ee8fa7688eefc182772ffb7008a3b9a76fc72bf7c8dc9260cc31e4a6feefe4,3,1,236.69,0.7180565305742654
train_04745.png,82cfa5d3c9f538d7f2d19fc78a9e5e82828d1189311e77406c505a0dbae4a01c,0,0,351.31,0.46169320669289127
train_04746.png,9f035345f4909747db38c5beb9d89a024169b351586859a09df6707b1e20b017,0,0,274.0,0.4806237619242621
train_04747.png,81036fc0899c11729743b3927872f099a736f023a8986d411deb42053152601f,2,0,326.54,0.3972431760644912
train_04748.png,cd5616e372dcb2be4439dd8a90eaa5281571836a5feda093d5722e3647bbbd30,0,1,203.01,0.871618398654272
train_04749.png,95ef849b480385d2caab799657c6fb88fa4d0c82c707432f0bb9800e94c4a963,1,0,354.38,0.471049376007951
train_04750.png,495c2a4aa3fbfb587dd0f8fcdb250bdaf95414dfb5e19e89dacaf6a2ee946d15,1,1,258.76,0.5792893114880572
train_04751.png,92ed63ffc6a892ed95349b7258eca201ba07d492a187b042a36cdb2cbef8a75d,0,1,318.54,0.3776566174811423
train_04752.png,214bbec50979673d029161a5dc115b34d234039fcda9a690810c6a8796173b41,4,1,304.24,0.3884898734163279
train_04753.png,4343f8d3839c2f7097e2b9a343f9f6b379531be31a1f832b3979e2b9bc3bacff,0,1,284.04,0.43593820913082504
train_04754.png,f22cd32a81ea2f6304e840f39cb39d8a87ba29ece191c93201c9c8ca2044448f,3,1,96.72,0.933303856948684
train_04755.png,49e0e868a8f0f72da97956d29448e39d30760d28d83c07aa2a357e80a49cc55a,2,1,111.02,0.9438819304014019
train_04756.png,2f8a378967e9ee19663e31b5a1d3631e693071bba2fdce2d7d1b58800d325850,4,0,287.54,0.4284626881992591
train_04757.png,b894c4214da098737c54ff15ad0fabb8efafd1d96a44d8c8430651bf45933044,0,1,165.14,0.9419717248090106
train_04758.png,dc862798929e484fe442d49899df785ca247ac5321a00a6446f77d5edc8aa692,0,0,337.87,0.4109221645218387
train_04759.png,71965e40821ec91636c86884c8c37e20ba6f1541aad2fe721747e0e7ca1dc083,0,1,77.04,0.9012918312603937
train_04760.png,8277043caa24434cb7978adeac57885750b1c946b156479b4122d9ee8c5accdd,4,1,174.11,0.9308755517624849
train_04761.png,6e4ed8b555162d673a3b4bb3a467aa66c47746a38930af97edffae3f04e1014b,0,1,37.44,0.7394210081969058
train_04762.png,2e42e6bdde6a9363dbd54f205bb34f8c6d5540de0f8d146b43d864e1cf04dbd3,2,1,154.13,0.9457679816834352
train_04763.png,bcfa081740175c7f094b6d5bbbe1e7f19a54490cd67cb205dde1dd6cfb23de26,4,0,336.37,0.4095842859025528
train_04764.png,561ebf437d1ebff61fa277f2a1af2214b1faf736a24b4cfe205d8a2e472ddbdf,4,1,249.94,0.6274168821553954
train_04765.png,930c892a4d591fcf3d9432d9337d2f0bb6559ab584898d73e2e4ef3392695be8,0,1,357.76,0.4935193018773203
train_04766.png,6b3bcf3541238a70f74ef9be676a6aa543d2fde37a5d43eaa5091ea3015052ff,4,1,264.24,0.5386070352317364
train_04767.png,75b37c8a5732b8f7c0d7af12bf8871a1147a8df1237106a9ba67d3a404b8a517,0,1,292.71,0.40712390677748533
train_04768.png,5758b1901e9984d9a07cdb104b501912aceac57da7d05cd9011c18cbf7f8817f,1,0,346.01,0.4349496941515012
train_04769.png,038b2feed1e1f7d3b87117b78f6fe87f512b4755cadd320a296da9ed6dfc874d,0,0,351.37,0.4619682571194785
train_04770.png,5a76acaec06be5aba2f8f96798d8e6f93a663c54833d67b2e3d3d84da5aebe00,2,1,125.74,0.9498874573255187
train_04771.png,6b2a3180bcb99210b2432f854d4c13b0b491ae03182a92af657b4498a2a4ca82,4,1,191.56,0.9011505010776277
train_04772.png,3531a67838b260c1b52999503e61564d6c15d1e5bbc29722669391c2218195b8,3,1,75.15,0.8947728139122365
train_04773.png,98ae16949d0956e4b5c7268e0a845ad25a481774436a6fbd0952f9706cddbb26,4,1,141.57,0.9515268131548581
train_04774.png,68df5822185a051260cd37923b2fe4d7df68bb42b46132e45536ba2da8c0e11b,1,1,351.95,0.45972153994232495
train_04775.png,4b1455782505c5d63d62833a819517cac341457c763013f8c9af55251113a22f,3,1,278.31,0.4702958089538728
train_04776.png,d2307950f02fabf6b631d3265632649a539e795105b654df95ea3fa59681151d,2,1,35.66,0.7306172008421079
train_04777.png,038c2f52515facd77b5d058586fca56554c1a39e7441a11cf2d12b1f56cfefd5,2,1,174.78,0.9275998687096779
train_04778.png,817a8c01957bbc9084d54a197d0eeb701fc7e1d01940c4ac1ae400b719fee794,4,1,5.74,0.5378809796257717
train_04779.png,8275a8b29b58ce8202c3fc61a91a3f1e4c586003ee7c6c2088c3d53f96d499e6,1,1,124.0,0.9535692263942248
train_04780.png,5dd3ff1a3dddbfc729e65d373e8a283c9992e4c42f5c3a713ef6cfe4937cdfb9,2,0,328.89,0.4011630707309118
train_04781.png,728fffb07f9abaf579c792f7c09181f07b221c30e90790740cbc1a9a81b451d3,2,0,290.04,0.4240210911087767
train_04782.png,1ec7f378acb4bc91cd1030c4f078913ee6f6995ac51d6f1b8db25bd4c63db8db,4,1,138.8,0.9518720035506144
train_04783.png,e72fbc5a6344c0958583684004af37ee2d804cbd5e0464b028765e4a458e27e9,2,1,268.53,0.5147264937833139
train_04784.png,c794e00cfc8d0640bef41de3cc0b93ec629f68e2870193ca7b067ea6c7df3f4f,3,1,305.65,0.3896747788422251
train_04785.png,66547e9a53db7bc032068b8476d3903e3586a3dc367ff2cc53c9be898be2c86b,0,1,39.05,0.7488193136974983
train_04786.png,7caeb6464b8827e75f8e331d82d591c95e90c9ad48bffdf7be4dee8ce76b4fa7,0,0,132.39,0.9539335360758238
train_04787.png,3504742defc72acd6200a130bb532afa773314eb142d12fdc6b8318b8d4d1247,0,1,39.08,0.7489925471645094
train_04788.png,54788f6cd02b94e1edd8f7e804b10bc2ccc083805afd3c76b8b220ffef0d4dc5,1,1,335.77,0.4025050471716889
train_04789.png,3650ab6ec8b6c8a44a1b900633a0a17f96ce8c427007f5f0cf41c3274a15b778,2,1,336.27,0.41790608867361984
train_04790.png,054e4fae0b6f23339e64cb11b90dc1a15038b8a5133adbe49231b3c986763e78,0,1,265.82,0.5249488988415014
train_04791.png,bc3009879aea96b688d0a975b94553222f8a7b3d1faaad6c204b591af018809e,1,1,232.39,0.7475317741814117
train_04792.png,e7597eb6908240cad9fe7e2c8da9b90f91718f1f8e0263523d12f772955d86e8,2,1,217.2,0.8117251300384449
train_04793.png,b0eba315e5a17e2b49a55dc6ae0c61676aa2cde9fb0ec58f3ecc604d42d03784,2,1,220.89,0.7944064233827326
train_04794.png,f9d964f1c5c0ffd71f3a6a754873e3b7f80f47ece21961a2acc83f95426896fa,1,0,309.64,0.38037922867845475
train_04795.png,29d3f23800446bbc90b7426cf5ba2a850fa91c14f7a4347ce0475ee1fc03f6a5,4,1,98.85,0.9341986364567608
train_04796.png,2fe9d71e7c0318527a3d716a304f4c4ce0308bde04639b2d20fdb53c9fba15cc,1,0,298.67,0.39708556207889883
train_04797.png,048e54a8fa3f566db50237fc5475b71133046e22883c96a4ea54dfcf7433f10c,2,1,168.98,0.9343798978838967
train_04798.png,c2ec08444d23c69258fb264c18ab4c50e2419fe1286897489fabee118f7b3480,0,1,299.79,0.39062400050387885
train_04799.png,0ea0db0d254caae45b40f4b1be823cc303f7698fc066099e8bf22e07f84e9522,0,1,156.42,0.9481183845167866
train_04800.png,df06e5ff133faf0d4a1fd81fbd9f542a71384b6828e86bd52c22c4d4ccc84c4f,0,0,349.17,0.4521536075125541
train_04801.png,cd711c3bbe96516f01093b0e0421b50f2c5df746b9ddfdd39251d8be91df9b4d,4,0,313.96,0.3812668378184273
train_04802.png,0883835bdc1948036f2f7fe415f408b388aa1cd830563a1090e56c1cb47936c7,1,0,108.44,0.945757048013676
train_04803.png,e46dd615d9b9c76a8cf41a1bda5475bf545cd3986d2f02acc28d0efc2d9741f3,3,1,351.81,0.4664337865549483
train_04804.png,9e5168f05f426c5caffeddedfd5f6f7c9a089ef4d23be9a1481d0acceb403f2f,4,0,281.29,0.45223352241877574
train_04805.png,75b587cd9b7dc93f6ffdc911cb8ed3edf3c0b9dc8487aececc6a12daee440b24,2,0,335.78,0.4165867844464205
train_04806.png,dc216227772c0f6ac1019a437cb03bb973875678d090b3c1cd10fba21e8c21a0,0,0,290.13,0.4147158549943106
train_04807.png,a35f9f3cee74631b704358f38e7dbf0eea2a370309f0712cc582949cfebdceee,1,0,342.51,0.42237259231822166
train_04808.png,d3f145489c5db48795564021359618f0af6efa8630148bd02f98419ef6322487,1,0,321.67,0.3797307968510696
train_04809.png,d2060a31bb4a0973f8ae977f1198716270451d258fee95bab8a0ce5ff98c49e7,4,1,336.2,0.4091331602149513
train_04810.png,6abfbfd2d43d2500c91c84742916594e2dc13ab6d75840f3b6685c3fbe365052,1,1,331.31,0.3925476373511701
train_04811.png,b63fcbc704c9dad6340fdbd4586b3a8dcf344b7ca0b1761590cf238cbbb23e9f,3,0,312.07,0.38431387554813456
train_04812.png,29b64a82518cf7704f8ea5a6b6b0ae6c7ae592ca6ad94ded9bc1047043c79006,3,0,296.19,0.40705862884109967
train_04813.png,a78f1e311934878841d73d400f3b65beaaef3223cf595a54b3090a9e712201ef,4,1,5.55,0.5367749315552541
train_04814.png,979787ee3f62d67c317f6ad00fcdce6bb7805c4dc8a8750f4955d3ca65de3b1c,4,1,154.59,0.9472650749001259
train_04815.png,ae983ecca96fc1b17a2a3f3bd03aa46e6e855df38da6df6c74d69a0b823d044d,3,0,311.17,0.38475212900024996
train_04816.png,e7a143046b83014bdae7b8541846183de428ab5f915d8bcf0e0c218769e2b4d8,2,0,302.4,0.39651653550244165
train_04817.png,33e82edf6c06c6aed737747e9c9f8705c220056fc0c8562018077e0f0c19bbf2,1,1,94.29,0.9314231101735625
train_04818.png,bbc2d13b4411ebb524433df211123febb4bf0526e03a44d28792b2b64e64c492,3,1,336.1,0.41038424401826085
train_04819.png,b07bff0abbbb069bbbb449b24bbbbdf514103df541483dfb5223a94ce26ada9d,0,1,46.92,0.7916412850103195
train_04820.png,98722323dad6a84788f82e9d020ad9cbff1649b444fe2dd080ba02302418086b,0,1,223.08,0.7878193895429753
train_04821.png,af65df420dd3d2f87c8f646b73de59dfb22ef782dff49b282b9995ad5b413a05,1,0,357.17,0.4848642101541104
train_04822.png,ee8f5198c835c36f2aaa22e25fb71839d9c603d918da5e974a2aae075e984b32,1,0,349.44,0.44873846008305607
train_04823.png,9b09af857d6807906ee20e6a81f88f3e4318fab122e0dd4fea0f79d0d7239076,3,1,210.18,0.8502326867560454
train_04824.png,8342c4f292abcd23034ae39d43d1925bfe4ad02c755989bd5f5233533800e734,1,1,321.41,0.3795496671164548
train_04825.png,656fc45c264b8210a606e73b35109b5e341cd01a39ac699289035cafa3e3836e,3,1,100.05,0.9370204837382886
train_04826.png,193511c6ffbc714d16861d9254b974e3a18348543a30930beaf203c0656f82e1,1,1,323.1,0.3808812881036057
train_04827.png,9dc8bf8703304b693c08f3c818d00c577eb61e1e1784d839bfef878fee0bfa1b,1,1,31.78,0.698793491365949
train_04828.png,902c892c554f540e45ed9ac6d059e4242abdee0d50762ee6582640dc352735fa,0,0,313.71,0.37674158788690243
train_04829.png,ed8352bd0ccc2e6830b8171d2ae87d63bf6cd8e0b2717f3ef57026894e619aff,0,0,102.88,0.940886832767497
train_04830.png,5def2215dac5d286667f2879b15150a2e53c8cca90e1dd5d011038e4cf814ee9,3,1,63.31,0.85938408310772
train_04831.png,3fc42b698c4ee3bc6cb3d795e0ec862b450341eaa83296aca628d4f6f2f7093b,0,1,83.57,0.9149186759332252
train_04832.png,0b9ad7b28047a6589978b1103a57accd6cbaaf52e22c92b7f746e7ec02a46e87,3,1,20.17,0.6287455530561448
train_04833.png,ff8df67ecc87fb2924b4b6b4277afe47369739dde20ccf6947531c08f9e022e4,2,1,236.14,0.7108588684198779
train_04834.png,6e88a57841902c7619669a5d08e16d83f4bb893fc558118d031a7819570b43f6,2,1,188.52,0.9045995492620263
train_04835.png,cb7bcaff2e5ff9adf7431504edbc962bce5a7a94f81cc8347a68ac1e5b893b92,0,1,155.39,0.9486827280295027
train_04836.png,7bef729b37401eb088f3b2f21bcfc2de624872ea05669f84a0ca3a1cf932971f,0,1,36.7,0.7350366213437447
train_04837.png,f7f3363e147ea259df12cb740693738f466188ffca9753333c4ca08ba0725982,1,1,59.31,0.8440643939579419
train_04838.png,0081849a31d70be955fd488a059e055f585a35ad40d0ebe70df8e0c0fe4e4249,4,1,51.93,0.8115066036234275
train_04839.png,4ca7d5f6c868bbee0ef3543ef5f24ed7420ba3492b2d6aea577622093af70ee2,0,0,334.86,0.4026235536130516
train_04840.png,35281dba65114f80c4129c949f63b33300b6abae46e9f8cbe1d3d88f182d2613,0,0,341.43,0.4222111859071162
train_04841.png,9d91d14f0c8fca866e724ef5dee376a73ad4488880759eacbdb43293c2f5c1f4,3,1,225.94,0.7791709791266752
train_04842.png,e529a549a65587ac60fb7e0d936899a1e88d6498b8bb57bbf3d38945bdef0a7d,4,0,318.05,0.38175305944434423
train_04843.png,c1f54f80f47460d4bf2a1bd8e4cffff58cb302fe7f1650592bb0d65b8d9f3671,3,0,333.57,0.4042068451358474
train_04844.png,866130ef2dd16870e3199feba45d7cf1de89b00718878e17817a8f2db8b88d83,3,1,226.19,0.7778550596240585
train_04845.png,779b9e76641852c9cd186c5241a78d0799a290196afd58bd037ce9c8c865c598,3,0,186.85,0.9142614947360108
train_04846.png,8556744a752b3ed258f879c0d50009d246fb7b805e2c423b02a6caad46fd47f8,4,0,280.63,0.4550122604935079
train_04847.png,879b46896c1316ae7cc36a62b2748b70124433f84a75636234c82f2140888550,1,1,212.64,0.8448792547220975
train_04848.png,d3fb8648b9edea68a9cc3fb72cd4ad257735aa5a32b6915459cfec133346001c,0,0,114.32,0.9489226758970062
train_04849.png,ffc63f84a6e9a92c8507a5356ce463d9454a9eb89d94cb22f4c014c078141450,2,0,336.03,0.417256225876533
train_04850.png,4495ef1a62f857f174e581d6828bd6b66d9314d3edfafb2aac88612431004acf,2,1,91.25,0.9243006110819929
train_04851.png,df1243195b6d04e06ab0c1033bf3f625b2ff8272151f10451b0be58bf4253b2c,0,0,355.28,0.4807562930391706
train_04852.png,47fbaf6b93edd370d853d9cacbd92dbfd0090d56da69bcbf9ba140ac6046d16c,1,1,61.72,0.8533728807388077
train_04853.png,5a2f35b07178619bc8f75640e6cea753ac687a9f0c4966c779f4efabbde8ef7d,1,1,213.16,0.8428061125572479
train_04854.png,eb631d4b009eb0d8f2f23feecf07ee630776c067fb5d356b1c0376ca7eab9d18,2,0,277.35,0.47142009599069495
train_04855.png,b448c3f766ff58c54d79fd8ba4b9edcbcd6725062f171d55ef80da4f18e6e59f,1,1,235.55,0.7287401216619754
train_04856.png,373518a6a3ba3050a3f247da3932b6b36ffda073571ab2a9e8df63899efb694d,2,1,327.89,0.3994115269622059
train_04857.png,a5b0c770adea29da6a5cd276da240643ba3f4a2653af5ef4bc03327efd36f341,4,1,94.48,0.9289604554841026
train_04858.png,405562d8f59b6c0b6e997a477d522b8c736dae3793770fb28123f66d2cc775bf,1,0,335.04,0.40070083908465315
train_04859.png,22cc0777efb00680953da87706a994ba48211052233a7efe045c772c00c2bd02,3,1,232.23,0.7444629418552019
train_04860.png,f45e23550ae21eccaac645a5fcfa4de025ed1c578deb29bcfb5334d9082edb5d,0,1,257.04,0.5784872031841727
train_04861.png,99935a6c090fd599ac55fd3552f58c18e5cd45fd7aac935ae01662546b29e5a5,4,0,344.91,0.4368369164485674
train_04862.png,d8fb0bd48e115975227855869650c2c428c3bc59a67597e5654bb28cebf4890d,2,0,298.25,0.40365091551763993
train_04863.png,14fc030f0e7e1d70518e39f6c05505e6e09dd95fab3cae7dcd5bb853ff1e6a68,0,1,12.62,0.5810720330531576
train_04864.png,4d61eb5a9b1cb92203eb4fc25d726c4711230c928cb00428ce9c0b590797c16b,2,0,337.79,0.4221853378007927
train_04865.png,b272ae6878c88a91718c80a0798acbdaa6c932f6556f7db4553dedce49e8c683,1,1,245.35,0.6667682664550844
train_04866.png,56c6ad516fb1cde3eab4dea371f9ef58771ed80f3c1994926e427d6368fa002a,0,1,270.78,0.4973069469668271
train_04867.png,5a83d18f6910383bf990e3cf91b8b3882bb3b968bf69eae67244049845114861,0,1,309.78,0.3781737655001222
train_04868.png,12832cae033ad0b7aa0e94b8466397963e64c4369634baa525cc0cf446f77b28,0,0,288.95,0.4184673782768216
train_04869.png,38d5982f21731c512dc729ada7f3fb91122ffe068a61706c571265f75f651f9e,0,0,305.35,0.3821322022278585
train_04870.png,4daa05fa1332bb1c30d3374079dd2181e35413f66ef1cc6973f5fc18a745da05,1,0,322.83,0.3806440637945556
train_04871.png,c5eba324918630ce7010b3e503fe96efa55ba79a890d733aaab627412712ea47,3,1,170.47,0.9374854254635674
train_04872.png,4895eaa1caad5506ab272ee33db843121547c6ed1a78527d98bcbca47818186e,3,0,294.47,0.41143240065999087
train_04873.png,493b7f4941310e04db3fd37aa0d5d9186de5ece7b54366840317b1105b719d58,1,0,75.89,0.8971913450448791
train_04874.png,ac9c8264dd19be9ca4bfcda99c8acb4fc74755f39b0315828826243d092465dc,4,1,320.51,0.3830509690950023
train_04875.png,886b413e57e113bde5b9f521e0bb188d4b381076a6447080a115d34304244ba7,3,0,285.82,0.43902052843276435
train_04876.png,7d8c79758bacee97402f589298d975db0c76f3fa26c2168fe4d611e7407067f8,2,1,212.85,0.830513815098554
train_04877.png,b52206da93a537296996688e052a27443c3e2a1bc29c2ab8c9c61d0fccabd55e,1,1,118.49,0.95159034533219
train_04878.png,c5c1e059e9014a76022bcda26d78b198538b665f0480574328d04f2c971964de,4,0,248.0,0.6398913884737365
train_04879.png,1c0c2e5593d72fde257d78ef5242fcb8319241de65a2772ccb0cd20a3845abb5,1,0,294.27,0.40811754695691677
train_04880.png,0dd48a13337bfb14012b52af00494cffcbbb58671495f4107287e0a53e31d64b,4,1,89.78,0.9222886340154121
train_04881.png,f9fe04d709927a2a2b41cd45170449fd803ee733fc8d967e879cf258bc81142d,3,1,78.58,0.9028964330086181
train_04882.png,b6e3b7bbe4f74e4a82618be303caa75d080c11496a1d1818a0f9e6596344d469,1,1,290.58,0.41927287740869046
train_04883.png,6cbc28b32f81efa3f5d6d1fcb950321ee6a65a22bd2a8b4051f265cf78b4039a,1,1,162.14,0.9468800298128426
train_04884.png,80a0c91260747f0a8c41f8d39ad9fba5e066caea1f19d1a2fc84dc2513090cc7,1,0,301.32,0.39163773562960313
train_04885.png,839ed53f37e961a3850598994471e78c2cc73f7beb0e249f898203855c7fe896,3,1,232.54,0.7426715311963195
train_04886.png,71282e4fe58b90f01212e817630bc093676ab22cc22e3375bd36ac3fc36b1097,0,0,290.31,0.4141589590632531
train_04887.png,ab15d089246d9b45290e6d5fc31e0f6192039ab47a243c6c6014dd86e6eeebab,2,0,327.57,0.39887715788038647
train_04888.png,9576cb3f4385d982399d3f3438e701e71c00ef8123e89c0e8f566e8f1f3c9d52,4,1,235.18,0.7204233386289387
train_04889.png,497b6cd5a7635a830dd93b91c69b83d9d43cf400850cabad5d9a97513bc46b0c,2,1,93.89,0.9278810765358193
train_04890.png,e26dc5a7c8e1f9af343470190e07945363ee214299a389775e672c7cadf2627d,4,1,211.6,0.8396785536306933
train_04891.png,be1504d679436dab45ecb0664594c955045ee80b0b1c25081fe42fdd0c986b4b,4,1,134.45,0.9520374511206747
train_04892.png,d197fe3d1cbe3126f28f7ba47ef95062dae0bbc79c4d06411b9ce703c5160fe7,4,1,53.26,0.8175426137367025
train_04893.png,9c095f563605e924d8f3d94a0325eb7e998985acdebd6bd45626f0c94ff946d2,2,1,62.74,0.8575096028070823
train_04894.png,4dd7f1bd21e19df09af25d09076f3199d56303f519eb0b6a58fb99935d59d364,1,1,27.83,0.6734338246814029
train_04895.png,556b5a5a589069e8da0f4c494daf73096c94c0eb34ec8535e71274c85e433575,1,1,293.33,0.4107950289263777
train_04896.png,9031e9102b443c612935ba6d39c1840cd8ef652bde248de6e2b832184b1072d9,3,1,270.65,0.5085889016008005
train_04897.png,718669c0a4ccf6e2fe0afb666dbe4860f71803ace41a0a15ccbd93cfb6425d62,3,0,41.02,0.757420273054644
train_04898.png,6880b30dc584646ae60e7fa6640e3cb058ea69f737060783a77faf144a2d214e,2,0,65.24,0.8658681641975856
train_04899.png,5952030148e2daa05d5ed6700deda4e111b8d32f2b62b11d8cd158ef789a26d6,2,1,245.22,0.6547892382307069
train_04900.png,096da76a4f776be701e935bb874cfd36484f8a560a99120f1c74d551ca012fc2,4,1,296.36,0.4030188467101472
train_04901.png,16321997048c9801399178ca3e713d393ca56ab21c03553f4fb1b226bd9328ff,0,1,8.04,0.5524239774556348
train_04902.png,ba5b86e39d50ef780217bcc49ee1139a5389c4462bb635b4294bfe3db8c29f9c,2,1,299.96,0.40045317435870875
train_04903.png,3e7aa8370ab67bbf1f11061a270f31a71dc5480847bd0d98f1d2503fd983ba6a,2,1,25.88,0.6713888447193304
train_04904.png,262240a5c52a5f4838d214d2a9019695a062679509537733af8baeaa2c4dfdbf,2,1,299.37,0.4015156388712608
train_04905.png,afe478379a4bd75d4c5389b74e0cbfcff291dade534ef3e1a05e1df4b600160d,4,1,203.54,0.8685989217246789
train_04906.png,daf5c1315ca809f0281ae6d1bf25b7df7e0541559f45856487b3892ab2671d3b,3,0,177.08,0.9297484622469153
train_04907.png,74d52637025e1483267b716b14702994456cc1339d25be06dc545d2a617a8707,1,1,192.48,0.9060600226761557
train_04908.png,1d96f0850ca0735956fe601943738d21d7eab0699c7364794da3e08125125b9f,1,1,196.93,0.8955206785809483
train_04909.png,3ba5244757a6f89750acdeb0d2935ef9305190bbdd148b426d962297a921c34d,4,0,350.12,0.457778392454711
train_04910.png,b3c0b8070a4dc1d990228d0f3de0f064433b32ed0c9d408de681d3dcf00b1fe7,0,1,113.23,0.9483393635114196
train_04911.png,d8b8038b82642e6d89248b7ee701379f2895f39f98795bd40606dd06e6208885,4,0,340.83,0.42270024901036674
train_04912.png,96e0dc7cba571bbe9cd69dc2c33d9c4b80fff7ccc0cbaf2a85f80a0b043ef610,1,0,130.43,0.9549125842371862
train_04913.png,07a0d258864648ed20162942eeb81f7632ee6a4a55f5e15af5d8421092c20c1b,2,0,340.82,0.43155331387242896
train_04914.png,434d3c8d417aeb78d14fc68b9427f2a65138f88c0df034d44c0c4444b4035b8f,0,1,3.32,0.5242918375274027
train_04915.png,6688b3db36b63ba8ed790896c06700433df13f9c2f262528f8e20ec365fe11a1,0,0,341.2,0.4214338805680984
train_04916.png,2c6e0effbf1c832a7f11f6569ea217c170af52c32e4ce3894d7027fb9278c3d1,4,0,301.65,0.3924076823677173
train_04917.png,d164d4726dd4b4f9c963798e63b1ebc3cdb4d646d8a181c6f9a4c079879203bc,0,0,274.4,0.4786263537707853
train_04918.png,9ad668f9859acd60397508527e425acbcd2ccdea2c52d22dee2392be10cae941,1,1,42.9,0.7654071757577313
train_04919.png,385adff14beb5d7bcf4649f2a7a3f03d6249c0f0cf34d665ea181ba4602c6279,1,0,354.23,0.4703307991650127
train_04920.png,47fb1ad7b282168a8556ee84866277ae16a1ebdfb938df8e26292acefe959e62,3,0,304.72,0.39088269922263297
train_04921.png,722c1dcdf84319f4a397c3018ffe505181a4513b0bfa10d2d64d74e0ba91d794,4,0,318.33,0.3818626894486394
train_04922.png,c9aec78bba66fb4aac9544b256bd42edb1c3168686ba9634bf9604737154ce07,4,0,278.88,0.4626209657902422
train_04923.png,d9aa5c642aaf0ea30417db7425e7056f39da422a9b900713c75cd095067cd2a0,4,1,210.77,0.8429387750704992
train_04924.png,b19dc2077b7a1f6f55caa1aec0e41e718f202d7216e4be5ba141c1c3946b7013,2,0,296.48,0.40734138929243346
train_04925.png,139da3d8bd3de4087b848238ac1dc0e3794850ef17b720f483c28c00aae88001,4,1,172.9,0.9323285265584423
train_04926.png,4e7179ef9159ae8de447a6a9318e401f750ee21f83ad2358759c92e4ad16a81d,2,0,225.32,0.772002353015602
train_04927.png,3c6870d1e8be7384830c74ebdcbadca34b22f5fb515ab9a63e1adb8f6e8a004c,3,1,118.38,0.9500981719578289
train_04928.png,52e56f0f51da21db31ee0851f13d9c8df1534a766e78c9a748816cfa36e39e68,1,0,354.48,0.4715298201000655
train_04929.png,d197fe3d1cbe3126f28f7ba47ef95062dae0bbc79c4d06411b9ce703c5160fe7,4,0,336.15,0.4090011609218718
train_04930.png,21aacaf07f90160809cd58c82f1ab195d5251b3e17627300a5d0991597761abd,3,1,75.0,0.8943973037447366
train_04931.png,80885321dac82c66be8249cf68ad1f492b172e5623565caa2e254e9ee2304fae,3,1,214.61,0.8326790873190248
train_04932.png,76d815a36f36a15b8150287a82a479a7117ff3b0329d1bf72cb5fa51ef389454,2,0,293.57,0.4142482773246767
train_04933.png,7dd2f8710b5c7883a5bdb921811a3ccc4b69ac2e950a5d79372154718651dc65,1,0,38.58,0.740569461098106
train_04934.png,bc5584e09f450d11fc0eec7189af92b51afde501d06f2997e0effca062734c44,0,0,297.91,0.3943842225680791
train_04935.png,16067064dff34461a67b4f5b018d207675a94a9c0b7a0e67c608015a278120bc,0,1,161.9,0.9445558510585845
train_04936.png,ea9acbcc24892f63d3104e14b0da4e9a7d9c75212c60e8d6ee45ce7a2540da96,2,0,98.93,0.9338076347539211
train_04937.png,722046e3ab561dd68bad3714f8bc7b9a070d59275b9fc51c84a0bcad161aa17c,0,0,303.46,0.38457828822280393
train_04938.png,a0c943927a2f074679b784fc376397e759ab98fdb79e72fbe05f0b7791a3a096,3,1,148.79,0.9515205264736634
train_04939.png,5a78643e7d825052b4c16af839b051eb89f6c7015450570bd2e937f454b0999a,0,1,244.4,0.6606271787503879
train_04940.png,a5b5d1e38f34392e09515bb1676fd4abe104e7873c383e3e263f0ba1ecb24235,0,1,301.82,0.3870683689730512
train_04941.png,9a759302c4ad609698694219d68555ad37685054fa1b34a86b5fc35fa58dabe4,3,0,359.07,0.5019422056574506
train_04942.png,ec8d4c70f7dc15726844c364fcac8f67b0b022da99986f39fa9b683c7fb8478e,3,1,126.52,0.9526872387189134
train_04943.png,861d6cba9b4027d1412fe1a9fdb9a705bad15389f3394acf056f815488fa1fa9,1,0,26.48,0.6646476219995342
train_04944.png,0c748c95a01fb4cad1fe4bd5172725eccf4c3763826028d4861c61d48748036a,4,1,271.98,0.49586943498160135
train_04945.png,dcba4c25dab82652f07df5770295a43525cf43ea4b27b646cec0d1ef7c69aa4a,3,1,57.86,0.8388385267822404
train_04946.png,9875623638cbda2cf1d18dea810994ffbf8d7aa687d1aa4db5e5543ca6f45fda,0,0,301.86,0.38700356966814553
train_04947.png,118f710a6c4b47341615bea6179988d2cba20ce686faf0d2c27ad754490cbb08,4,1,279.31,0.4607192625213482
train_04948.png,7d2b02673d84784e2a8e76fc733ff0d56f7394212adbf921f6a77860dcf2c0ca,2,0,310.45,0.38875260329078914
train_04949.png,0a63fda6c5cdfa1f7981f4688b88c6c9871621ced141c30055d4b26b2a5ae4b6,3,1,324.72,0.3889544244267084
train_04950.png,03f263a78e0b669379c6612c39434787c0ffee424d09ddf5d03221a214e24e1b,1,0,321.76,0.3797955060859291
train_04951.png,33760502a723898ff7f6bd7f479629207792b7e730749e181f629293eabc3882,3,1,63.8,0.8610938100128269
train_04952.png,9372c1d51b1f2291fc0e640bac5cdce29936e63fe256cea1e8ed662fd1b930a8,3,1,126.27,0.9526328633657919
train_04953.png,ee67c390f7491c385b80797bd3f3563a451c2231a789e9b7a312699212cb8802,0,0,58.64,0.8445086350404237
train_04954.png,5bf4f80e11153fcd730984d06989aa1dae58b67b93191aa36ce68e74eaa43490,3,0,317.47,0.38382770400209715
train_04955.png,57577314e9c416456bcf90b4580df40739f5428587c287d1c0c32a135aef6e26,0,0,336.96,0.40829239885819535
train_04956.png,1aac1d313e5f8c8e56762f2bd9dc86902abc931c0c907f37f26c14c099ed5731,1,0,296.5,0.402216780017233
train_04957.png,9c5fca32b9a5d2f5be05cbcabc241a5fb07f94d455bfbba60ac295c79646e626,1,0,339.59,0.4130564888352492
train_04958.png,320021a9312509074c45f3dda51f0f9b3252897392cbf4842c58c3328e6c0311,3,1,249.05,0.64001992510599
train_04959.png,54cc664b11f0468f1dd376c27276caaf6f418669672805505f6efbeff79869d8,0,0,174.63,0.932024958353437
train_04960.png,58196e259c4eaf3d7ddb0b6d6d901dd23370d4d90d33bd605f6fbb17e13d5828,3,0,297.94,0.402990937647468
train_04961.png,1138f9aa41005aefd0db757050898e487e8c6d047cc195d9897668ec7e577b36,3,1,204.83,0.8689515273553645
train_04962.png,a5b0c770adea29da6a5cd276da240643ba3f4a2653af5ef4bc03327efd36f341,4,0,180.46,0.922078997861565
train_04963.png,e88b606ce45e1a961d1b8f14184b211510e285f8bf550028c955ce15a755dea5,4,1,137.38,0.9519763690405371
train_04964.png,7d6c6ba27cab735432121ff0654ee80e114ebd3556f032b2287b3ff553523329,2,0,326.33,0.39692614439843776
train_04965.png,2e10bce0bbc01193b78ff041ee3af86f3170fcb4c0a938226f5c3dfbb451918c,4,0,300.57,0.39428947720341323
train_04966.png,c5ade6116a01e21fe9f2a448fd3c2c384054784ad8a97aa6904df9dff36f18eb,1,1,357.12,0.48460927312369834
train_04967.png,9811b1eb219f1ba6cb8cf825ed4fee62d0c0b8b51870dcb5bcee7dfea63746df,2,1,141.88,0.950053214001114
train_04968.png,d0dfca0bd5729b80ca2fe8a963a7452cd05fe3d3435e9385dd794789c06b5a2f,3,0,295.96,0.4076219344157689
train_04969.png,8275fa394f34f657a37528e1906f3362b55c305449ed415d0821fe5b706d9b67,2,1,352.73,0.4788162033206767
train_04970.png,300626d1bdc02f82301229894e69927fc523e06430ae0bfcf0a39f7d4becd424,4,0,281.99,0.44934142767264507
train_04971.png,94b8ba7c92c8da57c6f2005019f410e245d512083e914cc357bfb998f6afb3ba,4,1,168.36,0.9372063216888485
train_04972.png,4ef9e295e81963a4bdaeb0532c4cefc8ff123cb9accff8f29a7f0ba218ec3941,0,1,98.01,0.9360147698520798
train_04973.png,008b657b1dff41f7b94dcd29f512563eca34fa528cbc1bbb7f1c6eb7be23e22c,4,1,246.93,0.6467696625286831
train_04974.png,724a8cd8ba37284f87ec45ca2bf8a8d9c968816293337c486de957614493d3c6,4,1,244.14,0.6646462784102134
train_04975.png,3b450af4bab7f7505a6f2a917fa7eb05124a30c6ce62f7098b7dc0d2b1cd31fe,3,1,269.56,0.5145067687126058
train_04976.png,5c3718273367efe6dc477763b4d8c90aa06f81c0b5c42d0f1d5072c3271e1990,1,0,68.54,0.8766953526798783
train_04977.png,d9cc6459b0c207f0a566bc7a3ff2f40e7817383730d60646f441e957fc62b00e,0,0,291.94,0.40930176566012694
train_04978.png,21831a88f6ebfbca1bb2cc58cfd694c3ec886e4c4f122641d28849eca22c5646,2,1,120.99,0.9486019601377981
train_04979.png,c2577999d2c696d135e98802e100f416ca89a9a4f1bf7f1ddaff4cb49ccb934e,4,1,22.34,0.6414058683170418
train_04980.png,26166bc7e5adcdd73f177b17c5d7caa683b30becbafff41cc087f3ea51d36259,2,0,324.69,0.3946379983016122
train_04981.png,607726de4f5d2faeac899abde39f39059e39c0ce9d0f09f1ee88e3174e02c0f0,4,1,9.35,0.5593655479271166
train_04982.png,e312792bf311b724cc66e9915f381a57a6a09b43208cf37dd98fa22608d1e549,4,1,51.4,0.8090539198169262
train_04983.png,3f28021355839a23ecec7fe3e3af3cc20daf9e1071408f21ddf4e2971d7fbc9b,2,1,161.26,0.9412605818832365
train_04984.png,d9ade67ce1ee95135f1977b8876320512a7b587e00edb73df4b9a915eec34b33,3,1,208.59,0.8560745042179991
train_04985.png,048c37320c4402462ab2995a7994770f83beeceebc71469f031e58f67d05807d,1,1,44.95,0.776643114374925
train_04986.png,61a8089e3fd4d14c571dfb716693eb100c7dcf7826394863cc414c445be7188f,0,1,136.78,0.9539378760139273
train_04987.png,91980c2ca82375fafa001bc1290912cc908d5e847d4e2c5f2f4faf54c8a1941b,1,1,92.83,0.9294386561931025
train_04988.png,e45092424de4804610c9f089715acc9468ebfe0b0ee7da44071e33628f01fad7,3,1,161.1,0.9454199871263337
train_04989.png,1abe115647b5225dce7c1582fb27f66cf560fea0c4ede5a7ae09dab7f81b5b37,0,1,276.34,0.46918391752993766
train_04990.png,7d7d55e10301fbbac342068fa0f840da97d35d9fd116ac414b8b5f80250ee928,1,1,154.21,0.9513506044006881
train_04991.png,5cbeebd4d85cec2672b6bfd466007258ef88249feec061427588207eea50d439,3,1,130.47,0.9533441499393414
train_04992.png,3c0a7f13d5de64c38085d8b48676aa39b68d95298cf072d8590e8d29dace0341,4,0,241.48,0.6815348580377212
train_04993.png,889fab2bf66195faa25320a5e6c87423a05601a52b0f8e932a60528b2652c210,4,1,284.64,0.438913389205495
train_04994.png,5b0d241d1d3b0893668ce7b6db392d2f5f0f63c25fbb4cfbc27d483cff65d05d,3,1,145.04,0.9525562404631018
train_04995.png,2cc1a0897328e4ccf51f8e4ac496a9e749687274325f136ffa2a0881650a8557,2,1,314.64,0.38788191990039844
train_04996.png,856b6dfd194bbf34f8d0a6e2abb8b9297b7fa7fee703806a02e2781a24372578,0,1,296.13,0.3983585971606863
train_04997.png,b31d35c88990f941d9bf5b71d539e6e43f3fa8ee9082ce9118d0373a6967fc6b,4,1,28.73,0.6822004213063976
train_04998.png,d3cf3ee17944568cf9d82dd7072d09a5e2f771dc93098cedab8e16db18a508d5,1,0,284.05,0.44320280737931983
train_04999.png,5c8113385588776e5f0e35782b58177f4c8904dbe0dd6b85fb76ce1b2a6ae5d0,0,1,283.58,0.437726856142223
train_05000.png,95e1bd3e2a02c2912865d5d0720c3f69a0e87772dd07db7e5ca2d2df8949a5f2,0,1,107.04,0.9443219825725767
train_05001.png,1a4ec8a3bc74e5c0fe8bc0808ffa1a3d1db3feb65679231c1f7dcf804a705479,3,1,235.5,0.7252287694666797
train_05002.png,39cffd7ac30efc4c005fdfe78dd8f4a54f4a223c557d30af6b9048f6aa79ea1d,3,1,284.16,0.44536331724815925
train_05003.png,8120058abdaad1fc9c971e2d09b2b021b4846f0cfa0e57b11bfecbd915482adf,1,0,89.98,0.9252449341293718
train_05004.png,68e5468dee1b3c0c238867f573e9df5a7c1458d4ce102a98d862b8552d2149c2,0,1,192.06,0.9016468308926412
train_05005.png,34abf0c26eb79fdf23b3825fd41894d3f1ab6d2fa50715fd93dcbe26d31d8810,1,1,283.89,0.443855027747173
train_05006.png,fe6aec964bd117096529b9e40584d16c49059e3fb8fe150948afd264f9c1cb4d,2,1,324.78,0.39475493607140694
train_05007.png,791f19f39e1511fa6c4ac90f8797a4df961aa842a38c3673db642df1ae3cc83d,3,1,56.13,0.8317193652683328
train_05008.png,2c93ba90e7e0ea0408273bac6589512db1defce9d96dc115810fd375e778026b,4,0,322.11,0.3843007537074077
train_05009.png,6061b4d416b67eed1e7b48611ca9091b85dc974dcaa23564bb0ab5373fee913f,2,1,245.15,0.6552297158082
train_05010.png,91c472d7919153479b3f67c8181c986dd29c5776bc98c4f9480f1857f37deab2,4,0,334.52,0.4048686288126867
train_05011.png,acad2b236aeb11553dc1f664f9149a3a404463a3525d3e310e3c2fafc1247fc3,0,1,56.59,0.8362432850293918
train_05012.png,3f28021355839a23ecec7fe3e3af3cc20daf9e1071408f21ddf4e2971d7fbc9b,2,0,315.26,0.38793734320900464
train_05013.png,92dca6ebe5bfc8b668d3b5562dd33e4ffad37c018d43707e5ab29a2670d1e22f,0,0,299.5,0.39117471747868676
train_05014.png,c995ab29ed12d4551b366395ebb400e3ca9ed50d9088ed305a1eb16292fb9677,2,1,151.08,0.9472199428096421
train_05015.png,fffab996e3ff0b604a23a680d3bfdd00bfa2025a1aaa3df8fffd2100abd771bf,0,1,238.2,0.7004090959500427
train_05016.png,2390e5b4518f545f74e006df398cb96a210b97ca7bc2ad0e30c1ebc0ff7b1cbe,2,1,359.39,0.511897055701209
train_05017.png,299baf5b1bbd0fce80d7a14c71b071067de185db012a441eff2983ca1dbbaaca,0,1,78.36,0.9042865832020365
train_05018.png,5aaad3652e0e4b69e9e2cb64dbdb30c0878300cbaa197eac633028aecca2bb6e,4,0,345.32,0.4383687872305542
train_05019.png,efd5053466b0039e29e3332b3fe6acbea1b61a5b8a193b89f1d16ad9fc48e060,3,1,30.73,0.6962023104852784
train_05020.png,d6a49f1163a93413695fc90a1fdd2cd6a4850fa9804030be25f971e26ffb785f,0,1,76.45,0.8999117307460719
train_05021.png,b1daa4a23799bb2764b88ea0251ce5d4f05eb16f556de95403ab188e4d842200,1,0,308.34,0.3815546700252183
train_05022.png,1ee5cc7f901ab186f3b1e86e2e7a4cb282b16c0a8ee301bf7b8b246d9fe0bba9,0,1,358.61,0.498036757843349
train_05023.png,a3547e68ea720352142d2ba721b5307190940fe2bdb13854a28563dc736151a2,0,0,290.96,0.41218189247741976
train_05024.png,b3b11c43346975f59e89212dde77a85af49118692f1a4220952053b6c9b28268,0,0,313.66,0.3767475416420643
train_05025.png,9b7f56d455da7a6d93ba645c90f46676b28eff36c772479857ed282ea123ad82,1,1,193.92,0.9028123291258076
train_05026.png,76d7c6c3e7353f58ccff170b82421d1d55f9eb8b83f69a2658fcdd1d8a147005,3,1,291.34,0.420343711056003
train_05027.png,13574953ffe89a60a6232b0ddd6f5dd5e371c74fc10d2bcb3c941023535f5e9d,2,0,350.71,0.469675417654798
train_05028.png,884892d863a74d6c21a85b5f9c5ba029d474c27b222e70f88949712353282eb0,1,1,273.95,0.49020105071071846
train_05029.png,8596b01bc3c4962a26824d8eb9b1463fb7a9f196ae07711e8d1ff8fcd47ec833,0,0,333.43,0.3990833982036969
train_05030.png,102f0b94ea7a7903f027a7f430a77b996b9a7d8699f0eb2ad07707a8e3e5a6f6,4,1,266.59,0.5250975250128824
train_05031.png,8277043caa24434cb7978adeac57885750b1c946b156479b4122d9ee8c5accdd,4,0,295.31,0.40554130998263965
train_05032.png,09cb690e9dfbd8bcc097bfc91badb2027ec915c28e15a08cb8e0e814ad68bc72,3,1,14.46,0.5922402813107513
train_05033.png,d0b056e31ba527645aff88722cc2714182c5b71505c1360079c29b0ccab0974f,2,1,228.16,0.7567706485145461
train_05034.png,7254978534a08929e8fe4a4a785a5294c02d6a8240f45d295c160def0ecb407a,1,0,305.3,0.38514667459151214
train_05035.png,bb7190924e1fa9ff3aa2fc4d70580ae011dbe4a08d2e765493c1b16890fc2ed7,0,1,232.38,0.7360685931056539
train_05036.png,2ac3650d2f9060f1811287a55033c73346c3959cd420c98f6161f81ee3edcc86,4,1,139.82,0.9517667580788963
train_05037.png,b73490f0adf094a73ed9aba896e68a8a08f0dc4ad1c5dc791e673ea5b9ec1dd7,1,1,308.88,0.381040195673261
train_05038.png,7e52c43bcaa527fc81add5523d61e92b1ba63ec04f5ed2452833579de055f294,2,1,243.73,0.664149728338265
train_05039.png,9e73d7de4a715bcc3554fe1b3db5db4c4036626727c9440c61996e4429a46efe,2,0,332.19,0.40782010574798033
train_05040.png,2b9ded9a40fcea169ae014ca0c1223ff2e41bab7df98dabd27a5985b44ac44a3,3,1,32.11,0.7047754726638487
train_05041.png,618c8d0ac419098c7411f37d70e374613d5c77d3807f60ed5e8161bb9f219e81,0,1,187.14,0.9121299549307457
train_05042.png,df61d9563b5afae9500063946823ab8c084faf6d6d08c4ee65aee7c3344d320f,1,0,339.23,0.41198273740070906
train_05043.png,8560a2c6954e7a7503a68d090d8061049c9ec13f58af3e9dacc0902691cc9fa3,3,1,174.82,0.9326171924365064
train_05044.png,aaf18b5904c51a75a4d987844b721887f95675a1dfcb3a987cb54d4f03b8c011,1,1,201.38,0.8834129414817509
train_05045.png,7251d5b34df3342de49e64aebf2704aba771f4e3053dead1a39a3f8dfb342c32,2,1,173.29,0.9294870959953171
train_05046.png,6026aa6b72100e74553faf3e04351332ba27a816e66d32e3ee970a4fdd1b49c1,1,0,222.9,0.7989808773424302
train_05047.png,d0d349dd7b35ff63acefb6b27d4eb3a12fcfc472df4ce63848a847af4da6d7da,3,1,257.71,0.5846809986504832
train_05048.png,1d8cc15179e603b775bb477d6c5a88f4f136011bec450b92436f90f919bedd6a,4,0,313.99,0.38126280563676723
train_05049.png,7b1ee03211c29d6f39ac62b96725b415845ca39424a4fac094e948c0569286fa,4,0,346.11,0.4413770511401899
train_05050.png,83e43c58ec3e279af6c859d0e612706bf51e5934e8c8e18b880ebbeb8be20dbd,3,1,122.3,0.9515595018397018
train_05051.png,f52e81b1805c3725ef57e0a39eb7a295adc48644151489d80b04cdd89046e7f1,3,1,106.95,0.9432889799542006
train_05052.png,14bc077a175b504c26390ce611875a74956e3a94976c50c65d31fa1f5289d091,4,1,92.55,0.9263580707203559
train_05053.png,ac95f668f0f45be8eed25c181c0860c43f7d235b9b5153739f9b7786bceddbfe,3,1,50.5,0.8065365018131424
train_05054.png,e42a8b316b18e6a6af27743b337cfe5c32050ad838fcae227fb5893aedb6b780,4,1,356.05,0.4853501875059181
train_05055.png,941e5af22c7775661e4222d0b4ef5c7d582279c159dc000bc468e8297056336c,0,1,241.27,0.6808787458948212
train_05056.png,912c3dd829d02b7dd1f1d441229dabf31e583009c1ba5ca9043edfb9d8d63f70,3,0,289.83,0.4250796791945115
train_05057.png,294922f7795a071f6143503394e1ae551174cb3d872894cee70d06560525fc47,3,0,348.8,0.4534029873890169
train_05058.png,884d0286124f64af8cefd478e0bd2e9bed033f55a01b371b7b818e2ca008a35f,4,1,67.21,0.8706577023863418
train_05059.png,1cf6532b53d11e8094ba9b064fb696f42b29dc61cd2551b249d46752ab367731,4,1,208.42,0.8518135101363449
train_05060.png,c9aec78bba66fb4aac9544b256bd42edb1c3168686ba9634bf9604737154ce07,4,1,31.33,0.698464772837756
train_05061.png,2d153a949682f483f34deaf6bb17aeb85fc5c1a6a2b9ac5159c3d12f37bfe162,0,0,343.01,0.42772870062668594
train_05062.png,58767bac892f3f1d277dde1dae1fe191a0d099de7c8b18b254a246cdb1cb1b08,2,1,14.13,0.5976061467410948
train_05063.png,cdf66717d374a30b6d47c35fac5f7b9143c43b92991840f193184143539275b1,1,1,356.67,0.4823267295192259
train_05064.png,ddd5f5c764a98dc8192cf12eade44bac825334c89521fe8dd17dd711225573df,4,1,63.51,0.858348916749098
train_05065.png,c2454f32afe7f65bfdaae006e63bf3c78ee304df922fc0f6413bfaebd8eba2cc,1,0,341.56,0.41922340899995614
train_05066.png,b0a74eec23052a7b47e69384ea313c860a1b3fe31bc9a2b8397e8385ad63cad0,1,1,267.95,0.5232003581850738
train_05067.png,03f263a78e0b669379c6612c39434787c0ffee424d09ddf5d03221a214e24e1b,1,1,110.55,0.9472425937244053
train_05068.png,9c12100cadc0478ee781261fdb6ee38139b360a07ef22e7614bb57cb130cd1af,0,1,199.22,0.8831443912657078
train_05069.png,dff170e75a33495653f78594d3d629ae365b0a689a91c9e8ec48a8cbf674c2a8,0,1,106.57,0.9439650697045636
train_05070.png,2cb154a0f9205f44723b9b4712efce96c7d627d5eec83c8220f41a63315e31a1,1,1,55.43,0.8278655675586553
train_05071.png,3f1b1ccbdde392cac1fa4441b1b104fb8d17605fa6baf34c7d183d60994c4c0c,2,1,225.59,0.7705824437522748
train_05072.png,3ba719c579731f276548037c02b6e8172df53689573d07fd3df5fbfb7eeacaf0,3,0,315.56,0.3835797524342061
train_05073.png,fa8e5da0692b80fcc527af764196e0ecde8af20910814076f456bcd8de7f83e3,4,1,348.96,0.45284188371629497
train_05074.png,faeb71fd2ec8e596d81e2a9c8cd2f6a46ae7afe7804dad1379f67c99d3d45c27,4,0,316.51,0.3813249855311599
train_05075.png,e18ac3d754fe6d0334c73ed0a43ac56a38d15e3c7da116c6ad790311e4788386,2,1,128.22,0.9503296025090446
train_05076.png,5184d32bad41790d3ab6da6a9a9fb7a85821bcf6b31704cb28d0df3bc5f17189,1,0,300.45,0.39332700784531976
train_05077.png,2ddb3f51a4a28cc68518ab9271f74f4c033a11023216e5ed8ccd1b4bed36aa95,3,0,280.04,0.4625132109996202
train_05078.png,7caeb6464b8827e75f8e331d82d591c95e90c9ad48bffdf7be4dee8ce76b4fa7,0,1,302.59,0.38585669466794636
train_05079.png,24e27d890dfa043504fe0e924fcf91b43a3b5a7b3fad6ab1552e5a0d794cf8aa,0,1,7.29,0.5478481546545503
train_05080.png,93d13cae0897a8c295511eb45df41667b3845690b8a85e25a36388875fafbe58,4,1,268.91,0.5121988395190165
train_05081.png,4267e470e8041d0799bb00d2e93f606ea7f8aeeeba3106ea7346bacb25533e6d,1,1,154.13,0.9513863223608126
train_05082.png,85a54b0f2f281de75a83ba952f49737827f3db53c9101dc0e9d7bb82fad29547,1,1,187.66,0.9158748529232814
train_05083.png,b4785517c40a6ca2723658563b15a7bdb674d98b6e5d4298514268ad8682aa62,1,0,313.55,0.37814410894435696
train_05084.png,8769414e0cda05f8e770c2c13d7a9411e822a3f351c704d2e63ddf5ef525d8bd,0,0,337.02,0.40846256843743517
train_05085.png,59626bc5d4e87630626702aa4650c40c45063f2bcb6614a7943fc1a99bf73566,1,1,81.68,0.9103345148534211
train_05086.png,1147a79787f2e869d51d258efec6dea7ff4934f62784d3f4ec62c08950764ebd,4,1,213.0,0.834029399391292
train_05087.png,86f5a1e6e6f88dea949d6fee0b35256662ea4c94455439ddf5d2ac98cc3b6564,3,1,189.91,0.9082390695258681
train_05088.png,172872b0219d139a3d934e5d6f78fd16b612d2db30aedc071641996873658ec9,0,1,99.68,0.9377954789799693
train_05089.png,2390d02502e435426639882574a648520f048cf01b23597d532ae4e1e0f60447,4,1,25.79,0.6635321742432395
train_05090.png,757a0799532f51be21a0b06e50a34f969c39fd64eebc307c9be1bc89461e468e,1,1,349.59,0.449373891574111
train_05091.png,df8452f68a625efe093fdec6dfa74a78fd1385beb46b64afbac4cdc5007d171f,3,0,333.99,0.4051765231384998
train_05092.png,2e8f8cfeda7d3fbbeb75422ff64a561a8f6abb36be7f9220f137c6a53184967d,2,0,296.06,0.4082738550450165
train_05093.png,ef280cd2e5d53e66c9f944e644f07bdd6e4a1f38c5fafbf0c0d8d8dc16f54bbf,3,1,237.79,0.7113532857298526
train_05094.png,46e32a995957eb83a471cb35101212e3615afe047444ce8248c3f175b8cef4ec,4,1,270.68,0.5026766625312522
train_05095.png,48561d51bb38fc5d4cdf5117fd1297098a7cc2ebbe180c00e9140d9b17bbe875,4,1,63.8,0.8593586414754001
train_05096.png,1a28a2174a9c6feeb1efee0b8c2b661f3564b72d4c1a0c7453051e763d864745,0,0,3.96,0.5280079534767841
train_05097.png,540ddd22695b601c3007de27e30b7245686ef8d06cfd49009873ce4482b5551a,1,1,269.2,0.5160519211949753
train_05098.png,a46efb75814a254933d68f3b226cf6fbd27460c5ac5622e920fa6e4c9bd1dfc2,4,1,117.98,0.9484250490443297
train_05099.png,dc77b13e29b9bb7a27e2fc73c03b9570ece53c162115b0102fc7457313d96cd7,3,1,324.44,0.38863332595958355
train_05100.png,bca2069dac751e74dc94c7b583f0221093b0fe617b2deac8e83378811c762737,1,0,286.13,0.4350076043312778
train_05101.png,612532d5a4454531933b6de65c780df184596431b9851e2b09857691a04c354f,4,1,90.49,0.9233705696413318
train_05102.png,74d82d5fd6a10a2293888035294f5695368b04750e9b375025fad523e74ea6c7,1,1,216.53,0.828716515464513
train_05103.png,4df73779e0c272190f4bd7a1997e8e59a86ca261bfd6885b8519f03bcd1c592b,4,1,215.89,0.8217692297836091
train_05104.png,8d17ee4bd977778fc174c74e5b5f1a8dcfe54f0371eb21665a348d10bace7ec6,4,1,101.67,0.9371332668258173
train_05105.png,ff000084f9fb878bbf158d1e02dfd89d9caf552b3f2ae3fa2ed5378c1c11f58c,3,1,319.91,0.3848131661835282
train_05106.png,0fcc76da05c48d02675408811becb328bef3bb2dc9d906061321e5af14cb5bd7,4,1,72.0,0.8848096150262146
train_05107.png,c539d7bd249c38585d04e8b8cbb9abea4a0615f44120742b5f4926f97f2cf1c3,0,1,183.09,0.9195541690268454
train_05108.png,f999ea47749ba04b6d51722c7873d5791180f6931f95807244adce4ebbe3f4ce,4,1,308.19,0.3841308746426653
train_05109.png,58196e259c4eaf3d7ddb0b6d6d901dd23370d4d90d33bd605f6fbb17e13d5828,3,1,172.33,0.935504776826216
train_05110.png,5860a6d6ce8418e0ac0892fdbf1c75af2e371ee35f36e6184096d5dd69593dea,2,0,64.45,0.8632867567083436
train_05111.png,2b18fc345677f827444cdb57d2f3f617b1c46cbd77f2decfe1bb968f3916418a,2,1,82.44,0.9096308372877143
train_05112.png,04a6f7bc787d2e72af47c99d8fb3df283dbaca36918a8a6605fb684853bd1977,1,0,253.77,0.6115531343046912
train_05113.png,780b738f08225a9e1019ce6f8c446efe23e604004197eff3f04e002ed5f10714,1,1,24.48,0.6515598704167844
train_05114.png,050e0d7e75fffbe78eae709b88d611cc9de7ba6425cc92453ae69315c01dc782,2,1,56.04,0.832302440052523
train_05115.png,c3119a9853310c1b120cd8c296722a8221df5db09903b2848a36e57f00db9970,3,1,212.12,0.842778618797024
train_05116.png,fc0241acd4cc23d486fe09d9d51242564e769ef431952fb37d1832e1156cee19,4,0,324.35,0.3865879418768931
train_05117.png,643e7a20139930e716cf8079a1216a1ad0d7ac2d92799d943394cb4ec1b9b5ac,0,0,293.74,0.4043279745904467
train_05118.png,36644f3582ae8f74bdaa5cd17223cc0f12c8efe7d81141b2e9fb010571838ecb,0,1,61.1,0.8538830730849808
train_05119.png,15b099430e72262f139bce29b4c03300c5e7933a9eedfc06a7d68b8bcf49d161,4,1,88.98,0.9210364623851548
train_05120.png,03f4e334eb2bd48b129dd8fe8670d00237899813b93c980b1560429bebbe79d7,0,1,285.69,0.4297349667639406
train_05121.png,5b7ad694da34739da97f33a19ee8cfd58e910617d00372b5ceaf39a14c81be58,1,1,121.49,0.9527664288557032
train_05122.png,11eb9a859d482e5c154076bdada39e9468cdc5693ae112a4457aef87b5f5c862,0,0,334.45,0.40158200081171436
train_05123.png,bd80a6767ffbf2b88fc2ae7feac6d3ec34700a267eb7129f228c81404c29686f,4,1,282.91,0.4456272946937549
train_05124.png,b1b4a912e6515a77d3b645de391489ae161880bbb1e3827d2ffe804da59d8294,1,0,315.89,0.3777391166006676
train_05125.png,2a8d6250694095ce953ce0b4e50657cae9d909abc8a92d0649bff7105c5d3df6,1,1,90.99,0.9267809743402636
train_05126.png,da155a01d039c85693125b1b1eef718034c35b65a118622df919e338bf0df78a,4,1,152.53,0.9482462419976563
train_05127.png,83611def1297527f36bcc748cd608c91578977e884a48d53f600e7fd669452cf,4,0,278.87,0.4626654385522719
train_05128.png,2f0802daa61c4f1943a387ea3dccd668cdef11ef450636dfdbec24c7459c45dc,1,1,90.29,0.9257223441508223
train_05129.png,ffc15364359b87af693fdcd83fdef1b045a6d06d9cbfd7f56f7cafa058158d40,1,1,33.57,0.7100577729322615
train_05130.png,2c6e0effbf1c832a7f11f6569ea217c170af52c32e4ce3894d7027fb9278c3d1,4,1,293.4,0.41048238429290623
train_05131.png,d29656ebf1bcac26a34afab8944cd5cf53757985d100354f44471fa16bc08c26,4,1,104.63,0.9398686873012174
train_05132.png,fa63716ea709171ecfc43335f823a4d9f752c7a4a81898305cbd22b37280cbda,3,0,317.12,0.3837478728000151
train_05133.png,4ab6e7337121484a28ee7cc43f1012d31d9697a4ac35c033f56ed68366122fdf,3,0,345.55,0.44052179744328773
train_05134.png,d6d67b0ec04c8324e76dca03e7ad5209c279cf996fefa5432f5db6dbba572f47,1,1,127.7,0.9544646062168335
train_05135.png,656cd0b11ae716d8912c8aa81410d5d2470301532cc272f7957db3383930f655,1,1,75.39,0.8959380858361914
train_05136.png,ef280cd2e5d53e66c9f944e644f07bdd6e4a1f38c5fafbf0c0d8d8dc16f54bbf,3,0,339.7,0.4205595725948513
train_05137.png,81d9c0b87a578215e31f46a7f3f40da661d5b01f54aa4f6c22625436117a9fbb,2,0,303.32,0.395223474615159
train_05138.png,16062bd7885a1ae2ae69925e439cced96b4b6a89ce523cd136cf027fd73c0f5d,0,0,292.98,0.40637800073125613
train_05139.png,71c4737ef83b5fab815b7a4c90d28795c374726ef6a38ac1bd6b3256b4cdeb27,3,1,331.97,0.4007167095120704
train_05140.png,79ecb4e6cdbb30c7d2313d8133ad926790e1f4e3c62c22d05f64453c39706d23,0,1,317.57,0.3772361035243307
train_05141.png,1c0f29da6fa14526d00d54e94aa8d45836d6c3562445f669c43609181ee2e812,2,1,252.07,0.6116557555287091
train_05142.png,6b443642fbe0a7287df11752cee0cc8d090c1fbc1ac97b3761544fe016184d36,3,1,340.79,0.4239594378442663
train_05143.png,e0ca8b150b36017aaa3d2e4c6b711abb520095406dc5c6b4d6bc1c288e35849b,2,1,326.73,0.3975347163398237
train_05144.png,e106837ca3e88db327df22c99a27085e2ce93406c476d5b31ca5acaed030c88e,4,1,15.49,0.5975379126996273
train_05145.png,e5303568ddd829983703573d47a24e8983add692491203f04b745157238be38c,3,0,316.61,0.38365917754499945
train_05146.png,48187496d834b53530dfbcd8a78e58f3e6dff9ef212e96ce3e51fa59f82987cb,3,0,344.24,0.4356875720261793
train_05147.png,d5348ad0feff68d76d1b0003ca7a5a217cd9e112f410fd219185675cc19e0843,4,0,341.6,0.4252129960949373
train_05148.png,60de415fc72150236a42f35db5668bec9c7c00e51e8f040fe80ec3349e3c046d,4,0,346.14,0.4414927531735074
train_05149.png,fc8dce68a012cce7f2db37b3d9fda023cf6c6402a61fa0cff2f4ba90dc4349af,3,0,298.41,0.4019642731802362
train_05150.png,8c8c8b349668954d9c451d4d4858d17403b7b3c6957f8bcd83e1cdc6d5d19ad1,1,1,145.34,0.9542810316066203
train_05151.png,ef11892518812f5234e4238266366096a6c35839597c2a95ae3021667b4d531c,1,0,331.27,0.3924698681066002
train_05152.png,44df80b8b2337ceb3e17be8d9468dfd0f40ed0e238809f6bd51e0580dc928d6c,0,0,284.87,0.4327761076189312
train_05153.png,69465aa2b5653038c68d67047e9be79709f78560bab565e027730037d6e5bf6d,0,1,111.36,0.9472547809390306
train_05154.png,be3fdff912004c074cf71d0e239a2f48c75896e4844da9de41cf261d692e8365,1,1,245.73,0.6642899776243892
train_05155.png,49f4e55bffcef74dcde6462bcab36202e85c3a60392658656ba589efce68127b,4,0,277.12,0.4706192639226405
train_05156.png,bd1761941976a93425d1fb5c29f33cf4c760c0deb9e8fa42f716cb56a4f5f96a,1,1,229.43,0.7644320002349797
train_05157.png,d963032a116618fbf87510b233418c6f42c7b4651928acd00783ea0078ba8709,0,1,37.1,0.7374114760615609
train_05158.png,e134b336313e0c95e8019c32b88f22cffd26bc0e3798512dc55d87a59e08c063,3,0,292.75,0.41617766106261184
train_05159.png,bda7e481964fe652aa798d5136b6164d360f356c0a977545766e63813e4b5731,0,1,225.87,0.7730756463393565
train_05160.png,65a0fe4478b6178a47821e2e98648bb52acf727c42c5ffb9bde85be58a33ee87,0,0,341.3,0.421771029096193
train_05161.png,01285d7902d2b95073561492d8d2b07943173a5aa555a754294ac9f34d7d9cd8,1,0,327.97,0.3867602480835353
train_05162.png,1c0c66f084fef9c2dad61837e351ce7fdcdda4d508a26f56937e0b88062c169b,3,0,316.58,0.38365498068885795
train_05163.png,e4d879a396628b01d6a35b48df75cfe768cef8f0298a22ca6cfca7399a6d0262,2,1,157.06,0.9441119697068742
train_05164.png,89ec59e557411e6f7d54c42aee2237c55b7755ead7dc940e418d56b03fbcd927,0,1,102.7,0.9407236873984485
train_05165.png,2dfae40bd23a56de21a4275336482e513af546c7989389b43193014862de3568,2,0,271.37,0.4999517858938676
train_05166.png,3b32d679a10216289481c2467e74e19ee50b51616dd11e174bd80cd40d2bf220,0,0,182.54,0.9204848217246356
train_05167.png,cfc90be848dbbbb91b956aa2557888141a26d0008ef4bb23590cee0059ae482a,1,1,249.33,0.6406925972396069
train_05168.png,bef0bd5c794c6aea6bd4c48df9474568035040c118f8f50ec61b929f9d54e685,1,1,82.82,0.9126414296569154
train_05169.png,43082d2dbdfde1e7e9f8a141f64798598fd89d9ec52c6868677d0511a889f798,4,1,87.27,0.9182391293318155
train_05170.png,d146ed16abf8d376b34000b3bbfda89eb1faa230038bda0eb309ca033afc29ce,1,0,307.81,0.3820958520574699
train_05171.png,2d02730327953b0d287340cb0fc3ab81fadaca23d8c7b22619b0ed712b85d827,1,1,205.97,0.869134099627613
train_05172.png,df1265661b24ac5f2d761ee5d52ebf32292a0995f88325e76fe9805f4f2cfe07,0,1,180.18,0.9242797393210563
train_05173.png,ac72411373037d0d26b63093c7058d599091082246c60c47352b0cf8b1600387,4,0,54.02,0.8209151835458203
train_05174.png,c69a830b4424793665aff3f6d6122b074c1a173680a4a6f056f8b9daedc7fae1,0,1,211.71,0.8401396265492616
train_05175.png,944ae1ac93ddc2c5fd6a7c12edb595d390c2aa3e9e2f0d08e67e626b1dae3097,2,1,161.76,0.9408815688770098
train_05176.png,0f74ee63b9bae6e5bb9fc6b18c928ac5dbd54a9bcd2312887b53294041d4f2a6,1,0,358.56,0.49205567923106264
train_05177.png,0984db326bc53c32e26a0f59580a02fb4d5657987b13e55365831c076b482a0d,0,0,303.13,0.3850518843590236
train_05178.png,7d7f130cb15eae2054abf0462d61dd26b5158eb9fef7121c32f5396ff3d18f01,2,1,235.38,0.7154013882749197
train_05179.png,84b535c8c8159b0be165a74a4216a10e5cee53eedd55d175d536dce0ff55f17b,4,1,283.01,0.4452295673617024
train_05180.png,3325b1c11577c7a687047eeb8ade4b0acab09cdb012af46932d7a7c178337d4a,0,1,277.85,0.4621223686373947
train_05181.png,3fd882cae1d307a05954fc3d8feaaf5f3cbaf9fb74b2ace542326dcd4e57072e,2,1,356.35,0.4962601153959086
train_05182.png,c3e52040bf6cbf60a2023828461bc532513d55b879babd3e1a887695b87b5a60,2,1,153.9,0.9458869515454371
train_05183.png,cc47cccb6745bcff8512ab20729dcea8bc3c70d242761ed2be15d3ffcc587aa2,3,1,156.7,0.9481091821875092
train_05184.png,84ae490884c8eacda0f952fca6c3c88490efbddc8f708f9b15029297a143d01e,0,1,346.12,0.4394872462709869
train_05185.png,1219a906478696ac557dd558dc38d764966933c6a0803df9bf6f632ea827ac07,0,0,163.97,0.9429483398011526
train_05186.png,35913b37195d10baf35bfd89cf4a6e6e9ca6808c3aa4b4b1aad46bf05f2d98e5,2,0,348.5,0.4601845078095271
train_05187.png,aa39c0d913cf4b07069a48774b850dbbe8c62ca324e9ef9ee4ff55949f8d1e95,2,0,307.36,0.3907849518016469
train_05188.png,5834cd517a647386f44e9f71fc0961a1213a904a583bc596b30cd80121e1b9ce,3,0,67.0,0.8717185837536049
train_05189.png,78fa232af65360768352d42df18e215619ebf09d484b83ad179ab2dcf8a03cae,1,1,146.98,0.9538902283990909
train_05190.png,c23d9dc19acda9adfa227de9f5180c2bbde71345b56603b660acf6940f4ce715,2,0,326.01,0.39645354186948967
train_05191.png,5f6baef9ad254ea157debedfa21b3593097a9ddb1b294f08e3465d321eeacb5a,4,1,195.59,0.8914787437196063
train_05192.png,5a07fc0db5831c1037dd18d2bb9cfdf2bfdc502c214a03ce6f465d77ad8838d4,2,0,356.09,0.4949634338838573
train_05193.png,4774e3f02775109a1cffff4773c5e7adb8c533e65e0285152e70c692b45648cb,1,1,196.41,0.8968304020944337
train_05194.png,b81286af2a7756e28e25fd6dd75392c5dad61c11771926f6175de9f0891fb994,4,1,191.49,0.9013079192840046
train_05195.png,f9c2709a7f3157ba5aa082c7665b8945775eba6aaf9e1d5e656b9cf9951bdfcc,3,1,146.64,0.9521578775557556
train_05196.png,a92e7401fff46e846b04c01f80df2ed267d874e5ff534a1710610f462c344cb1,3,1,308.88,0.38632773285402905
train_05197.png,ebdbe4ae5f487b6bcba78f2406944a5084a606551d13c570b86eb09b3db72f6b,3,1,118.26,0.950046889225985
train_05198.png,64762108c3341e9dc7cf3e5f20fc7f8fc97004277dacb645e76a0e435a867404,4,1,343.52,0.4317938746146942
train_05199.png,eaa0981ee32f0787eb96bb31211e13c91941192ca1dcf31b1edf6adb6a8888bd,3,1,23.32,0.6490473425402388
train_05200.png,defeb9c232caab9ddbd736634189849c1b9b1f514d2a0840df238fcbe4e89694,4,1,6.69,0.5434501924939332
train_05201.png,b7e739baeddfc96d0a05a1ad44f067c2c26c5304b00ea78d3a1892ba75b25754,2,1,64.75,0.8642735050958029
train_05202.png,88c7fe82e1f6c5d5a1a5a32256904276599fcd596943e2dc0a892b55b8b5603d,2,1,215.37,0.8198457240849258
train_05203.png,178077759f0854d4a040158318cde1b6b6450e45807bc172e965b7a3eadee5ec,0,1,153.19,0.9497832620210785
train_05204.png,ac14ff8873210c6c634e93b3a787cc0f1a332b67cc9cf9dd1104ab2690b2cf9c,1,1,339.96,0.41417722434480414
train_05205.png,450e72aeabfbcca730e3a89aece3c307dd0a3cd8e5bd73e275647dc03ef03669,1,1,241.44,0.6920187029613637
train_05206.png,44f66e4480ed9d1d49a28e19fbc32a122f0051d55cbf79d66d31e0bb1e5fa906,0,1,142.39,0.9532763306024722
train_05207.png,442d38408c5f791f8fbf6c625b02ea1afb8d09ebf820deb276cc3067be9d4aa1,2,1,175.71,0.9263680089906482
train_05208.png,5c1ddd94e8d660f84000b91911b9f2ed4120ac8e23e1a462cd005853bcb196a0,4,1,351.51,0.4638951623257412
train_05209.png,59201dd9bc669256ebcc4d19fca3a9a8aad199949a1526319bfbb0d03811b95d,4,0,356.39,0.48704457052512795
train_05210.png,faf21246ab1aa15a85920601640843a74880344de73f67ab3131016a2ee16140,4,0,328.08,0.39178928911142713
train_05211.png,f67416926528270b74b5b5d51a0ad4c83d34ef7d4797b6bac11c7db25d7ee46d,1,0,217.62,0.8239156740991135
train_05212.png,b7e9bea46530afa66213616f545420dcc246c0aa6dcc5261c5c00b7bb8ed1ca7,1,1,17.73,0.6072750953025501
train_05213.png,db12498dbab8ee5bc2e3d7945b23166c476ef6b911995496ab70eaa1c08ec5c6,3,0,272.63,0.49812255626165625
train_05214.png,f7441786d3f094a1d592b19e03eb40c2d3bde0883aa470d5690ad515c936adad,4,1,0.2,0.5068135205954253
train_05215.png,a8e807e7f48beb216c383487350cd7cbd6a1bb65b2eee92a2c7a768cbdf50f82,3,1,63.58,0.8603289343122202
train_05216.png,2e1c880af0aac837920c4c68db2f6003963b8a6681e8b959fabbcaea98553444,2,0,350.09,0.4669583409175825
train_05217.png,ad0b11b4cff72d607385be797caaeb3b7ff82d61823945dfd623ff4e7c98c6b2,2,1,97.52,0.9322635681715159
train_05218.png,04855eb95eca41071f20cd500b9312fb0b4cfd0bb3c09a051336aad47da378f6,3,1,228.62,0.7647813101915197
train_05219.png,86d3a070ac159fea50328fdb8370be65fd2a9e9a7e5e0baac50e9fc56a50d8eb,0,0,340.55,0.4192728413687834
train_05220.png,3a7374210e3001141a3909fe7a230d2f29241b5c3d0aebc2fd9d40405f573dc2,1,0,352.27,0.4611747133111869
train_05221.png,97f1bd4a6dcb2171ee611a9c6fba20533e2b4cbeed693c47b9eba7c826a0899e,1,0,310.09,0.38002263592415964
train_05222.png,7c4db7e391753db17d0f5b39369ba5be058b5eaa2f03085ae1f2ab824f029513,4,1,244.7,0.661068275858259
train_05223.png,c5c72e11f956ce2e1551b714c4aefda5e620e7f33db7d154275d50461291fbd8,4,1,25.18,0.6596323028892694
train_05224.png,1426b7595c582b02ae042e120b9fb26dcb8bed687771f932e7436a571baa12f7,0,0,339.85,0.4170046671010406
train_05225.png,05cddcd8130956a22dcf28bc53c6cb8c27dabd2680a9fe1a0beb07c12c1304db,0,0,326.96,0.38631422510048047
train_05226.png,e47990c64aa6c7342bfecf526ceb935078b4402baf026f4fda7e30936243b662,1,1,60.16,0.84741277678497
train_05227.png,779c6ea931a2f36334d017be53bd47ddd62d516f89a6ae25d12bd7755fbe1819,1,0,136.19,0.9552830615332768
train_05228.png,f193e12b8f89d4bf0c4b5816f64b15e5bd8beda5dfaff5eb2d049f045e2fb58e,3,1,290.92,0.4216325667770747
train_05229.png,ba8db66439e1a4e0c07522c232d6631f415f25617acdc2c2180f5d6139563f11,1,0,340.09,0.4145751219947519
train_05230.png,c144ad9435ff73b88a5cba58b2a97901d432393965b54db2cb6b843ca87c1669,1,1,68.78,0.8774378010719164
train_05231.png,d9a36ddfa4d279148e7740df3cfc2eb5ca8a3fa4d266804701ecaae671a7498e,4,0,328.08,0.39178928911142713
train_05232.png,8053575013feaeffc673d830b264f3723b465adf940e2798ca6644f21b9b2704,1,1,312.71,0.3784597875486202
train_05233.png,3690f2cfe4c9349ce11b6d0d7c52a4cb96ac55c1dc327497ef10d85fdad0c838,1,1,122.0,0.9529426653906605
train_05234.png,f85b083007a6bfc2e0d717a48d5775a9da29aee234599a7c75780c511876f6cc,0,1,23.98,0.6549337263074495
train_05235.png,b1390ddc866228fca81faa7dfeddd4b03217c941596d1e80216cad809f1ab3cc,1,0,116.82,0.9508292862264955
train_05236.png,66a5e2251940cf51ebb07bb38f178dcb00ab81f8d84e9082dfdd23f16d76b081,2,0,337.89,0.4224767462035318
train_05237.png,210d7795b5a1cd763b5b478c6faae5747ed41245885d3fdc588eb240cc806293,4,1,75.51,0.8939817052422816
train_05238.png,d6d3139d01fd072f296aebbbd8dd76682ec101b410ddfc318056e094fbb40581,2,1,333.39,0.41057405715749057
train_05239.png,724bd576ca73f698d2724160ef2b274dc8ca234d9a7b707adc4856eb7cc44d64,0,1,203.0,0.8716504903175314
train_05240.png,4f6e0a57ba4d4193718886a42916cd4335e0ffc0dc9027c5ba0158609f4a0192,4,1,277.48,0.46895545415740475
train_05241.png,df0376ab3b2d144d5e7b4e895f3d6d8c35a26254493c343ea1ae118ff988d9be,3,0,293.09,0.41521025098354003
train_05242.png,d17ecf94d7232dacea06626d788e07e7468e1a80845b363a059fc8df6644ea64,0,1,154.52,0.9491347983855413
train_05243.png,05882ec51b29985cbb4356dbac3ef79e0d4b5b24318c4313c3c00cab94d55713,3,1,244.22,0.6710477146655794
train_05244.png,c78e695075e90cb98ebe6c973ee6870050bfaaa9a26719fd6f8aaf5a7b4bac3b,2,1,195.48,0.8883450546343735
train_05245.png,0b570b0855ff45b3d91661032933a3f53ef96f7a0e3929ffc6f4bd3b6d388ca3,0,1,100.8,0.9389242497202324
train_05246.png,7cb70dfc8a3eefc65e47da049271605161975b31a63fd2f4e365207b012cad8c,1,1,248.85,0.6438468394181173
train_05247.png,2917b5eaa3ab8dce81dff62ec7f18644d041191403fae78fe20dc9a92b8c68b1,1,1,346.82,0.43807669955464534
train_05248.png,cd52116b3d53481a1e88f2ee13e58e603688e10dc573a011a407fe89bf228895,4,0,298.71,0.39787267406656174
train_05249.png,fcb83fdfc87ee14c2b7214a8c6f5acace214eef2ad2e110dec9943680cdec019,0,1,234.76,0.7217385942101454
train_05250.png,ad799eebeb3181aeaf991c406419403827735d8d816029ed7b1f52b5f613b2ff,3,1,19.97,0.6274573655161936
train_05251.png,7ace28eacdf85b58f1f83b95d5114775da1f3de8157c4e3afaaaebc6333c748c,1,1,154.02,0.9514351449303552
train_05252.png,483cb758d010453473c9379e9b803c23ed9dfc8f4913e8f53c1818f6070aa3bf,3,1,300.69,0.39737970278443757
train_05253.png,d2901d28f725278cc6e364400392d3989c4783e9d9034d329eb5425663e6973d,4,1,4.16,0.5287658343605862
train_05254.png,badb0315913d5c867afa55837144120b082eab93c2b328f84b635d9420c87dfd,3,1,144.25,0.9527294528108669
train_05255.png,6dd4812ab09b6b5b88317f5e02df96cfd45471b077074bb5ec1df4c64bad8ab1,0,0,174.31,0.9324246114847143
train_05256.png,8f520432407ffd150a23cedf4c17474c4d66d0743adac05258dd7739eb9cfa7a,3,1,194.91,0.8970118456621151
train_05257.png,a2e014749ea4b363fcdee5d893e09de1a618ce0235bc3c36cb77f2a4399e6f5b,0,1,279.41,0.45509910369247686
train_05258.png,2d11885f694d683ae129b767e5d758490347af82dfe50e1702a2742088f964a6,1,1,130.82,0.9549621381669631
train_05259.png,19f16f2c2fc40fb80eceadd12235a262588291378055b5cddd432c58901f0c13,2,1,216.95,0.8128529646151611
train_05260.png,ae7d1debd1f090f4b6ec2f063cb600a71dcdabdbb0ef5fada3312c8f407f5a80,1,1,184.12,0.9221264063592512
train_05261.png,14efb2fbe7cc46b469fc01fee0e8c23f1c2925176818cbcd2242333623555020,1,0,309.96,0.3801229956968005
train_05262.png,1253369e5082145dc834e59b7426551613329fe55ad29ce2897291887c9ebcb6,1,0,323.86,0.38159903316131233
train_05263.png,c6fc707b5e3902f1aa93c42a1aa0cd1abb2800cded2462fe43fa2bfc3aed837f,1,0,159.41,0.9486347112812539
train_05264.png,947e161dbca86babbd75a726f32cbbc2563f86ad7c7e178e85e050b2df2ac960,0,0,222.52,0.790691691714642
train_05265.png,7ef5ff95e623e7bc987b67fb3bfa880294cb4b88d71f41eb25dcaf48423515bf,0,1,119.12,0.9510844597004875
train_05266.png,201a03d971f0ac9e9b7f7ca3ce11ad42d5174e8423be4f0fc5759eddc2019cd6,0,1,106.59,0.943980414484841
train_05267.png,cc0d05b066582c533df6a89a701548000a5c1f4d2dd63a82758ca0fb488ef504,3,1,275.12,0.48550816856590284
train_05268.png,64c53edd43780dd3a57cd563b19a1ce6dbdfd34b67e24c78ad7f0fdf8c863048,1,1,309.91,0.380162170180661
train_05269.png,2a529f35255238d0ea90e584326cda0d2c11ed531ca9e21d08b20764cffa42e1,2,0,292.24,0.41775152505293006
train_05270.png,c6cf0add262ab369577add20f21d50cd99a2bc32d5557be059f720b410bc4607,1,1,68.69,0.8771599862181986
train_05271.png,eb47b6229d1d4b036b634e7a78a0c7f8d6a156f8b89c15ccdffc06443c5bcad3,1,1,5.03,0.5279896113008617
train_05272.png,8b643d566ffa78fb4571d6cc5b53d6a301f0fa44d7a8510aeddb827a666a40e3,4,1,351.22,0.46260105312018246
train_05273.png,1115ef75dbbfdd4fa43f495f6df05dac162fa61df62b7174fa9fcb2fb0a3af7b,3,1,85.33,0.9164791752415682
train_05274.png,76aac9eb906b6ad90fe993e6e5786f1404b47e0f8c106b03c5e61e99bd1d2901,0,1,125.76,0.9530565282420184
train_05275.png,df1a13966d1203b1fc623b55a622002fe164ee8f2b58a1af7fba0785cf0253e5,2,0,307.18,0.3909397320362147
train_05276.png,daf52e5760f83b437c5a6fa25e9c58d270280cd381db8f4468908b53d98d431a,2,0,70.65,0.8821085711766669
train_05277.png,db9a7f00c035ab7dba11ce02b806f21d99d9062a2c9c7b58c29bfaabba47464d,1,1,348.18,0.44350736349022757
train_05278.png,0d2ab8781d7b08ce132b5a0b64efa70a0911d2c0561f164062277971fb4abfbe,0,0,351.82,0.4640441556429848
train_05279.png,cd47134f8fec473ea1ea184c6abd88fe3cfc80851b7d511121610eb67f0ced35,1,0,263.66,0.548687808043267
train_05280.png,581f4c573b198b019759615c5a65c412beb82fbd079060405473552018306e68,3,0,262.66,0.5542410747083346
train_05281.png,ef74844c02f859ffb5a90aecd9f0daf0139c92da221de8b67b8158425fc4e3af,3,1,197.19,0.8912758295494406
train_05282.png,824cc7d9c3bbe6f15ea8c9fe7d251152d7662ebe3f50f1a74d746f0e8a756929,4,1,30.14,0.6910547352712535
train_05283.png,1449facef698506e1292082a6ef0e53cb18eef1cff4c3d964eb326ef74a27742,2,1,176.98,0.9246167347776812
train_05284.png,8448e920b385ce6a744ea8f14ecce228217e33d15090b6fa69641b4355c0940c,3,1,11.2,0.5718626366532739
train_05285.png,d01ea616948913c206092c64941039c735e40e8680867d76c5c8e7a13405ea0d,4,1,28.81,0.6827047536419135
train_05286.png,9fbfeefef4a766018eeaae6d61b60f24f65d980f9646c55a5ae3b50113903afb,1,1,212.76,0.8444032184989282
train_05287.png,73510bcdb7099bfc939caa2ec73baecc9f6ee5f5ea02d70c17b1a4bf354ddcea,2,1,156.02,0.9447299971368501
train_05288.png,977bb856b5f4603abd10cd3772a81d924e7b495803774bbb73a0a4952438dec7,4,1,19.22,0.6213510279630736
train_05289.png,14bc077a175b504c26390ce611875a74956e3a94976c50c65d31fa1f5289d091,4,0,297.19,0.40112237450825183
train_05290.png,225494e359c83a19748b1c997f739adbe38b1b6d46ad52a19fc589481578702a,3,0,202.09,0.8775310933042776
train_05291.png,543d1cdf18069dbe6dab9dccf41ed5170b59966683e7a74de5ed38d3b2fb43a7,2,1,178.5,0.9224125753566145
train_05292.png,91ef2573b65621f2af8d05caf0aac70f9e433c0488f93e7379c75dcea088fb1d,1,1,341.99,0.4206347422646762
train_05293.png,5729273c30f74fdc3f0f5aeadd599b0365ec5e43e68ef0dfa17626d365d4de8f,1,0,232.26,0.7482888835412835
train_05294.png,f82f6e87055ab8a9ba33bc75a4c1ef245c5ff7a15f03ed3104e159f88dedcbf2,3,0,107.54,0.9437431604325907
train_05295.png,e4b312bfad1f3c0f4d3eadc828aef8d1909d27adde9e7ec029b787962aed8c49,2,1,195.15,0.8891966015011951
train_05296.png,e80d0754e4741384bbe1bb3c885b31f295d5aae11ef02b6c0661d725abc48259,0,1,162.26,0.9442870730142405
train_05297.png,bcb4d7f7589b5fff0fffdf3e7a2a6f9025ad86f199c0256b54bd9f1bb33e47a5,4,1,196.38,0.889437637416159
train_05298.png,3bc9916a46e31ba2c590aac74b822f528fda83427270a943220d44824add9242,1,0,324.87,0.3826671123030867
train_05299.png,ef95ee0d0eda29af0f7c6c8c13fd92bf5f277f24f67935a62cb5e111ece2da5e,3,1,167.02,0.9407859041111338
train_05300.png,e762106415e3c5b388948d3a9e26ef7b3d6dc8d44bffdb62654076a9920ec9fb,4,1,303.71,0.3892232553241029
train_05301.png,84c89f1cadcae1ba5c42c93435771b4ed208e73f922c7f0f790a0e547bdfc84a,4,1,306.22,0.38606097310612947
train_05302.png,14cf6bc66cf4eb2b92178a1b12b82596aa5b4b37d64a83501f798409bc9d0b6b,1,1,130.43,0.9549125842371862
train_05303.png,2f1322b29f831519349a0950bc076b56b0e676f43d73b2f81ea9fb53b217b959,3,0,295.06,0.4098901735509812
train_05304.png,694abeea5299ae8e8a02dbabfcedfe4cbaf6b0464046c6b83380b9fd1be12609,4,1,207.53,0.8550385392053919
train_05305.png,96f226a5a167297d1a65c40c98022bd83b94c1937f2ab89333cda384374a6245,1,1,192.98,0.9049494892193526
train_05306.png,07a0d258864648ed20162942eeb81f7632ee6a4a55f5e15af5d8421092c20c1b,2,1,53.87,0.8232408282366709
train_05307.png,506bea154661be2efb60a77fac9fa7f6a3798ad72349ee4c1f2bf7df6e75f9f2,4,1,142.15,0.9514306209130527
train_05308.png,9ea98cee14aae19e279daf170b8ba81c3cc0aae6bfcea7acf096a3c364439f81,2,0,276.9,0.47343757786823176
train_05309.png,69503e804db6d4bb318bc2856ccc2f0c03c9ae64e39407f1d444460ab9ed71ef,1,0,201.84,0.8820662470272792
train_05310.png,425ce8fa62583486f3027d05d33f9a7d7192d925da5ec2bc58ae5a8693aa85c1,1,0,335.92,0.40288422083336134
train_05311.png,8dc37fc8e5784602bb64ad55c530996edc8bb6317f2de2ffe0b5f8c9509b1538,2,0,303.16,0.3954408310157832
train_05312.png,75d25220257ac900b81fb2dccd32e58ecacfd0800b19bf8be3b6ae574d0df5eb,4,1,342.14,0.4270184728891107
train_05313.png,da19d91c571fdc133643207ca90ce00729368e7261b083b9850c0dc36ef857ce,0,1,156.74,0.9479365247299307
train_05314.png,21d2b581a534a7b16bbea597e02b720b1c7d8ef60557e01d4140e2a0d4c51f22,0,1,284.37,0.4346709142509723
train_05315.png,6cb1b52d18aa699413acf3efa8a2926f3c505e27448fde884aa0af9f1c004a2e,3,1,189.83,0.9084044027171363
train_05316.png,bed04d1dd3b59eaf562cfc8a328f816e1fc226e4c1bf6f28dd0e8510c51f42a2,4,1,165.92,0.939478562697268
train_05317.png,af17cdd3d1730ed7056a1f5d089c53be425aee17f765343aeb20eea1939e7c38,4,1,163.87,0.9412125845480461
train_05318.png,42ec3f90709b90db7e84adaf5a24080963a237f75d8eb9254b13a89a7a84a092,1,0,290.19,0.42055268767366955
train_05319.png,afdcfba9298fcdb72700b337bc35ad397651d4fed9d9cead98375d3e8fbf56a4,3,1,217.18,0.8216227236109449
train_05320.png,3baf902df9efcfc9a624947ee0441b9b029c87c4907e66bc56297068b7427ad2,3,1,329.65,0.39623022023532833
train_05321.png,abbab36c993604dff11c7116ca78b5ddbfa4345ff5477d4dbb079bcf6127405f,2,1,87.86,0.919176377879525
train_05322.png,4333f2f1ca387d00dee17aaa4ca0ae5bd5b6f91db4397ca8aeaf71730540b621,3,0,322.14,0.3863702207208433
train_05323.png,3f3f869dc4a06876599e6d09e33156f52d171fab2f9b4719cb33fd7c9924a980,3,1,203.93,0.8718428708441486
train_05324.png,0e43cd7a463ed5f08633d71d530400f2b946f9ecb91788a512f78c66a49a7c3b,1,1,215.94,0.8312653796992684
train_05325.png,cc6d66817347ceaa052f72e66d1bda640224a766a91b486ee8d12637b687d3da,0,0,335.79,0.4050651262029885
train_05326.png,28c4bd81e0bdebdc70cef9ef042f6ce51776bb93bcedd5b1bd8a67c6520218e7,2,0,298.05,0.40404852892730153
train_05327.png,159288761e69c14a5ab2ea85ab7136a2d87c3313c14b1910774bf781a22f155c,0,0,259.52,0.5628851045161533
train_05328.png,ebec349359497f25ce71e0f6d007e74da3f018ed7f82a1fde7ee830aff95be27,0,1,179.33,0.9255702387694057
train_05329.png,433cc32d585a2ddd1af7f0ed63a78102289ba6fee9531320387e9c2c209c5e87,4,0,342.74,0.42906628443713096
train_05330.png,2333952f01154dfda3074cbb1b75fd3c8f6dbbe49eaeebf831e701da1f0f3545,1,0,331.47,0.39286076547813553
train_05331.png,d3473271a3eefcab812c06f976716ae22d90f8918a9b7e5edab82819e32a243b,0,1,358.18,0.49574256132687144
train_05332.png,a13876dbd41ea24260682a8c660c476bccb05db02b639349dbd1230bc1b9c986,3,1,351.21,0.46375369863850996
train_05333.png,89972f0fcbd5c17062908af41de0ee4a11e38a42a97b22632561327a3a63ec42,1,0,18.84,0.614527839032874
train_05334.png,99372651822f00c6ed47627e4e6b8db220693d32e34f704c596f8979f11d7892,4,1,165.62,0.9397420822800385
train_05335.png,14d53bb9ef4e6bb988f5f5674a260db96672410979dde2996e53aa0471c6ab56,3,1,260.03,0.5702534949536804
train_05336.png,c74c5c75f3247ed3031d148b86d5539ccbbaccf0ac624942b154928ca0f29261,4,0,302.0,0.39182917493967506
train_05337.png,e85d3c6b924e043b6246c6a14614437b5d0f9a4885d82c78e543b542f3e1ddcb,4,1,221.83,0.7940471187132423
train_05338.png,0852a195c57ac521621817e232e1d4dee2ced9b58470103fbfb65558c5da2ec6,3,0,331.03,0.3988169723438818
train_05339.png,626725a8fe0d587f2d3c427519edc87a7b3e8c6d67bb2407229b13f5c78ce98d,1,1,187.23,0.9166755813543332
train_05340.png,14baef3eb0dfe7280d75d9ad69b716ff2c3962e986a2aaf1de58c1eef00567dc,2,0,321.31,0.3909719099946619
train_05341.png,b573a05a009564517d8f15f4d573cdd3cc25805308fd307dae0afab12a3cfbd2,1,0,291.76,0.4155176653734101
train_05342.png,3dc979d23dcf7cf186c4c3f1a58e5ee048270ca6053e29f1a0d348298a70a65f,0,1,259.8,0.5611439042067903
train_05343.png,f9ae82c5d58f23d4f8eaca492eb4d7d2a362a8e302572b0d87126b062ec122b8,1,0,330.57,0.39114210842718034
train_05344.png,6d202d839902141212eaffdfc6ca721a29f8c9c0a583740bfeb34abc3c48957a,2,1,237.57,0.7022321613885862
train_05345.png,bfe7d0a01171a05c31184a3258202c703b21a9cccf00f20a8032a002452786d5,1,1,253.09,0.616002094566733
train_05346.png,27a9cc517701306778a4df0866fb0a18a1980fee3ad536497168eda8ced3a09a,1,1,236.21,0.7247267631565163
train_05347.png,06b09e5939c28a3a3f1caea93075b316047e10320ccc893098cda64e35ff44a3,4,1,61.03,0.8493944500137682
train_05348.png,8204e089d8f8a03b92d4e2b647ac6b1eff41eef64efcd14997ea31f3ef0bfa4d,0,1,36.05,0.7311533422273758
train_05349.png,a742aef49f573e3dd2d49535743187aa22603936ce7629d5a8df9445e8140e1e,2,1,272.38,0.494879644692565
train_05350.png,81deb7a257d9076e2c8dfb9b77d5fda589dac67d011de056dfa15de3407d2229,4,1,86.51,0.9169415615133027
train_05351.png,a3a1c1b9a4cba45c594e8aae10217d45c2be98762e081f0d96d6da0c8bd9a463,2,1,6.32,0.5504724123438915
train_05352.png,0892e03710e9fc2109709eefd413d9494083841740fc1b65a835a6c02ffff2b0,3,1,336.68,0.4119138736330706
train_05353.png,5895228e1c4ab1507b5ec99f4a1da1034fbd87266cebabe963998bf832b9d604,3,0,292.43,0.41710137238908845
train_05354.png,42a5048b0354d07206631ab3bdd058bc6c7f044a46a71433dd7c7e306d121bc6,2,1,5.58,0.5461822453264016
train_05355.png,79e74dfe7edc65b2c1032119a49be4b080d41ed2277ac3e20528cc87cce67177,0,0,225.45,0.7753404843143834
train_05356.png,cd006c90da24c24e2a8554ea6221807415dcee74992df3573d8bef4fa56fbc4c,4,0,279.08,0.46173386668736954
train_05357.png,dea0bd19fb2b7e0cc633c9b165778f35decc583a0b09d6357abc8c10e4b71613,2,0,11.22,0.5797048883641559
train_05358.png,5b06fa285a8e7809924207a6c2e91c542431ba7a46d06c023884d066f76632b0,2,1,164.53,0.9386205502728469
train_05359.png,405562d8f59b6c0b6e997a477d522b8c736dae3793770fb28123f66d2cc775bf,1,1,337.41,0.40680688785137314
train_05360.png,fc1e60b02b97e8948300710975eb77e7fa0ccdbe99967ff87d6f8fa4e8651d6d,1,1,206.62,0.8669571482377294
train_05361.png,897c360165cf270c0642dff388aebb4a0e92522a49645ec2bff08cebac0bc259,3,1,322.25,0.3864632575352573
train_05362.png,78b2e796256b79806ebafeb534059fd5580f7e078fe11e1a71ded418d32bfe58,1,1,269.42,0.5148079098459362
train_05363.png,28c677f196d28644586f846397a6edd5b3efbfdc60e0b3720ad64f68bdeab254,2,1,305.12,0.39299649444569745
train_05364.png,01f0ea9b2f4d14e7baab2cbc9872714f658088947bd0560622a6318153b28f3a,2,1,350.5,0.46875040604848894
train_05365.png,8cf792d93697c46af1027124d6fe600fe9d1573b58167962ffbbc4de76f493cd,3,1,309.43,0.3858889706845528
train_05366.png,71ef36ca5b00e09de9860334dac2beaad521d67c73754b3b5cfe31cc7be69930,0,1,248.45,0.6341575810715087
train_05367.png,e06e8f9c8d489bae404402420f185ae2d5d5d0cfbc1cb1a1988a86a0a3846784,3,1,61.08,0.8513191800882074
train_05368.png,b01b788148883b1876a3966b6205226ce2fb265570755327eb82859cb4a272d8,0,0,338.75,0.4135645992035643
train_05369.png,b83ab4f597633120e0b4ea54da23758b7d88f7056c98bdf7f2fe26111351cfd6,3,0,278.96,0.4673323315354618
train_05370.png,24801efec64ba4cba5f3e81ed79783e4e1d2cc1497b93e72dcfd740a3baca938,2,0,358.36,0.5065029147361093
train_05371.png,8596b01bc3c4962a26824d8eb9b1463fb7a9f196ae07711e8d1ff8fcd47ec833,0,1,275.42,0.47361065606670566
train_05372.png,0b64c7518b5aaaa16f2bbfce06817733c05bd06f67586d100bad21696c5681d7,1,0,277.53,0.4722293699609692
train_05373.png,e64361dfe02f65c3543183a827123cf3848a9867e2933291974176b024196532,3,1,184.35,0.9187417896142228
train_05374.png,b7301e9cb5d11ce13d3ee60f6e3d3c92c5994e569367006df200ce909be26139,1,0,314.42,0.3779120095128835
train_05375.png,30b7ea30fdf03ed11cf571733ff18d540cf4fa281f1f5ace7bbfeecbdfa82b77,1,1,329.57,0.3893542631177004
train_05376.png,6b94a6f97014269e233ff891352ebe3bcf0501d980dedf15c4c76ef2d6f4e05f,4,0,327.21,0.3904203944117504
train_05377.png,36c0fcc6c10d3181509d8b70b31397912395a75810f5a705b374bf95da34f0bb,1,0,45.9,0.781721736021416
train_05378.png,fcb46706d54153f7164c11d8923fb0d3987c5eb5a13ce95a2ecb04b78d79cc88,1,1,356.08,0.4793667487452549
train_05379.png,c284224c761a765334a93d37b3c7d345ed9cff671abaa48550bad7ec73ffeec7,4,1,169.38,0.9361862192822621
train_05380.png,4d48546b4a6df8d6d2ced7f5f01f467c982e713bb82948aa162d6e1968108dc0,0,1,193.43,0.8984178224255246
train_05381.png,8ec789aee9e59fc64908690ba1a192a3a3600355dba61068e09c02b8e5caf59e,1,0,346.14,0.43544612653487924
train_05382.png,a9608c451b59f1eba9236a2deabed02890f9c6ceaeecd4239b8e97d65a2b9593,0,1,342.3,0.4252109856998214
train_05383.png,22be27a3de464e4ff4332e569850fd131532f1c537647c43618002aee52dd838,1,1,348.79,0.446016038067941
train_05384.png,928348d9ef2615c53405a490001694e2300688a68d9019c3122ec13705708727,2,1,253.74,0.6012292378849357
train_05385.png,ad598368546cf6a9a2876c4621c8068e90b40d55f7e29da83075c0b8705f339b,3,0,325.94,0.3904690348286029
train_05386.png,c7e3624b5e1c6e2b28f14a3f08f253d9728aeeb7449601308eeb76e4f6046ee7,1,0,189.73,0.9118524240796628
train_05387.png,c5c1e059e9014a76022bcda26d78b198538b665f0480574328d04f2c971964de,4,1,145.07,0.9508185478654794
train_05388.png,6880b30dc584646ae60e7fa6640e3cb058ea69f737060783a77faf144a2d214e,2,1,225.94,0.7687328393243836
train_05389.png,c322830d326eb9a2e03cac6cda03589f000d7e73f1a7ea084ac977ea7d10ebbf,0,0,345.6,0.4374390264913145
train_05390.png,9e3196d03ffcd02348e533d8a31896726472beb5908d9b4c8bb574d5da0874f3,3,1,166.62,0.9411386819480152
train_05391.png,49fa4e40b17662bf83dfda6ea9d38ea56b3b6918ac0ee1ef80fa352de2811ba6,1,1,192.83,0.9052845477326589
train_05392.png,5c6939c2b31ee7c8e0e10bf72bdce01a91cef2e6dc19e87ab976f0e75b3ab91a,2,0,347.62,0.45655725518433743
train_05393.png,4a0809798160caf4d5c55e0519823eb02a255049cc3387da89dc07ec273d1002,2,1,146.74,0.9488357277140562
train_05394.png,333ca648f1f167b64ca19f14f0d53e09d25fda215f4db89f5917ba52c007dd80,3,1,206.61,0.8630176885024361
train_05395.png,2829aceb8bfa570cbcd6150b31e6e03835da7d2ae3728d7ca2805ad73645d93f,1,1,82.14,0.9112759567526438
train_05396.png,46e747ef056ef6912ab72381195c2a70b1706eef5efdfd1ebaafebe031ac6941,0,0,349.24,0.4524572438736766
train_05397.png,fc247576d39b9957022ddf939b22777daf46d08bad095291e8a5f3fe00837244,2,1,14.45,0.5995930160133472
train_05398.png,411e971581ad78d9d91f4c6bd7058cfffed29d2f197551406a094561c5549681,4,1,298.87,0.3975474173406955
train_05399.png,484e5628ebb1d448083694d3503ed67cc703038a7d55967dd178b9e8d7e73a55,2,1,172.5,0.930445700017163
train_05400.png,8c4b2a4841a498cba7ef2f4e7f4dc0382b2b1a2ac2143b5828df71873f46f851,0,0,276.2,0.46985153596503215
train_05401.png,e8822e331aea08c08e562160bb9aebe129bdd7e0606f81a4c5adcf0ff863bdb6,0,1,273.89,0.48117602650575697
train_05402.png,3a4f0cee915103154bcc80d24eed3be0438eaab7fe2d248c5c18e809b7e162d6,2,1,129.02,0.95043949877525
train_05403.png,6c9a353f3ed3b89ab101591bdcf015508666fff76b72e8e443beacbce5f5c3e3,3,1,257.08,0.588639879334614
train_05404.png,eab8dae41eb8922650aed5f2bf294591b902f628fc5c0c753867f5fc6570c05f,0,1,177.84,0.9277388169638858
train_05405.png,e95d27550e4d9e80ac5fd1c33b16c96162d871528c913fd142bb9a55b6753845,2,0,289.28,0.4263238228483137
train_05406.png,39903313f1dbf47efa94dd54cd90c890efe3d6baf4337470f6dc1f521e4b4ecf,4,1,49.86,0.8017751439384373
train_05407.png,e80489b22a033ec454be13d2184702071740cba00b16666485c8f6baf1714bfe,4,1,241.16,0.6835520202638077
train_05408.png,4c630488c16df81bf2d0a67c73cc4d69ba1127b84345d343643388f752f3589b,1,1,208.52,0.8603660569433278
train_05409.png,06e03b67546286d6915cff17cd577cc59fd503e6f1139c1c811cbe8c697464a4,4,1,203.83,0.8676619600711107
train_05410.png,c68b944c99cd6e527c93b8fc49bcd8a21411aeafc7e2af6f748c5edc0679f2d0,0,1,137.89,0.9538667229649619
train_05411.png,642ab5da6c41b8e311be93692423e6e10b9abb392458ea9d86700f2c9060407d,4,0,322.4,0.38456151790886417
train_05412.png,be3fe63fc9c2d046d980c2f04e03e3e10134a8a2b5ecaed970d519c4d8f8f2e3,1,0,281.08,0.45580956277847323
train_05413.png,4819c7dc35536923e0a671b47b9782e7cd8eae44551efcea740301a792074c57,0,0,289.01,0.418272409917928
train_05414.png,de5a25d65118bfe06e78fe672ffbd8a48ffb7c9e5dd598d8c17f3fa544f97cca,2,1,39.73,0.7536747333818351
train_05415.png,1ba4177ee4ad5a535fb531f23e10da28bf40b47188b45892c892bf1eed23150e,1,0,79.74,0.9062026439809748
train_05416.png,5d80f3a549789d5cd5c9e97bf5e59ebc398ab4b6e1da1cbf732fdaa6109999ff,3,0,137.5,0.953593167248069
train_05417.png,3cc1eb9e2c63884f8bf2a4c62ca8c43eacdef101aa3fc6a6f82af66d529b40e1,1,0,58.09,0.8391331303016658
train_05418.png,902c892c554f540e45ed9ac6d059e4242abdee0d50762ee6582640dc352735fa,0,1,225.95,0.7726424618891852
train_05419.png,95480f61942e589abb267546b9149ff68a458e8172e587148b10daa21fc6fac3,2,0,334.15,0.41240994321048075
train_05420.png,47fab7fafdcf6d7f0b1e2cfd9276a5adf2dbb5e073b77c98a471ad6c3b0a52c3,0,0,194.1,0.8967869217142438
train_05421.png,1c16bc0698be3f5cad86f65c1b229129888bb570740e1bdd9c17f114907a0de5,4,1,311.53,0.3819664135043156
train_05422.png,90821d7a55d00fe590d0902312103c41e0c8e6dc258866b7df83c9d790adb308,2,1,273.95,0.48719443534794926
train_05423.png,71384e567877e9ca997ad6975402791136421bf8151cff79fa1298706a38c2ef,2,1,111.98,0.9444648608625645
train_05424.png,23838a280494d58ecacbb4d1c1978ef6fe2b23956db162d4d151b9fae765e389,1,1,96.21,0.933872947399415
train_05425.png,a505197ee725a055239e07c32755959fbdbca41ad75a9860f2f87b5d115a740e,4,1,236.95,0.7096966905178993
train_05426.png,f7105cae52cf839fbc0dc540cbc2a62773aa0c302ec8773ecf8d505021b6395a,3,0,291.48,0.41991897196271244
train_05427.png,c32e0789982334e150a9249b35e76c41139dcda4a55e4b786038c8a80ef52f77,4,1,71.13,0.8823830719117834
train_05428.png,b4d82500eeb46c22257fc73ffa2d0b36840c693031bec6995554838fd4cf071b,1,0,353.07,0.46485916042109793
train_05429.png,e17a1c58eefab75dcc3d0e11efdf4f5c3460a7b540e088ba9cd216012f6d64da,4,0,310.24,0.38263726958116434
train_05430.png,3280596cdbfcdedfd516f5a779c6a66cd74bf11bc4ef4c47c6c780cfad8c8b5a,3,0,47.36,0.7911692009748467
train_05431.png,48b64d48af38c72f4bc0af74ce0f7343af7d3ebdae370e87645e0b621f191ca6,0,1,332.58,0.3971021815381928
train_05432.png,98a5e05ddedff16da7c5973861f5125149124df02e842fc19f9ba44c9ba491be,2,1,129.54,0.9505024409100826
train_05433.png,bcf8f19e0d75170d279671a6172c3c32478eebbcc1b90cb74747b5b69d876a64,3,0,356.63,0.48939612694890333
train_05434.png,8af17954c03a9d765da9996c013d40a12b9d5a4ab8821026d6c8422c8e87e6e1,0,1,32.89,0.7118788816447624
train_05435.png,ed95157a8e984c924397b920b2adfe65433dafaf45e5c2bc5d1eb27ae23ce51e,3,1,220.35,0.8071012406774634
train_05436.png,31a1b784f423f7e6b36a5c8c33cec89a76975e9f152a3ec585652b2564e6cda1,1,0,342.27,0.42156627835850846
train_05437.png,18feddf80c67fde2e4c8823625a8952cd88266af61b37522f49294a34ee1756c,3,1,36.29,0.7301247428153738
train_05438.png,e9d468ccf93bf0445cf1844a8d4f4a4a3435be4f0646138ddc13fa6cb9e87c48,4,1,181.1,0.9210753027646336
train_05439.png,317459f6d3f06a7cf8156f0ae429b8d70ae93d3119fdf924b205e07d1bb6f964,4,1,291.84,0.4148547208210452
train_05440.png,078f6487ff3938675291f3c93efdfb79b5a5fae2bbbccc026cd3c0c45405ce11,3,1,111.6,0.9465502625687361
train_05441.png,2b9214ed66fe2996983c32a9f938faf4cf2a2d0412790fc7997db0917697f26b,2,0,321.87,0.39148162784876955
train_05442.png,75c379bdae7bbf161927baf1f1c7b566ffc7183cb9982dd44b925246037d4d90,2,1,263.96,0.5399493065904083
train_05443.png,82a40db5d78e2e17827c6eced810c45052baca39423ca9ab4510dc55e4cbaebc,2,0,289.51,0.42561955153781367
train_05444.png,9c0c9cfb4dc4727fd6b26a715d4ceedb7eb26699fe30c959058abb7ba67f203f,1,1,59.45,0.8446208133252469
train_05445.png,7e50b6badfd329e032c91e54be7b775ec993b8af491934a661206a7ce33bc6b8,3,1,224.55,0.7863855310077108
train_05446.png,34a77c12ac819b92e557a3280495a53811fa5dbab3e552db7a80c3724fa3f4d4,3,0,324.33,0.3885098881894809
train_05447.png,e43ffca8b9b6a52a147f0ded4144ce31e2e0e2dd82f42e6ea3f0bae644d94454,1,1,65.84,0.8679828933056525
train_05448.png,744e7328762a6a715d0f01882d701c431bfb45d6c95a38f1137c301bb70048c8,3,1,36.39,0.7307182178420581
train_05449.png,e8075c53ae100d90c153f12fda765aeb6c8cd3f654848b3c35d66c4d0cb67f2a,2,1,102.84,0.9376595374742953
train_05450.png,e6b276f7879cf5e7932f014ca8b9dd3dd804c99786a72e354944b31cd7105412,3,1,239.95,0.6980059307220056
train_05451.png,0014f69111dd918f3eb66a67322d776e7639a81d7b20f93930ebd1cf8c34734e,2,1,127.14,0.9501560015274907
train_05452.png,5e172a3296984a024c9b4f9f6dfd1e19103384099552d15eff2e3200c0415f17,0,0,29.39,0.6898751748938868
train_05453.png,f562180be7d6e59d1ac94203db366cb43674f3f53d67777a59621adf2e942881,0,0,358.79,0.4990024746388211
train_05454.png,a20ebe14c8c4d3a82ab309820c4e5cbea8b5769457397eb7ddabc47e9bb385f4,1,1,202.92,0.8788318558663254
train_05455.png,462c5bc4ba320722c9a6a949bf392b24f4e9dda7b53e4967a7b0309bfd2f8eef,3,0,350.28,0.45968029023217055
train_05456.png,21fad2789448680ac18977d98cb530622ef37d43c142a5ac007d8be7cde42ab4,4,0,323.51,0.3856567332029394
train_05457.png,37fe87661c9e1a46f71079cca647d1076a4edfea5a1173712a24884caddfb51b,4,1,352.6,0.4688428380472556
train_05458.png,d5b892dec836c7ec40055cfe677c4d77327dd358ab047d9716ba45c0b8a531ce,2,1,167.19,0.9361798258296667
train_05459.png,cf09594db7e02f3eda49289d5ff5b67c187e732aef7691a9b9d04978b529dd83,3,1,83.57,0.9132254213972721
train_05460.png,ddd966ebb41a18d4ccef817e51de07f101a79c83b16bca5c9235c503cfb9f0f9,4,0,332.14,0.3994304526341001
train_05461.png,010f1fa166ae8ce13b0d4a1645dee4131f7edfd3b44be996319dab05bab16cf5,2,0,332.89,0.4094050134363496
train_05462.png,e93af99f4b1223e64c5b4c1de309c08df5fa328d6f6ca7e3cf3714b87b00a952,2,1,67.08,0.8716697441815169
train_05463.png,ac9bdb30c6fcdcca3e14e45de893ca44cac3d825ea53d86ede2908fc45846576,0,1,92.83,0.9296933872055859
train_05464.png,693ad47b214aaa6448fabd6bf2e641abc03d3e39dc1b813db85d739c560788d1,3,0,277.79,0.4727003183682038
train_05465.png,6aadbaa1e4d1b2b47808153f6a61955a18fa19967c04af9be5abf35ceffd9e68,3,0,330.62,0.3980233210086482
train_05466.png,50643443fde3a58ef0cc92f48e71dbdfe766918ad90e603ba1555768571ea366,2,1,251.71,0.6139117706041525
train_05467.png,ffd86b0902571667169214512ccd22b4b6c57c90a30efc717268e01d4dfec132,3,1,302.87,0.3936103957568577
train_05468.png,d3177ffbeb9708d39ad3ae288e67f301f5c1c87f17273f631a63d8674544955f,3,1,241.13,0.6906231607702916
train_05469.png,3f4fda37f198ef30b04fc6946d0f1e1b8289ed9991e0717d44f91e19acbfdf3d,2,0,354.57,0.48751660986883516
train_05470.png,9351927b5abc104f827a31d6b8ad7c43cc637ca451a9bc27a9e50988bf863237,1,1,164.34,0.9452883182760493
train_05471.png,78e5077e030b08a7a71a0727435829fb75e405239c5bbb25e0bb5d200bf16cd3,4,1,299.13,0.397025709141179
train_05472.png,21506a83d2a9d4cec058dbe4ac59987d3a9282285040646f90aeb3501a255c22,0,1,306.34,0.3810317924916112
train_05473.png,bb20ade5c3667e11cfaa458c9f079713e7dc23a3e89230cfa4d74d1970aea048,1,1,125.81,0.9540493428334365
train_05474.png,132ca965ce972569352cd1019d4c1e11e32715702244de5b4e2e8635588a90b6,1,1,76.63,0.8990103809562091
train_05475.png,50f016b1e99022100cf58a92dbb173a1209f92e476f2f3c23f9074006af885df,3,1,160.84,0.9455959505075188
train_05476.png,436e23fd5e3ec81d60258014d7150eeb1a7b6bac79d0936ae4b29c4b7cf1e8c7,0,1,127.61,0.9534080854498254
train_05477.png,50761bb34be4c3c01443907bfe0590549b2f1932d1f6a4692bae9b794b2473ae,1,1,339.24,0.4120123413549342
train_05478.png,819ddac0cdc81f9b046aefe615346cb05b0c1143ed049474b869324c34efed03,2,0,277.26,0.4718218430297435
train_05479.png,ee44c060db69d33d018ee3e300a95c449254893915db94ee592739e597eb9ab5,4,1,123.46,0.95039857403932
train_05480.png,18bfe0af5e2408533df4e4278bba8120958b70a63f40ac679dfdc05f0ba53298,2,1,166.27,0.9370549402431549
train_05481.png,e210ae6f5a6dba6a6118e708e4c48c80806ca68357ab3857bd2ed0f04438c233,4,1,270.43,0.5040041301032777
train_05482.png,e50a9cc149f4c8b6958e361fe82940845fbdd53d76a4eaa24280ec030496341d,0,1,323.36,0.38151261327353275
train_05483.png,c7441ef3353ab76b5108efb283dc9e1c70de1b06c0e5bd27263dd20386f56cbc,1,0,174.49,0.9356138661330395
train_05484.png,1d7736e818aec4d607252d066bd7f5b63bd34f3a23927873edc59c99b9706398,3,1,106.4,0.9428545824476723
train_05485.png,68790e63a3fdaf3afa6b4dfbeb0583476172b51ea68660b9b455349a3177e733,0,0,270.28,0.4999906245648575
train_05486.png,59aedf7c72f193e2c4ec68e8bf5d3252f28f7da0b445a0a7a2696ee0c9b4fc67,0,1,329.29,0.39029948542920756
train_05487.png,1f5cce584501412aae3a057694a0ddbdcfa4182872ec4a15bf2744780d69a047,2,1,220.08,0.7983149571745456
train_05488.png,2f1322b29f831519349a0950bc076b56b0e676f43d73b2f81ea9fb53b217b959,3,1,280.56,0.46024008605363376
train_05489.png,25435eb289ae031569621a33ade3023ca3fee3e066c4e083139a5f86ae7c63cb,3,1,40.91,0.7568046648816619
train_05490.png,40e219f0c369640331edafa62e03da6a5669920aa1af242dd723f2fac6b10d4d,2,1,229.07,0.7517559892317294
train_05491.png,ef2fb9ca890947e7a9c0ee61bac629f99a2e57f9389e79b9ae105ad675f88e4b,4,1,144.21,0.9510211447715496
train_05492.png,fde7cca7c67a5d1600e8ca0a9d899d6775f028a21017c3ca8fde0bcf734ab893,2,0,290.69,0.4221073124457881
train_05493.png,dd2ec0587b6ba3c8bb69ae6db40a9ba609e28cdb604ef9b0759c5e86e64a6301,2,1,50.11,0.806493907422258
train_05494.png,c64a150892830eea1178641cef770dbc0ac6a3a82218561d8b0e482beb0459b6,1,1,225.14,0.787576804619302
train_05495.png,3d14f2ceff864405690f1b037529e57dfdb99d69e8f7a3580ae327da198ceff9,3,1,299.3,0.4000965612683429
train_05496.png,3bc6dd93aa45f53ac70daf11792346bbaa36ee7e142a64685d9b250bd4134d0c,2,1,147.88,0.948460864883791
train_05497.png,de5e4c2f113ff5d672c1c0f7e3c2da0a99e270c95d411c24501c7daa983e680f,4,1,221.06,0.7978296303949529
train_05498.png,e27356fa281a7b15b24f7a99a9696659df73e1379c3daa2973f34435567af3eb,2,1,78.01,0.9004548967113154
train_05499.png,5fd5b8bd6b9e2c607a66984378e2f438c9506f67fde203a1b49ae4e8cf61b3b9,4,0,30.06,0.6905544218595853
train_05500.png,35f656c9612630de7b33b4d4536ca2e0aa2dd2b5f9c1014e234ace7c834d54e8,3,1,52.87,0.8175123301664372
train_05501.png,e323f750006a8bdcabe326ae6d301f7e224aeaeb390db0b8ff18c3ca3850ee62,1,1,264.19,0.5454654271890854
train_05502.png,ad54bb5d0ca8de57585e0e5dc2f70dda1a76c6205009c4d63437bd88295bdb2a,0,0,328.45,0.3887831895453271
train_05503.png,2b982d7831fca06f058e80bc547c73557ebd5185fe9348db91d77a8cccc10f7b,2,1,197.51,0.8829192074834584
train_05504.png,d751f22184fcb32f76bc3fec4bc5cb06716ca16283b833905f7521963e570d0e,1,0,337.14,0.40607502497089365
train_05505.png,aca1cc6e84a7b3bfebf1d02cebcf5086c8a749f85f1700430ef355cb6534e39f,4,1,127.35,0.9513214755218082
train_05506.png,56d5233af0e07f5f865e5733b9e6c3c1091870087419d0da3c72ff83214b00a5,1,1,148.87,0.9533570032550251
train_05507.png,73dedf1c51ec305242008285b3aad2b8a77b6149727031d5b5addd850a67dab5,2,0,303.8,0.3945904126333541
train_05508.png,35eb75cac9b72d6965b4c11b4665e185b5e6a2521f7b27107a890d4fb72ff879,3,0,334.26,0.4058116310582454
train_05509.png,e620d85486a72ea39cbc437f644d6c6686341f307559ea0a75b8cdb0b5e2ed3f,2,0,336.77,0.41928259897950637
train_05510.png,3b1fdf70c94173cae8a7ffcab84426d256e1c7e50657481fc6a186891d6d14f4,4,0,345.57,0.4393127219038733
train_05511.png,5db021da4044ec7a24eaefa8afe048a08ef8aeba518a203b0778bdc39a6abb0a,3,1,105.25,0.9419113287692703
train_05512.png,06b3cafc41a9d1c161742df1e622fe22ca95c073b46fb67d0e0853876d7c8fb0,4,1,263.19,0.5447754141873997
train_05513.png,5832e79d4a9553d6dc8c4dda19fa90f19b2d39499798ab03f6149ac9ba439890,0,0,316.95,0.3770296674390383
train_05514.png,84faf3026c8aa4581a9c96c42479f49caaec6542e397c3b14d9d6a50217e47ad,0,0,189.72,0.9068437389721173
train_05515.png,5353273a4a460c2d1b39cc4b3be89c97d7bf183dd22a901565b3603845eacf0c,3,1,323.2,0.3873302809669953
train_05516.png,10892e8f8fb30ffeef7e7e98f7bca2fcc0c2d2f5befdc00173eb70e251f3d6c1,4,1,273.67,0.487267099816659
train_05517.png,a9eb36e053bcdf44cc5fe1b6417c093a3f2a2ff9312b9c7b9bcf14735027231c,1,1,51.76,0.811155026436532
train_05518.png,82871005fb61bd17e8dd492de32b4596b0f6faa3be9979e572231b03e8193fbe,2,1,206.19,0.8558518541202151
train_05519.png,c34fcbb37fe4de9d5d3f48d6799e37a12e11c15dd32caa431526cb9a89b67840,0,1,265.92,0.5243703381815623
train_05520.png,32353640e10fcee7752bddcecc6634894469e0a4f47a511ec62395412af91d37,3,1,211.93,0.8435246246910346
train_05521.png,80423d53316752f6f6ad72f27677d2730801d976ddfa456f4cda6d3903c64881,4,1,132.61,0.9519697682437235
train_05522.png,e2a8e49d1822553c69a878f51e3a2254eef5927d7a5b3bd1582d5b3910aa9b93,0,1,142.43,0.9532688859492491
train_05523.png,e106837ca3e88db327df22c99a27085e2ce93406c476d5b31ca5acaed030c88e,4,0,342.31,0.427594232343729
train_05524.png,da7c03b4fa74da28a04f47553802819a06e7998b5133826183f879c66f6511b2,0,1,77.08,0.9013844597298244
train_05525.png,c575c05a9d0aee475c39ee757363799d36d7260b8c83fd6e782672c774406752,1,1,66.15,0.8690172388614998
train_05526.png,27c7336a1d423e30c2906ea97b7dfd32d5ba441892d7ee7bfff9250facbc1501,4,1,210.64,0.843443439192758
train_05527.png,e43dced149fa083d12c35000d66b9d3d487868c3ed6c34608f8e3bdaee746370,3,1,91.26,0.9260945487994954
train_05528.png,01451b10769085d81bd917f6df98573222873de513768e363ae1218444f2644b,4,1,249.71,0.6288951513374511
train_05529.png,e503b7631fe20d4cb6e699cd13b0b35fb71a4528c5327afb60d65c67265fe370,0,0,277.11,0.4655510015063371
train_05530.png,cb8c307e354060a3900eadef669ff756020a61eccb5ecdee4fa3a8f6444e0a2b,3,0,294.11,0.4123948984606868
train_05531.png,3d0127f3f77a1af400f5ce0fa10c1a3ce9010999535c8efa3a3f03502145af14,2,0,192.8,0.8950212420285297
train_05532.png,2d3e77de2c9eb36c13b83b89d86f7b0136ab3b709b90c6ac9055263d3fdcf131,3,0,279.31,0.4657561740326364
train_05533.png,0c3168bf7d9dfb89c078942f0505d75c1d0769b8a5612539ec1e1b8b4bd76c43,4,1,125.81,0.9510020750244254
train_05534.png,15de4ce6df33882701b7414bd9147cd8f6d7b9aaac2bdd3a2aa0fb7d07d2c8da,3,0,327.31,0.39239395513568015
train_05535.png,8b4665951ffe123543a04bf84a59e87a4426466d61c710eaa0d022e3ae7a9d0c,0,0,324.42,0.38275555536055106
train_05536.png,c7c42f0006c122a9e344e5f768104df9278a90e917defe8bf9796f7a30c0914f,4,0,295.65,0.4047094411153495
train_05537.png,bd2881e4f42d6e80d3fb6b1b74cc3d9f7c4e9f736f510ecd83aad22efbf13c63,3,1,266.8,0.529955064863258
train_05538.png,d7e95704c254ecfa669a6373ff5ef44089433ac6a263b25c11cdac7493523e85,3,1,186.8,0.9143548804064209
train_05539.png,40ba7331b84b69dd9434d0dc803bb1edf7b3b5f937ed3d584b4f7a1a50b141c1,4,1,157.8,0.9454847353469167
train_05540.png,77751914c0fe3c0cf72cbb50864ba28fcd0e771113c82761a67a022d8a40c3eb,4,0,183.09,0.917806661119178
train_05541.png,381b0d01820f05913787b146ecffeb590ad42f7211bc33f18c0bbd8bd550737a,2,1,108.34,0.942097409806687
train_05542.png,50839161b8d4952d09a1e77607a5039ced215bc79c62f816a747ee373470a279,0,0,315.58,0.37674589343194403
train_05543.png,432591fe1001feb64c314430a6fb10b1eb5fa589bac46b78fbc14aaf3c4c4e54,4,1,63.76,0.8592198300706668
train_05544.png,a9764e9862839a80eaf41edfee642d7fe5c142d14ef6808e063b8fb3673f6cab,3,0,359.77,0.5056487656115699
train_05545.png,43ba990889ce5ea3f0728484cdbe0c149ed8da916869abdda634e3a58e89b240,1,0,350.55,0.45350400239742283
train_05546.png,3d848616fd411fbef9c33ec21c4021e467561e51dccd1b8e62595ce563c2963c,2,0,351.22,0.47194185117750254
train_05547.png,2ea8dc37ed821712312b6654c08564c371d1e6c7b8ed137007cd01e42dd4ac77,4,0,329.5,0.39422714531886305
train_05548.png,0bc2794f3389b76e41b2b076f3b0764cd6d1d944e8ae7a9f77a57a89ebeb4f32,0,0,49.37,0.8038114618765377
train_05549.png,de34e7dabdf8c2c7e7027ef40a2ab81bb3d8a444e49889bb3534df7e561c0d16,0,1,297.01,0.39634339978309313
train_05550.png,75cc2cf2f72fb4ea654159a4b9c94bd561f12e1cbd40b9f95aa2360da65a8db1,4,0,329.36,0.39397557449605175
train_05551.png,25574312ab5ad39a3e5fb236d0bd2d1c0efe76490e23a108e2f59c1466a22f3d,1,1,0.48,0.5023108162311656
train_05552.png,8683edac568d0720c1d8ff38fdb4de2f8dc74127fc46926a96c8749e971596b8,4,0,272.43,0.4935511666506095
train_05553.png,2fa63ade92ee8014f251b0a36aa3be12eb59e2fb12a064aafef9908b47f70ca9,4,0,287.03,0.43022688243958107
train_05554.png,935c69d509932e0a07a5b8250845726839895695b30ff7d94a41f5c73a3ccdb9,0,1,259.44,0.5633834006795034
train_05555.png,ff8df67ecc87fb2924b4b6b4277afe47369739dde20ccf6947531c08f9e022e4,2,0,290.98,0.4212700641816158
train_05556.png,58f9a52ea4ef0a3909a10adfbc70d3c1647d3a542c539d9324315586735b98e5,1,0,297.26,0.4003510540270014
train_05557.png,714e35ae852162c02eb843de9d1d8d281d88859f4b68a0f32486f9ceb0989f84,0,1,133.75,0.9539836037077586
train_05558.png,d9b69c096c11de23935b6e755226b7a389f7d475da3ba20e449c270a75c72e36,4,0,333.1,0.40153880100289396
train_05559.png,5e3fb2227704389c5c5e5f8db7403c660fab6b2d012c6d30e88d137dc6e7e6e2,2,0,354.55,0.48742016984276587
train_05560.png,20ac842d54e6375bb4c36573e9e69f2c2c1a5529a031859e78dabe4c39c9c998,2,1,12.59,0.5880921751286781
train_05561.png,f2f20ce204677805126e5e17c1e56798e5646594541f57d5dda33dc39a6436d5,4,0,287.21,0.4296006155026332
train_05562.png,405e6acf541eca6fb86a880a945f4d98fb96575761882c5bf288123d81a4706c,3,0,348.55,0.4523677777386759
train_05563.png,9eddd253dabd15f6106267c81b4e38117843df86dcd89d4312095fb9d9e82b79,1,1,131.76,0.9550668733358609
train_05564.png,9eec9c5393f647a3b86d4b6d6e2a70cfaeb804b3387626104414c927f3077abd,1,1,50.02,0.8027634926498397
train_05565.png,a8f10efbb040aac595c0459606a94ca27f0e593e874715edc08ca3c740b45304,2,1,272.36,0.4949791220667848
train_05566.png,6e1b515395f6b6e1462338763733b28f017c8c28d73b386f2d8162bc6d607152,1,0,290.13,0.42075128369665193
train_05567.png,ff63f08cf44289f979455542af1d97e8c4f07e5845cdc3e635d56d07503a8358,2,0,300.36,0.39975734773062455
train_05568.png,da3d8b03217e22fb7cf79172a0e71a7c555ca4169563c15d3f2e55d6b19d38b4,0,0,53.27,0.8219729275316834
train_05569.png,19f0bf27d56d30bcaeb6fc18b3d272ebdfdcbbcc6d025aa441ae13ec32379062,3,0,353.77,0.4754684430780937
train_05570.png,3a04c4e192a29089926e1b1cd74887dc11d470355f39c3190de327ae46094338,4,1,288.92,0.42384799351670305
train_05571.png,3f1a27929ec7640ef414f198a7351ec0d8b1c70fd9acaf491ab250f199b33155,2,1,181.16,0.9182585198394392
train_05572.png,d860462303ee767d31b844585774d0a3aecae349564ef69cedfb7512af6d7144,3,1,80.11,0.906244151546807
train_05573.png,841897a61d18e5d7aabd31e702173db47557fb878dcdad16a44b1632bc3e46d4,1,0,298.34,0.3978269956406778
train_05574.png,d22a842b4668cc34b639ef648b04a7879a4f13173df0dfefeb8d03d6f5200501,0,0,111.52,0.9473518066730471
train_05575.png,24d635c1e1bdeeb390e36f6bf0de120fc0f202637ae7609051803af1311972b8,0,0,271.9,0.4913846589404448
train_05576.png,7dcb5974604f85aaf10cf771e8590eee9833f70ff63473b5123c28e34c0bec36,1,0,304.28,0.38661683289005805
train_05577.png,fb74cf38d210363b347bbb812578aefff836a9064425be478855385a3360beca,4,1,142.06,0.9514460940757666
train_05578.png,aac82eedcf97e24046df49eb506872b606ce9eafb9ad1cbb8b0d91ae075fce31,1,1,328.06,0.3868974567609361
train_05579.png,4b558b8ced946973e18452d572896e552273230f3983f5e2e32c46c315447e2b,2,1,291.06,0.4210409028624815
train_05580.png,05627414c2190370ad42d622699606681bd55a1e71f6bdefa5448d41d6fe5f11,1,1,14.03,0.5833445130045258
train_05581.png,9f2217c12a4819840fe2ee9b6001f5733a3b9fb2496eeda1a6d07c6f6ae269d9,4,1,180.25,0.9224034149304668
train_05582.png,a7ab9e812d8b4ceb8ce2af49b2d51d71e57fe57e72bcc853a3b3b15e14b41548,3,1,53.73,0.8213606576559566
train_05583.png,e7d12c59a802b1ceba5e7e981a310ca658847bb9041f3c6188176d511b444e2e,0,1,258.57,0.5688248575632286
train_05584.png,8274df5db6dcaf1c634f35f103f55567f9b1ff4ffc8edc550524212a6f39d80c,2,1,225.54,0.7708458466503854
train_05585.png,579e62ccf9da0b679304458b8bc8ff87569b1c737343b137b34861e9e9350475,0,1,205.81,0.8622716086272528
train_05586.png,0d75560efc6e1cb28bd58d973b0fe5d96c9ef5771ccd70d9dda77670a910dc0d,3,0,305.68,0.3896376323075745
train_05587.png,216801c18b7c132f49c0da00fac5ec558e98483ac06bad77bf68860ff1428fc4,3,1,229.16,0.7618081439892913
train_05588.png,02ddbdddae5e79540ae0862cee0cc88bea95e17b9e4131ff543c5bb0bf6195b2,3,1,65.15,0.8656896721494654
train_05589.png,4de8ca5755815ce0b0948ad646d93a3c7d352d703e46a1f1fb6197ffcd68c6fc,0,0,279.52,0.454614472307778
train_05590.png,1db73bec4909086ff8b9efa65cf6d58ab31df734a4afeb7303bb27feaa370373,0,0,274.9,0.4761536464265928
train_05591.png,93dcb5824484f640015a83d5690bc8eaa8e2e344224ac765e50cc3b20bd764ff,1,0,288.69,0.4256533893280743
train_05592.png,bec3026d6be81f14d60acbd335b76570b1ddff017066049e74cfbd391c491650,0,1,209.2,0.849967389948181
train_05593.png,83e8c136344e4b25c267396b9fceebe7ceea92cf6bed0c0938881b53265c4856,3,1,168.69,0.9392469836042113
train_05594.png,e9edf0ea565c49c30ccf4f70a9edb4943ea57363a22c1b5d96a113e3a2943ae0,0,1,14.2,0.5911844473663134
train_05595.png,2217a98c043b83a49311c26f315f092cfb174fc1093a2bdb4fae03a96eefce6e,2,1,106.95,0.9410773514788876
train_05596.png,478173a6175b186cd494b1af6b3e5ced8d06b952ef1be52bb4454724aa67f257,1,1,70.5,0.8826094910296948
train_05597.png,f512287a9775c8533314dd02aba315805bf3044d6b834793376c5c48143167dd,1,0,295.65,0.40439099941632123
train_05598.png,9c23b35734aa8dc208e3368bc096fa65cafe600c55301ed77f09579d2d9aa1f5,4,1,316.44,0.3813125592504763
train_05599.png,37d29785adbcbdcf4869b44639b106dfec22a1bf8916e254019f64c3bd73ba19,3,1,289.28,0.42687491177291764
train_05600.png,c43d395a96799fdc1813a171b03a59cafe15f4fc902373d2a8d82f3bb771086a,2,1,20.5,0.6375606823250229
train_05601.png,c0882fe129f8252168fb219270df6eb758949bcbb1258c2a9f596cb80566fc65,1,0,359.57,0.49740479702339757
train_05602.png,497ae8fe4ea707da1b1227079a62351f2d7a23cf9001740f2160b31d5dee02fc,3,1,106.06,0.9425806690265439
train_05603.png,d51f6f08b4d097bf67558b3fbb16c44244ec49ac90bf0400b0d3567b5085dc74,3,1,145.35,0.9524840503112864
train_05604.png,fe30f605f28ba7511b495abfc5d386760725a8e909e33f3b941ef4bbee1de65e,1,0,296.28,0.4027706550523706
train_05605.png,b104f08fd0e2139307f7e0350bdde0b3641236c0623d9b4c380cb3c5222a733e,2,0,93.57,0.9274653046120712
train_05606.png,c69288b52dbea7a20ed61e5654350b682b58dfc41fc6460ad66f0bac578044f8,1,1,98.46,0.936524106579686
train_05607.png,48cddab3adbf2574168f42f35b34b3b27365e3b9b5244fae41209554c583ca17,4,1,311.02,0.3822068048121753
train_05608.png,b71efda52ae095da97f40ee7617cd84630111ffd4e88c0e6466ece8d95b2f897,1,1,166.86,0.9432582148929948
train_05609.png,d40d523d63aa6a7a9eef2b5c6e7deeda1fedc9aa1b3783a593b999a7bf011990,2,0,348.67,0.4608952895307695
train_05610.png,5112e8a707e31b016f06042f9473474fc3f0fe0f26df3e633cd76f1aacabc15f,4,0,289.53,0.4218824778044674
train_05611.png,7d34a48de1c8ecc36976ad5eb4c207f5e30f054d4ed1f689d30c9853e2ebf3b1,0,1,314.96,0.37669547268608694
train_05612.png,e6d1e23749b3269a3fe7ae0f41e4c81987516cd181bcca23f08940347a90f2af,4,1,17.18,0.6082905262318962
train_05613.png,e8694e9652733ddaf2fea38779dc76281e5a84130f6216e2a8273709393a270c,4,0,319.47,0.3824100720296429
train_05614.png,d6c87119bd063e4831c68da4d0d5173bbac1d1e929d0744d50c48b01db9918b1,2,1,72.61,0.8873982024986358
train_05615.png,d377cb42873225c973b292d59d0de0872eed5be589b63f7b6a1018958f9fa63d,4,1,186.07,0.9124736218725966
train_05616.png,0adcd7564920062f91b5687e5745e1c77f81c7e784d83614df8258f56857f8c3,3,0,306.21,0.38900011612550456
train_05617.png,34eab4d158c234585e034c99c0f718208e77ac04088e0a6016ece6d53e47949a,2,1,105.06,0.9395821120011963
train_05618.png,85f7c97c3ba31c705d83744b54287f4fb9ed834b7e440bac0a40b86b4d7747e3,3,1,105.09,0.9417762872319035
train_05619.png,900d4d8ea1a5b9b17d3e73e4cc5cdc66dd4ee476b8941d6d5ec43c7bd815d79b,2,1,22.58,0.6506766079529521
train_05620.png,d42a3580baf1681e80af2f76f7b7e278d1bf9fb8fc156ce4eddab1bccd44ecfa,2,1,206.8,0.8537011977223292
train_05621.png,7b1ee03211c29d6f39ac62b96725b415845ca39424a4fac094e948c0569286fa,4,1,203.63,0.8683089430985833
train_05622.png,303a5835108f3f5cd1f50bff063b96ac1ee8a609361b67a4313340aa7c9c85b0,4,0,297.83,0.39971885059956247
train_05623.png,18b63e7c66e324e43ce67d203a8a3d0cfbe837ff0257b93ef9c0fdf6bea6952e,0,1,15.95,0.6024851848705018
train_05624.png,3a570f93b67eef14a984506fd7121656892a2b67967852b2e8fb465eac084fb9,4,1,82.83,0.9101612042020798
train_05625.png,7b6dbfe41fc309813f47cb2d44a396853b8779f9a16afa9a668a84e80add20f2,2,1,307.05,0.3910540099108845
train_05626.png,e0a07de67a8fc68fb6a7de9fb98826ed4199c15b24846d6acac8b21abf4d184a,0,0,327.24,0.3867566630351987
train_05627.png,28eb8f1ce28de0d473e1240975d442105755e74ccc0b55d81ce55e03a4ff6493,0,1,89.53,0.9249775951521091
train_05628.png,64ff373835998373f92be7425fc07bf66bbe43c5fefa794ea2ad5394c4ad3fc8,0,0,335.95,0.40549623350208097
train_05629.png,eb669f5df2c127aaafe247c4a165cb568220f384864b4595751ce551a98cc7d0,1,1,181.49,0.9262930817526613
train_05630.png,b2e8aba971c9ee31cde234445eeb6df55ac7b80d95c5e8d27f257345250cc40f,1,1,46.11,0.7828331607323149
train_05631.png,fad6e4f929a481d7dca5105944e1a1865c3ed1bbf51a21d5e3777829b0f4a474,3,1,203.69,0.8726017022497854
train_05632.png,6fb0bbd874f515fdc2360a81e481da08709d41496b1cce59f98ddf601e62eac1,0,0,298.32,0.3935258538359807
train_05633.png,9896d08c7eeb25a2ea766615ad6d248002983e89f09c129c97b641ef474942d0,2,1,185.11,0.9113445849675208
train_05634.png,6324ac9a8ed45c6edcc093a28f75ba6db1f5b7195cbf06840e6c4a745caae376,4,0,342.65,0.428756317839546
train_05635.png,f3c0dbe241e9f55bf3d2d46785dc9ef0b0c35dd5d78d5aa9f8a08b72de4e751c,2,1,334.08,0.4122378776186723
train_05636.png,35be9c0cb8c4a41257eb558a31a527cf851f768a65e8602fcb205f5eceaa48e6,2,1,247.67,0.6393468813346335
train_05637.png,4006821797f33a3b936fcc76a46797091c27b43818551e459978f3142c3698d6,0,1,325.0,0.3834959996351951
train_05638.png,e2ccb7ddc6d2445b15c40f69807b24efab8c4594ca2f3ece81015e67686bf2cb,2,1,294.96,0.4108190701144325
train_05639.png,c30f9cbcb7c0a9184564103bc93e56636c21781aa9178475da100b378e254f1e,3,0,301.74,0.39548924558393544
train_05640.png,ca1917dd9458767a1a1c6da5fccdb48813aa14d9a287ee77cd1ac893a20eafdf,3,1,274.47,0.4887402446657938
train_05641.png,0d896b4668d615a94fea0cf4e681f060ed0c750ca1d81b7bd56ea9829acee78c,2,0,356.44,0.49671050052488575
train_05642.png,d5bff293606a31812dc9139516a419ca8440a9a6143490c1f104680bbe512b1a,3,0,342.54,0.429725656360561
train_05643.png,76822f102b57fa1d9c0efae6a4daded8874c9d6838f6c053f20d1781d07bb627,2,1,40.26,0.7565890607768256
train_05644.png,5efad0261d94b4fa9c79ebf081ad8567658ab6820b54c2e5815ff043f01b1e19,0,1,280.67,0.4496325015880698
train_05645.png,5390fe334df06113276ee1a9a5c7fae3c64b11711d3c73b6d952b1eef99821d7,2,1,123.64,0.9493913191704482
train_05646.png,86dc67df69c25d500b9df43047705a468c715aa329217687f1665dc6b9103df7,2,1,254.49,0.59657147324833
train_05647.png,7dc4db3476b2e5b1412f3f68d4c8d0668c2bbaa0317b6693278c2b23be2c1213,4,0,332.38,0.3999467331659016
train_05648.png,72f05325989f73250a4e97e4dd07302a94907f5a021d1d9cebe7a3439334f3d4,3,0,296.27,0.40686425805402426
train_05649.png,a328a11d83d2fdf077c799356ffd9eed2671dc3f792fd9e740366daa7a677c0c,0,1,208.28,0.85341563189979
train_05650.png,a3612abc5b06d7a7b6c821201d02c1d93a0cbbc5d3a4d6aa444684519f2245f9,2,0,272.8,0.4927996981944551
train_05651.png,ad22fe94575d45cc9bf97888a8d2d52ec839fc0c708f7a3ab8a1827f61806df9,1,0,335.07,0.4007736405775018
train_05652.png,d51e06828a7e280568ff1e0583c0bd1d313d29e4d97764c391b33f961cc0b0c8,0,1,278.71,0.4582159635369218
train_05653.png,4001b98891979db5796cb6fc900587b3bcba8cc5066578882fd352325c884ba1,3,1,329.01,0.39511224356421465
train_05654.png,8275a8b29b58ce8202c3fc61a91a3f1e4c586003ee7c6c2088c3d53f96d499e6,1,0,332.78,0.3955479356273903
train_05655.png,f4e13309752ffd1e1a4b73b1d0fc7c780feb69e077ba2a880deae37fc75b0dfa,0,0,321.8,0.3799425134578584
train_05656.png,7fdc2b2c472246f386236b6304f96ae2ed35942e06482ae4fb03fea073d72d1f,1,1,177.86,0.9314299779023121
train_05657.png,e9dafd58c034dafcd9dd86f9e2f7c117371f67b100fdbf13522e8b5693f5ded8,4,1,328.04,0.3917242731600423
train_05658.png,36bab81072b83853f4412bd87ac88c6ef742e4365a01eeaf19e0dcce218f847c,1,1,84.57,0.9160150015592484
train_05659.png,7fdc2b2c472246f386236b6304f96ae2ed35942e06482ae4fb03fea073d72d1f,1,0,287.56,0.4296819900421545
train_05660.png,45b6745feb629f4090cd2a0ccc3994b595e823c6000af4fd080e87f7914d49da,0,1,221.68,0.7949443679073387
train_05661.png,3f3b266dc8a19b3c60f1c34c5bcc8253de64730cc2ccaee606388161210bb40d,3,1,161.77,0.9449562923662712
train_05662.png,d78247760fd75e3877ca322cf8ff956a7689b1345881bb842d562216edbaadb7,0,1,93.24,0.9302402747531217
train_05663.png,82ac9e2c28beb707c0f813cd3d0080f54246d056b6630942cbce2adfc503e0b1,0,0,328.97,0.38971127070929334
train_05664.png,31f414fc12a830ef238f55bc92c06589fe09256de84bc44627e7669982798e04,0,1,297.45,0.39537271347538105
train_05665.png,88f7680c4516803a8e3a619db3365fb3a381dee7a8b6d04c5dbbe39bd6837b07,4,0,316.77,0.38137649325012113
train_05666.png,ebf486d9cb8f3bf7cf098142d961a55652c528ead8be268119bd73429c194769,0,0,290.61,0.41323985682929887
train_05667.png,f499c3af34744adaeb91d9f834bd9c05074b25e3c603230d2d50d58d80a7f036,0,1,299.7,0.390793768246381
train_05668.png,82cd6d28e791eadd364ab03d2522339c73bcbd8893cbb7c073b3c87a7ce58024,4,0,290.03,0.42030550221897967
train_05669.png,929693f9c2723c265fb3a4db1c873d0c4a014504c299fb025ff5c491e4680205,1,0,281.94,0.45205118898143976
train_05670.png,9d81a361c7bad97c89f9c518d67e2d008cb6e3d54d4d37abf8d9ed2fb01a6215,1,1,353.62,0.46743454600973733
train_05671.png,b18f5c1432975b8328f8cbe14634185be4aabe2d23b66eed0edcb43d6fc32d62,1,0,267.69,0.5247039721981878
train_05672.png,e5dbe834bb16098c422267111e39b44341e9d59592ef8425f9b778d4eecef5e9,3,1,156.59,0.9481687879397467
train_05673.png,9b1abd019f685c26403fda3b6e86ad4226e67c9c78d9d99c934e7669a334df76,4,1,0.12,0.5063842037338019
train_05674.png,6f46fc22c98921a1cb2d2afc95ba9f82a633d0b398934fe7a710d1f4de5dd54f,1,0,286.9,0.43210850529397926
train_05675.png,d89234bbc675935c5c7730a7b885423ded79fa52bda72e85b1adf856ff4c638b,1,1,209.72,0.8560258393546015
train_05676.png,70a78baf9b0052cd475b8f60701a8e6242f29701cbc3b7dce2779569c6b0af4f,4,1,173.32,0.9318317951862685
train_05677.png,97dcf3fc36596810429864e8ec7884d9af4808ca1c74b02a89935871d76da4fa,0,0,289.25,0.4174970455184974
train_05678.png,0eaf6821ec88e9529536294cbf797105fead84d1b0da82007bbde1787cf548d5,2,1,86.31,0.9166233849360538
train_05679.png,3c619bea494ba0a557b5d74fc5442025a79c01a5324513c88a5862714dff17ab,3,1,152.76,0.9500250405274139
train_05680.png,d05ed8cd74a14cc9d1278412aa623abc92ede264f9b911e725cc47efd0e2bbd3,1,0,325.42,0.3833035888938233
train_05681.png,8d2ba7d4043be46c1c2bee9ad1f5a123c6d4e75eec17989211759143af754069,3,1,70.55,0.882442667545139
train_05682.png,29e0e6239591d18de4ab530c6e4edb86f5412717b01600be29b408a991948c2c,3,1,60.34,0.8485389639953989
train_05683.png,20ed895965795f724ba3b3adc53f37139607fd5f6cefd928b44043e318813875,3,1,78.29,0.9022431451421974
train_05684.png,17c39aee01616c99480a7afbbe7c755ae87463ff24b1252266d44186d0084664,4,1,193.77,0.8959972563313406
train_05685.png,858c6f8f4bf518c044e7206474bd6e46fc7d778fd2d2c698c2c4fb80c7d65d08,3,0,270.31,0.5104232396240099
train_05686.png,ff56e4d36712f355fe3f0d61b68bf92bd91e28575fe50e8619463c8d9b3c7c22,2,1,223.3,0.7824300707798332
train_05687.png,7260e37b229a24a3cba0c78bce73163555ecf147e45e884d350e8622cdadbf74,0,1,294.15,0.4032524338408726
train_05688.png,70a895d4195fd303dd3004101ac40c2e090dbf4d3d95fdeb3c5efd52e56eb518,4,1,209.06,0.8494484013265491
train_05689.png,44c69426403923e55912d59a8239d5f3688b8d84f93ea0a21d152d0cfe077e61,4,1,329.47,0.39417303068950144
train_05690.png,bec3026d6be81f14d60acbd335b76570b1ddff017066049e74cfbd391c491650,0,0,335.95,0.40549623350208097
train_05691.png,f2e0ccde0b1dc08ea1ab57182e62e7efc86afde0643e4512211bd6a15b0c51ee,1,1,91.67,0.9277840005576642
train_05692.png,ab375884993fb4a856d27fdeda75500a6beeb69f6750e59c6e3e51c07cb881a5,4,0,301.72,0.39229075386566387
train_05693.png,55fe4c4108ba48ad906bdd591151a07d6995315969f5bba125f25d6e633b1bb2,0,1,137.0,0.9539260965676464
train_05694.png,52b1cc03cfb9b08b5e3bddda3cb4ab7c74d5f24fc37022ef9db881734b53a14f,2,1,37.09,0.7388494459358412
train_05695.png,c769b7dfc68de798cf55061a7346cb5eed4f9ab93e38c7131e31130dbed8607c,1,1,276.39,0.47780271024770987
train_05696.png,afe37bf2895470a5acff377b7ad3c2ef18e0681a6040caf1d76af15e26e02fed,0,1,289.23,0.41756138356894024
train_05697.png,71c8c8e8b1ac56ea871436015b55d169e03326ef66a530e19884233466add2eb,1,0,297.35,0.40013500970732874
train_05698.png,ddba8af49dc47f1b8256476ab5140bf635c5587b4960f15b127f83e3282bbbd7,2,1,320.16,0.39004677278404576
train_05699.png,2ab5b4bee1b14fa80133a32e6030aeeee9ca67391fe263115a9e7e59ef5c275d,2,0,343.12,0.4394014441245736
train_05700.png,dede93a24c6b723496f29ac8d4be99e7c5260a088c6bea91e0cf01789fb96322,4,0,319.02,0.38217461961896987
train_05701.png,83b2143ebc8ae053c1fc94a952fd4e0f97495b23cae329999a1305ad36ec8d35,0,0,167.52,0.9398262487753144
train_05702.png,b61a7566844eaf66fa714900ecb1da8cb1c9014cfbaca2509c884935e53b2635,2,0,323.85,0.3935949121057156
train_05703.png,7d71142e34d4dc3c9e07b92d71e1cf19c6c7217339bc007839bf66976e3c1a14,2,1,52.16,0.815788413553258
train_05704.png,759968f77ade8de751b75d925c237aabf7af56c73c8b4012d25fdde6b376a960,0,1,103.1,0.9410845439196638
train_05705.png,3820f37300bb688d7bca89cc59a007ea3e56c47699565110fa116cf8079b1da2,1,0,305.99,0.38422767527227614
train_05706.png,855dcbd0b9353f765eb4a5537dcdfbc51fd1ba405f0f5d1f1b0f390fd03397a4,1,1,119.51,0.9520173219239828
train_05707.png,ae69532858e3c85ba61e31f2e533ea4b4942f531740545752a07f1a2e7f43f12,4,0,275.95,0.4761237592687225
train_05708.png,999e54105d78b883c9e4d8e5f6b83a00e748982b1561423e68676eb84959a001,0,1,150.39,0.9509851698955095
train_05709.png,c1b1a18fd0ba442b20adbd76ef794bfbbb78d7c003e280cc0049355effd078a0,2,1,77.43,0.8991545647858499
train_05710.png,f6fb188cc004e2ab58e72432397d69627ee381aa4e662faade9ff3f57bd57223,1,0,340.0,0.4142994259801804
train_05711.png,3a01eaae3e5448d69c918f2b8478cb1c246044b8a0ea8ab9301ae5b7293a2a55,0,0,320.08,0.3785687837172802
train_05712.png,df713f7e2e10c05580da1af25c4c89d7308b975e655d651f811365086e214dac,1,0,299.84,0.39456930812623314
train_05713.png,543d1cdf18069dbe6dab9dccf41ed5170b59966683e7a74de5ed38d3b2fb43a7,2,0,294.28,0.4124669892034846
train_05714.png,f884079a7918ee63b55639a3af8365130fa3f0d36d9a71a6d782df2d01a8bc01,0,1,24.7,0.6596272473156917
train_05715.png,65ccd5e2b998ad37af219fc4660b3e2b5cd73b9d6023472a512a187948d3e25e,0,1,57.99,0.841932815649851
train_05716.png,5a079c4eebce250d26ae578be9de36cd29346e7f8690e64006f184a045f16841,2,0,310.38,0.38878557604481073
train_05717.png,730b6c4ca2aa6860e294f188201ad8603afd2329b67a8d31c657d92d6515fb0f,1,0,314.49,0.3778975296323719
train_05718.png,454891c39c6268a7fc0acdfe1aee72b0f2f83fcdeb624433c7d69e7c6042e6b9,4,0,351.82,0.4652889003483816
train_05719.png,1b17f10aca82be28e2d59fb3a05d51aebba0e81e4070bd2dc24b4c86feeaf28b,2,1,341.25,0.4329725211906218
train_05720.png,a3967e222b6ce71ae9154eecfdfc6c076fb64db05343e2de16411c9a4ab12722,0,1,184.12,0.9177626792838277
train_05721.png,7e57e4728414d6bd5fa0306b3c8809c1037586b70a30b81451c1ed587d849ed4,3,0,348.88,0.45373579773872136
train_05722.png,1a47eab91d5d6958bb8fb6a55f7fa8226130a0f4ca7b831d4cf54b1a595bdd65,0,1,259.09,0.565567600479854
train_05723.png,790d5950630bbc7c7fce7ee65b842df32fcd45aa1beff6ef8efecd8ebc3758f8,1,0,357.41,0.48609156505593354
train_05724.png,5100b6a6df8b343b0e490e4bf71acfb2db1922b817814779fcb5ebc058772f9c,2,1,302.84,0.3958850475102074
train_05725.png,f3bac3e1882cabd742bae7b77f58bf482de3d8159c1a072ba927372f3bfd787a,3,1,30.74,0.6962647474230684
train_05726.png,2d9909a1e68d76d598ee3f5992e10fb40688f03da2013b251728b656fed7095c,1,0,278.22,0.4689258519270767
train_05727.png,e22cec6974966fee5848ea6883edc771c77983e859c891140ccfbabe843f04ae,1,0,296.11,0.4032028903400214
train_05728.png,37a1b023a3b755105bc3149574bec27a55e1bb8c02201a14816ecf719bdb3dde,2,0,339.94,0.4287181979037707
train_05729.png,9214a6e49c59fb3ab323beeb09c02a944d6f3c1927b621c5dd336ecfe0ff394d,0,0,302.11,0.3866031805214097
train_05730.png,ac3424b2b0d73f8c58dd9969a17266276cd57fd04ba1a7f13862973955560ca3,1,1,126.26,0.9541561224686971
train_05731.png,b4f48a9a2ae5a4b0bb96907a8b25b861ca7a625eb6e850b3bb885c5bf301bcfe,1,1,280.27,0.4594286824979165
train_05732.png,1902e64f5ac7491cc65ae611a4faa05a20ae601de169332799d9d2e0da8aafcf,4,0,304.21,0.38853044701177997
train_05733.png,268d0004bf5a1989ef5c1035ae7e159d9d68d6962688858034ed6f0a37490651,0,1,6.92,0.5456044443782979
train_05734.png,68a0cfdf1c41ba58f57cdccc50a95ddfc532013de2c42bdccf2847865b238639,0,0,85.72,0.9187904861031587
train_05735.png,8a49ce196424a20e1bb268bc1ebefc909e3d5fa3f43e8424a8d2c0d1b3d7d5b8,0,0,346.86,0.44245832573710564
train_05736.png,195dbb9a95167fc511db9cc0b2dc90984a194e849dba087f2e70ffc51b733217,1,1,274.82,0.48570835528295825
train_05737.png,4147798cb44e2cc40f49cf7b166b5395cca548f8399ead26783526ff010f73fa,2,0,356.82,0.4986207691139102
train_05738.png,65821a8cf75924e009835538c1f388f98148e27dd497481a4cd9d37078a3ceb5,0,1,69.01,0.8801555558922722
train_05739.png,a91c3d76315e9b07a367a269fc052b2e9e5de9fda3267b5b0c7f48251666482c,3,0,153.69,0.9496127193945935
train_05740.png,f2d85fe467bf0afc967a0632b5b37b62007279d811ba9c03b9e00c8bfd74ba3e,3,1,215.17,0.8303247422300611
train_05741.png,00395c297043746e8c3e3b4241e49045e323cbb85a16d6d7e4e0c2a7a3f74899,1,1,136.33,0.9552824699137419
train_05742.png,8bae12e6a35f7769ecd11319e001f3a43c3340a28a64931515dea748cf977860,0,0,294.79,0.4016161554838632
train_05743.png,7527704569426867572c660aff3dc4d701ac5f7cf70482e6662adf5d6e47d071,4,1,329.86,0.3948853104858685
train_05744.png,56bc9af49dfdaf65df552ec8b8c6cebe62811519ecf3f49480d7646f7d93a7d1,3,1,322.17,0.3863954430182891
train_05745.png,4bb7b8167b7d4d5f94eb0a2c2e9de26f158352ff34d002fe1de4f84363db4f30,3,0,180.32,0.9251944859137716
train_05746.png,c4fa0ff9b16263795dd952ebdad84ffedf5c6118e620dda56b405db1c855aac6,4,0,329.58,0.39437200191720134
train_05747.png,2a6ab9e09614f5daf9fdbea2dfd031c6a7b7d804e33f49801be0600bac4a6dc8,1,1,87.23,0.9207712318241418
train_05748.png,adae64858af17e969e4f964fa422edf6e1e58a14684828b01d14d7566c2b7c85,3,1,307.08,0.38803051709968467
train_05749.png,36b80ef69904c0999f9c134af5b4ccf0d3c2fc36f7ef04f2e444a4269a451f3f,1,0,353.69,0.4677647779332038
train_05750.png,9a681a568cafc0818e16b724619130e8f8049b81c4cac92964d8af37106f1eca,0,0,346.48,0.4409243965034148
train_05751.png,9f6130d43fce8a843515ea999315652fbb0c69cf11ac5e4bf8a0c2267cb08804,1,1,182.3,0.9250512238018351
train_05752.png,0296a9fc24ea338e0454df395452798e47a73710eeb2cf76345ff465559fc115,2,1,176.23,0.9256607089939405
train_05753.png,43ba990889ce5ea3f0728484cdbe0c149ed8da916869abdda634e3a58e89b240,1,1,150.93,0.9526722458657193
train_05754.png,0ecaeb378a7ed0cb72115a5dec01e4da2f76c6dcb135acbab416d98e6e6d2cca,3,0,304.63,0.3910053922321341
train_05755.png,d03a2ea8ee65b584d7fe7ee52fb0ce3562c94d406e5fb08c938873cbb6a3c53e,2,1,259.89,0.5636889411614693
train_05756.png,4c06bbb3ee56128c4a8fec04b26f4e9b4c1f3393d698ce2b0f29e85a1c9049bd,4,1,130.62,0.9518041802426452
train_05757.png,a77eaca00c8d3aea56368115ecd37cc5a865345d03439cdcd099d1e9bcbdd0e9,2,0,290.16,0.4236639110379218
train_05758.png,a17c0ee458d2cd03fe6a7e772a55421cf6cfe3709b854b36ad783b6a1d615ca6,0,0,320.7,0.3790207791778694
train_05759.png,1d16de488f8954ecf7d51297b58504056c0e172ba15b9ce92d336618b4601444,2,1,300.51,0.3995015151955379
train_05760.png,8c2efcf9aee93bbbbd9967b56c0965177e324598f61085a415f1c633492e094f,4,1,333.44,0.4023131421946239
train_05761.png,bfacbeae48832b68ccb966ef586883146aac13d2e0090c558ffe4f54ee2c10ac,3,1,54.29,0.8238278732875353
train_05762.png,dd885be49c3dd613d92ad599400a9c8119a9e6662c3429d6883dcb49192664b5,4,1,335.38,0.4070076992105882
train_05763.png,9e4f9ff9af2b0f8ef5991a722596bd45ae526a66964dc769382eb89b7afa88cd,2,1,357.1,0.5000372195657092
train_05764.png,10bb3c228331aafbba888c64223c5c437ce2086602776a72307837ef8db14dbf,4,0,284.02,0.44127870493850785
train_05765.png,f064c0d3469f02326d2f5614a09c1631358b8cbd3799cf88f687c8848953282f,1,0,323.48,0.38123093580668205
train_05766.png,a7eb8d07b32a5247ca3e8d41df8fd73368df6167b4c74bd9fc541733fed31585,2,1,256.29,0.5854706558718775
train_05767.png,794f0dca4506af95bf70d93df3b271249c64b7e68be241a6b1bbc6d42872f0cb,3,1,163.14,0.9439613389105995
train_05768.png,e69443ec1c12de79239b253808e06ca5f87a3a9473cf55a323392c866a74d5ca,3,1,291.71,0.4192264876878692
train_05769.png,a3775374c7749029709a9c36987ba934b824326d9cf501d28b4ee66940e85631,2,1,5.44,0.5453747427128555
train_05770.png,3ebbd59aba438e873c01a760983392d1813e07a7377481e2f76cb0f25b5d7987,2,1,275.04,0.48200555655214394
train_05771.png,dbefbe623b9bfca7cd635ba1507224864e40a72edc1a46b8c12fc89706925467,1,0,288.92,0.4248529512184434
train_05772.png,b333ae2b8ef96dc8468439e4699bf4bd40bccd1747ef40e517a69bf0370a77a2,3,0,301.12,0.39658867187122354
train_05773.png,a5e9cd730038b17889dd5f12f61014c94aed5fe14e456219a14830d2e075220e,2,1,31.44,0.7056032710306884
train_05774.png,763b0e1b92f10ee70f3d7a862e9b193f3f3cec3b50c3f258ffd4bbba878ccbf6,2,1,35.13,0.7275325155226371
train_05775.png,99e79c1e72c6a02d674a70f14f132b8f34e720ff4c916aaae0829117e9321e44,1,1,245.68,0.664616256351776
train_05776.png,eb7e541724a03ad97d225187b46497ee2323234c7166b85b8dedf3860840c86e,1,1,143.27,0.9546809291648558
train_05777.png,2d9909a1e68d76d598ee3f5992e10fb40688f03da2013b251728b656fed7095c,1,1,313.25,0.37824652149200527
train_05778.png,ddc0004c03db109e45fb03bfe28bd16a160dc624aa5217c05f912db270365fac,4,0,348.13,0.44940493904067674
train_05779.png,b37681c86d106c53d55752aa89029a0b34e16cb7ec387fb51414753913e94b46,2,0,303.53,0.3949430018474954
train_05780.png,5a74f0e83ce945fa931655eb79630003db15a35926e99bdfc6f38a8bdb207dd5,3,0,341.01,0.4246635328879059
train_05781.png,4827b77ddb6fb07749dd823547e1c77415f6967a58c7adb30d0aeedd1fd21d65,2,1,74.52,0.8922645361234481
train_05782.png,10bb3c228331aafbba888c64223c5c437ce2086602776a72307837ef8db14dbf,4,1,162.48,0.9423016455807107
train_05783.png,bc5584e09f450d11fc0eec7189af92b51afde501d06f2997e0effca062734c44,0,1,66.08,0.8710921583049112
train_05784.png,83ef217c005be56843681b258d01e5d3cc8e6f68c3888e1370431fbd93c16680,2,0,359.43,0.5121084625421536
train_05785.png,90bf964aaacdc01b14167c312d3daac061dc3477954a693eb4a1902c8085bb30,3,1,23.18,0.6481456664707222
train_05786.png,1e9912180f5b7e3c1b15a84198510ed21a15f0faad275a30c1d892e17ea9d61d,1,0,286.13,0.4350076043312778
train_05787.png,3df0775c7fd7b61c215cbb558af9309fe47226a1cccf0c8ba9f43254c2ce3f29,1,1,151.08,0.9526180804797971
train_05788.png,233e081f5911ba9dbe3e4dfee596d86beff00301efb1e1c5e0b6d489141f675f,0,1,262.45,0.5449003796121474
train_05789.png,f443fe682b94f0f0f01f25a437cc5b88853057ef1062a2ebc0c8f174693df85f,4,1,172.67,0.9325971608604026
train_05790.png,91c472d7919153479b3f67c8181c986dd29c5776bc98c4f9480f1857f37deab2,4,1,67.8,0.8725072401218849
train_05791.png,a6dd6d5ea93f72768f3940551fc9a1b11409f9d9b03295af49ea5579a6a395cc,3,0,298.88,0.4009654915254527
train_05792.png,0d8f235a794c27ffcb13099e5c35837f3f4d2a341cc8cbc8e12b646b8babb278,3,1,41.29,0.758927200082456
train_05793.png,0fedbc6a9f2924796ea163151192f89fb30d2389b68b576442540ea98a2ec07b,4,1,256.54,0.5853930368227938
train_05794.png,49df34b602e9a16ab78893deea8ffbfbcf2e0372c5d3106eab7acb4423a7c1b5,2,1,251.78,0.6134728997799095
train_05795.png,021d1c0cf0364369b75dd403de300c4caf237e0b38c4b5f1d6e672c58db9f1d0,1,0,311.43,0.3791138834528863
train_05796.png,0e8e2aabe0f1c78d1966bf875d5e7541882dd35d2519b29f610d849ce4373b7a,2,0,291.17,0.4207270803065348
train_05797.png,2a4ea2a1e0159d2120c7ef3aaf9a1157ea1e6cd32e9dafc1a3f41bc6cc22f2ad,3,0,283.46,0.4481367405611686
train_05798.png,cc4576b631b88155dffe8b6fce453302c7f5f382ab15d980489f16c2944a7921,0,1,189.88,0.9065008469144241
train_05799.png,45f4ad32d2b637f8e6c247947f8f4cd6c2fcad864a0953190eecd1bb57eda318,3,1,44.02,0.773825391514258
train_05800.png,5d80f3a549789d5cd5c9e97bf5e59ebc398ab4b6e1da1cbf732fdaa6109999ff,3,1,265.1,0.539777289123708
train_05801.png,357f1a754d7f4b58a2bdbe8f03465a229832f8d878844c5c91746876126e2b51,0,1,114.15,0.9488340245279482
train_05802.png,43ac359e5c67090005e3e14ab451b44ff638bc41f965496adc2b5f5fd37411e4,3,1,294.11,0.4123948984606868
train_05803.png,98a602e76b9c24a434e44d05dcbac80dab93e7ca1fe5acfc1d8d4e5083071a3e,4,0,273.03,0.49049125407095695
train_05804.png,eb26225ea691816ba339210986732c052ec4553d914cb57a9ce37b93122bba5e,1,1,195.01,0.9002518975386182
train_05805.png,88c70d8dace936ad59fa1c2ee1d32317d769041986a69b693de871c9dfe4b53c,4,1,143.37,0.9512009627169804
train_05806.png,b3df08a17182726fc8a0c1adb7e6b3eb523233bedebfc47f8eda03327114a7b2,4,1,254.57,0.5978199051706212
train_05807.png,7a040dd3068bf3670ae3dd7713f901c19aeb894ea28f295cebd8055d9d145737,3,0,332.13,0.4010511822530586
train_05808.png,5f35f2ad530044d971a6e5ea5705f2ff4a1c89c93dd6e0cb4f4fb12479d44ed2,1,0,346.19,0.43563761604359724
train_05809.png,02268f65b4a0a0612326d73e829824eaa9d6bcc97d1f550ac9aa26d6cddaa8d4,0,0,320.51,0.37887709204445696
train_05810.png,e6e963a5fd3f96cc4399a921bdda83c1369cb1a814297880496da3e0638d2fc2,0,1,98.42,0.9364630015720846
train_05811.png,ce1b73e7cb6f0c66368394431bb09b84f69def3ac5c0f527256442cdce9506cf,0,0,290.41,0.41385133328743473
train_05812.png,01be017c6e47a95062ae4d71d053cfa22df85e498d98d0e59fda1191b1b21fc6,1,0,271.43,0.5036464409788188
train_05813.png,1af1b52316abfb717fe0809e76e46639221db3fc3bd745bf787b503d993eae74,0,1,23.01,0.6485981866155767
train_05814.png,f3768ce3f5731a47b5ec311d98bd552f7ca84194ecd55f751501e7c5999bcd0b,4,1,27.1,0.6718797362851686
train_05815.png,dab485f2b4a97933623482c03f00c3bbfdb05758596b33df4a46a7dc2666f1a5,3,0,333.57,0.4042068451358474
train_05816.png,b4d35b580eef2fd42ca1c8fdba377c63d184801d4237cd72eb4cd777649eef8f,2,1,27.4,0.6808496189525091
train_05817.png,ba2dca849bfa46649bffbe7c0bb6c4f526e47d0342d8975ffd98d17bc11afd20,3,1,109.6,0.9452354915660095
train_05818.png,97eb3a917be56a1acd3f1c45e7a28dc3c37be747e0b5a3d8ec52e572bf065f61,0,1,167.35,0.9399867649517801
train_05819.png,3edd0a679d4e3781492989e87308b880aa71032be267a1931cbfbab41048c59c,0,1,242.65,0.6719836499573988
train_05820.png,b21854d090cd76e42d06162f2e59693fa42d58c1facf94cc280eff35d3cae5f3,2,1,61.31,0.8524764857165629
train_05821.png,57555d7f9e75168807cb20569d7224c0afa2a87366d8daec57acd901e805f27e,3,1,334.16,0.40557533453230454
train_05822.png,68b2f2f6e0e85eb52c6961db90b3a17caa59481ef0345a9df6b5bf00aa8c0979,2,1,314.66,0.38788296633363645
train_05823.png,8268e08bd894b181583a4241a4890f42ea67e2ac26d9deca38045efcf9510731,1,1,25.39,0.6575232838265631
train_05824.png,19d04e20161bdafa9b7d1f977d62b11aeef0f1c888fd9bad7c733efb6298c7bf,4,1,131.11,0.9518538944889852
train_05825.png,b4961f83a86951739b0b88ad2e443d48e6b169893c60b9ac612cd127a2afffa1,2,0,304.42,0.3938149035641246
train_05826.png,4743a58a58ce4772c93d36b29ef5a0602af4bdc58c5355e6b5803bb5aeda80ee,2,1,245.87,0.6506964750922934
train_05827.png,b10b018c72cbe817e3443f9a3f07e2d52282b4ae4a13cac0421c864e788696bc,4,1,77.45,0.8986432039855637
train_05828.png,6e852c222a700a6b907eae1d4442ca5b3b31a5cb422f32dd03287d6e93daa85b,4,1,140.63,0.9516650569748569
train_05829.png,a1695e18bb9f5164339e3b28bc59d15e031eb25a8319bcfbe86999670b77e1e4,2,1,142.76,0.9498776162472834
train_05830.png,5146a7ea58292244c2613039d65b0a5860658488db11bed0d4eda4e714cba31e,0,1,147.59,0.9519743825248529
train_05831.png,daf7dea08d68aea7228b19d18d328deacbde24b73dfb51a07b777855d2af1fc9,2,1,141.54,0.9501158344803357
train_05832.png,f645d032796dfd9944aba6b5acbb9967309de4f557f6b23cbf0456ae262dc22a,4,1,283.3,0.44408282016491907
train_05833.png,268e0e5049a650a4534ef3481530949d38970401c5cee7bd21fd3faeab17788c,3,1,71.2,0.8842895988113623
train_05834.png,bf611a2bff568fd4f2c4f0a5e088cc88b9d987e2575709e29acc397e0a077322,3,1,352.08,0.4676530371936497
train_05835.png,cb442d2cac1ccce0759d0d288bda932841e07b07e73d95212508d2cf91e8ab29,2,1,166.77,0.9365834692531848
train_05836.png,b2b77f8c49729830bd7db59db497cb8e0b79ab925a1248c73dcebddae6ce586a,3,1,290.7,0.4223164364983008
train_05837.png,97a610f59c0a07e988bdc959ffc83749b9d256203086e7df88049356ea323788,3,1,61.91,0.8543756351607387
train_05838.png,65eb9da67c99f22be7bfd26b548af60c41122a1a751716420a63363add809ef5,4,0,303.63,0.3893370081954723
train_05839.png,c547400096ff7c87456090180c7009f40bc20ba8da62599e122d26fae48dc4a5,1,1,117.92,0.9513393196045965
train_05840.png,7a6d9a9ef2f372bda05b5a32ff9005f87dfe5a53c08ba7c8fd7cdc63a43aefff,3,0,220.61,0.8058672153168783
train_05841.png,1db1a27f5dd953bdcda694e02395249b8c3a7a7d2f9e116c16c302a690c14608,0,0,278.01,0.46138919996087807
train_05842.png,d3cf3ee17944568cf9d82dd7072d09a5e2f771dc93098cedab8e16db18a508d5,1,1,32.35,0.7023982205979783
train_05843.png,2aabe3d31dd360fe30ee259c3d618dc401039e924f7f82b608685cb2a84c273d,2,1,96.96,0.9316263909217485
train_05844.png,5064d319f169e36bb8c482b418b3fb4deff763d431955afd1afd8108acb498d6,1,0,275.82,0.48064245307016035
train_05845.png,3afa9eaba27a803f86d504d8b7428af8ac5a66fd84fb27447b9405d2aca510ba,1,1,100.54,0.9387755078376491
train_05846.png,15339ae7b6acd85b066cd4092718e20df9647df6afb4263839706a5b1f27b666,1,1,166.99,0.9431472509204373
train_05847.png,9896d08c7eeb25a2ea766615ad6d248002983e89f09c129c97b641ef474942d0,2,0,279.65,0.461454278230944
train_05848.png,63a0560b07c76ef89ce654705927c8e8f223ab3c2651b99b555422b74ec3b815,1,1,50.68,0.805981669245018
train_05849.png,ea9ead1fe69f4f909c1572599cc2c0e8aa3097e00488d1cb849f5dc81209205c,1,1,62.19,0.8551219099031951
train_05850.png,faf21246ab1aa15a85920601640843a74880344de73f67ab3131016a2ee16140,4,1,268.23,0.5159318424854227
train_05851.png,26a0c08adc53c789474e7382fd61af3d49e04e13ba1fa98b82d8395cb138f8d9,1,0,262.06,0.5585277898207602
train_05852.png,158b6c2be5bdf63ba0044270f5f05fbfce38d250488086260d83967ddf06e234,3,1,140.7,0.9533198296958626
train_05853.png,85b575f8f81c8cf10db14082759dc5cd50ebb02d1d2d9f879852915a5b145839,3,1,151.47,0.9505574312617747
train_05854.png,1b685074298fe1528eaaa6eb2f2d7ab283186c1b7f3665a8ebe4582d5b432d67,0,1,73.6,0.8928710668183276
train_05855.png,968f76f764c09e1f6b08c38dc883c98b2f37fbb556bd21c748865268c2118372,2,0,277.23,0.47195595343032626
train_05856.png,931fca03f8dbf21b893a8f18b7848aed4e45481dd659ff765b3c4e21b5427751,0,0,300.58,0.3891780144568598
train_05857.png,20b4bd14816536bc830a9ce596eaaca4ce0236fde26204ef458b70c30b4c7be3,4,1,294.92,0.40651327611527366
train_05858.png,b7f4a696f9d774401fa73bd1a7e0f10aabe651aa9e16bacafb8d182ab0ad48d3,2,0,166.44,0.936895737927826
train_05859.png,15335a3b1fa97a0f4674bffa5fd0f5e67c18108eca027b4b684a6dd88f6738d5,2,0,250.57,0.6210711146940173
train_05860.png,5fda27ecfb86f2acf3fa484ecc64147b8ac247dbcfe3458c6db4cd321bcfc231,2,1,112.35,0.9446818221255543
train_05861.png,62eca3f12f468e8827503372ce1b849bc09a64af2aa93b905db1f1ad6a263cbc,0,1,242.47,0.6731472339776825
train_05862.png,5ebc4e1e90d97018b8a6c03136cc37327a4298562bdb2d2514983ab84a7d76b1,3,0,324.42,0.3886107691077136
train_05863.png,6207613b2334bdb406519f191c805537e0ebdd744f749f5b2a3de0e4ca874b95,1,1,85.2,0.9171811810244382
train_05864.png,f6507f7112d320cfc5ea8eb75a600fb353f9020a190779c625e49f8436b2f442,0,1,352.48,0.4671301172590553
train_05865.png,0b360ca440c0cf0cb237b71f041d9f4efcd9616dbd578b667eca21e4ad581f37,2,0,289.6,0.42534571247698094
train_05866.png,b6ae469d3df79b8a032259e639208449330a860cecc4459298a73e4c7182581c,2,0,317.85,0.38868257413779556
train_05867.png,66642f32d925b19af8213c6fa22a741f83410f61f4b67ecd5838038b788b3350,0,1,12.63,0.5811357226250643
train_05868.png,0e48bb72d46e6b435d23ae4c174900635044f5beae70ff94c270f3d26b1b974e,2,0,289.59,0.4253760905359513
train_05869.png,b637207aaed49775ea4c3fbea1683d37ca16635ed1459dcede9cbc046e53ffc0,0,1,296.98,0.39641047916935795
train_05870.png,994e29893c6ac16201a5c36b954195d82aa95473953c4dd54e747773c5d2d112,1,1,346.42,0.43652242776437206
train_05871.png,77fa427ac03f5bc3ac2026e8ba1c50dbb43dfe175afbf5b5d53a25f4d6d9e21b,4,0,285.53,0.43559831286407724
train_05872.png,a0c801b1d0b59c771bcbb471968bcf6eec66a43af5667bb43935a473069558aa,1,0,43.11,0.7665751880834654
train_05873.png,8f4c643e743934145773ba74c095c55d40161bb8058559267b91db5378d76d53,1,0,340.1,0.4146058183239236
train_05874.png,ae75633bd86bafa479879915bd4be0ca7d52510f3f6a672e2aafc05d769a6842,2,0,349.7,0.46527085228328424
train_05875.png,7c5b4d91ff86c3f01c93fc0ebf91b571318e4703f4dbc356f4ce794fe62cc297,0,0,313.39,0.37678515411102054
train_05876.png,905ccaaaca019b481ce6ff4bc598916139d1d5adbe5495722bcd871170dc1eec,0,1,32.29,0.7081512846584327
train_05877.png,ab012b016c45849ac364924539d0c15aeea85c380c0bd2bd7e3b55b5dc833f48,3,0,298.35,0.40209378436896465
train_05878.png,c2d97aae0d59683756c81530c84f5060e94705a0ad0c015a1b6e4a62a833eef4,0,1,129.21,0.9536449664058652
train_05879.png,ab69b1723c2cb136c31271049b0beda4e424992b2f812ec1516bfc1d5cc3e715,0,1,207.75,0.8553650122846032
train_05880.png,8426751188836f91db895c2a4067e2e1cbbe0f1eb39b8a63ebe2ff6965964a1f,0,1,322.1,0.38022050017759484
train_05881.png,fb00a91ed4765f8e02587fb1be4ef18745c59999136b69f0baa98b9b63f02afb,4,0,309.15,0.38336607786860183
train_05882.png,4eea31545910ea74e184952f067e3a67d279550e2f4b7abe674343d1338ad625,1,1,46.47,0.7847289190782507
train_05883.png,66e1b9b8d152b83db80d1cfa61c8d4f3c5e8b5a4e6541a6ab1da713895c17324,0,0,323.21,0.38134823569464327
train_05884.png,973618a31fcfc095b179aeb95ea1e1f3d9554cc9dcb004981beb5d1d2d283c96,1,0,323.97,0.3817090315320394
train_05885.png,595b353ff2379720ecba38150d35c6652577eecc4d3626c181ab976d12cec64f,0,0,33.72,0.7170014760475595
train_05886.png,ea6a3c1e4b16fc9e293651b8c9c0be9adbcfe399b49b32dae6237782e9357849,3,0,358.9,0.5010491074367979
train_05887.png,360389388a61383e42740252659e4a593328f605423eb4ed086c4f1fef774c4e,0,0,285.91,0.4289331225259914
train_05888.png,7049990b9ade5f200053a6de953b936d80ddb9702fe1d73d6c24a8516016cb55,4,1,7.38,0.5475345825530982
train_05889.png,c75d3c232814667ae8ae735e7e54d075be48b77eb95a101debc7166f7df1529d,1,1,39.39,0.7453393243618259
train_05890.png,0a3b7a3de6afc51d48a5dc7d6f7cd0692a804ddda6714630015dbfdfc97b070c,3,0,327.18,0.39220111600669033
train_05891.png,eebb89e1c75df7cc04c851e0fe05c5a483e35575a2ee460108837f8b25084eba,4,1,42.13,0.7619450542457925
train_05892.png,d696a1ef6f40f87c05f623075953977ef8f9a02331dbbf8db0b3ec482b95185f,0,1,29.64,0.6914660758694303
train_05893.png,a05b17f5bb7c6b663f9abffce56ad07690c73ae76c3e3fee7cee39cabbdc28c9,2,1,13.41,0.5931477218812656
train_05894.png,0a808d2ce6ea2eae84719010e953a158879521bcf2af07a2c0e1228d6198d83f,4,0,31.82,0.7014974290042599
train_05895.png,1938a04dc6d4d98dd4fc29844dafd4bb890bbaabb10aad643d42c33ea9ed566f,1,1,197.99,0.8927842663266208
train_05896.png,95536b5cb8a59641c49884761e8626d0a4e9683f67be012b464ec92d9b31f2b9,1,0,310.44,0.3797631609694524
train_05897.png,1519f3ba56132848eec0e6de63bf99f97864a49ae1900a87ad89be0c8c6bf44e,3,1,11.07,0.5710602309402748
train_05898.png,d1a17e5be5f749385241ea2802966ab9b0b25e1b1a6a5eda7a298887a057f43e,1,1,306.85,0.3831675358953316
train_05899.png,edcf7a69149cf9a060af4af77f011eb16e997b4b06984826517cf6b18856cd64,0,1,57.47,0.8398421838696347
train_05900.png,7d1b64e02e5bb3e762c6a3d3cd67832dcbb8b3287d28b118b579eb41df0b076b,0,1,10.27,0.5662330479872042
train_05901.png,2861fc8ebe5a1a33e18b10b739544dd853ced72f5aaab9a2638cf095e522af74,2,0,297.67,0.4048176086777897
train_05902.png,2a0d15754ee88fc335bad6fa79e9e8e1959c9cb3391bbe8c1e408f15c1bd58c2,0,1,176.86,0.9291020219588209
train_05903.png,5a02302fe8ec0bbe3b8b141745c50d08f9e3d19f7146756f1d12424b8f52229c,0,1,285.72,0.4296252731739012
train_05904.png,1519f3ba56132848eec0e6de63bf99f97864a49ae1900a87ad89be0c8c6bf44e,3,0,351.37,0.46446441535461014
train_05905.png,92d9c21858c35d5bce9e3b9a6234fceab286acbc21de84b8ca9e86506d16a0f5,3,1,269.15,0.5167603681183767
train_05906.png,774c35c9c548320599eac52c0d2801cb677ab61bdc25a8c9f8d4a83653070484,4,1,347.98,0.4487923474460597
train_05907.png,7cd74271ba3bc48a024c1e94c9c1a820a579652101d27859fbf911207d69f77d,1,1,19.2,0.6168850235826273
train_05908.png,a2b58103372192fe2113b1888851b43e5ed7e63d5e997de3675341e810b72972,2,0,277.19,0.472134918616018
train_05909.png,460df6e2ead08ccb258b1b76f1c2e4dc638c381bb9e5527d63cfb5e441cedadd,3,0,301.0,0.3968070744799132
train_05910.png,5aa92ac7f2ef6ae6bd09583a3a3607dd82057150e97397a578154a0308b76491,0,0,309.03,0.37866912608553427
train_05911.png,febfd5a02deb402ec3904298bbe75c2b1718d5c0b134f9d8bac159ceafdada8e,0,0,341.99,0.4241313014908549
train_05912.png,905e815ae9c6aa1526755fd65fc1186160e15dc66718e64d6d0c0fad17f742ee,2,0,330.03,0.40331066650199415
train_05913.png,e9b22b7b03c3c559d485693227d9b57605ba43c57e8c15b5f3cfe92a94300f2c,3,1,40.07,0.7520721078128407
train_05914.png,54793c027936ffb9b80e7d5fb343e8564a565db69421a06f7b07d21b0ddcf97f,3,0,38.38,0.742386830364867
train_05915.png,029b9647b5f5e8ae9877b0864408e11ef3ae7bbc99b622280650fe71ca238f3a,3,0,302.73,0.3938344165719435
train_05916.png,50a28a383f36f61583c7141be99b452a70e17da31fa5dd44f82d39f8a7f642f9,3,1,152.59,0.9500978124647589
train_05917.png,f4b2f1f368be7c7e69739c5f2db65ba4530f4f94e6b451eb13f753982e1649aa,0,1,219.49,0.8057122796941522
train_05918.png,d243966f8c6038ac5a3594bfd2f1211f3b2c15a7020fe2a4eaf6bebe4cc75d81,1,1,281.34,0.45466412827794483
train_05919.png,5cf3dfba56a0dd0967e1f345f52076a54e47aa7f80d9a2c6d56d6878ca4d2549,3,1,292.06,0.41818536351514385
train_05920.png,3483e504a6a74a3dfcb8e7958f6b75d2033384353e1fac31759cddfc07c55bbe,0,0,198.47,0.8852775823131415
train_05921.png,cac2e61eae0a8466928b09e5e7fce870d68743dfe500b5cb1ebc4036043414e0,3,1,244.28,0.670664763497202
train_05922.png,e9bea86b58717c0291c1016c868d1025ae81e8d1865e802057716835a543025c,2,1,272.27,0.49542725446754454
train_05923.png,879494c636ccf812e15940bc57f33020f610e1e762e10021738182715cd95fde,4,1,184.53,0.9152971167080678
train_05924.png,7742a76381602ebced5c00d17bbc47af7d13c926ebd7cc3d57ce608682d9029c,2,1,241.42,0.6785723195359875
train_05925.png,e55dd9ba780240110baba43f3918588dc41a58b208ea93d6028594b816f7887c,2,0,289.11,0.4268484893430268
train_05926.png,03e3fb7b69b247c2431052eba94ab173a59bad37a61cd193ef6836e974df1595,2,1,189.64,0.9022166880251854
train_05927.png,08eead9ce9c4f9a01dd315dd2eeedef325f935176d52abeb22f00460e7df1fa6,2,0,128.15,0.9503192311910492
train_05928.png,d395ba83287736664ff57f0cab52376a810c93009574b64fa68ca615f6a0a748,1,1,101.07,0.9393198534116969
train_05929.png,ff540ed8d0ce3145ceebcfb05ac7a4894da958060cd19612b69de0b3d0320afe,2,1,136.77,0.9506916634204372
train_05930.png,983c315a99a6cfe8ab6501dc01923dacf0891022bdac85867ba709acb9b57b29,3,1,185.13,0.9173847656599085
train_05931.png,274dfbd7c0c96f2dc90fb2578e8ba88e278e7141164c868768353d2b0ddd8157,4,1,180.27,0.9223726220794042
train_05932.png,1f5e06014116e198309f4860a961ac8e5ef2de5682a13875bdca98e6177d543f,1,0,303.19,0.3883351564685969
train_05933.png,8387a2ff9cc4e6fd5cd176e817aa006fdb11352b380dff274f1c9654eeaf4ed6,1,0,43.62,0.7693958020136088
train_05934.png,6fe507d10d8124fd7103feba1e67117c29c54e3a63e19a3e04aff1707ee68777,0,1,196.32,0.8911327197133876
train_05935.png,bed04d1dd3b59eaf562cfc8a328f816e1fc226e4c1bf6f28dd0e8510c51f42a2,4,0,310.89,0.3822732741038555
train_05936.png,7828c18043b9db9e26da7113c171c199b34ec273373d454a8134b4d9faba1307,4,0,314.47,0.38121356270926454
train_05937.png,ac454af47759a894bcd64073610de9b2389684e97f36e4b0a6a29064bdafabec,3,1,252.17,0.6199240983600454
train_05938.png,fd5149fa68570413633888cf17a8ca7d2ed2f3a34c9524b32c206f615e796d1e,0,0,120.67,0.9516471074770544
train_05939.png,63db0f8343d7d8532f3a4c3025f4d56dd1728759342596d4048b9075d7116f36,3,1,321.3,0.38571008647301686
train_05940.png,7a7fe7c07993bdefe4229d455a74fcb8d97aae256b4d4bb96b115629a3740ad5,3,0,316.07,0.3836009823828596
train_05941.png,76db8478ad132da9fb5a5e878805f0f6128cdec401688f52f3c41aca70e338ef,2,1,119.41,0.9480423566406679
train_05942.png,6a2d288435cecda25c95f0e500d1f2a1254ce50b2bfbd3bd92a294d395cae79e,3,1,25.13,0.6606848499610067
train_05943.png,4e5a91831dfbe9b3fdff38d3a95d9b43dbabd326a4ad82d0db05631836c2ffb2,4,1,245.41,0.6565234474927197
train_05944.png,12239493b9423c1873511e9c2884f236c580b37e06833f0f2c1b43a30631a17f,0,1,240.21,0.6876663954810688
train_05945.png,6cb3d8f923e0de051c7be2cea259ae4a57b722769aa19d86a53dce3648276558,1,1,323.77,0.3815101846419385
train_05946.png,f0822decb31b6f14bfd24a8ddda71e1a209e2b1cc5a245ab59c6001c1185c8aa,1,0,336.12,0.4033942629421595
train_05947.png,0781fc9ab17481222195185d61051bf37f1b1a207118ade1bb7d632739d2fe23,3,1,283.03,0.44986921459634827
train_05948.png,75ace172ce6e2e35524686bb533e934d2ca97393d8ff705a48ac70511e2b32de,2,1,309.01,0.38955283479671127
train_05949.png,ce18a6bdda0418d9e8b85df351295cc25e1dc215e6a2156a895a0b1de67bbde4,2,0,304.53,0.3936822813186811
train_05950.png,b8bf6806a843844e46dcc392eda23e3bfc5ca9fea1f669c77f80f203600ae7ca,2,0,180.13,0.9199130376916506
train_05951.png,61ee9e96829e15cfd7663467d9c28c0e7caaf3cf33c59d62c7b4e55dbdc2228d,4,0,290.77,0.41802810001053986
train_05952.png,b79452efa153ade7b8838e96b327aaf75e92d15bd296a142f0972b696ea248c9,3,1,98.11,0.9349142149161817
train_05953.png,2abcd964eda5069114a75143fabfbdc0a082e18e182cdfea18a3ab8308dfb08d,0,1,252.97,0.6046491302088348
train_05954.png,5112e8a707e31b016f06042f9473474fc3f0fe0f26df3e633cd76f1aacabc15f,4,1,103.46,0.9388280690414528
train_05955.png,90ad1ef8993793010ae4a8b5a4082edb99cf7434b0cd6bf0d01dfa86eb2d4fae,4,1,117.14,0.9480494829425016
train_05956.png,ce35a857e0c84ed197955b6d5f4edc097b3ba78430e805ccb1d80ab70e079d65,0,1,201.07,0.8776761580353276
train_05957.png,d74111abb014fe391efeb808a626fd5dc4481f887be54bd52adf2eb17221b2c8,0,1,270.29,0.4999367139468294
train_05958.png,5c6d33b2543117ae26dfbb372bf71865d0ae2028ff46d8d3b460dbdb3670f3ab,2,0,320.29,0.39014315461320553
train_05959.png,72fbb6f61980c336e8a9294827031ac11e76be520fa5f98e81ddfe8c52ae90cc,0,1,135.7,0.9539790766258418
train_05960.png,a97e9d161e001eb4fdc6bd73ca5aa811252f0817bdd47b1e34db56128a7aa78e,0,0,270.42,0.49923675331012496
train_05961.png,54d8054393570cd8c9e5a83b77ac90cbf1995e80c205f6b8900c4b8c2faa122e,2,1,308.72,0.3897450045857631
train_05962.png,301b25a31d7355e55e19bd283523fab73930dbe5d33620e8bdfe82c59b47cc59,1,0,280.27,0.4594286824979165
train_05963.png,69ce74ac8bf42b03a4a0a7a5e4e1ebc03af825251a47e732922a3654a68a6052,3,1,13.65,0.5871351736659659
train_05964.png,02186b8627ee9da9d89f0604f6edc485307486c2e020506b8ec40a8ca364affe,1,0,300.11,0.39401355330955745
train_05965.png,f85e5fd212066e0f0cf5d84b22331b065691c37dbdf8288e79fc06323554413f,1,1,38.29,0.7388498174863332
train_05966.png,6a917c71490565e98bf381465f2125a1ae210eff982f55111981fc697cfc00e5,0,1,286.36,0.42731158697810995
train_05967.png,236c26269da3a02ab057bb53e8c02cf65a9f1a10d5a2cf2c72dc2b648a25c437,2,1,238.94,0.6938789164190019
train_05968.png,f6de279e929f68b63fdb80d12f7686ce6298abe7351ec76f7edb270d120f09d7,0,1,240.12,0.6882407063500534
train_05969.png,2ab8e1a1028814cc051d06fc2e120ced17cece4ce9fba9fb56629e18557acceb,1,1,153.83,0.9515186867891406
train_05970.png,12ee54cef06666d1dd191e254bffdaca72e4df40e9ec3c59e1cb4054b9deb65c,0,0,271.74,0.49222305023382495
train_05971.png,050595d37f96d6199d879d9417305d618cb47d9d99ba1339c543f2ea8149bdc3,4,0,349.94,0.45700228726435355
train_05972.png,2b95dd192cf8a5d9cf201aea2d6c7e89b778a32821b9d13974202210d09bf4cb,2,1,105.62,0.9400384241656703
train_05973.png,2f9f4c1708c7b68665286fd11fd9d5642c0eb498a512870af7dfb2055da56655,1,0,357.96,0.4889269343603088
train_05974.png,b0528aaa18028236caa1665bd969308c84e71f07614b963c8b0a3a9f91090c1e,3,0,278.2,0.47080196542225144
train_05975.png,3a2e580f717970066ee2a3a6816c97edd99de72d443a7d10f2f9a148bc0075e0,2,1,205.0,0.8599506926990077
train_05976.png,7718866c18aa53bfc5d34408002fcbfcc5fd7dffaaa68b4b9d87d160405b4362,4,1,231.75,0.7406552364366334
train_05977.png,39b8ef8cdffb742d8596a6d15235880ea8a9c74d42da2f7766f8e78706eea8a9,4,1,77.84,0.8995466113353835
train_05978.png,654ed802a0d709fe1e61dfa4dbe90ab4da5fe482254cff93be3768ccb99096ca,1,1,354.95,0.4738027687063816
train_05979.png,b38d2cc0e4a265bc0024cbc9d2f15cadb2298af3562b1728395dd4b738d1486f,2,0,298.51,0.40314140742626614
train_05980.png,9886830aafefe83d48d48afa6cf9ee8c2d51e896a54279f4184a94dcc7cc1c3c,3,1,40.85,0.756468471827497
train_05981.png,fe04a3f957cb4d0a16959c6fd6214ff60afa14b9b1584089d5218ed4e9ad6336,4,1,330.25,0.39561663394507685
train_05982.png,a3b75ec3518b070e8819f7c834ee327a046e0cde144dc2d9302c74d31a0c28d5,4,0,325.23,0.38765814836017376
train_05983.png,ea10fbebb2212f9743a00d63f97d57a5712bc0f93838b42917b50fdfcaeeebd6,0,0,131.89,0.9539041135579185
train_05984.png,cb3fe805716fad11eaf4a6f38a8bbed1f6c4a6949a1fb90d0d952a985be89916,0,1,212.79,0.8357199637214976
train_05985.png,182cdd72163b205f417eb650646b508817c54bf5643fc532f4112ca62207881f,0,0,300.69,0.38898296813454486
train_05986.png,dfc604de6452dcd420fea31fd01e11eb2c96c7fd73e2818b1e7ff75ba94cb6e6,1,0,326.59,0.38478625961269997
train_05987.png,ae8a2125f0ac4056d52f35e66cadf65a611ad6df242177077dcb8da1d4391daf,0,1,123.15,0.9524162280697364
train_05988.png,856786782cd80132bed6c6cad8e4cc223ef0f2bcda70dcfe786a928a1f81a1cf,1,0,271.82,0.501524734787569
train_05989.png,e473a30a6950b50b834330d17f7a22c72440676b918367e91eaffbdcac2507f4,4,0,340.44,0.42145531626949745
train_05990.png,58f02a6ece0b3084e70b9a2d4b89cee53dc646ee64613aebc1adb4c58247e3db,3,1,277.21,0.47541729344874156
train_05991.png,79be60e08a41f051fe854af57f2e8d4206eff6d0d80caa8f0f7a9f964cfd958e,0,1,85.35,0.9181444250608314
train_05992.png,5b68c2ebdda7722825cda0a54504aa05f9048ca123364ba41e486f2950cea867,1,1,25.82,0.6603365546630965
train_05993.png,c27c3e5e5ed17f62d6b8b8035c106b4ebbf7665fba385d7c22f2b22dd37db82f,3,0,309.29,0.3859970356206134
train_05994.png,7a795c93203acc3b997bf18230c5923a26503cff9ae1bd1eb6baa50a95d8b23a,4,0,283.78,0.44220658539767993
train_05995.png,8612ab050ec69b4db57bf68e1ae8baaa97e3dd85aedb7466fe9ba3db2f5bde7f,2,1,75.83,0.8954428939973387
train_05996.png,4cf1711642b6422e31cb974887d56cb89f5deb3d6f755fe00610323a9489c147,2,1,301.8,0.3974162635126875
train_05997.png,684117ea984902156ad57ca2ed6d138a7c4dc97e2213c5e16b385467286a1553,2,1,245.52,0.6529008263637325
train_05998.png,4c991383c635c06d154cd75bc5bb2ba1183ee51e5932fad6765e5b74edc982ac,2,0,353.23,0.48114570572589577
train_05999.png,89c021212391b2811fc4667b208adbed1ba727bc27c93c72a02eddb80c8be980,2,0,304.76,0.3934098182464771
train_06000.png,4e6c675bc23b4dc1ca6b84efa80cd7bd698e99248f8e5f8a6783c04d5493e12a,4,0,350.3,0.4585581851518801
train_06001.png,304e41e476118bd3769f3bdaac2baec2b06210c42f39d18b04a84535fbd7f7d9,2,0,75.71,0.8951570304663085
train_06002.png,65010717ed5043501bef7ef1cd3c76e4fe9fe3f4d8801bdcacdf2874188b6eb3,3,0,146.65,0.9521551857848849
train_06003.png,47c7a681d8f7748a5c37daf5bb53c1e5972ac236ef2dbe78ef42d75d6a82ce33,4,0,309.53,0.3830951502776952
train_06004.png,172dd944867be0dbf1c70bc9e3b33a922b25e7a53b1d33e58ffccbfffc7181dd,4,0,296.16,0.4034887002254047
train_06005.png,b34419b81eb69cefcf22753faa6d32a0669b752f9d8a0925f7877e01b1e129f4,3,1,255.66,0.5976173616415891
train_06006.png,61cc1ca1d16662d138921a0e79f3837b3abcc9becdf823ea4b72fad056bf78ab,3,0,352.81,0.4709902488323185
train_06007.png,6bcb38cbba9e42ebf02292357e34b247d28e5fdad9af68ac6a1f33e2e8f5323d,0,1,349.55,0.45380880535288953
train_06008.png,10444bbbfd062fa5cbf3a5706dc417714799fe8a6f74637d3ad31687b9d69ef7,2,1,42.45,0.7683980249081525
train_06009.png,cc4e86d2ed4cb4fdedd2bcbd8c476cefa1f6a1adef7f2c88d3f9ac65d940f94b,4,1,219.66,0.8045642210683581
train_06010.png,72af85c24dd5ae83e353102b40ca75ec623d392aa58453583778893c40c879c9,0,0,165.64,0.9415389166096845
train_06011.png,b19e5fcb86a9db1337b3e72131f5ca0b3e1d6c9363a43f7bd88ba9e0274116cb,4,0,335.85,0.4082157033749735
train_06012.png,b760c5a97670498bea8632e8fcab9fc5e78c57e6c21ed137ad93767e5dc955fe,0,0,272.97,0.4858447323858227
train_06013.png,970cf3e067f5ac83c8e6b2caef1fc81e9eb31df1a1babf92a49c71255ef77791,3,0,284.26,0.4449718741853061
train_06014.png,fc816286ed1b5141dbc076714fa4ffea9e5437e12746a419184404d7503a74cb,3,1,225.24,0.782825940425113
train_06015.png,a76066af9aabc58bf016cb1c1119010a16c1f0fc681b241c593209b870e4cfba,3,1,356.11,0.48679994319235137
train_06016.png,312ef5a81753585b8d12e9654320f2021bfb994a40b134e16a56ade0dfe7124f,0,0,69.13,0.8805106283731513
train_06017.png,3905720ff5d7ecd11e80226e757a96c0f47ae97e3a8d3413abb37442b780c1b1,3,0,89.0,0.9226640500853466
train_06018.png,6426ae3c52b1ba1082318bfcf9c18548b2bbf3d67068239dd6d43e7e9e212ec2,1,0,313.19,0.37826838125215584
train_06019.png,0111d161bb29c00a7d81310e71c957d1d7d6d480237d4024c01d9ce946dadfab,3,1,178.64,0.9276228879080374
train_06020.png,16f62e4dceff59a3d86488673e6f788232429041b12bb0c9933d1a1ffe677795,4,0,302.92,0.3903816681423321
train_06021.png,5edce17d4264a344ec6f63caee294725cd7315135c571cf5dfc5962c476cc858,0,1,329.57,0.39082485405009587
train_06022.png,48187496d834b53530dfbcd8a78e58f3e6dff9ef212e96ce3e51fa59f82987cb,3,1,35.47,0.7252338282867019
train_06023.png,9df31e57fcfff9c70be632660966e765ac4dcad68ae0b764c07b65fe9aa81734,4,0,342.09,0.4268498028508278
train_06024.png,d000f1cdd7c035807ce217ab76231b43f04d408c998eca31ab31dddc2b134ad9,1,1,99.8,0.9379957901411446
train_06025.png,74f57d40df68910a140b7c28eef74e8904b6f2569ecdc282d52a84883474786c,4,0,351.31,0.46300166617102645
train_06026.png,b6b6fbc94e6c4dac010ae680bdf11a04055729eec78be766fcaa40a4cef3c0b3,3,1,107.49,0.9437051405031417
train_06027.png,bef1ca2eb11c9e6f349bbe747f166a6a18e1aa1bbbbb2b04cc6f21c56f5f0d60,3,1,77.06,0.8994043659494227
train_06028.png,71eff20842a843e3be8497036cbda99de3ae71ed854e948a41aed002e27e9681,1,1,291.01,0.4178840588695029
train_06029.png,c27c3e5e5ed17f62d6b8b8035c106b4ebbf7665fba385d7c22f2b22dd37db82f,3,1,323.5,0.3876277373369587
train_06030.png,c8bcecdd16ae69077dad7090095e3869c4f6225064b340bae0208c390dfb0476,3,0,311.91,0.38438432569259995
train_06031.png,7610a6e0bfe2c5912dcc551ba420fb287eb86fdaf7332735cf4a5bbc3eb94053,0,1,137.34,0.9539056343344323
train_06032.png,21d2db616e7c205236ecc05a0be21820b618072c81c6b90d6a99e4bfbe5b503d,1,0,357.94,0.48882328009863885
train_06033.png,acca8c7e2861779c537dc332ff6e8643bb723850d437e9e8755514dabde2564b,1,1,219.06,0.8173905262180893
train_06034.png,d55fb5675ba5dbd3f527bdfe9b20927e4b584a27745b9f8ec2d5509fd0218011,3,1,48.68,0.7977424914812801
train_06035.png,0111d161bb29c00a7d81310e71c957d1d7d6d480237d4024c01d9ce946dadfab,3,0,285.89,0.4387603502191559
train_06036.png,d0e8fd1ea1f767c30cb335eeec02639d51d0727db427e2af42ca0eac06389a8d,4,0,323.05,0.3851841718071471
train_06037.png,aa54e0541e05127521638f4da3f192ace01167bac1c2b92a42c0b2096b7f44e3,0,1,245.78,0.6516275677036164
train_06038.png,cb6dc5e4ab20b72ae1afe3c40e9789de9a29037a131c8f4a8a06c9e723c4b199,2,1,56.75,0.8351712456297649
train_06039.png,5c1c9029ec49b39430a2cae1da67f9d71c595b5e848863b446ab6d76a5d7869f,2,1,30.95,0.7026376132526209
train_06040.png,65565fb02ff5f2a555b7f02997ed4c4d73eacc91fb617117e61c20f15c4976b0,4,0,294.99,0.4063374234581887
train_06041.png,f8e2503f63b1ab036066e81a0547cb8f7fb0f9d1d02f6129d323548477a64a2e,0,1,240.46,0.6860693924773659
train_06042.png,8a874b70c6e3bdc6df909ad9434bd5f29bbabc1d78f4cadd42030976cec91411,4,1,228.6,0.758495068641646
train_06043.png,e6c34c62d392edbf172251f0396b732a5c7a9b94de82e4acddf8acbe77d29dac,0,0,341.61,0.4228241097341442
train_06044.png,5eed6fd18c3c833797fb8cc71a1ece3f87e46ab024ba3d2e8b7beafc7db668b4,0,0,288.79,0.4189894970166308
train_06045.png,d751f22184fcb32f76bc3fec4bc5cb06716ca16283b833905f7521963e570d0e,1,1,130.73,0.9549510208207065
train_06046.png,03c39eefee80b1cecad68bdb8ccf5122361a317653dfc26920887f02fedfa147,2,0,227.78,0.7588458978587254
train_06047.png,4e739d7acea1c00d485588ef39d60044e82b1d7ea69acbd2b7ab32a055e66dfc,0,0,340.53,0.4192071851028844
train_06048.png,fa22b124e37f184f35fb87a7562c3b827fe72af4a6dcf82127f95fdc13c69bc1,0,0,281.33,0.44684358821613973
train_06049.png,cf135fbc384d2619923e545daebec5c485b54cd8bded519e1d4854702052b731,4,1,142.39,0.9513883750940648
train_06050.png,932fdeb324a58aa641309354b869fa8083d3162d940ab150a9d2c2b2e11809ba,0,0,289.37,0.4171120701654036
train_06051.png,2a68508db571a51841f9e81d755dc4fd63dbf6a6d81f3de85417b9bfec92b40a,4,0,347.05,0.4450530431806495
train_06052.png,7594072ccb665b6946d4ef3d3c05e5850920ae4fee01857f8e5810fd61decec2,1,1,352.04,0.4601290488543089
train_06053.png,317459f6d3f06a7cf8156f0ae429b8d70ae93d3119fdf924b205e07d1bb6f964,4,0,321.87,0.38409289659165446
train_06054.png,ad5864d210369311f2cbde306ad6e6aaf5eef851d6b77133340e3d41d4a9547c,3,1,165.74,0.9418937890321458
train_06055.png,2f9cfbb5044d9595ba13126ee9e1248afcbdc8b5a7aa12f858ee4f0b8cdd3c67,2,0,311.2,0.3884373313431562
train_06056.png,0787dd676842775263c1954519f5421c87f8340c95c80b0bcf9b06dd36616bdc,2,1,186.29,0.9090952060229152
train_06057.png,d1ff7a7d1c808b486d1c432b2f5eff7a24d1571a8a72fbb735e9fc0479e91cde,0,0,68.78,0.8794715052764177
train_06058.png,9eb073a1a60a7071b5ef6bf519aef23e4fd0feb49347f3ff0dc4d91558f44f22,0,1,173.41,0.9335228215459707
train_06059.png,6b029062bb47288c7d594dd46b4af68617bd5eae9956aa39a5604a03d29c649b,3,1,99.33,0.9362575528539755
train_06060.png,9c8256d87880dcda5d06005aed1ef38faaf9c861ebc3075e55f26e8d814a7cd0,4,1,209.74,0.8468930617070977
train_06061.png,3b32d679a10216289481c2467e74e19ee50b51616dd11e174bd80cd40d2bf220,0,1,235.74,0.7157312715822057
train_06062.png,97b59ba1da3f6c63bf0d956c94feba931428cc9993a6231191c5520380660d16,3,1,72.23,0.8871444970704391
train_06063.png,42609377c91ef97b9ca7df341446eb4c5b64d3db67cd12287cc444cbabf4cccb,2,0,28.86,0.689869098617075
train_06064.png,94e48c71bb38e28f1a8cd9ed7c67ea20557fd38bccee9b2d0c629e58b29f250b,3,0,278.81,0.4680120302162199
train_06065.png,61836c2cdc98353631981d5c73469f43d1bcb23828f198149edc47e990a34f6a,3,0,317.27,0.38378019623585846
train_06066.png,aaf393294478043ae0d0d41f1630fc30803c6d1f82a404f4e3445c3730b064a8,1,1,298.35,0.3978043229296903
train_06067.png,53965beac939c8919931833916b4756c7bbd8982b43be8f5ea1f0633f562d82d,0,0,310.88,0.37757601186851913
train_06068.png,d7fc14474037c32497823d01109a6b0a103b0d8396f4da305ec1b8593344b929,3,1,231.54,0.7484247587296949
train_06069.png,2d178b10b362d72c3fb4b05fb911ed2a6428118fd7139879e0524984b535ff6f,1,1,91.71,0.9278422336324956
train_06070.png,8dc98bd5bcb021504313c7b5b29b73d69f97efaf6a3aef8c4c0deecca7ccc116,2,0,308.5,0.389897724912496
train_06071.png,534ab7ecad620aab1a6a55dae0a2e5c94d9df637186a238a8feabe7a3b73e21c,0,1,211.0,0.842982338183895
train_06072.png,fd9693a74127ce9c99317cebf87d35cd64ac555bce75e44c8ac4c8a7b4a26061,4,1,32.79,0.7074663318077494
train_06073.png,c14d972f1d06f0de33e9e508732065aebdf7b8357b61c319b607a00651de27b3,0,0,283.72,0.4371797636261857
train_06074.png,843ef1b1f01651436a6729f184caa55799fccc40baf67bbc7d6f59b5ef5f32ab,3,1,36.08,0.7288763146556888
train_06075.png,74bac480ef485beb4a096e85de502f70ea33e98675e19c421d0dba3e559d5a09,0,1,160.13,0.9458132627717238
train_06076.png,ccd38521d1b8ede0e29297ed78d9c80cd7b657b114ec473780736b138e544f1d,1,0,298.54,0.397375976073101
train_06077.png,c5c45cba90b2570600262c46cae52bffe1e7dc04375f0d657136cac18ad04caf,0,1,72.65,0.8903821560067998
train_06078.png,71d5170d5bb65d65810d8efeb28f5f54b42049a7552795995a4711000185f91b,3,1,53.99,0.8225099470399643
train_06079.png,33eb3ccb3c75b587c18dc30ac6e00a126aef167f203941ef6f6db21039911e80,0,1,96.93,0.93479879488732
train_06080.png,7941cf009b91a745c4fe3a85079b6842965117d650c705a97185f461896715c3,2,1,250.32,0.6226437675425939
train_06081.png,d9b439974e9beb1e22f7afa6f00c991c4b6dd8f251e30fa93fbe0680570c9d43,0,1,11.78,0.5757377421051699
train_06082.png,325b0d5f916db51df5c594e68c84eeb3c1b34ac54b8c518a2de469a689ce0d4a,1,0,310.39,0.379799271345626
train_06083.png,57061fc90ed971f7a70dbd39ab63f1c82b952dda48888a9bf6daf9cf007c2c83,1,1,15.95,0.5957070479298985
train_06084.png,96ca729bf2ca5f3438862cb430b95eeac31505964f7e1a3447f962d6971c4ac6,3,1,201.56,0.8791148935677496
train_06085.png,f4afb0771c59c89227ba3a1a4370bf9c56d3b845d26297fe5447e6cc0a8cb3b7,1,0,134.03,0.9552346214183133
train_06086.png,04119410be53b7cd98380a187d81c012d6b305137b893a77e7d09f67bff5116a,1,0,272.29,0.498987375054968
train_06087.png,16ae32529e4ca249bbc769b2f78ea5e443c5b44bba80971e43c4800e7409dcdf,4,1,233.88,0.7281825707917212
train_06088.png,2c056c74a1cf78970edc788921b225cb837efa98447449d753521da3009348e3,0,0,329.25,0.3902252465535539
train_06089.png,045873fcb5b5328726c30805adc201ba3b7266cc80e5cd55d2aeebd60d3a8419,4,0,281.07,0.4531541904352366
train_06090.png,133506fad20b6ee1cfe57d0e730307c3a7c5b492f52f52a2b5909d6e6352ccd6,3,1,71.87,0.8861565953828426
train_06091.png,da3b692acf61d1d22c5f9455cf48b89f1ca351e77df8ee4a5dc6f83e511b9060,3,0,346.6,0.44454595464928415
train_06092.png,5f85bb8933c958fc1c119ad0f728e03d78fd30be3bc70c2a4ff834cddcfdfd0f,2,1,125.13,0.9497549540131238
train_06093.png,90c5dbae6e02aef92fe443b67941b005b70d067e65506d50238297655eeae44b,1,1,68.83,0.8775918303180392
train_06094.png,59a1cb67dd72826abf08639e3a517be4bfa34c9dcd849f95718ac43d73c6ba12,3,1,91.17,0.9259631760263314
train_06095.png,d10b2cd19b2074505a5787041620271d0b5529cefef01b843530a9336e6b3d58,3,0,181.13,0.9239701801692852
train_06096.png,686afceeb96007b3366c4fd3e2d06edd2189121d283b1458c042ea9d87f9cb00,4,0,317.25,0.38149374565968114
train_06097.png,53bfbf4ce9016417b851159089153237c521fdf90ecb55c0e15b7d66db514cf8,1,1,329.28,0.38885976061077077
train_06098.png,6b6458588f639e026c33e681b77e1b9d4e609f522831a65b6e06eddd34587b5a,0,1,260.57,0.5563790348369123
train_06099.png,630658e6e29ceb40dae420e924a012bfa30ac5b699ce42dd892d12df46bcbacf,0,1,233.54,0.7291319970647514
train_06100.png,b0eba315e5a17e2b49a55dc6ae0c61676aa2cde9fb0ec58f3ecc604d42d03784,2,0,282.84,0.44861574753537214
train_06101.png,d6063c5581b2f26d3fcaa7cdf46fef55cc8a7003a9982183deba2e267f423b0e,1,1,59.6,0.8452148208766773
train_06102.png,bbc69fd82053b39e095b3b8cd554204b477b87a1a74e0bb3af0ef15a01fd0cff,4,1,171.25,0.9342035635938314
train_06103.png,e8690a79265a52dc8e20130af9bf0312da2eddc11fc895170d4fe67817098376,2,1,295.16,0.4103452175507616
train_06104.png,14830e247b4f61d0c47a9d61b24cc654eede9ad71f48e779de5d94165453c29a,0,1,359.97,0.5054101786015295
train_06105.png,af59305b43125c81dfe29d02736afa28193da9fc8a94ce1ef20f5f6dce1dcfbf,0,1,278.72,0.45817103872608556
train_06106.png,85c133cc8266ba01aabf35b1ac5b3d8c3956d5faec1911a15f096cd8fbbb001b,1,1,29.39,0.683519997938227
train_06107.png,60ea052ec28610ffa4c3a3641f3bb6b8b2f286e857a3a964a115beefcaccff4b,3,0,138.8,0.953511428443092
train_06108.png,810eaeea0c2b751c407b2022fe4ecf6dc87b16cea5ef5c4b5998b1168994c1b0,3,1,278.43,0.46974516735191985
train_06109.png,9c73539cc83b014d552e83a6cc701721f4bb662e67cb13fcf461cad2d2ff3f98,0,0,282.12,0.44357340741381324
train_06110.png,43335e11ac0482dc5e9f4f478c3640a7d4d0b21c4a38bd1dfc6cb3d7aad6821b,0,1,55.39,0.8312118901287826
train_06111.png,09c01a76e12f4d6dbab10f320339146f82739fc86774b3884d719360e4536e3f,2,0,309.0,0.38955928824700464
train_06112.png,ba27ad38adae09dd132a7c10d5778d0af6813cb6c626de21f664a1a133b8551c,0,1,9.01,0.5583946990145326
train_06113.png,ecf444262b345e3a7cca53e14ca7008299c82d253f32e177c318aaee87b84ad7,0,0,338.88,0.41396322741115693
train_06114.png,9c3d6207bd6f411ead38d6a442dd6e07c9fbf0e90721a473a60eccf301b221b6,0,1,3.24,0.5238296692745019
train_06115.png,746511023a08eb41c82f16ad39352bfc9ce5f97d9f20fea1ca849e6b86858738,3,1,73.88,0.8915381082260341
train_06116.png,21e9a6182583ad32717184df923c7b63c34e4009304807a7181ab040fa774652,0,0,356.22,0.4855192495519464
train_06117.png,4e26a47da17f4eaa9110300ea1147f09b30470b2a31a78e0d3db377f5389dff8,1,0,130.75,0.9549535078290777
train_06118.png,6758dbdd575c1f47ffd13be4071c387ba2b10d075fe4284b46b1ba045a3aefb9,3,1,202.85,0.8752175606916593
train_06119.png,bd79fff7f5d5f7b447d1ad4650531620219e81b453abcedf40fc9b28de5ecdb2,3,1,53.43,0.8200263822698552
train_06120.png,a03af46f5c9986dafb2a26255089e842d10011e7c02a518c6d2b8057f8ce8d46,2,1,232.36,0.7331249660347013
train_06121.png,ceea87380ba92cb28de7eb7095d82bb66d84360d790df0682654bff0f00d2c5e,3,1,25.36,0.662160160744651
train_06122.png,e6b276f7879cf5e7932f014ca8b9dd3dd804c99786a72e354944b31cd7105412,3,0,323.94,0.38808455345569026
train_06123.png,0c75d711f62e63a569e26bd97242d8acd0bab7e18a9126fa30aef0f393741b8c,2,0,291.64,0.4194028342009355
train_06124.png,7e429a6575cf9138b668749f4378c61280aa93a6ea9918c089794b4a1fa104d8,2,1,152.49,0.9465822142727954
train_06125.png,b1009f96ede836a8338a3174249e284f0154530fc8820705a9e42efa7eb31ba3,4,1,34.44,0.7175051731488249
train_06126.png,75a72194ed06153c92118377e9b018a9276b5719203f8f8cd9d4106012430b23,3,0,353.0,0.4718685262923849
train_06127.png,7daf9f30c289423be7540956e6fd749ec890c556157358de892da00087552f4f,4,1,214.83,0.826359872283693
train_06128.png,a3c3497f3f7a2bef207b7be3f9794064d13f48d3c75524985ed079cfea975bd7,3,1,84.39,0.914765475036147
train_06129.png,f7ca423c0ab86eae13531f59910dcf8295e602e9ccc6899f6b3a6dd533b8a01f,0,0,272.89,0.4862548729175349
train_06130.png,46ab51b81e176739544dcbe42b8b1bd015a4a50ab19de89555456f5324d62934,4,1,295.99,0.4038920045426212
train_06131.png,627f83ad310f74baee47b1207e0bf8a5401d5b7491e13bbe070c11d5f8cbdf89,0,1,5.95,0.5397671281270099
train_06132.png,e54528643b2f298e19d632e5d37172a5395508e4ca649a1941f3170f866536a5,0,1,357.61,0.4927295309541792
train_06133.png,11f24571bb99333ac2c466035847d63af80012f39497d6eef27e020cfaf60cea,2,1,238.61,0.6958983554604666
train_06134.png,c2894839f728e14ba9d059c2ba6831fc56b30a12fe3b3fc82ff57da75e0bc32f,4,0,291.86,0.4147967544556346
train_06135.png,09afa1bf9a36fb7ca4e3cfa2f7ff013893677b62df6651cd35fb53a2595da067,2,1,166.51,0.9368298559682069
train_06136.png,f6856a869e5b64482687368d8f5d1ea1b7bfe7cadbb3450065f40b9eb7bc0f4a,1,1,92.56,0.9290597809478631
train_06137.png,5c8eb5c54ca0d4b890ee24fbe5354c6942975df3dd2a0c2d4aaa9ca1d7c3141b,3,1,20.48,0.6307428145203666
train_06138.png,b3f7bee45c28e19865e99560963b61f073ee05b2044b843657ee96e8ef2583bf,4,1,113.88,0.9463977521232889
train_06139.png,4a9e7defeb7e1f752cef5362e9bb1e53edf3f8dcc7860843ab7d6a2886862190,0,0,355.81,0.483430412656583
train_06140.png,574246c67194695b5b98a96850c42c735e04ffc6744c760e0255641c5cfa6e63,2,1,58.55,0.8422328209440331
train_06141.png,75e386a5f8662449bb79471e9ce7adf267cce2cdcdf9d09d39cb58bc33699e5f,2,1,194.84,0.8899888993214663
train_06142.png,a45722c17bee3cf1680cd380213ff4533a07b8a18e14195176c9ef3d0d8fca92,4,1,232.03,0.7390336004103649
train_06143.png,9c947e6e843a9edcb1976b74c70d9ffc441a1d8d9125c966a10b37755314ffc0,1,1,152.34,0.9521395964429212
train_06144.png,29cbe1be0ff3390619d703ca1f49f4850adb329acf7917c0b55942d2ca863298,4,1,215.68,0.8226873318581674
train_06145.png,ed182314ccbcdf0853c6b097a9e8c53290669c9d23505a634e8525a0b920e92e,0,1,14.02,0.5900276613775776
train_06146.png,b5ce557010549ce496b5f1383d602d429213f310f63447e959b667e163659a77,4,1,249.75,0.628638037057925
train_06147.png,f6108de251554d312ad739531d4b47115403ff4603026fbce2ecd9b1632c72fb,3,1,233.13,0.739242866242073
train_06148.png,27f9e92871506147173da68c45544813c106992601ed2d8b39ab0272336db01a,2,1,12.57,0.5879691832748617
train_06149.png,79068450aa38817d801f38cfc1af79b26cb119516cf46ca8ad4b843812c51a8d,1,0,242.27,0.6867038829052716
train_06150.png,94858f555bd2bf0f2a4a945d9da19c4d0d723400456fdb599e51ee18f2c181d8,2,1,357.17,0.500392502374496
train_06151.png,07ebd91ec0ca4092948bf53325988ba32d339b0f4f377bd847706187dc2a8d1d,3,0,359.61,0.50479745287783
train_06152.png,bc8dbf38a46376e565d2cb111c9565f52e6e6e783db7b952c348cc6927a33dba,2,1,204.89,0.860323162315302
train_06153.png,0c1483a4beb636f264ea93e556c75056a0d799bcb47e900594127b0885df1b65,2,1,17.05,0.6158366543201448
train_06154.png,1583480db16affdfbf6d3f1ef29ea4271710db35b12c19e13f21eebb02c53e50,2,1,39.46,0.7521818806757254
train_06155.png,606ca1ca35a25fbbc8c3552ebbab54b57b55ffcc48910291463520d59e9e1d3c,4,1,22.98,0.6455200026978393
train_06156.png,f7e2bc97881cbaaa1a1a881cac2fe3427714466a2eb4de1ab10cc82d282bf20e,0,0,310.04,0.37801865974103666
train_06157.png,aa81cf7439d64d68e973727a2dcb282162e5fe4757d4a3a27cd15b07c1d690ec,0,0,326.61,0.3857751855018516
train_06158.png,5184d32bad41790d3ab6da6a9a9fb7a85821bcf6b31704cb28d0df3bc5f17189,1,1,85.43,0.9176006944947465
train_06159.png,febd3ba69a65289f0af22cf0870d4454c82247c5dfe7e1eef9f65ce667e6c6de,0,0,277.53,0.463597425984623
train_06160.png,596647c3e3b114e64b14ebe38a056670c390134089ef9ff8af9696eb1f026ff3,0,1,125.79,0.9530629000510096
train_06161.png,9fb9ac01ddeccf5b40808c32b65792b7239c14d8a963101652410a6d50dcd069,0,1,230.53,0.7469298687825149
train_06162.png,80b0f8758bb86b438d8384ac0ce10d5aa3b122acf3071d68e3ceaa53230a596d,1,1,354.95,0.4738027687063816
train_06163.png,00f1e1b6bb565297c54547a37fc81c181a2d1f59d80cbc2bb60bf413a90c09c9,3,1,88.28,0.9215121272630273
train_06164.png,7fed0519cff91a77f7ee472af392a7206e5c2539e95cc0718a263b9cd25509d2,3,0,356.88,0.4906541689654905
train_06165.png,fa5ffc31f229fb4499cf699c981f358290b21663b282d91abd7b73d2ec5c84d3,1,1,190.48,0.9103246004568252
train_06166.png,032120254b97dc5a4be7faf509e98d817058a2088481ac45971ee15f860cd7e2,0,1,177.76,0.9278519502106242
train_06167.png,37470a3ec08f90ed68dc57641fc2e33ebeb24a8274130b8c93b88054e3395f84,2,1,260.59,0.5595320350161664
train_06168.png,14d523bde33dcc86a5034143b972d698a7b75bf9c38d1bcc0a969fd154055183,0,1,174.24,0.9325113890514305
train_06169.png,4e41b1963e63c1ffbdc7f81a82183d0315ee4e6d4664c29d0f596fe48a67658f,1,1,306.19,0.38397268775520016
train_06170.png,835cddab2b276ec0765736220825fcd71e263330a29abc439c94cd8a85d47a0c,4,0,316.74,0.38137011956399935
train_06171.png,cfcd4ba3342b578fd4b8644e4d2c318c0fac19f28f7837684e8352f1aa554b13,4,1,321.64,0.38390045387135
train_06172.png,21f64fb3e4a757f81b44b435c7bde385d25da8b2408c78f60b91f66b7eaf9779,3,1,343.41,0.4327325915517392
train_06173.png,50b8cb6b1e5c55da1cc23d93fe5ac76960685bd9fcb167b909d6c93ee47cb919,4,0,280.93,0.4537429777581016
train_06174.png,5f0f3ff7e1689a35c7fd8e91ffbf89b9d8477b762b75f46d814e0cdb3aa14b06,1,0,320.48,0.37897240183105313
train_06175.png,19bdd55c68630df325e11ae2540ed46358c177cf1c5fd92bcebf372a53731047,2,1,322.5,0.39210142746219634
train_06176.png,73faedb5051e0e0ff423ec2a8419684109438468f52337e61635a93a3c069e2c,4,1,129.51,0.9516698544434744
train_06177.png,d74928b79ae67439de8aa9da6afedb718a8637b5af5ac18e00ca45bcfb8ac133,0,1,188.34,0.9097274650313392
train_06178.png,5bfe263c11503410778c467e9bc745aca0b7d093fdd053afca7bbd5f04a09df7,0,1,152.11,0.9502726992350712
train_06179.png,eafb15d56f1b74c373c7fa47e30311ca5821716e70d89041ae6b892693cbc717,1,1,13.6,0.5805957174787404
train_06180.png,26cf76fbfcd2e1515bb1490d3e3ff63ea606482c41e121c0dac520b9a4ebfffe,1,1,188.78,0.9137334025167553
train_06181.png,2f29252373a7ebc3b8b67f578d5912202d47ea12fef80d08ef0113c30289e0a3,4,1,144.69,0.9509103854846306
train_06182.png,1c44d707618081b030f317093ee08e887718a7cce3501e95c4968ed0215e366e,3,0,298.64,0.40147202336440213
train_06183.png,896600e91e3c569c2a96300ddb8d0481dea95b1d45ec2d2aa1189ad6eafea582,2,0,315.84,0.38803219358268887
train_06184.png,1fbd4ba32ec8d46013c1b01927ec1667c3d2f90fd9f1f08ef384dcf2c4abbd81,1,0,281.52,0.4538757886827962
train_06185.png,d9f02a8508e589b2b82535b0f99c85ce75e9fa0c5daf9d3558996742009214e2,0,1,198.63,0.8848264941242885
train_06186.png,444d2ea9b70fd01c655aa8fae7c8cf5553b10c8da4fb2d578943c1677c595b4b,1,1,131.63,0.9550536241913594
train_06187.png,039e3e8820605cd6d476bedf9a510bda1b01f46507ab371109dd5ae9cfa17fd0,4,1,11.47,0.5723492347430366
train_06188.png,be910597b6ad76c779071a26735ceed40be02aa10e0c40e1b7e3fe689b04b51f,0,0,354.82,0.47845945105447246
train_06189.png,84fb2231c411aa85bddcd6f2fe7e1f79c0496ef5b53e46e343e341b2ba453030,4,0,278.88,0.4626209657902422
train_06190.png,67115655bb96cf1f37e560571f0067b820a80093965f73c3ce39c51fa2d02873,0,0,294.47,0.40242779904539017
train_06191.png,d4817f4b89b77417d7eaee0009535adc0643e70681dd6e829e8c06bc27565a25,1,0,298.4,0.39769115157998464
train_06192.png,6b24f489ec355210ac2105c66b53d5f89ea1b8a55dbb998756d9b9d6468ac064,4,1,316.84,0.3813918019168417
train_06193.png,50e48c89b995abbed3eb84e8baffaa187445e17cf9f0ad11c94245989452662a,1,1,181.16,0.9267887282829012
train_06194.png,89622cf1ba941494ad1d3a7610a5b7a253b2393b4807802c2c2c59d6493183e0,4,1,148.14,0.9499399795469217
train_06195.png,450f95e8d76142dd332fa00e6891f9538446eb31601eb5e0200d05e9ba849442,3,0,313.73,0.3837733180447901
train_06196.png,94fa4c55949a5ca40b41d75b16062a2efb29ba0c6f9a1914082d461624e04f5a,2,0,309.98,0.388985611065271
train_06197.png,de1d51c7b32c724a016986d2792c3343fdd321d8a4198a4cb52c6fe356a2cb9a,4,0,275.6,0.47779893891356656
train_06198.png,9df06a020f226053d6ecc8c4aa77c4b7154159cf022ed5551ddb16e387be0901,0,1,40.95,0.7596482470596072
train_06199.png,ba337eef59556539870d6657ca717f5c3636d5f7b699dd61c588ca15c90dedb3,3,1,220.4,0.8068644308006367
train_06200.png,b9ab4798329532b800875775596ae0f9f8fe2d02970af9809d2e70f111388b14,0,1,168.41,0.9389671336350024
train_06201.png,44cdf8d778133595bde8256d03d586e9dbf7db15c821ff4c1006283decaf6a67,2,0,252.86,0.606714842680744
train_06202.png,28edd61d1887440ec8a28f9639ebe553926535aa977740c7c378ef229607cb73,2,1,310.35,0.388799892635606
train_06203.png,a9ddcc8324f079853386c620d80d1b00c9f17da02b1a469567a5d26de1502247,4,1,33.42,0.711317036951763
train_06204.png,bdee12a7eed2cea801864353b87c4bf78d884f96da6eb9d2f718831e2f358519,2,0,293.34,0.4148385902855418
train_06205.png,0a808d2ce6ea2eae84719010e953a158879521bcf2af07a2c0e1228d6198d83f,4,1,316.2,0.381274596498734
train_06206.png,d0dfca0bd5729b80ca2fe8a963a7452cd05fe3d3435e9385dd794789c06b5a2f,3,1,43.2,0.769416533441183
train_06207.png,fdb69f27ea5926a0cf8a1f6035d034a7bbfd70afab697403de56f2c703dd3f40,2,0,344.34,0.4438192680043248
train_06208.png,971661bac2d4e9e21d38d4336e91e510794b323ff0dfcefa3295be09f63ae181,0,0,303.97,0.3838735662860958
train_06209.png,3df0775c7fd7b61c215cbb558af9309fe47226a1cccf0c8ba9f43254c2ce3f29,1,0,321.91,0.3799056526766606
train_06210.png,130888c92111c95d26e42d74d020216b892249041eff412c037d48e62ed46cac,4,1,334.47,0.4047471032593022
train_06211.png,db8b808b18163467cd77fb7bedc6b1dfc671ff944c296b8914b6f1d6f6faacea,4,1,53.39,0.8181234554513216
train_06212.png,a1344b880ab285e4510275b1bf70b3755e5d051ed7b8582139025d5dfda27ad3,4,0,352.16,0.46682979087746623
train_06213.png,5e3ff90b420f9d46a6c3c2799f0439c0e9042935f6e370b230fdee4b87da80cf,4,1,34.55,0.7181689577579629
train_06214.png,835cddab2b276ec0765736220825fcd71e263330a29abc439c94cd8a85d47a0c,4,1,266.24,0.5270823415248613
train_06215.png,15de4ce6df33882701b7414bd9147cd8f6d7b9aaac2bdd3a2aa0fb7d07d2c8da,3,1,150.82,0.9508085627926316
train_06216.png,55a2ba1e36fe80ad330e8c4daee76ad2af01d57ac359675066773ae7db0094f0,0,1,220.67,0.7999681524221484
train_06217.png,5d17466e715dae3c19e0e7a3e9f76b668e349241e7582f64361cc5e5c09f8655,3,1,349.31,0.4555374360755807
train_06218.png,68790e63a3fdaf3afa6b4dfbeb0583476172b51ea68660b9b455349a3177e733,0,1,207.44,0.8564927100006567
train_06219.png,862e2372eea1cfcdb40bd48da250c22e1b0e82cd291511de8cd79c19c76f59cf,2,1,156.02,0.9447299971368501
train_06220.png,9084ece9edfc4d0a3b8be976cb04ebd3ef3bdf281fa8c0455d9144142530bc52,0,0,322.04,0.380163990460406
train_06221.png,d9ff59cf41ba6c9fe6593ccfac5004966587aea98db7edcce1c1677131f5eea9,2,1,104.86,0.9394163893583023
train_06222.png,75fb44fb4a15da7fdd7fc55586c9c973e774622268e99c0e7caa26e442bd8a4d,0,1,159.18,0.9464452670700115
train_06223.png,cb9c3a1e652d78d1a7eb3a7fcdda47b87e4bcf0d65e4f8c3e922b35f571a4fda,0,1,221.89,0.7938875078733043
train_06224.png,613da9efd4ca2dbfe3b67bb6e70df05eb2ba33e572e585fad0200f54ffba62b8,2,1,106.53,0.9407560061606961
train_06225.png,98f19e84fd3365b2a964201f5aa060f3c449724b466130d0f13b50b47fe0c9ae,0,1,357.54,0.4923617411780565
train_06226.png,943ab5654946d1052d036264a7aa8b8332ecea26e8a147ce65995e7d35fd0c07,2,1,286.5,0.43534099420007666
train_06227.png,b7cebf4afb2ed725ee016376959bae4d20a240348ba8b3b746386f1a4b4ade20,1,1,48.02,0.7927518812929417
train_06228.png,6d2c986ea77d4531f6cba96f965abc67e75fe484d014d40e92ff89ac14f20813,3,1,309.21,0.3860598969312144
train_06229.png,3c19e66c13d7e67ee4b3aa1abc9d2594a94c269db96bfd00c0e518da20b49e01,2,1,90.54,0.9232777882637435
train_06230.png,6961ecc95aceb6acc2bfbd5a80d17366d57210519fc3eb20bde8d0ebf836f955,3,1,71.42,0.884906736704947
train_06231.png,adc0b8993505977c75625e342b39d5df54da7d724346b4ca319b2c3e8a67fc45,1,0,343.41,0.4254607045703385
train_06232.png,b71a64418d6a3610bd83ef648935bb1c1fac48a8cafa6310af407c586d91662e,3,1,160.14,0.9460587788475213
train_06233.png,d56e7617fb1b6e32cc152ba9f222b3084deadd4d33cc118072b852071e8ce0b2,4,0,307.56,0.38469535343290473
train_06234.png,7274520113bee75f70c661b90aaa428f821cf0ffd1304997ef6a0cd2fdc97070,2,1,307.97,0.3902902176637506
train_06235.png,712c47979bb96676b96c7d9a442f5883e93749207dd0ef4ca5598f387b3e7ca8,1,1,356.16,0.4797659134436013
train_06236.png,b0e07aebee16b1cbc98636edf8020fd761073b4515ff35960ac6a01de0c5a416,2,0,310.0,0.3889751395872995
train_06237.png,0b9066b57d973cbc6e51af0a2d0c0370f64e5b8748a5c9ce8c28e4d8f7c97f37,3,1,139.37,0.953462966120492
train_06238.png,f1e6b4a608448a3faeef1236a76d0ed655575b14ba1742e4835a943746d5366e,2,1,303.5,0.3949827352745425
train_06239.png,e8c70580c1395a7029f4b5753983c81b967bb814aa69a20834eb63db5545e1b6,1,1,294.89,0.4064132160701488
train_06240.png,4e41b1963e63c1ffbdc7f81a82183d0315ee4e6d4664c29d0f596fe48a67658f,1,0,278.64,0.4669411426041438
train_06241.png,01acd724c8f276c7a9c32ea2c4e227e689bfd463fd0306dabfe93f2116231300,0,1,129.15,0.953637198046402
train_06242.png,3298c6339bf47bfe6c49e212955915a156e2567af61982dcf11a065965eb079b,1,1,126.44,0.9541974442551546
train_06243.png,08eb29f06456287d4c30db1b2311a350f5f2f37e3d83ae837ffbb8e41b7f5e9f,1,0,328.61,0.3877584975728488
train_06244.png,b07dade4cedf5d8a16b8a730045e2ca945db85216da285be27852d411624634e,3,1,27.09,0.6732213994465496
train_06245.png,982cc033590aacdadfa299ca81bd07c3484789f45e0e07d35ccbc950a53c6cfb,0,1,20.52,0.6323007460528858
train_06246.png,b1111b765fb0f8f782ab1813f6f209267d44fef2a66d40c893cf3ef2fee38ed5,4,1,54.87,0.8246209878395961
train_06247.png,4837a3a01aeb0a4bc577f5aaaf3ed3d7682cbf6b41fe331fa69e4831612fa84b,3,1,307.06,0.38805173372267604
train_06248.png,8e9042ac3705085407067dc1da6b3307e532111b94b3ba3461aa4eafaf71c1a9,4,0,276.86,0.4718296961063321
train_06249.png,5276ed68fd3976c8ad70e252b08e021e69e1a6dd8450a8ee55721b58564cdf39,4,1,115.44,0.9472272857396679
train_06250.png,0527411f25466f649289a5c39b6396c9c15e887d0eaf863a18b81ec60b3bed2e,2,0,358.13,0.5053116149464804
train_06251.png,dab80240fc52164325bf344e818be0b5834c2eea0d52844252287603c626b19f,3,1,139.7,0.9534313818565657
train_06252.png,a4aea39d2161e8e0ce07f37cada2db83bc81fadc8686c2ad57f7ee8f1b52a10c,1,0,315.79,0.37774214546001
train_06253.png,36bab81072b83853f4412bd87ac88c6ef742e4365a01eeaf19e0dcce218f847c,1,0,288.49,0.42635480438506057
train_06254.png,16f62e4dceff59a3d86488673e6f788232429041b12bb0c9933d1a1ffe677795,4,1,312.91,0.38147871259546046
train_06255.png,e223f1128ce01522651026cf0186bf185b02913ff2b16fd017cae7c4ad527c6c,0,1,156.39,0.9481352740563763
train_06256.png,799fb818e6030c768b196b5e3c95eb042c0c0197063a3d43741cc0fd2409714b,2,0,48.79,0.8003031453574071
train_06257.png,4229cc7e81b33fa0c6ecc49c777fe1ebe756b3e8dbedc2d2b10466298e32039d,1,1,310.16,0.379969489788607
train_06258.png,ad90d9a42c1ae0efc22c0db5138f864f7a21d3cbabeff05718347004b38df871,3,0,275.68,0.4827589016070892
train_06259.png,c3240a9edd1391a90683cfac5915555109f24f687b930d0b6889e517e07c4422,3,0,306.43,0.38874590361806616
train_06260.png,17e089fc59fa8a951f6529fa8a9ce4738a7499d61ff2395ff2af2013f373964b,4,0,355.77,0.4839637155212789
train_06261.png,74bac480ef485beb4a096e85de502f70ea33e98675e19c421d0dba3e559d5a09,0,0,178.64,0.9265890975262202
train_06262.png,da7598bbcc66e0055a606824ecf7f261db9b9c7dfc51025a6669e12229374a2c,0,0,347.68,0.4458273662616052
train_06263.png,d0f3f21e88c4b6da97e1ffeb23b17eca5bcff2e07bfefbe4bef8be7d79f5bac5,1,1,105.85,0.9437247891381231
train_06264.png,7ea50a875d98715e814745dc14b3e5a309983d0a855d806d2aff1c950e310f4e,1,1,353.31,0.4659787467902281
train_06265.png,46363155ec99d39c1a62750da8b7050b1b42080a1a12b71ca6ae04a131d64f18,1,0,311.3,0.37919200809260306
train_06266.png,9d3bcf0848f3a205ad2ceffedefd76adfc5f89e2b22333a425d578cf3db7e854,2,0,289.08,0.4269414406869399
train_06267.png,9f035345f4909747db38c5beb9d89a024169b351586859a09df6707b1e20b017,0,1,129.31,0.9536577213808711
train_06268.png,be3c1d67dcb5af60eab28bf608b561a99fbae123278424e52a7faa76b01902a0,0,0,44.58,0.7794854334076508
train_06269.png,2d510388eb1cd0df4bf9666b90395b06bad38905101cfd8c81d6f4c89010a1ef,1,1,109.47,0.9465007426525681
train_06270.png,664272eb17cee2f9f52ed20e529df2869f5ce069296e2739831f9701666c5d1b,4,0,35.46,0.7236324707904339
train_06271.png,79769c39ceedaefb3711d94cf64c41b6ce4aef1ff974aab8b42f5ec69cb4c8f0,0,1,189.23,0.9078827210032301
train_06272.png,9f6fc906bd9ac67b354a66559399a9cd85c1f2ce44493d64564eb469f1105ab1,0,1,105.45,0.9430832003078121
train_06273.png,c8c8887cf20985a67c066048fe9a9d2464ca1b183873531cc010f6f9958b3cf1,0,1,192.63,0.9003204576540206
train_06274.png,b2e8aba971c9ee31cde234445eeb6df55ac7b80d95c5e8d27f257345250cc40f,1,0,145.04,0.9543454007897941
train_06275.png,ed81fd12a3235dd43583ba7c6c4a3030e0707e82fd701bf6b3ea48a5572cb3cb,0,1,216.5,0.8196545969507023
train_06276.png,17126d6be32d6282efc502e0743a5dceb2535a8891ca463ada8c3a881d9e129e,3,1,167.27,0.9405623490108888
train_06277.png,205c1a4d9c0d0efe1497ef47c7841334cc4efbb440a7c71a40066c7c3d3cabd1,1,0,341.44,0.41883371251042134
train_06278.png,3325b1c11577c7a687047eeb8ade4b0acab09cdb012af46932d7a7c178337d4a,0,0,93.39,0.9304382738254273
train_06279.png,0b75b5fe6c65500913e83448ab43f6e69908e8bc27164f40233a207f955b3587,2,0,37.92,0.7435642144650841
train_06280.png,1ed677ea49a709c4ce7b537ecac1a7826123c054ca5764b10f8e35bed7dcfe49,1,1,135.01,0.9552700037263848
train_06281.png,778a906cf31c9653cfd02ab049fc110956c00126ead6fc123d746501b065b05f,3,1,185.49,0.9167460982282462
train_06282.png,2e7171ebb19bf396e9636f6349fe140f0812022c4402e32c673eea067767d7db,2,0,282.05,0.45168668732248457
train_06283.png,f87a914175f9a04769ba83d21138eeee752cdc81c9980b584d2c74ff76eaf07a,1,1,71.13,0.8844391929530855
train_06284.png,d095e8ecaf877b42f172da097d44d4791ab46828a7f6bbaebac40ebc595ca720,1,1,314.52,0.37789151521054243
train_06285.png,57fc4be68a53d40b8962bc15e22e04984a85e163d86dcc28c887c33fe2e1b281,1,1,215.56,0.8328885269689028
train_06286.png,793c20508e162a8ffa9f2d31d659306e54e6aa9265fa6ec6b890f8fa5f1da8be,1,1,344.81,0.4304658004911044
train_06287.png,7bc4bde528f03c6b95fbc9e358b0378a0eb3cc4c2bba44bf286fb591b7748888,0,1,250.17,0.6229006324722062
train_06288.png,93f03dbf7e8c0026f17b4193253f5ccb6cacea4ee26211785d0cca869aba3f87,1,1,114.1,0.9494191188459782
train_06289.png,a161c050f97c4297a8c5df6b7accda983a3bb1ea0d8eb3deadf867b77581f7ea,1,1,189.88,0.9115499104155266
train_06290.png,9135dc4de6d644e6dc3ad7eea71342d011fe3e8b03ec043574c0345b32e5d709,1,0,294.75,0.4067937765425695
train_06291.png,6976c44e9042acd70c39596e7fd65c414e13af8a383570c1110634d7f6db998f,4,1,123.07,0.950284632763922
train_06292.png,f328aee83586ef8e4ca7c9e2ee1858ade1123e93926c9010415c37e92d6363ac,1,1,215.78,0.8319505756292843
train_06293.png,724de837935d730003938bc08d5015e56ef3a440c67c48d5d67d3f33d86d25b1,1,0,296.14,0.40312634490357524
train_06294.png,9807ca5f2df98fc9ea24184769696fc26bfa1bad083939474d2af81c40bd64a9,4,1,248.58,0.6361613022148782
train_06295.png,7792a6e3e50e88b9b3af96befcafc6a25a67e1e4dc2a68ca7a8677b6fd5e8d94,1,1,342.58,0.42260913176773185
train_06296.png,623b0c77180471fa1fd718cc2287c6ae366c8731ce61cf3f36343e658da177b1,2,1,66.43,0.8696536795400486
train_06297.png,6a20eacd48ed93cf4029f251bd666aacf7de7b983c66909f00492e820c5e7b33,1,1,131.17,0.955003560261343
train_06298.png,5e599fe489f6a9c21b4bce3e71b73f101022aba3035d4396d512e865b6ecea8f,2,1,184.82,0.9118840674407318
train_06299.png,24e2297eab48b7f3a51bd042ab090bf241b3c9eecfeb4c6992f4ce8d3c68ef43,2,1,272.28,0.4953774228825793
train_06300.png,4bd377325eb2b8c6359a2ccf7fec0c08b58afb54946b55c9c58cc905464ca094,4,1,76.17,0.895599270434899
train_06301.png,0c70f1210d80699e08de4082c601aafbbe264beb392bc7846a7baada7cf4f30b,1,1,337.39,0.40675235659381376
train_06302.png,2f29252373a7ebc3b8b67f578d5912202d47ea12fef80d08ef0113c30289e0a3,4,0,271.25,0.4996720550705657
train_06303.png,0d49c7578a3f71710b54e90e2db7dc51eceec1f4e671519c96155c9626b5cd5b,0,0,326.2,0.3851635311604983
train_06304.png,ca3a37899132e3932d6920feaa5926b5047c3c4b4d9a0fe6f2510c06cf4fe602,2,1,216.98,0.8127179322324772
train_06305.png,dbea0a8dc4e4de637a1e01f0ac7a4eea439333b345fb7b667aaf7f5d32d777fa,3,0,338.8,0.41786379207471247
train_06306.png,cabd06158e37ccfc0d1c2c6961c66f404307cee7a0fb41d420b937df5cd84fa2,1,1,7.3,0.5414487846862882
train_06307.png,5ed148422c8ef7513a5f287ff6abdd8b1a0a55c6e72dabacf5d8a357e2377921,0,0,307.66,0.37975786210029033
train_06308.png,d9b69c096c11de23935b6e755226b7a389f7d475da3ba20e449c270a75c72e36,4,1,104.93,0.9401271877149717
train_06309.png,47a899fe1e88b155fd3197875b3be7ccf140bba3105aef86b29bf95d5167c853,4,1,316.64,0.3813496850115773
train_06310.png,05dfa4e6421b0ad2ba87a9978ff48c8225af4e487201061639d729e123f333de,2,1,55.31,0.8293034724749568
train_06311.png,83e7d279e37180c7e71a74993df9ee3c8de53a7d6c5254408c559a5b192f071b,4,1,287.63,0.4281546443466271
train_06312.png,a802f3c80146e841baba8d6d2d5ff15abd26b707eaa82240179fc3a7ed5b974e,2,0,355.11,0.49013576815545584
train_06313.png,701ab0f45be2f2097661e57a02e26af2e1e233ab2161afbb9e9a5bbb19bab618,0,0,324.03,0.38228167267908447
train_06314.png,09aa5d8dd223b679089564ce12be22a9816fcf711b6f7a8bc557cb44c7c4df8b,0,1,337.85,0.4108632437968519
train_06315.png,ad692adb0ae9f3cf8338a0db73e59fee9a21a70417a80ed8c4c654641f2eb813,1,1,261.63,0.5611993615788439
train_06316.png,113fb585be503acf3fc719ab936e0203d7da5ec0ddacfd797ac9446d24de2dd0,1,1,274.22,0.48879837284401917
train_06317.png,5803b971103dbdfb2c38fcd1c2fa4b660c620e7e853a2d4cbb63f6d63d294a5e,1,0,287.42,0.43019218600026854
train_06318.png,cb53cd1e5671ebaa5a2f727d1efe27ab179e1d61f622937e3f468f615028545e,3,0,311.79,0.3844392806743525
train_06319.png,d1d74dabac8c5b69fe565da7fa1d9787c84d5d545db1f1fb2f3a0fb0af19e80e,2,1,133.85,0.9507687753941383
train_06320.png,5674fce4a04f52717408a83b70ef6be21fad9543e06d8b910676512cbe12f122,3,1,14.86,0.5947701511939253
train_06321.png,99ccb989b8e079525236d276301736cca193cdb03b821347924d6728e8d48028,0,0,289.03,0.4182075206377423
train_06322.png,c079bd22383e8a9780a47243e1647cba19282f5d60cd6b2ec6221f44ee7a79f6,3,1,306.75,0.3883870479783868
train_06323.png,fa8028b5fda3d8a25c24c3979da98001b5565784965018bd207c2d2f88cbef95,4,1,38.93,0.7439706272592886
train_06324.png,f0c84389327b0fbecbf01e503f41f1ef3eb8172f73e873582cbb14e894bcac7e,2,1,72.1,0.8860510931565395
train_06325.png,94ecc7ffcaea948a25aa899d8e479201fb9adc334d35d9f964d0b315d1ddb340,3,0,23.96,0.65316696402429
train_06326.png,1e17c3f8aaf94b95aefef6a8a0ca6bd0d25e1c60308a3d4fbfa8a18f782fadba,0,1,192.22,0.9012769514846266
train_06327.png,cb1105277b4f1fa88e4cf963a64870d3df645dc81538fd8a62d6d391658e308e,1,0,316.83,0.37777295724800547
train_06328.png,29846e2bac00dd8760eaaf7db3eb88b18d8ea96f7d493e0f8d34be58d32b145e,1,1,62.85,0.8575418196969927
train_06329.png,722046e3ab561dd68bad3714f8bc7b9a070d59275b9fc51c84a0bcad161aa17c,0,1,142.76,0.953205972097891
train_06330.png,d6bdbc828f16f900b32659bd1c7ba8977f156f66b9ae41c690b0f247f4d1fd46,1,1,93.78,0.9307421062902796
train_06331.png,18f1d64c2ba563f8fb8c24ff148dfc9aa0c905761f31c391f0d8410078b0077e,1,1,335.62,0.40212875225615086
train_06332.png,02124e660fb9927751a62ba21f75bc98dfa198f725a5f570a519d49ed2706435,1,1,123.23,0.9533400780417431
train_06333.png,24ce34a5c23a6d558bb673411f734e56795c77356a0309e625a8a514a4bb54c5,3,1,116.35,0.9491764724832829
train_06334.png,ee867354e4cf4ca4eab0a3cdebbdf8c75cb982541660b2859d21b7463a1943b5,2,1,90.97,0.923900350906306
train_06335.png,b19cbe2eb501d2f09bc724e1bc82cbee5dcb2e8c6d923e7932d3c01064e1d742,0,0,291.23,0.41137629583569335
train_06336.png,2a6d0e644770b89e08ed621c56f27bcf970a6d4e0b0bf17d108cb726270a1e32,1,1,333.82,0.39783789902245553
train_06337.png,ebefb3372d5ecad14f252bb1e7d2f11d455f71d26d3dacb43e63b33410eaad3f,1,0,202.83,0.8791053088559801
train_06338.png,79c0f0cfbcaa67730ad58b879d91563680d3288f9f7354633d2a0a5f022eda69,0,1,238.13,0.7008495023615391
train_06339.png,32f2f7ff5cbd3d953e609ab0b8bf4b0bca1aa4ad41b7d56807357e1cab99d31b,4,1,245.8,0.6540235575549642
train_06340.png,7b418c45a0834f4901c21ee257f50b54a081376d83c6aa742c974fbad76f400c,3,1,69.16,0.878373352708073
train_06341.png,c098109cae25fd383c4eb161465c5dd0f4d8f565cd4d258321a2d757e31f2a3c,2,1,106.07,0.9403969458348798
train_06342.png,a47965aa810afd61347c57989530e6b254fa28ee3638f2020f53c8d4a4897a0f,3,1,107.2,0.9434829121841998
train_06343.png,1c2a270d14717a76c657bde44c6e676872f34b4b47e4228daeb0f61969c01393,0,0,330.55,0.3927421530429273
train_06344.png,c6180f805d213c1ed7b9ea823d5350d94e5432057b9dde1d55b8f353db29f68c,2,1,76.85,0.8978303797845206
train_06345.png,54807c2cf6b2b61ff0ca0ce99e1ce60daad47055143d4157155fb372bc46f846,1,1,308.21,0.38168408983431
train_06346.png,5dddbd84d8f9394a449f4a055a9c40a1cb4e72e86bcf3941190020912fa3d3d9,1,1,17.66,0.6068185968204207
train_06347.png,064d1ea583e835b77cd06aacd3479e50cfbd1a51d1f32fa85478108799a79a0f,1,1,314.74,0.37785091548699046
train_06348.png,ef33fde15b5ff190d1af78b74e07c63882d7fbdee18e88e8dc896fa35e493a9b,2,0,274.79,0.48318485452978416
train_06349.png,146e5696b6e12c2951d6d4ab828bec0d7dcc25ee8586cab57d38a26072391f73,4,1,271.37,0.4990434430087729
train_06350.png,bc0cafe940a523aa89f6fe115b3f8658e25ace61be4a2c6fd347f58020165485,3,1,4.39,0.5312184065471621
train_06351.png,2704671df7166ac316ed640f4a79060936c5aee777145c2cba38e8935da8ddc5,2,1,164.8,0.9383851388569905
train_06352.png,5d53285a849b02adf1264324cba583f2cf6cd11e3e2f982b88343b0b39cb27a4,4,1,21.82,0.638061908911103
train_06353.png,b40b72c3a677d0cbd817d1edbfd6bb1f0c642198999a34e5d5ff66ad6bb4aa89,4,0,337.16,0.411727870739755
train_06354.png,5826f2822154cad61050d931a18ac2eea370df3ceed03378f95ee45aa26c6826,2,0,299.74,0.4008443142830847
train_06355.png,985c40ba47151153cdfb7083a0648b97a13cc378ede64f08c484303c05c18e04,2,1,179.28,0.9212343588889172
train_06356.png,91b83107976ddad4aab41f798c0a927cbe854996fd2e3fa0927ce192939d4bee,4,1,91.33,0.9246156473864351
train_06357.png,13f4f2ab7fe38686629b5295827b408fdaf001aff22c74ae37bdb77008805f96,4,1,178.05,0.9256596471554984
train_06358.png,f2bc8238f2c3cbb556df26aad2de54efddb015c11c7c5bf6da16dee7a98b82cf,0,1,173.69,0.9331852037054781
train_06359.png,3b821f4f4f31e2d169a51a2a7dbacde8482309d14c15704645068aef3959bf62,0,1,334.13,0.4007839047512972
train_06360.png,ad2024f850b55883ec858300ffb801232ff5db5d9b32ff9156a9a6e9e58dcfc7,3,1,76.8,0.8987900390581168
train_06361.png,21befedb5d0f29400de5602c2b74de65a408981cebdac197bc38e2f74c5050ce,4,0,359.48,0.5029709699886787
train_06362.png,e0b096bfbe02323c117a81e92cbfbc075e4758a93ec944807aca56f28d65f737,3,1,81.67,0.9094905488660949
train_06363.png,4c263f9b44773b00f1276ac8d2232fc0b29a4fd90b540cf2ec307522d84977a9,0,1,230.21,0.74878222791769
train_06364.png,1aa61a42db16af0f57d68b1062c6cae4987ff50f1d982104361eec9f04e8fbd5,0,0,292.47,0.40779467805743375
train_06365.png,9875623638cbda2cf1d18dea810994ffbf8d7aa687d1aa4db5e5543ca6f45fda,0,1,177.77,0.9278378266974172
train_06366.png,093f992b5561c3bd0344ba04db8ec8cc6532991fd81490b299a6fea320f8e06f,4,1,269.72,0.5078057500798825
train_06367.png,bef4ee41493709c2613642efae577bd43e362802e5989a39b26fc7076ace673c,1,1,209.13,0.8581771026675014
train_06368.png,4e26a47da17f4eaa9110300ea1147f09b30470b2a31a78e0d3db377f5389dff8,1,1,205.97,0.869134099627613
train_06369.png,e762d9de0c80dc10d2fa53d6efc6b707a35b52470660a63b7edee49606165aa8,0,1,327.12,0.38656582695788616
train_06370.png,33eb3ccb3c75b587c18dc30ac6e00a126aef167f203941ef6f6db21039911e80,0,0,296.57,0.3973386960364343
train_06371.png,9c993927c0a902257ce77806a99513b0c126b83e46864a548cc45c5d587eaa20,4,1,283.35,0.44388610787970717
train_06372.png,8358449d62639458010cba71dcc58eb5fc766c2390713ba2caa277f379f0aa24,1,1,299.82,0.394610846911705
train_06373.png,c69e7344e02baf1c12705babe5ad8ef728340f05f585c50fa3ebe6904d79b4d4,0,0,315.99,0.3768059335796291
train_06374.png,c258642624b06b1acae64382d4e57f8bffa9892a808f6f2b6b3993fa4fb589af,3,1,343.23,0.43210285569560875
train_06375.png,990ba7c9c9a78375c4d9f1fa7ba76fe1492f77d1eaa716847cb296bbb7042495,4,1,329.81,0.39479292830328905
train_06376.png,880681ce46ad2e134df56436d67c9ba04cca006709be0b365dcda85ebe194421,4,1,320.3,0.38291067435224313
train_06377.png,0edf16eb8bca512cb8dabdedeb838bb5de386eb4c03cae424a039c9c943ddbad,2,0,323.73,0.39345302700490864
train_06378.png,d7a0f76a408f5b2d645b1255fc3596e0418ebe054407cbc6f477865711a7b2ff,3,0,209.01,0.8545546058187381
train_06379.png,92d8f4d90ac5fd66f122ecc606aaffc7981f7e2a6a3b352b61e30e4d77d65a90,2,0,332.36,0.4081994580569825
train_06380.png,1330da332ffd5694a1e6860067914fab806358c980dbb94a17bc45b849899cdf,2,1,344.56,0.4446345602557446
train_06381.png,1d45d5357974d9a5126bc64e0d746c93fd3a3f1b1fd54080ff7b88d38d035d91,0,0,292.27,0.4083592189387106
train_06382.png,1e3db2fd24595f60bd4fa458eed0e7b258fd86d352bc9d89ddbfb224fe7819d5,0,0,311.78,0.3772008066129738
train_06383.png,9d8aaced9e65c54988632479b442d7cb81f0d950f0a85abff5c03d7dc0745b23,1,1,42.6,0.7637319862993672
train_06384.png,c3ed708445958a6cda8d20c1a191f1740cd0c0be06538c9a4dcc4ef7064b70ef,4,0,273.38,0.48872292093753605
train_06385.png,3274409141f72cd690696afe601443a7fdebbe3f382bfea3242b0ea69bb45ce4,2,0,274.45,0.4847990632224594
train_06386.png,a16d22ec3832b207082ffc82cd53db33c2bde2b73547c5df92f19bdf358be311,2,1,84.92,0.914215872600396
train_06387.png,29867b3048362d6645f1acd56f4ac672a73287fab89ab36195300ed19b5b2b84,3,0,284.29,0.4448546739221297
train_06388.png,93ad7d9b748cefe998e0d1ca48b41ca4112353a0cee1d807cd8118dbfce923a9,1,1,236.38,0.723688399928496
train_06389.png,1fbd4ba32ec8d46013c1b01927ec1667c3d2f90fd9f1f08ef384dcf2c4abbd81,1,1,206.89,0.8660412818110643
train_06390.png,76f13e15ac39b9270a4a46e69c8677ffe56f9a34a7bb9c98e26ae11e8421ab6e,4,1,279.05,0.46186664520309056
train_06391.png,b4695730645f049b5091c0ca847e131f39fa22d2badab17d256c7cc34ac8c43f,1,0,301.76,0.39082033598287186
train_06392.png,1ba4177ee4ad5a535fb531f23e10da28bf40b47188b45892c892bf1eed23150e,1,1,297.71,0.39928120573873155
train_06393.png,e96d249f30eaa60c4898b626d1a71061b6a09e728f7b5c33aeed6beae9296606,4,0,293.28,0.4108079851414979
train_06394.png,6b0db8255b5990c82131d15c605c5ac2b6557224af30dad8af404710d89b5ca7,0,1,157.09,0.94773402871032
train_06395.png,cb5d23c8c48c215633a54ce7c7c8612071cac83d5e97848ede941017ba9d105f,0,1,182.52,0.920518327603309
train_06396.png,5b1ddebc02d0c6f5d4117fbf02eab0cf132586ec49ae52f8592bc141a687cad2,0,0,319.03,0.3779142963862989
train_06397.png,5c14f01490e77450e63110899bff998e99607a1c782573aabf8de0de0717e336,2,1,235.65,0.7137911234602771
train_06398.png,32b6c3ef1b63dd3b88461b857928ce5ab66ad45737be104f2a9bd07f03add71a,3,1,257.79,0.5841794393937959
train_06399.png,9a7b639cfebe2da08d6973e6a1271c4f0c0d697691e6deed7861fdeb35a914bd,0,1,117.75,0.9505331970448652
train_06400.png,9eb63c8a10010555d9d0a65079dd14a33993989cbf4ce3628d5672a2554f02f6,3,0,289.79,0.4252089801979978
train_06401.png,30014d90de93ef4303a87ffb3dd92270510188588ab38746f9fc23f99c58b9d9,4,1,248.12,0.6391196885815372
train_06402.png,ae00634f8678cb1d84b04c72c3e532aeec51bf8ab61d51a4312a82e30ce623ba,3,1,14.33,0.591419292863756
train_06403.png,b5c5e289038b364be8c2e21e37a155513bf20529897ade5e9ee1e4858ff2f271,3,0,315.34,0.38358071079367495
train_06404.png,1077ccc114c01b2a9262b6bde1c8adbb92b561026d4b923db91cb6e308b1712b,3,0,107.3,0.9435598733099853
train_06405.png,3d848616fd411fbef9c33ec21c4021e467561e51dccd1b8e62595ce563c2963c,2,1,96.62,0.9312327661533656
train_06406.png,f922b9f1274acdb2032b55d5bfbcc30ad8a4d7ca873f81a632d5ff80697ef308,2,1,75.02,0.8934927041937224
train_06407.png,d358108c43a960fa55f07c0346d0b8f9165536d93bc196643b68d78f3eac1603,1,1,16.77,0.6010251894137035
train_06408.png,3adb3bbf84a35e9d6d300feec6d3de2f94b871e241a9819c3d475db3a05ba632,2,1,226.26,0.7670329669308961
train_06409.png,22b18153f544a0cea6efb2ae854bc0e71a24eccafd8bca32725446526433575b,3,1,250.37,0.6315106648448358
train_06410.png,add8b7cd4877d30a6607bb24e424dfffd5caaa4d19e72dcbda358847089b81da,4,1,232.91,0.7339010961273296
train_06411.png,88aa333f6d4f927e8b3e98a89be71abc405570c771cde590f02d8f76353ef65a,2,1,62.79,0.857682239304289
train_06412.png,a37e11fa9b7985b5dcdacb03ba186aa689fc7e3ebbdc75a5206b1232592bd5a9,2,1,302.1,0.39696083113495995
train_06413.png,4208fa51fbc103625c6758caa65e1fb0e289bcf5df3a628b4c239945ebebef7f,1,1,340.27,0.4151295966180476
train_06414.png,5fea0c2c73f0325a63172ea4fe7eb01c7113837b65942642fac6fc78183315bb,3,1,189.85,0.908363110047
train_06415.png,a0ed64b71236c61003f0ed6f77d3b6383434b0cd146a507facb38e499c280ff0,0,0,296.38,0.3977760898097564
train_06416.png,52250f2601e88ebb50c82173c37ac9d41fa19bbab09a35be324dc79ad8bcf420,4,1,247.11,0.6456130456783313
train_06417.png,edbe4fbca3f2f7e46658a57a34aea64ed4892d2e5df6403f86bb4720b2597fa8,4,1,219.13,0.8070652793623233
train_06418.png,524d9cd29941b488f86833520c51b3100874982ce997fa338b701e46a32cd7e3,1,1,349.73,0.449969382081107
train_06419.png,7098d851cf9997a66d21e395e9065f1ca62160c9b2409f89f13415b7e27bd6a1,3,1,246.04,0.6593957963335245
train_06420.png,3d61471d1b2739b19fa1f8ce1d6888c656e0379226d103e98b6453c89715da67,4,1,343.53,0.4318293226742746
train_06421.png,7858d866b9a25d47d3c22e29db55182ed3f97f70424fc76f74c7bdd4dbe22f2a,2,1,69.24,0.878112024993003
train_06422.png,0d37ddaf89d6512143d8aef3c4bac619edecbecbd4362d8a59c4e29a5a289084,1,1,89.19,0.9240040908476066
train_06423.png,c7ac13c566efcbb7f00c844851c3adba66ca49313b1d1a3e0e0398dcceb118c9,2,1,212.05,0.8337756968148974
train_06424.png,3fd96dcb53065df6046f4880fef18cea14da88974ec5324f4de2b35ea8573522,2,1,88.13,0.9196072645022415
train_06425.png,d9c65192f2dcd11a0ebd943d95d8871bd4f2401da80038ce0d188d2912a7a307,3,1,34.9,0.7218091050748707
train_06426.png,494a552cc5ec3371285c3f4062878db5130deab114cd56134482085404bdb224,1,1,27.12,0.6688187672729726
train_06427.png,cdb05efbbb9bebb983c113b3140562da21c4a6169dfe8d06132638a9b7d71389,0,1,297.24,0.39583292541723836
train_06428.png,578414412287af1e6fadb8cf08fec6feec529ce4e0cb90edd1d1bebd1c1517fe,3,0,353.25,0.4730302116359207
train_06429.png,e89eb513c8f742567c48d816170adcf8ad8a65cfb7f8a4dae0045548d9ed7fc5,3,1,186.87,0.9142240963721115
train_06430.png,43e306778d04fbf523c6cc5af8f1b25cc28ac71659f28d9081aa5438945cc0ff,1,1,316.93,0.3777831863113367
train_06431.png,42db02c2fc901d68338e1423eb8a850c38ca06e2157b90f3a13b271abeeebbf0,3,0,285.09,0.4417690531134804
train_06432.png,f0d4e7a101fd8dc7163c478aa87accfe659a0eaea747c39166b4890e2c345bf9,3,1,60.7,0.8498980202225946
train_06433.png,67604ca45bc5d15bf04ae096d747fef5c5e75515e9c603242a58805ce22a6fbf,0,1,143.58,0.9530380486306896
train_06434.png,a37c2e7a8f41bff45eb03c39d99847188a1bed6eae38349fdf8ebdf56bfc6f97,3,1,18.35,0.617038983858655
train_06435.png,02c72d3c3f098079a9c219a347972d7d187d33d13453af826d93417baa4eb63f,1,1,23.91,0.6478191851589107
train_06436.png,1d390a3b9b777c291555ceabe4763be80b8343f4e92b99049745a238d59f7d40,4,1,309.39,0.3831928673575637
train_06437.png,34fefb8d7b88c65a9bb5c564c72538ae89d523bbbc0dcea215c2d3c5aca7b937,1,0,334.39,0.3991517733172588
train_06438.png,9240b7bdd51b657e34f9f4a1bdca488c4758feb7a754e7c12d3177db5516096f,1,0,290.82,0.4184948425222616
train_06439.png,cb16844741fcd1dff233cc402f82a82911eb61396781458a93e4591a70cb106b,1,1,318.27,0.37804325726982924
train_06440.png,3d3e36f139b29b1886d8f5fdc34bd27856f83c97202055a2f0afed5b1e4c3aa6,0,0,97.59,0.9355480102280962
train_06441.png,cfffad181f7f1b7b922b5bbf23b8b1acf37643faca0b82ee4733363a2ecdb5c6,4,1,292.66,0.4125187711433493
train_06442.png,c4a95c3b857e11cb7407af1a112b21dc5258970be08afc9c9c51d66f4a4887b1,3,1,326.16,0.39076216622692694
train_06443.png,c53415aae4762eee367d7db13cf268a25ff66232c153bfada5cf66da2aba10d1,1,1,325.83,0.383803224078449
train_06444.png,14758257a311344554f3e9eac8f1c4a152270a888e0a00d86863402941acf901,3,1,9.95,0.5641844091724483
train_06445.png,8afae3073a8b4e92be50240745a0d65d053bca3cc6c5d7eb79c3d1da0a87322e,1,0,334.8,0.4001225756532774
train_06446.png,bdf7624b3ea4cb2b27af09c61c71a42fa56a981a48d7a9cd6c911ae4827b449d,1,1,84.24,0.9153940598929988
train_06447.png,293271928817db4dc830aaf2640e95b5ce7ab156e89a66f8e2802db08ab82d56,3,1,137.37,0.9535991442406081
train_06448.png,2edffd50aa8f3efc2f31f718a068cb7666457e98d51166f547d13cb1a9377c43,1,1,134.39,0.9552502084496232
train_06449.png,486b1c377744febf0954125bd6e12df09d78a48cc67257184ea0daf9ab9bdb99,0,0,348.6,0.4497025463048922
train_06450.png,c125ac869bde4df13829e9c4f16a3da6863fa5709843da11d618207f4c75f4dd,3,0,331.47,0.39969231802957833
train_06451.png,d3fbfae5de817a7f09a58133947ef5064d64036e3ad5c39137e23dcb7a224ae1,3,1,235.42,0.7257078228993369
train_06452.png,522919a98a619b1b0c45a79e21385c1d50ec23e19707881686f9bce78b589701,1,1,247.72,0.6512659497746489
train_06453.png,4978a2fe3dd06001326dc6544ced64b98d46f94f32b5b2a81631005524b55868,2,1,119.68,0.948142778679131
train_06454.png,6ded7ec026a1e39aeb77297aa1e1f89b66ec9272ddd6bd895b78bdd848c41f31,4,1,15.33,0.5965240092598991
train_06455.png,d0a0b8b10a807da1993f5ac0b4cd387a6867a3d97806291a2fc947e0e69139b3,0,0,271.39,0.49406597023828835
train_06456.png,9b8579557c8e642c7e0e14ea3c53cffc918e89b4189c95ab18e51eba6649a26e,1,1,194.07,0.902465259046331
train_06457.png,7e28120a74988a66b582a405bb004efbb0b607d17d7f101bc0eea5a08b49a72c,0,1,166.96,0.9403507174099753
train_06458.png,5ae261f9cf058e3ac8798678b81a80a42a65e2658b614cb5c66e13f7bcdaac2c,4,1,243.29,0.670063926852319
train_06459.png,097f2cd406e3d88f257acae2d1598032a2590183d88fbbf725af28d44217ceff,1,1,186.05,0.9188132113450144
train_06460.png,2a868100f4d2452e7905c9a04abda66fd40b0aaa974b2ea0e8023b02eed5cfa2,3,1,190.5,0.9070062861606955
train_06461.png,d1a5ccdab0e4942576833718634bd36e8d8546496f55e2b9e1cb50f32acc1332,1,1,201.79,0.8822135157872373
train_06462.png,855b0788e38dcf434620ea922820e061300e02201ff20cf2cbc5fffc54a2eb5d,4,1,161.69,0.9428904143457157
train_06463.png,b7e09cec8a4d583790ecf5dc0c18f933d3870075d26a0a1846576b43fd6548e4,3,1,346.17,0.4428819757052638
train_06464.png,869616baee4c057e9202331c01ba3184f17856b507c58a718a6cda40db52e8f3,0,1,146.35,0.9523468976742705
train_06465.png,a76bcd438caa0022b0133830d3a28110ce3c4c2940e7d1ae753f875aa02d4954,1,0,282.15,0.45114671571323606
train_06466.png,79f0bc439cedabda5cf9300bcecb42736e18aa7809fc9a56dabcf582959fb894,0,1,230.74,0.7457099418131942
train_06467.png,d57d7a316aa94c546933775baccae375ea5c34973084d523fa6023dca3e20a35,3,1,357.43,0.49344420136284706
train_06468.png,d01bc1459b2a0783741f3294289aa5b6ef86f994fc5a80db61a6b1a408ce6695,3,0,338.06,0.41572301125639416
train_06469.png,13d4ef1429aa085a33c786aa7f43d2621cf944946465acd18ae81ab494e1bf2b,0,1,284.07,0.4358224521159893
train_06470.png,d5b2b9a436515395fec7154342f4167ae66ced3c53b2e110b70460cc7062123b,4,1,307.91,0.3843756306326092
train_06471.png,728aeca46472f27d21d50b96aec938a2d25764a128a50aba17f08455c5c7f210,3,1,232.01,0.7457299810921467
train_06472.png,9ddc418886b787199c63b7ab97db157a02dec865369f140c148ec0ceb812dfcd,4,1,77.2,0.8980582335518212
train_06473.png,ce1368e4087560f340d6e800569b284d6f32ca8e2d8feeb42c66f4ceb8b91911,0,1,37.8,0.7415394884367892
train_06474.png,8e6853d42c86f8c607b430b860efac7d98e79d6457737e15d0f2155f6c8f8248,0,1,154.11,0.9493401507244373
train_06475.png,d8ce3184a7d6fcd499b1fed5352947695b1fafd4de7aad6d51be77c4cb08889a,0,0,127.07,0.9533141269400095
train_06476.png,9ad9d5a179295cbb67ffd84faeadf44fc7d89d7fd66261687b2d92e65218389a,0,0,283.03,0.43989914032740685
train_06477.png,8d1c631bfa8c5d311070e37c836f56577863fddafc3db9eaa444ca27c5a24c85,0,0,273.35,0.48390562986955343
train_06478.png,b1efcdab007826652248fc8a20ffac0c17756fa739f40cac2e994f8f24508655,3,0,341.52,0.42631879681100227
train_06479.png,117782dfc4cd7d589b6fb44dd452cb7d18fcd33dc56aea94463dc0b16730b016,1,1,25.09,0.6555586718699675
train_06480.png,755472d1dbd9d0445460fc9e506fdc2ac02d53d9768a706c65721baeea0640ee,0,1,102.69,0.9407145871782829
train_06481.png,0fa3144f964fb79fa9a3541a30bff5ed6b2fe74e9440003a0f3591b9a35a7dd0,4,0,325.48,0.3879798549741234
train_06482.png,7c32edafc2a4ce5e2622cc33d449e48a8583eedc121c06525d3f3ffb1b736bf2,4,1,327.2,0.3904052108278752
train_06483.png,dc7fedaec4a916a4fc28287c773f4ac8953fa915e2008de35e95960c72d02dcc,4,0,31.12,0.6971616507487779
train_06484.png,5878cd9518a2c3f12f2672433bad49f5d27ea8e4a3c7e757496b55be71286974,4,0,273.96,0.4858198320896804
train_06485.png,69465aa2b5653038c68d67047e9be79709f78560bab565e027730037d6e5bf6d,0,0,294.61,0.40207110616933756
train_06486.png,e6d79262fc0251177487c436f617c4dbe198cd7adf5442ed76d2790e0942b9ab,1,0,335.78,0.4025302358599362
train_06487.png,93d1604072f41ffd593fa2edab559be37c4068613a71c2a71c8d78093ea236a4,3,0,335.34,0.408443903841177
train_06488.png,8eb9677368a9284ffce52f2f38b40780fa83f72d7ac0173679edb3ab08852cfd,2,1,280.44,0.45816696738262513
train_06489.png,ad998f8a804192b621784c3f9cb374a82f9e2a14acdb587e757af22026314112,0,1,149.67,0.9512594639503577
train_06490.png,d9a87acf2e7990f356615171a8bb3a581b6fbd5447ee76194c44b6492b703ac5,2,1,60.7,0.8502728526005962
train_06491.png,041692be2b53a529f406d2f9d5898b7e023eba0ac7cfe5780fbfdc1982f47418,1,1,146.22,0.9540795490363562
train_06492.png,eac6f71f395c096c492ab8aa4ce8045ddac5418b56f256c4742e232bfbfd3874,2,1,102.8,0.9376231946024984
train_06493.png,e83dd292eab607b2acb196c87cab1e2451a12b0a2a40e5f89edc3572c48c67aa,1,1,314.42,0.3779120095128835
train_06494.png,f733e17cf4d4f7e747c08a0c4920649be86114a3abe853302a5c87bd5729236d,2,1,231.84,0.7361193812226858
train_06495.png,8d1c631bfa8c5d311070e37c836f56577863fddafc3db9eaa444ca27c5a24c85,0,1,116.59,0.950025936429936
train_06496.png,7eae615f40d8be979cb8b9a71edb92f0555769077b93703b3fdabf9a7c68e582,2,1,110.69,0.9436748023487901
train_06497.png,98dd20bfef53e90a7dcbfe986bcaf22efcd30c3b2734921b9ed4fbba6afacb79,2,0,275.8,0.4784605028771518
train_06498.png,601f414856d0a8d01d023d456cf49ff6b6f3ae98e65ddf68ce2f9359469c4d7f,2,0,348.01,0.4581539857626485
train_06499.png,16bbaa0ecf5ff97d02cacdd6c64943b6e869a17a2e791c0b829656b53695016b,1,0,359.22,0.4955395679632772
train_06500.png,f91ab3def5bad1a87220124475ebd1727b60aae03c222e2d54bb57a4b76346d0,4,1,324.57,0.3868464120686809
train_06501.png,26eeea4199f023a312553f104a861fc7dde91ee438bf323fc988488f1e237dbe,4,0,225.25,0.7765896024217639
train_06502.png,04e115ba723b640e4832f281821948f074a826200809e49cf861e4e43159e59a,4,0,309.48,0.3831297682165831
train_06503.png,8e373e79dd89afe8942f69c823fa791c9b001a17863156df9fc9ff03e9e548bc,1,1,292.41,0.41352445402746313
train_06504.png,d308033ecb0844c2fed5ff04ea46a0f7a8d0372bdc2d0f59826583af0629a131,2,1,37.24,0.7397050419746137
train_06505.png,4345765dec0802cde5caf31e0d7ad680b883fbee8989f791a20f48b3a6965c39,4,1,267.41,0.5204865079681504
train_06506.png,aa52600271d40e9dad673ea845b8063b42c595c00344f771020764c851e272b0,1,0,75.73,0.8967924372232737
train_06507.png,a97a3b19cfbd2b1cd6616969d47f06fdf111579b62cd5ece9285e108cfb55c3c,3,1,35.01,0.7224715701070086
train_06508.png,152f9b949a93cdb631fea4075fca89645d35bb5bc3d05a29264042967d0784fc,2,1,147.36,0.9486361576369036
train_06509.png,ebca658ed58fbbcd70445d4c1299bb5f4352e314500021753c0bd9ed2f25685b,3,1,42.29,0.7644567854836268
train_06510.png,559f171f04b8616a18bec0c81cea673ede3f578055a2b8adeed3f6130571c724,0,1,130.14,0.9537543290212321
train_06511.png,b378bef9b718fabad49a96cd0c9f3015e62a3fefe3236c5006e7dc3b6a439199,3,1,145.88,0.9523550860412094
train_06512.png,2615068c6e83e7753b075287fecca76be058f92f1bfd0577f037585223a38536,4,1,202.19,0.8728625720027763
train_06513.png,188ebc56a3e648a1afbec8fcfeda23e91109149af0bc20e2f2ea30f94039101a,3,1,29.62,0.6892456920049808
train_06514.png,542c597b7a8a10457e704b1852cf322ae64925d3fea24c034d84bca20980b6e0,4,1,16.13,0.6016010479189191
train_06515.png,09105652796177078336c5d2d11e98e715a075e2abea4cc14b35e938c4a0962e,1,1,354.6,0.47210782062719775
train_06516.png,7177d35d9b225d2ed359b13e75e947f81cd8e41524d3f26f3b85ee1ab0c246c2,2,1,216.04,0.8169089848047502
train_06517.png,11f24571bb99333ac2c466035847d63af80012f39497d6eef27e020cfaf60cea,2,0,95.8,0.9302620940936357
train_06518.png,8dc5afb2cfa61d6de7798162c479993c1e41fe3fd8fe5c09c1d46773e5d2deca,1,1,331.96,0.39384013583546845
train_06519.png,9d9253cd51807cccf5d0765667429dc7c6f935325b3a26bf816321e86c16aadb,3,1,219.43,0.8114156935678514
train_06520.png,39fc3ae7444d7691a34a009baa95247c20df89831dd7fac9fe485fced61cdc67,4,0,340.66,0.4221552881949321
train_06521.png,8dcc18bfe0dc8d2e80d4eba3786d8939c3416e38a5787bf07eb848779b4b01a4,3,1,164.25,0.943107957998686
train_06522.png,5586ce65d70297297e1bb1541e01bd5055b8535921f87c734aa877572608a027,3,1,43.76,0.7724337327733056
train_06523.png,97a610f59c0a07e988bdc959ffc83749b9d256203086e7df88049356ea323788,3,0,334.49,0.40635989549166485
train_06524.png,d74915c8861bb6a15a6c0110c64926a12d00eeb2d39218f5ea5890b7baa5909b,4,0,82.12,0.9087541187965257
train_06525.png,1ba1b128e642dd2b7d5558939a292e2f2768c0385dbd9c488de8f797a03478c3,1,0,304.88,0.38573590157867227
train_06526.png,49b8dc76dcee9399b7cb7c129056f6cbb452b77bd0fc036d99b329bfc979ffbb,2,1,313.89,0.3878783589857649
train_06527.png,c03557a3c28388886fc3905f0c2f893258ce4d6dc85e1e1273d9174756cb2ff8,3,0,309.69,0.3856948369281189
train_06528.png,8e6853d42c86f8c607b430b860efac7d98e79d6457737e15d0f2155f6c8f8248,0,0,310.96,0.3775385110543986
train_06529.png,d4ddf4bc063cda1e6f6348253243a4ffebd4dc9ebc149d168e576fecb030245d,0,1,95.51,0.9331201844701226
train_06530.png,6f689d31cfc653b3afcfae8616b87238fdd89785a5cea8d0addc5a909f77bdb7,4,0,327.04,0.3901639759573229
train_06531.png,57061fc90ed971f7a70dbd39ab63f1c82b952dda48888a9bf6daf9cf007c2c83,1,0,7.97,0.5454945668989667
train_06532.png,27f40921d61e9b86f1b41ceccda34ef1e3e5dac01143be57a7fe671375791072,3,0,295.41,0.4089959713490116
train_06533.png,d552244ca450f644b22efbca7987a4c35d534ce8815887a5d1cb6440abf3fce2,1,0,312.7,0.37846408765044043
train_06534.png,b4ecdcf62a07e241ae5445f3493fe53f78a0bb96a2bb222693aa0dd8b5f56878,2,0,294.62,0.4116359188426762
train_06535.png,9b873490a4043106c6d8bbe8cdf0fbf745639bfb2c6fc76214341fc84de51721,4,0,281.94,0.44954611725386584
train_06536.png,a51773b634f42a1feea898797b0d958a46010ba659b1e90a0eba7df37d4a2277,2,0,294.88,0.41100998991223703
train_06537.png,96d4103bc6550a5dc52f7144386d8e16d0dd363fe1a2837024f3208f194dc919,0,0,322.45,0.3805592333117115
train_06538.png,0883835bdc1948036f2f7fe415f408b388aa1cd830563a1090e56c1cb47936c7,1,1,50.41,0.8046703208239521
train_06539.png,73ea9e956de5cfff84616a70de9f5babb27ad8ec697295ed1ba2ae4b9de292c7,3,1,119.55,0.9505774860291144
train_06540.png,115567fdc8e23b6352dd882dc7b0a47f169a6749a12d1ca9793ad80bf1ad3d7f,3,1,262.44,0.5555647067614836
train_06541.png,76ba64d018d98fe84718fd321eb9d96ce9a767cf691bf285cb9e11caf6d9979d,1,1,124.63,0.9537456001657217
train_06542.png,267ddba80849d1ad8370d7b4efea833e1ca41385229d2412b99d3d25f6d3ea64,0,0,313.09,0.37683775657228846
train_06543.png,9b691234704f275dfae89678b47df6432349ba4ea940621a08aebc11eb44c32e,0,1,92.94,0.9298409342211585
train_06544.png,74d82d5fd6a10a2293888035294f5695368b04750e9b375025fad523e74ea6c7,1,0,22.48,0.6384236840962818
train_06545.png,fd191c8efde06a3500e84a54c836f1170ec844620fa32a558e3749d88d460c6e,2,1,168.85,0.9345150381574595
train_06546.png,e6cfd95892360ce1a68b1c9ee7e8197a1864c3fb19a6817ebbbdf85b9e194686,2,1,32.39,0.7113195644786526
train_06547.png,45fd7a1d6e888b95468517d171fdc880296e24370c29f7fa3af98f3a630570dd,1,0,314.72,0.377854351389112
train_06548.png,cca8963ac682e44acedbfbebb2ebc67fe2ad8b72fc082137e41cef83f9992dc5,1,1,65.5,0.8668381570670264
train_06549.png,eb4176ed485c3f72afb3848dc3d3a636ba1369dd11927026e832f139fdf9d4a6,0,1,296.87,0.39665741570433133
train_06550.png,5b1a54088812601b82189a9072845554f712f54a4159d06ed0864aedaed501b5,3,0,277.97,0.4718646139922524
train_06551.png,1dd6c877357fb32d9f3720d77d8dfe2ffdafe7820c51b5307e9e37f2eb6b86a1,0,1,79.08,0.9058669992065227
train_06552.png,8a0c35fe81c60364820af7e68315d032b5f7b348278325d14f05e8926bf16c41,0,1,72.13,0.8889888499434244
train_06553.png,5f58500b7bfffb806c408ed9820b22cee9c9db6b07787e1f17defe4b0d65ba5b,0,0,337.02,0.40846256843743517
train_06554.png,5029cddf5ecbfcdd85164efb032548e2e890c4cb31397e148884225df50a9aca,2,1,345.13,0.44677325246966204
train_06555.png,76ae8f8f08ed96a8d70c7f18a23ebf7530013059154182acae70e66e4708375c,4,1,55.99,0.8293971808687682
train_06556.png,e71bde09f641952c57cc4653ca3892483c67a59e7e85849abba35648253453f0,3,1,124.55,0.9522166807392282
train_06557.png,90f28ccd04226e80c512cee3165620b5e806c8e5f8231c0fd31ad1752cc6a020,2,0,310.86,0.3885716397775312
train_06558.png,218ed46cccbcb45d176f90a47b1803c58598650de9b2343863ca86a44b09075c,1,0,278.02,0.4698779207016031
train_06559.png,ed54a2d8dba51808ad3d4ea329ee6f91f774d467794f3799c183a2bf3c6a9f68,2,0,47.74,0.7952648376215234
train_06560.png,9c6bde556837e37584869c64265e3f16a9b699ff08a27dc1e5c7a8b2f93fb24c,1,0,308.42,0.3814761005166173
train_06561.png,9e4f9ff9af2b0f8ef5991a722596bd45ae526a66964dc769382eb89b7afa88cd,2,0,309.4,0.38931079364649396
train_06562.png,3d4f6478af8837d28f48a0d1f447ab133af107d27d0ded4003de03f0f462b9e0,1,1,134.51,0.955254735673368
train_06563.png,b9bd7729e5660d6ccf56a7c7a87b32721b827e05bcd3426c95933f93a4102fa2,3,1,187.42,0.9131857171322723
train_06564.png,5a7079f5a97cebd86e01e4f8b6ddf75a3145fdf5ccb26af5cb340aef68a2fe49,4,1,258.64,0.5723151131575729
train_06565.png,724de837935d730003938bc08d5015e56ef3a440c67c48d5d67d3f33d86d25b1,1,1,114.02,0.9493743455063135
train_06566.png,216f3a907646ed6e0eab8838923a007f209c41bdb9e67ae817507d2b31d98ea9,4,1,66.68,0.8689700741508544
train_06567.png,d756f927a8b98f7408d16f4d04b15bd7656f39ed71c8fa800c3c81a1816d50b2,0,1,222.32,0.791710326048699
train_06568.png,1b9884933a1b4ec9e7244703430feb9e52ded238978d12b12052675115282964,2,0,328.94,0.4012538944471564
train_06569.png,cca8fdb6b6aaeeedd7eb1a4e400b0e42a0b17991d9d9149db0804fa0726e6a6e,4,0,311.66,0.3819103300267944
train_06570.png,4b2d57338cd41e11afaa96386327f81ac4fca66f81f6cc56bd77228d059c71bf,2,0,322.49,0.39209120589129387
train_06571.png,7cd7f6bb852d6624124f6df9027f4cc923931638222cfab8eb16215a79edd5ed,3,0,127.7,0.952923158005503
train_06572.png,6fb5d8459583e16fdcee0a7060aa6ef56f8e47ce362500e3acefc95e96d52f19,2,0,310.34,0.38880468955407793
train_06573.png,8493242bcedc0c7f43e18fc747b79584b805d722c9b002a656ba44c2bd21a47b,3,0,291.59,0.4195869612915157
train_06574.png,1ef9ebe30b1a62948975f8c7984c5178c6b9870cf1f37efb21e6fafb2cb85420,4,1,224.13,0.782422998051831
train_06575.png,1bd04f197109e8cbdecd3e607d03ae53fcb883e4a046bdb7ac3ad1b36587db9b,1,1,178.17,0.9310176589274171
train_06576.png,f8c8ac855069e5bf0af54568e83c5c760d9653bb49cfa8e4c05fba1856587762,4,1,128.05,0.9514470368384647
train_06577.png,6d942dbbb0bc32d6838fc0d5a12921f0195e9cb9b33cc890696156ee696afba6,2,0,236.33,0.7097185066367369
train_06578.png,3297754b97d73bdbe603ffb2871e8426c5213440d66471a71c1ef24d5b9b891a,0,0,355.69,0.4828223653330246
train_06579.png,d09d1297ff469f5458e555e063678c04a9016aa6b546374ffe8c10bd6c3a9bea,2,1,257.79,0.5763191909062306
train_06580.png,2ee4a1b1c3b89a23533586680d4ff66f57a60de1b4dba23c384c400467cc5f05,1,1,254.14,0.6091361083143506
train_06581.png,94d37bc96e546c0e5f73ea5d5aeedbdedd35cec42bd180a04c3e3e93d1351206,3,1,204.61,0.8696649958876128
train_06582.png,c0bbedebe11f4839f809c029e3ecab9af1a70e5546877dcae90a97811fd5abad,3,0,339.76,0.4207428799774384
train_06583.png,dd14ac11b346c936d62d0fae43ce05ccaa7dbd2f1aa3709f5e6c8df30cae1c2a,0,1,224.51,0.7803517093640613
train_06584.png,c414964dead88cc576e47d4758b0aa2791697d57791561a17c6a3f477ebd6037,2,1,51.44,0.8125686075879998
train_06585.png,ba4295bac8cb3824c6bf16fd0a552c91c1a0d9a564aa2ec2acb7e414351dabed,0,1,46.67,0.7903670775954384
train_06586.png,bc57037305074204381aaa1592417bcb1c67b7b8d91fcb5edd7422835be4de02,4,0,301.8,0.3921578725315342
train_06587.png,60edc08cc3ef539ba809b1b868d709c748e4731aa94f551f9a47326b8235d93d,3,1,53.56,0.8206056429597735
train_06588.png,133e476844abc9035a936f8a9f3ca89ed9d734e530ed6ee375ce596d527616f1,0,1,306.04,0.38135212472962154
train_06589.png,32768ee0169ed4d65f25653b10633cd83eabeefea4b19de8e13bbc0bb036dc88,2,1,287.21,0.4329497509926253
train_06590.png,48c0ed5773a58814b7d6b7be6c27cc2ad37c4b4508e9eb5988904d5a52d67ce6,2,1,18.93,0.6276612450807263
train_06591.png,b897670905f5b1756e0fdbf6b7f62140805b7bb51b9e461cc435d487aa94472f,1,1,94.24,0.9313569167537393
train_06592.png,bc5e506e0ed6f1532d485b8ef9d9a8a2bbf628ea1b5ec764141fddc9f99f1681,1,1,313.78,0.3780733648326675
train_06593.png,8c49864b0ce53b61720f891d8a2c877882abcdfd86162473904c55a59a77ce4c,2,1,220.87,0.7945036451301957
train_06594.png,ca94eb2fcf0d9a639dd6cf37b08bf97e4f38b4f16899701b119d5fafcc03fe34,0,0,222.41,0.7912524102554064
train_06595.png,e08dd36acb58b45e50d0232d69a7ad5a65db24153ef7de625094bee445b5b489,4,1,249.13,0.6326242002884057
train_06596.png,b55a2237ef2d4b885021474a39960ec0e79ac7ed512873891deef8ed337ca495,4,0,53.03,0.8165109761638893
train_06597.png,7d8978c29b51031d52ec98cee1564cdfa8fcd18e2d770a1ed9299465c095a651,4,1,2.14,0.5174003934971553
train_06598.png,1522bdb59f4c04ef54f98c8f37da4089bf08e6f6f113976748048ac1c082a983,4,1,327.87,0.39145019020475685
train_06599.png,b6c1d41e058fa8e163cea03e34bd4130aca9e35cb76f6bdddfb0230f29270d60,4,0,286.3,0.43280701870323973
train_06600.png,b8ee3016ad917e88cdf8700ba695c64232c2762413149959ef962cf305e3563c,2,0,290.01,0.4241106595074772
train_06601.png,f6ceaf92db36935236cc3f81cf92f3eefa4c2778ec02d1de1954fc247df12783,0,1,252.54,0.607442511500383
train_06602.png,c163b75a9943ba0fed7a3fa691956508df899769efa1d6d87f36e01b6812c226,0,1,39.11,0.7491657099801803
train_06603.png,4bb66d77a86900f0c607fcd9554f81037139bc94463c649285b96add7e47a592,3,1,220.78,0.8050568564520765
train_06604.png,9ec529f6c62d256fbdd3eb1145d65ae80f1feaf16344f131ed12bdfeaefa90c3,4,1,9.47,0.5600938594479231
train_06605.png,567297bcabd9bac1d37b67124c00f71a4809672bee87e3399b69eb1bcc8c3443,2,1,177.59,0.9237465503118448
train_06606.png,6289d0aec5322b7ffbd66a841158aed230302c3bb2146949cec0444e96a04a06,4,0,275.07,0.4803603316007836
train_06607.png,dbabf789f6680324ca6e1bc8881a52f0d6fbd2ed5ecc92e1bcd0f97fae000de0,1,0,292.63,0.41286197691766563
train_06608.png,fae5b982c7abe840d30e651f512ab6f29d526ae4988c7121d704421ffc062a44,3,1,81.01,0.9081372663545337
train_06609.png,c8d4f2994e5bdc840fb8b14d873d369297cf6b880b7b9f8933ee54dda5323d9f,3,1,170.21,0.9377507503019488
train_06610.png,c695d5bde0d019b97a1efccb7d2a324e383d484c4770c79a4017919fa808047f,4,1,174.88,0.9299155039584589
train_06611.png,887da6f48e160917fc5de8321fccd6b5e88b63211c7a3910af1aeb1299dabb99,2,1,359.95,0.5148696283686904
train_06612.png,b333ae2b8ef96dc8468439e4699bf4bd40bccd1747ef40e517a69bf0370a77a2,3,1,156.98,0.9479558284984946
train_06613.png,9772157201a5e197801f4d0134a35a945db398808603ca875a1cf1eab02b0c2f,1,0,296.91,0.401201085394648
train_06614.png,9a3ee837bbd02d8cd9309606554c819e723ee116428f04baff3ac3fd86bc57d8,1,1,309.61,0.3804039209351628
train_06615.png,ebd2ca20f10c39de1db718636ab32a84b2854f71f6da9f99ced6d2bd467b6f36,3,1,221.37,0.802223051104092
train_06616.png,4c8d9aa4e41084846b3e9905c7789094d85addcadf5b76bdd356f34b17ed9933,3,0,16.11,0.6027095189997506
train_06617.png,27e0b1d8658b27cd2bea75cda2adfb3d360638f252c76be44659bd998d605562,1,1,78.29,0.9029387246379242
train_06618.png,0417e2959f3baa011828c06adbed227569888f21322cd9102883fc4beaa9a022,4,0,340.48,0.421582141315346
train_06619.png,17ad6f1e13f7351c6e22981a0c36cfaff2b133e55d9d33a14d567641d0daacf3,0,0,288.51,0.4199109106186273
train_06620.png,ccd06665a435c4377b51bc587797337493477b9ac1c751cc8e4e4850f46c8e54,1,0,320.81,0.37916460444098354
train_06621.png,f8d30316a03cc7c24ef814db03030f1ef758d3c58fb1150943b4c47c5449d6fd,0,1,278.37,0.4597502426329452
train_06622.png,eb5954dcc951bd477a8d941e7b6990142f3f17ffdaf2fe95bca935eabe47be51,3,1,165.67,0.9419526281342162
train_06623.png,2d231ff2bb8b7863f47a086db28e704942396e18b16a7f3c78ed6f54b49cfeb5,1,0,282.67,0.4489296243170339
train_06624.png,ffc6b3ac2bb96614bb0200177cbc2de8d00f3e06e1970350525fa8d5a4514f91,2,0,296.81,0.40662400287603995
train_06625.png,0b6f56825c7fb324855f3951bc287b884daaba5eaabbfd5e214c9eae98c4b1b7,4,0,344.92,0.43687403955114446
train_06626.png,2685a6cf0a5a90dd68b564164e067c08cfcfdcc76fd65863574cd96e31c5739e,2,1,17.14,0.6164015566427539
train_06627.png,60f89e06689e0daba295fda2bb1b0a2fde1a4f34f5571a9cc8ce8d055420e3c0,2,0,354.12,0.48535655616676443
train_06628.png,325b0d5f916db51df5c594e68c84eeb3c1b34ac54b8c518a2de469a689ce0d4a,1,1,308.29,0.38160419128533796
train_06629.png,f0425a139bdbf1605d4c856efb50e8d3b46b1c349f736dd2e881f3249f60b45a,4,0,280.94,0.45370084662347804
train_06630.png,db6c7673a508ec9910977082f9fd84e08f9fd728602f22899ee9f675797d0b5b,1,1,272.7,0.4967916226404237
train_06631.png,8e0923e18868bc24ace26962fd68de7d7ea0506641796a746ee62b0c0bbb409f,3,0,308.6,0.386565760315744
train_06632.png,cb626beb386d3b1bbf71d72f5499501dfe491a953de91749f0ff70f744fb9236,0,1,345.69,0.43779118126920746
train_06633.png,18eaebf6bb822e43be6e34130f763530ee2460830259b63be2c22e1e6a956778,0,1,335.91,0.4053881526592108
train_06634.png,b03f76d86d89540bcdee66a86e874405d69ea16a50ab3844ec3faeff259f319f,1,0,282.66,0.4489719568147234
train_06635.png,f82930d6c93a8e683caccff5762bef3634ae302832bb92e0783de88d9e92cf44,4,1,310.05,0.38275363208596697
train_06636.png,f7a4b1efd2957ddc0475da4f1699defdd04fcab188441a77cb4bb607b6d35260,3,0,280.83,0.4590720134948984
train_06637.png,d2d5a9d5cb25dd4758aa4cd9071ff03bf6e45cdae713bde4f22d9e24381e28c7,1,0,352.77,0.4634689039244579
train_06638.png,d2b2a85cdc975d931ff9055a385113dded37e5714aaed1a8b04f0f23b14d0187,4,0,279.77,0.4587079715621807
train_06639.png,5b1a54088812601b82189a9072845554f712f54a4159d06ed0864aedaed501b5,3,1,39.72,0.7500839869567735
train_06640.png,15599a5db58ac4ba3677b65971d180346d214ec0f71fb95752d1f9c3d2eb5975,4,1,259.73,0.5656096518621735
train_06641.png,7b7b0da9b882cdc2757565f632457fdfee1d6c8ce0cdb47ea21da10f3ea5b435,0,1,359.5,0.5028421136516592
train_06642.png,c81e83582af43b76e4860bd5ab22a14296feb4af23125db08c281a3e513b7355,1,1,6.34,0.5357086763633596
train_06643.png,a0f3046d16bd18a6e54b592f5deecf8767de89425579d80e1470853f4697dde4,1,1,23.04,0.6421043012450375
train_06644.png,b50e94bfc9b5cfe6be1b6ff6a5b4b2ac58986c5d9d066470c5e929cdf069ba19,3,1,347.68,0.4488224576935296
train_06645.png,c858485e262720a74350c2c59b31a110d8808ea28b79c556b2412f767eb16546,4,1,94.23,0.9286337400197051
train_06646.png,174079cc2278cf75057ef676ac9645377538026f1743d45373fb055fc91631b6,4,1,173.99,0.9310226645664129
train_06647.png,2b8f0466659eac4d8315106763740d4a59c51112cd8232538f34c00498763852,0,0,307.58,0.3798287844854859
train_06648.png,aa38f8234b385583b1b6c8fdbde3f9beebebcea39aaba6e17fb2889552ce59b4,1,0,342.08,0.4209330877086006
train_06649.png,fb70bc0da25e7e350171dd50dbc94e0c91d25668b3e3d55e4c4e7ca0a3be9659,3,1,149.35,0.951334950294529
train_06650.png,9fb56e90274591370925f4476dc76011acc81226c2cb4e78b6ef12b0bf42d36a,2,0,309.06,0.38952075299933575
train_06651.png,2d4d999726808fec56c05a93093e023d45f5640f5b208a8c9a760d75a574d1e1,4,1,149.14,0.949600320282802
train_06652.png,ab139699576e643df4639f8444efb66fb82318b3693d1e25ffadeea41d34c010,4,1,155.36,0.9468664490523796
train_06653.png,bc93024e2db94f644e5b0110c5ce762387e3323845b0c0d80b2f6d7798ae69cd,2,1,347.58,0.456394463730679
train_06654.png,7d5652bc1820a8ec449afea036c6b3b552f39159c1e1b81df86305abb181bdf9,1,1,198.64,0.8910614108257658
train_06655.png,f5202b9ac090ddc8a076efe81d95c595a96b2a629027c5ff1e447fd80c098261,3,1,54.71,0.8256582446075159
train_06656.png,dc3d66bb7c7194e58c955e9e544bea8ca4f0fbda389563b694055ddbdc010d59,2,1,97.75,0.9325212855792481
train_06657.png,fddcfff9568c0f3443658153f3b53ac57336aaa2c9717fc35862110c0c370642,2,0,120.29,0.9483623586253439
train_06658.png,f016cf0ff5ae7ad8baba915fea11d811fc080b53fcca2dd024aca84094a85048,0,0,292.19,0.4085864512946287
train_06659.png,b64f663d00556bc9c3db48f5b1c4a56f5c773c1962e67eeab7edfe6f2eb8a29d,2,1,188.89,0.9038217752277241
train_06660.png,079574acdcb420ea125182caca5c960bedc51bc99737529cc039799d78d1d357,0,1,114.54,0.9490361375001892
train_06661.png,929693f9c2723c265fb3a4db1c873d0c4a014504c299fb025ff5c491e4680205,1,1,162.44,0.946672539344547
train_06662.png,9100c6974d56239385fca13d4411aab225fc76deacee55fcf78b74dec3d717e7,4,1,346.6,0.4432802182585367
train_06663.png,7b9535cb7bceeec9433ee1d96fb11dc560188507029595a2f9648f6ad5fade13,2,0,120.4,0.948400883180391
train_06664.png,7be1ac84bde80bea26da849ca8e9a0fe6c238781f3746748ea9eaf8e5a19cfdc,1,1,11.06,0.5645371178506583
train_06665.png,cabaf8d0314758d77a2ffd25405389eb444d272b6eeaee537c90f0c4f2f71e3f,2,1,8.46,0.5630746045425276
train_06666.png,6a4208fa90e829ebd3e2075b4df5c31d5b84866711ae5839f8d57ae88209a742,0,0,337.26,0.4091477968941001
train_06667.png,0bb5b841c1a921d9732ca58829ba75c847833bd865d05ec87fa01add24522376,2,0,289.84,0.4246202784556869
train_06668.png,7887db5281b72a25ef31f5d584ce81e0709907f18464edaf8cc15fe1e5cd7bf0,4,1,348.13,0.44940493904067674
train_06669.png,252287d616b1932d6e6c8292a4ccdf2a3820d5b9e5b0940d9f9a4b6bb8675317,3,0,317.2,0.38376475918140734
train_06670.png,4e3b77d2369a84f0b58a64ad48d25a3fc2e0fb0d877bf142da2ddf3d45a78594,0,1,122.25,0.9521554880846733
train_06671.png,2e5dc09246af0c3ba0a1c0211bee3e8c6d201b64a4479c9ceffac2207ce4a0bd,3,1,164.27,0.9430921860863073
train_06672.png,906ae9f67317f5aeb2d7b3ac7002d713ebb6cdf2d5b9af438d116a9dfe900504,3,0,294.04,0.41258393981774416
train_06673.png,2fa090ad36119568cbbfc000ae61cc3e645dad07fc5599aeb076cf227ad3a016,1,0,299.98,0.39427997239171203
train_06674.png,4384e4a83bf45a3479393b26daf19766eb5c02eb50d50904f0a360df22479772,3,1,155.29,0.9488461679575058
train_06675.png,82d5b25df38adf3a2dc76894880dd9931ed3a6fa6a2028ec80bbd271d7105e08,0,0,307.64,0.3797755166797402
train_06676.png,ceb8629d0bcdb63f2f8012c43ed7295f6cee1743b14780a964bd9e57231fdb56,0,0,97.33,0.9352551744936205
train_06677.png,160c7f1a91d0eddb813361736725c86a16a47a7136ea84f84c41a56309c71be3,3,1,243.12,0.6780512647046156
train_06678.png,ef93937c8578f1e2d3cc58ee0b0512dbb13a248c0d28371c7a4a6758c86dac0c,2,0,334.69,0.4137575506415878
train_06679.png,a9e27cd49f21b48f9d82ed479a6ff60668b5f023efa1cd1561cca525220dd57a,4,0,6.67,0.5433322899531201
train_06680.png,0b3f6d73e1dd5b026944487d4f9aff3573564a87cdcb5d61457e27ca127e858e,2,0,289.62,0.42528499274206766
train_06681.png,a84cea2387a86b4745608e5341d473fd16f06f02ddd22d4843b49faf9a510021,3,1,204.61,0.8696649958876128
train_06682.png,0fb0aaa86500a6592247ae6808923f8a03e773533f6ab4a41f8e5b7ba7a1f90a,3,0,291.43,0.42007038425464677
train_06683.png,621522829e1e2d082db17e05a9e067f2d1517d1c65b4dfc38860e89c15311d09,4,1,150.88,0.9489449555998154
train_06684.png,bd3005d91542d63932add0ca2b9e48c966021f603e196b6b87bbdc977d3b4729,4,1,225.99,0.7726748031308601
train_06685.png,5e116cebd850eb347f3f2e3027b1fd61ab59abe881f0261378d4072963a692e7,1,1,9.01,0.5518359171754319
train_06686.png,525f330cf6739f7ba5954da156debb5851404f668381e28cdbcd4c83e672b410,4,0,14.01,0.5881913415271002
train_06687.png,01428d02da7042fd11c223d2dda8775424af914dc2dda0422843d8ae8a3cd0fb,4,1,155.44,0.9468240202410269
train_06688.png,4aa6eef4923cc6b31c3a624c8147f0931f2444a54d8e47df5b9e11f45f1690b6,3,1,279.41,0.4653083725903657
train_06689.png,452a22f0910773a3430c79578f890d67a51938d7985919af7bb297ac2a7cec9c,2,0,18.13,0.6226239244779063
train_06690.png,12832cae033ad0b7aa0e94b8466397963e64c4369634baa525cc0cf446f77b28,0,1,345.16,0.435731547132044
train_06691.png,5d770bc314fd10f731ca35f4101ccec96fd83b9d2f1062a2423a32858ec73a43,3,0,294.98,0.4100967253908588
train_06692.png,8dc73252b9a090162647c231476f9af4e005108ceaae4dfcf6a4ec843aa913a9,1,1,14.45,0.5860368542446385
train_06693.png,2c13604e4c75387d4b080d45853f133c7847da3d7a9a7b8b0ea6dd7c643de59c,0,0,298.58,0.3929925980517699
train_06694.png,aa68f99151cd2ac3654d85f9497662777f5643248a79c852dce8a1b21fb8d2b0,1,0,213.09,0.8430867530281696
train_06695.png,5f960dfb7c21c2520869f7863d8d30bafa9af211dabf51f0ee154ee353046aa7,1,1,31.91,0.6996170159983445
train_06696.png,67563741c82a87e7a463303c0bfb0f92d618f894b6de9ca0b7f79c9b87303134,3,0,304.16,0.3916627465592429
train_06697.png,e52e640122fc726abdc19019d70df7f13af99ee5d74fd2dd2795a1e99bd06a54,2,1,355.09,0.49003823898880006
train_06698.png,00acf9b339f092bbf815d595502b91eca163c88f75f5bbe963891d9029b31b1a,3,1,315.67,0.3835815598291176
train_06699.png,f596daa618c60ff2e86fc45edd6a6fd4bb48511df2c7dcae98c4aaf82744ad55,1,1,221.07,0.8079361349160175
train_06700.png,016a17399f3dda29d8370d01a66e302e9293e826af1b6d3e0ebdff90f43827ed,1,1,32.85,0.7055468632094886
train_06701.png,99f8a05964148f934e92d4dfea532f7b9e112a50aecfd3108a8d98768ac024a3,2,0,168.41,0.9349672482902605
train_06702.png,56294af55010c940dff3e765e8ab56bda509189304a49a3419619bd1b6a73ddd,3,0,274.48,0.4886901900624221
train_06703.png,1ac14bf58be49f7757fc6b7c80775deb3e0c96ffd6255aff9b9860655b3802cf,4,1,285.67,0.43508549206387853
train_06704.png,11a05d235cd27efa49ee691db08dff756308e29ca72d4d87c2ab7f21769022cb,4,0,309.47,0.3831367292731157
train_06705.png,d36d624c07c87678c3da6a1acdeae2a5bbd75139c6774a94573659db356e5c48,3,1,117.79,0.9498421912750119
train_06706.png,98935dda42d16c0fc6af74d853ab51f719489cbd49e3b2fbdb073b357a5a359b,0,0,262.36,0.5454445810086284
train_06707.png,34d99b7b4e13eae36bc5a9170dde612b5e10510d8d8c0a87a18cf4716da90a33,1,1,256.56,0.593412492811702
train_06708.png,15e1f3be460d9a40db8f44285d00b08c99d0186aa2aed3507d13c76669dde7ea,2,1,196.74,0.8850156329431139
train_06709.png,6e8c7d68b1ee2a2c23a37a37374113331c9cf6578b9f2e898673fca8bc4a9c92,0,0,60.79,0.8527341021847197
train_06710.png,d199a854912cb4e02882830b360f7daa7d6c59e72aa83fe42ec2bcf0a524aee9,0,1,1.51,0.5139673705392191
train_06711.png,cb1d443af35fa67008172cc74a9fd8e0a0f9adfdee6b180dc9f164503ffb301d,4,1,69.75,0.8784049354408977
train_06712.png,b47c9a48388c813433b209565c0c407f07e94b45250097fb4467d841e7de78c8,4,1,121.85,0.9499024468910167
train_06713.png,6934703a74bd1c6506a64bc714517e437ea1d914d273340e3df3d0d7664d7e12,0,0,319.83,0.3784002958872179
train_06714.png,9fd809d24e21b8fa6ab22f6301b1256e78642c7407bcd39af8aae904aa2b825c,4,1,342.88,0.42955041269690175
train_06715.png,29ceee543232eb6705b6df419fcaff11e750a9b352fd5bd7dabe9510701de894,3,1,207.13,0.8612294723656047
train_06716.png,c69a830b4424793665aff3f6d6122b074c1a173680a4a6f056f8b9daedc7fae1,0,0,290.56,0.41339225393978013
train_06717.png,67c6b5ade2b0bcf0b0efc6fbbf9dc4eaa141da7333100554842fa25be06c2030,3,0,352.8,0.4709441341123826
train_06718.png,ff95f9f30c47b7a0c4678c9d4cbc424e46b4006c45e79d7f453c6116b80eb178,4,1,242.18,0.67711034245395
train_06719.png,f323f9b7888482cce5d2e6e887224e5c8a4d4dae7ece5b03c9339f4c52244e3f,0,0,351.19,0.46114433518540915
train_06720.png,f0be7f6feb28e31ac2a86e3907e325063bd289098540d5e83088301632d7b37b,0,0,304.04,0.38377941705414365
train_06721.png,2efbfc2d2b75eadff33dd1767f0362eb03b5435da4d0a30f3fc34d2763c90ee8,2,0,342.51,0.43725853846048907
train_06722.png,afc5a6149aa25215cec39f930a1cd7f891d6bf98779155535cf59e0b2b9a923f,0,1,220.71,0.7997710634002173
train_06723.png,6b04fcacee28b23e402b9d012c5da17591d1ce9ac012c355b0badc99771ad34d,0,1,173.21,0.933761760604329
train_06724.png,a3fd993b48a142a7c9af6beba3e2caa3735e8f9c9627f8bb05096570c89a63a5,2,1,14.78,0.6016451925908359
train_06725.png,42689cf5232bcff8ea1c767faac6543a1ea3a3756f39b35a9303a056d8791821,2,1,180.86,0.918746535075021
train_06726.png,a7f1425208c19e2e1f267f34fbc9d6c33bfae79c975d5a35bb9b625c3e842171,0,1,203.56,0.8698393653703232
train_06727.png,f20b09befaaba6009c11aca517cf50c4f115bbdd5d69ecd35d888ac2df488a35,2,0,351.31,0.47234473521956993
train_06728.png,a05b3bc473de0450ff153794decbc53e7bb843e0484865b268cba09ed41726c8,1,1,90.63,0.9262398740139288
train_06729.png,1f9ed85bdedd5ec402f843214413c5cc0eee1c770fbb77860e1b980c9f51c969,1,1,322.49,0.3803585817470748
train_06730.png,71d5170d5bb65d65810d8efeb28f5f54b42049a7552795995a4711000185f91b,3,0,357.13,0.4919185730103093
train_06731.png,cb0092a309b088ed4149116d1b139b24038f4ac4b67950b60957e2301382ddb9,1,0,340.11,0.41463652733944045
train_06732.png,067a3435a354ba69d5fc60c78ad78b85b66450371d52f6236fb17e8039790d14,0,1,336.12,0.4059578378140421
train_06733.png,0177d4468376106fc00928702c922433d0ec8dcbc9733bd2dde7d82aea290e98,0,1,267.28,0.5165848970405579
train_06734.png,0dae2889037ecefe5dd8469b6e7814424e418c153276bfad184e929b7244b2c8,0,0,275.23,0.47453642316246
train_06735.png,07d8c0c6b8964b4926a757e978905d1d4022597696a9229ee9f597a4c2b30d8d,1,1,321.6,0.37968118230407233
train_06736.png,4f4ff3ed399c5deb7a113678ddd62cab94adef331e589a1097f0bdaf528640d5,1,1,86.52,0.9195442142231618
train_06737.png,5c68f944a2d129eba23da6b0344126da9663778703143f3c69f299cc5525c778,4,1,242.62,0.6743213684554956
train_06738.png,ead4a4341da93da10e96fcfeab07f53912a4b91849dc2352671490ead4ab5604,0,1,319.1,0.37795358778416765
train_06739.png,fb17ab5e83c2d4fc75ec692e3acf4ab315fb16131279487f299716faa9d136fa,0,1,177.48,0.9282453107035147
train_06740.png,e8fd3e42680dff6492e73b6600c4b6b6118f61a33694363109220ad5035bf3e2,0,1,178.78,0.9263844285100354
train_06741.png,5a06ecd71e76d714f95b05bb7aeb5d042166af95c3db06f878e9eaf442090689,4,1,243.79,0.6668791364034782
train_06742.png,8676f9b36f33da948691bcd2fb1586c8a32b89371a2dc72e82b7abd709e53ff5,2,1,180.54,0.9192615245516633
train_06743.png,ae4c62d602ec4f04248410a42f3beb7d6718a29deed1b418482b87cd0b77cf52,1,1,281.52,0.4538757886827962
train_06744.png,3bc13382c403cc5eef2f97db47da4cca0952ff87c1efaf080edf36ca36f5a2b4,0,0,222.56,0.7904875097422273
train_06745.png,d94a6a300bafa11b63e25c041cbb8b2dabc2bcde678035cdc757e7190e9f9f38,4,0,326.13,0.3888528920024697
train_06746.png,2513b8de67ee94b9dd7660d9206a0cacb0167ddd6b2fa57bccd59db7883ea0c2,1,0,305.32,0.3851191794159394
train_06747.png,e17a1c58eefab75dcc3d0e11efdf4f5c3460a7b540e088ba9cd216012f6d64da,4,1,345.4,0.43867003406549493
train_06748.png,2699022a168e9e4273a2cb33583473b0b8e41120f5094c34132b43284b42a5bf,2,1,207.43,0.8514444893840298
train_06749.png,3764d4e550c03fc013077eee20edec53a4309d33172e9abadd38eec916026b3d,4,1,350.11,0.45773517867968827
train_06750.png,8293bcdb783905ac8f6df80ace38452bf5a69d54eec73ac8c34c78498c3e06d5,1,1,164.02,0.9455300601920776
train_06751.png,f27d5b6d8f52efba93a0743f391d59e2bc14143d46709c2699f84e0b0d922f11,4,1,36.41,0.7292811143760385
train_06752.png,7d1e1f7e2d3406db0a8710ab646c9afe9133ae13466219d62503fba12463e439,1,0,311.4,0.37913172080942165
train_06753.png,538018a3fed55684c308ebbf9fe13b90748291f36d6938340f502f85ce162d5c,4,1,224.46,0.7807158230682785
train_06754.png,4fe2f3947025c35c9cda0f796358d33fa39d997f4145ea96ea71b711cbc97df9,1,0,304.75,0.3859228582285279
train_06755.png,0c33757f4e9477fedf6cd0e89d72a654859cf41005b364f59a65bed65b539d40,0,1,313.12,0.376831984222998
train_06756.png,9c955239533bbb0bd6957d1b90ef7d1d38e0c0f24bb95730161b2aeb102c31fd,1,1,305.55,0.3848066648136183
train_06757.png,740f32ba92a3d48b6190c235658918c809ba8c113118d7090d3aa49cf5a991e2,3,0,332.08,0.4009463122954932
train_06758.png,d62f60c75b2060484235adf1f6b992a6968dbed86c7dcab7fb5d3d77488711ae,4,1,155.77,0.9466469700783013
train_06759.png,cca8e93dfa271764d43c6f5b897bf2b685efa34317eb8fbfc30bd9dec19bd0b4,2,0,333.69,0.4112902589967962
train_06760.png,7c8de3320185d2c0cad8025c05718c648732b4c5731a08458cb18d439215ad1c,0,0,284.66,0.4335682026371038
train_06761.png,76306d63bf5868060753497bbb4ce075409c94eb6cc7ae100ca8daafd0341347,4,0,329.43,0.3941010531436295
train_06762.png,ac26e8b55dff192b4f0974da405b5510c4701c9437f20ab1eab98f120249488b,0,0,77.37,0.9020524792551493
train_06763.png,d769f318ab3af5b6a89073a3ef05efeb8d4667eab92a34c688d1a35f4f4aa486,2,1,240.87,0.6819850325988026
train_06764.png,1085c11a4ff55db3d4ba86dd1fbb6dbd945b4845fdd1a730bb2ceb6a2a3b67f6,0,0,315.64,0.3767533521696417
train_06765.png,828b098415bc7e53ae6d64d3580b088da381bb90a6d5ddc7c56bfb9ad73f0109,1,1,231.17,0.7545842891623691
train_06766.png,a1c19f87c01865dc1451f6978beda2b3ed6a861efb7d174230ad0727b25be101,4,1,154.71,0.9472041080834104
train_06767.png,3e7aa8370ab67bbf1f11061a270f31a71dc5480847bd0d98f1d2503fd983ba6a,2,0,329.4,0.4021039767779056
train_06768.png,6a84929bc458c97039f629bcf45ea1cc4c4af9a693f4045757520adf72182ad4,2,1,332.62,0.4087865362213796
train_06769.png,0a435b11cb8b9648f52a24f3b9d267d3d3acbadb2d59f8194f5d7c9e939dd201,1,1,139.98,0.9551065386845633
train_06770.png,61334c2373a3f9b64077726a66e60d91fba8d228a9a3ca6fb43d71648f49d289,0,1,270.62,0.49816308332008374
train_06771.png,bb5cd38cdebc71173861bbc9475bd13dc81a48bcea136128b9a9247b8e644185,0,1,278.9,0.4573643614690579
train_06772.png,6593dca6b3bca135d32952d698f00f53c90aca96796e64a379d5645a05aaef0b,4,1,175.5,0.9291219995668359
train_06773.png,abe857e53c466fe431d0cc3051ba105b6ff38cb43f988020102c5f32a7c88d19,4,1,317.84,0.38167725829078875
train_06774.png,afe5926fcd51aebb07dbc7cef7907b20e4f2f6faf37e0d14b6fbdb3a94291ef0,4,1,339.92,0.41982450821273637
train_06775.png,7f575d618e3f61129ff94edb421fea357b2c8b2373cdd7587afd99e3d39a5cf5,4,1,296.54,0.4026002517420822
train_06776.png,ca8711367e9eac34b91479ef0749952bf2a74b8e6bfdb05ac8a2203f56ef3b55,0,1,310.69,0.3776683214270508
train_06777.png,bd9e1e26ca201e522ab458283fd34bf38ed43563bc149835d23a9694d450e813,2,0,311.01,0.3885106248167046
train_06778.png,0dd08be9e70d19bbda9dee017bd62eb34c4b9a5f4da8bee4ab3616207b6e855f,4,0,334.75,0.4054316657936081
train_06779.png,eef4f0e5c5830e814e3ae6bdd4fa5b3433734b3701fffc65dc5eab564386785c,0,1,4.92,0.5336431082353162
train_06780.png,06c520a5089234314f2a64a16f55e4470d2cf2429509dc62895256f44eca4867,0,1,289.35,0.4171761073547351
train_06781.png,8b7e1744fbf68a677ec6992f454fe91e68499cb3a33f56bba0dc63c4ee44bb15,1,0,293.84,0.40932837986672305
train_06782.png,1cb6c66ad70266630ec8cae2b569874cce61fac86c2ed0ffb13684e51f49154a,3,1,74.32,0.8926730783817893
train_06783.png,eb036a774229c33b59fca0883e1dd457f31a7453a0085f164334c2853a3bc5cb,4,0,337.94,0.4139204019487397
train_06784.png,0ee8acff8772c91b344d3648bb0f5aacbb7c7ec81b6c4ffa93e43d12b70f6404,4,1,303.52,0.38949472632479837
train_06785.png,bcdf63416274d3aea8c736133751c530178dd7a7a5729a3540f0410f0df6f010,2,0,318.45,0.3889734929587006
train_06786.png,c88bd49e7ac68c9aa5df2c54db565b1c1092ecf2b7f83c477dec8451b5c9c7ea,4,1,337.08,0.4115072677299337
train_06787.png,47d1c0b1078747e999d8653b7645762cbc1741f71af2d01b518c1c91989705b6,4,1,49.4,0.7995573503326999
train_06788.png,d75c0fe93b4f3b88c392d124db8d814e687512fbcb405b51e2eec6bc167c0233,4,0,76.55,0.8965156769408432
train_06789.png,e03335eed02fb7089c8c6f2051d693993cc1009b2ef715a49043df04a26b5c32,4,0,345.45,0.43885870167239427
train_06790.png,8dc9159f6d68112f5201b4618ebb19bfcef82341a45ea60826698bdbe9bb4b54,2,1,151.3,0.9471241703019833
train_06791.png,d37f4e1cfbacb9470dcdb825e74fc1e346df0c647da58f9ebf7a2cfb10dfc312,0,1,293.06,0.4061587636047122
train_06792.png,a40f4862afa8e6022394509bb525a4fa7b09c4ff453677dd36ea10c2cb6783fe,4,1,266.79,0.5239677908549412
train_06793.png,83e43c34c8d426b10670b0030f2ce1e275de45a0e7de91aaf5dd1de2a2be924a,1,1,332.45,0.3948502861221518
train_06794.png,dc41c8a46ff8659466409a684d7a41da1a6a3dc190da9885994b0646ddac34a0,1,1,344.92,0.4308693993026543
train_06795.png,09a231c18757f0cb2c5077f0891701ea5e557b3528609cac6535411ad30652fd,4,1,266.34,0.52651424700552
train_06796.png,9c955e455a93dc7c1e47558a71b965029fe981ce3388acc9a09cfca51a495c5c,1,1,302.72,0.389123052244658
train_06797.png,6529ff903a1219ebcccbbbb7b743a2c433a3fca0de56e3ae2202c2bfc588e01e,1,1,92.73,0.9292987707185505
train_06798.png,ad1731ad657e5b0b1bf550072afa3eaa442f6ed7c226083b2044a13ae3e6003b,1,1,352.26,0.4611291227060701
train_06799.png,ee6d0c8b117b453419fd4478c53ddce0a48d08a345b540e9bb9b9e6f42eec519,2,1,20.46,0.6373083570042464
train_06800.png,856145097c43d593257a178cdca649f46afddbe12be249fbfd450401366ab19c,2,1,193.16,0.8941557831076556
train_06801.png,fd8309a6851eea3594e389a9fe937c8b78df2a68cfd9c061b3c934bca5c41841,0,1,54.53,0.8275179580758524
train_06802.png,c6fa6b3e07daca3e0916f57c2b1833a51cdb7e84cca421eb3f14e13b4d849a13,1,0,337.06,0.4058599645076165
train_06803.png,c9d95ce4e7410ca276a8af2c6363571eb290771f0d6fdeb621b2534bb2a6f53a,3,0,288.42,0.4297568165717754
train_06804.png,7191fe2563f372f21205ce2a6bae63b29719df58cd21b57dc4fdb5236625a67f,4,1,265.2,0.5330371697908884
train_06805.png,d028e4c67d6e67a4f6520e3191ccc9c7d800d67cafc5e54b2e1383e3e43af4d7,2,0,352.79,0.47909435876514944
train_06806.png,884bb350e752eeddf48e5743ccf64efc7447af29fc417d1e09a301dcaa7902be,2,1,192.94,0.8946858112725209
train_06807.png,8aca135ddb0f6f008bd60c5f2a4977de273777a59a8248fda2946b5ceaf3ff5c,4,0,275.58,0.4778950565523394
train_06808.png,dbabf789f6680324ca6e1bc8881a52f0d6fbd2ed5ecc92e1bcd0f97fae000de0,1,1,102.76,0.940979024100188
train_06809.png,38064814e47a592d068259aaaac988c6c48fba128689c5afad399cb0d2236278,4,0,312.23,0.3816893258733764
train_06810.png,8053575013feaeffc673d830b264f3723b465adf940e2798ca6644f21b9b2704,1,0,337.95,0.4082985275817054
train_06811.png,95b0a030911f81abd6398357480d12e808b56b4b83889d519ae4e06fe50597f4,1,1,207.69,0.863287355789352
train_06812.png,9f052784836cd54d72ef12bbd33bf1e414c561902168eb544bc78ccfb9d98401,1,1,133.71,0.9552182394932713
train_06813.png,09a231c18757f0cb2c5077f0891701ea5e557b3528609cac6535411ad30652fd,4,0,308.86,0.38358497334367037
train_06814.png,578414412287af1e6fadb8cf08fec6feec529ce4e0cb90edd1d1bebd1c1517fe,3,1,137.21,0.9536059529457731
train_06815.png,53dea784f503cdb2f80ae7f0d40f832e3836713b43ea7d10436281a320b302b5,3,1,116.04,0.9490254483105437
train_06816.png,c4e87d2ccd83c8a911a0d67e824644eb84b4f777c3069fed366186566b6b13a3,4,1,270.66,0.5027826445144891
train_06817.png,04585ca40626e643bd291343b5c83a8d81dd08492712e720d7b7ddb61c1b1319,4,1,87.06,0.9178839860011236
train_06818.png,b082b90395ab30bb50d6bb2921837e11da69d0665e1a1387b0f259d82e39d92d,1,0,285.31,0.43817524781287875
train_06819.png,f9a44b1175524bd15a26ea4b24b021bce29ede5eb77b1cac8eec8412786ee47b,3,1,237.38,0.7138596740549004
train_06820.png,bcb60c0034b1e30173f63958fc3f11efe07351400a6ad8c89f604feb2870efcc,0,0,348.63,0.44983059664551284
train_06821.png,239dc687da6ced9c00d1e781109f0de984d039feece386661ef0efbb568daecf,4,1,134.07,0.9520301797955385
train_06822.png,00042a145d8580a8606fbbd4b68a8456a896ae301ff391abfd82af97ef5bd92e,1,1,26.68,0.6659521504281612
train_06823.png,f1a1528711e0e315749ad68298db7c12d5e27d997551b41addd61d7aab7547d1,1,1,159.51,0.9485745868799349
train_06824.png,dec44c953e0c1e471a40eaa354595043f65e7c82fc4602887c867357cae2ddea,0,1,55.35,0.8310417116723132
train_06825.png,76513c5a82a55e333a96eadc1f3ef8a30ede62432ee96568bf5677e5da7b34de,0,1,251.89,0.6116726628246845
train_06826.png,e0a07de67a8fc68fb6a7de9fb98826ed4199c15b24846d6acac8b21abf4d184a,0,1,204.0,0.8683962570638385
train_06827.png,a539380d0116ae2d0660c67165cc300f6c962acc25e1399b32dc7d3cd0547b80,2,1,339.01,0.42582357770364
train_06828.png,7599347d90c835e86e5cd28eb848691b923b06082fc65d853176a1e71a38ce42,3,1,99.01,0.9359114139554187
train_06829.png,52bcb1ebaddf733a056529d5c66339ff5b10251091a2763b3dbc53a9f806d20c,4,0,255.26,0.5934522382762165
train_06830.png,cd7fab86ed774644e44ae322a3dd29498894a6f882a0b633cc419a644c019b5a,3,1,71.48,0.8850743506480996
train_06831.png,1598b6e74ab744bae1af46fafb91adb63c67e8db4b8b5acd8bbd3c02c113cb2f,3,1,148.91,0.9514814481124008
train_06832.png,7cbb17339d9c714d2bfee8b9da9edca94340cf0d626fd0bc3d4582e7b2d413fc,3,1,273.04,0.496002616157116
train_06833.png,245657c388698874fcf0158e7c0f1aa6ac2d942bea495e24398ba603487e3acf,1,1,303.99,0.38705914267075137
train_06834.png,fc6c3268c2ddf75cc3b7417275c9d9ba4010e013348b3545f24f9164a2815110,3,0,267.08,0.5283589225216613
train_06835.png,234c67ac1111ca2e6ca32bc4c957ad893d933b49fb9e1555d8b44ed0dceeb130,0,1,7.55,0.5494302858729249
train_06836.png,c0882fe129f8252168fb219270df6eb758949bcbb1258c2a9f596cb80566fc65,1,1,81.35,0.9096502086117988
train_06837.png,df61d9563b5afae9500063946823ab8c084faf6d6d08c4ee65aee7c3344d320f,1,1,49.66,0.8009901067331399
train_06838.png,5054c7c601ef8f7daadeeb4a46e254856293f5990d51e465427c2c1bb293897a,3,0,307.63,0.3874668443188681
train_06839.png,82ea58a8ee272523273f69e450e1c870856f4fc557e70d4ff26b96a08554d319,0,1,73.73,0.8932060285836034
train_06840.png,74fe336d63471609292ba56ef76452b482c659c223d9de734e0f44151ac27c96,4,0,270.98,0.5010914535021471
train_06841.png,bbbca0de56c9b195e1c8330ca0ae833ad1d5c4cf29c80168ad7678ef56a9aa0a,3,0,344.8,0.4377286732274424
train_06842.png,567b17870509dfdec7ea6d863de9d3d02f2079ca30dab84646c2f9ce051524ac,1,1,358.27,0.4905388454038246
train_06843.png,b0b67e0ca475f97f43c2f78c5d1a54e6e767493701609d580dd532b86693bb14,2,1,193.45,0.8934516279775148
train_06844.png,a62cd67f50488719cfbbd0a6b8b149a17dfe6f7d3cc66b528c3784e76a264aab,3,1,193.45,0.9004770350007983
train_06845.png,93a1245cfbd61dc0aaf9f782ff3e0ac747e13b37d89f0b6a2970961ae116ba86,2,1,274.83,0.4829957317752892
train_06846.png,4b38f541cda7c284a6772e70792d266d5677af6d4834aa8313f53eaa4be1d11c,1,1,61.66,0.8531480523627987
train_06847.png,71e96f78478c37e70fcd460d037b42396175ced7f3f502395ccfdffb5282add7,3,1,46.87,0.788687962498537
train_06848.png,aa3308a16601702c73e294f4af97c1b692f33c1479d03fc339bddaa7931aedb9,1,1,92.81,0.9294107202944989
train_06849.png,29cc48c329aad4e797fcaa29de324c4c4880d9cfb781b508961b37dc44ed6d5f,2,0,299.66,0.40098803106022834
train_06850.png,ac58f8d73d01b5be261030faae84f8fd11f1630fccb500ae1826953509ad881b,0,0,345.93,0.4387350618655429
train_06851.png,c050347abe80b47e22693f1994f591f8afc3c3466f9d5a4e5f0802cb120aa73e,2,1,315.72,0.3880091587406178
train_06852.png,5ab41a4257e0747a07b576b71ad911f83d39c7a934c6330da4e1d122921bf651,2,0,123.52,0.9493595457321402
train_06853.png,05aed63ae4ffc67edcb0cc655193997537d67cec43cb165583b94418a79c72d9,0,0,349.17,0.4521536075125541
train_06854.png,1cfb7c607ab514f9efd3427dc764cce68b2ec513919db1f274cd2d2703cdf14c,1,1,145.29,0.9542919117744201
train_06855.png,ded3508c2bc4ea62a34a2b7cce39815f0e656f10adbae19cefd23c4e31976635,1,0,281.35,0.45462023163447274
train_06856.png,c6a88224d77dbfce961027b951ab07c8b1049f22829278f2a05292d29cd16c1f,3,1,11.08,0.5711219235734729
train_06857.png,e7a8223f972f691ec77598fac1f4fcb860ca93cbd8bae55b0b94c2840a44b51e,0,0,275.17,0.4748295860783597
train_06858.png,ac5606661ff8b40136024f153301b8f5f419bbfcc73a70d8ef8878b5d54e6d29,2,1,120.1,0.9482950463706126
train_06859.png,ed4740fc869383362af8b87e38456d7e4fc35f893e5d2d38024987078a4cbf04,0,0,288.97,0.418402338741332
train_06860.png,43a9df55a87ad1f4f0ebb74d735e467f45b82061db2b7baa516492e6bfd8cd49,2,1,86.6,0.9171114535933982
train_06861.png,ecad28017317580ea80188babe5c6622b55c73e6bb2895f9a9d32eb476645d11,2,1,298.63,0.402909067567723
train_06862.png,2b5d2d361c2e0217c80fa10ef8c8a52d6ff8cb8337fea648fbf02e5d59591ab8,2,0,318.99,0.3892733684046042
train_06863.png,7a29f92d534d59645b882d4f56d6109e2a9a2c68ca91d699d677dd87c9f5fcd7,1,1,223.94,0.7937460110621477
train_06864.png,5bae42452284af50aa69096f1e8fdd40905b2142f0e236f1c586627712710da1,3,1,349.28,0.4554110422098317
train_06865.png,200587a0612bc989abdc1bbef5bb0b9d28158f6b90cd8cb6a87a192466221cb8,4,0,123.2,0.9503230537937689
train_06866.png,be0fa0631c23eb454a4297a7c76a031f84ddd0c1d11f169810bb18c06b69908c,0,1,150.43,0.9509695207967114
train_06867.png,ce5bff8835a65b773fc31f8bf500c0ff55a3e5603b56414a0c25d1905a6d3ed8,3,1,359.24,0.5028380798307617
train_06868.png,c8ea06d20c829e92b73c7f1b9c9f0248b55aaacaccb889171411b87c7e2307f4,2,0,337.27,0.42068965276857373
train_06869.png,6eab440dca6e81ffc198eeae4909ccd3d6276fb78bd1267b79635f161c85658e,3,1,306.39,0.3887916695554913
train_06870.png,06f08a214d8ad21b6222f8c0dab8d2a5ad434bde8e2939c0342673933de33fc2,4,1,110.32,0.944223290005847
train_06871.png,ef32d6c23c32d5058105d42027ba8de97bd91d08cb4b8926d50f0314848d6a0c,4,0,273.68,0.4872170513133915
train_06872.png,70a895d4195fd303dd3004101ac40c2e090dbf4d3d95fdeb3c5efd52e56eb518,4,0,358.92,0.5000158668757453
train_06873.png,8defe3e465782c9fd852ff72aa28f81123d322c526aac08cf05ebbff9605b1e5,3,0,317.33,0.3837939193790627
train_06874.png,0397890883a7c87b0d7f5c066e1d5ec903c750ac5bbe905b8eface6563f8bf2b,2,0,309.17,0.38945126103101485
train_06875.png,1c98e056bd99a6464f0d7e94205abedb9f2f440a696a5d339f54f563df180d5d,0,1,75.15,0.8967781166868943
train_06876.png,5fe4bb8e729c777fcc336173944b3fcf897d6f53c7682a38265099700b957f89,0,1,232.9,0.7329706832506923
train_06877.png,a425d3cb090aa6b0170a8b712583075d76b0f33df2d5a8963298ec3176fcc2e5,4,0,337.79,0.41349289698458297
train_06878.png,ebca658ed58fbbcd70445d4c1299bb5f4352e314500021753c0bd9ed2f25685b,3,0,283.9,0.4463866463395445
train_06879.png,ce11bf9fd3f58ec632011cd882f030ee9c3a173a68ab775ac3a5106c0c47e208,0,1,195.25,0.8939065562021892
train_06880.png,84b14c36ad40634e245131d9ba4c01707ded67ee6bb752c6e06b1a8be3567b45,4,0,275.36,0.4789551444890105
train_06881.png,57fc4be68a53d40b8962bc15e22e04984a85e163d86dcc28c887c33fe2e1b281,1,0,299.44,0.3954098262672966
train_06882.png,e4be11113fc8910d6c26e2c158aacbcd499479cab3492b22df6c9f39cfb51395,4,1,53.55,0.8188360979137597
train_06883.png,3ecbf0c5f18787189998e3bf12bac98d0a7430de5660d81cd3b31f29469d3055,1,0,276.95,0.4750471115978961
train_06884.png,ac59c0b723c2d7526e2a0445476cb783190081dddc89debac1d4407fc0249c88,3,1,170.16,0.9378014558404755
train_06885.png,6decd31eb1508aca51634c1a0daf5089366a8c4d1e47ddcb9b3c79fd6c92f78e,2,1,89.6,0.9218831474627027
train_06886.png,3a4f0cee915103154bcc80d24eed3be0438eaab7fe2d248c5c18e809b7e162d6,2,0,314.37,0.3878726307543741
train_06887.png,f689c71259579cae4cbdf62c12f2c5f108eac094c624bd11c677e0461d145dea,3,0,321.15,0.38560156990552097
train_06888.png,d867b80f08d3cab9121b69152ed577f40967e44015d06bad370698cac64219d9,4,1,136.89,0.9520010359357979
train_06889.png,b59ebf03f004848618e3ecf8b179e0735993edc7f119e4d98d36264f5e809117,2,1,162.77,0.9400891759589516
train_06890.png,c35059b0e7f500261e491c781a3125ca410f628e9d37d897d582fac0b75111d3,4,1,282.21,0.4484442567307462
train_06891.png,6942aa579f3c236cc64d7723544d78e308c3f6256a21d2519d02692f50e1959f,0,1,118.19,0.9507158394414594
train_06892.png,02c7bb7f599f107c9dc842ad079d5e04d16b9c4a1719316a2898330442a50ee8,0,0,317.11,0.3770782870868409
train_06893.png,cf51f0610c328bbaeaa2ee98425c84864c26b466183d8cff65076ed6b949be67,3,1,105.18,0.9418523636497318
train_06894.png,6206ca29b31fd15dccb4aba4cd46b5b650d2b7e770b0487d4433939f82d99ba1,2,1,16.12,0.6100083464548632
train_06895.png,e9926ce028f73a2d939237bfc7f7b7596f1f073c8b16a58e01a3fc1e564d0183,3,0,278.6,0.46896782902570333
train_06896.png,8db6987f61cd4ec8d35c1ed328f257bf38bcb8be55fe96de25146736c8bbf821,1,1,259.73,0.5731282602999386
train_06897.png,d38261d887152ef151ee4dfc15ae5575f749f19939b854a12c9b352811a23526,2,1,28.26,0.6861714132698572
train_06898.png,a9b359b03cf9c701c3b9419169e905e2cd3a655b8ae49572d2b2ca197719b9fb,3,1,138.31,0.9535469322986672
train_06899.png,c2768af0fca8aebca930d7c12b6dbc0e6e6f444ff19c0fb705e2183c54d6b860,2,1,324.8,0.3947810583601489
train_06900.png,509a0acaeba08cca33b24bfb9bf13f1a125f9e00cfed205ee5d90f0a9c6a7101,0,1,353.3,0.47103190616002394
train_06901.png,649aa8dac22eddae946ddc28bdf7a8b2a06478b4fb1ff3ca5998e5c70496510e,2,0,247.29,0.64174394591052
train_06902.png,d0665910577eb83e80fb9dbd7334fefcd54262b47c4aa25ea298607d72ef9919,1,1,118.47,0.9515816891211492
train_06903.png,b0e430d207839a78ad4341be58424e34eaaf04f0917633b571cd883bd489f90c,1,0,276.81,0.47573280064124
train_06904.png,664c20509f0aa16ca472c5a412f9d67c4f8d401e751cc0bc81369fd0c5a5ec9d,3,1,262.72,0.5538806172226389
train_06905.png,02c98a1a0d92109f35bfce16119b2a7da79643688ec8b165d13782cd366a0681,2,0,313.47,0.38790672562596684
train_06906.png,209e0304e98a648f71e538ea3a23bb1fbeabce10eb99bb1310ca0067107e910b,4,0,218.46,0.8101886374192613
train_06907.png,d656219b517277cf152f15fc42346b491b7b327299d23726cb9de3163fa07280,0,0,347.64,0.4456611596492102
train_06908.png,c7097a79ba1fe3f4ea7073972cb226fb4bb678e039a31f4f6a71b28858f8b5f1,2,1,249.68,0.6266731264134886
train_06909.png,aca60d4b5db279e5c34d5c0064ae24cd43565157fe6e67739ec6bdcc0f8a7a9e,4,1,57.65,0.8362530862778621
train_06910.png,09ebec8a9c7ebabc3213d01b7443d6c5e670efc6751c168b78203f16f3a44e4d,4,0,280.99,0.4534903637358963
train_06911.png,1a35cb0547d226034ca353dfb14a8fd980647623050efa11e71ee47fdfd3dfb8,4,0,330.85,0.39677893001822906
train_06912.png,b5c4f1959b45bc0cef2f1f59296ccceffeae218b6873a0ef155934626fbe4bbb,4,1,67.75,0.8723516843486352
train_06913.png,be65fd75a6f1e3c1989ff7f09161f9e6202d8bad416d35f35ede797970fce0c1,4,0,344.46,0.43517880241769036
train_06914.png,27f9036602b218d65d7374fc63d0f17fa832aa9bcf6bf0ed8e142373cde0a47b,1,0,345.0,0.43116386904283294
train_06915.png,ec01d9fc8537587e9b1244f3ab469d087e2c8ab877f54ebf8fa9cbc1f03c3cf4,0,1,305.11,0.3824176892551446
train_06916.png,74e0ac88c4078b76229c0764055cdf4494248d8c886c36f4c689f43e9ad19300,1,1,20.1,0.6227862406434317
train_06917.png,599b9c6878c6c2a842934c71ae1c714b17ecced0807eb2275412cd59fc0e8246,2,1,345.21,0.4470764543671652
train_06918.png,33154d5b2e5e20d8d85c3d2bd4dce9a441e667069c15b5735f5f8d876b4aca51,1,1,193.55,0.9036613044729067
train_06919.png,66b7ee366acb798af5ebdfd74bc091fccc0584ce82bf6769b6b7f2c4ea201120,3,1,357.9,0.49585249743179105
train_06920.png,3d02c05928130ea7ec39792accfcd186069dec9bb082d092d122d541c1ecfaff,0,1,24.13,0.6559122669698709
train_06921.png,ccd477bb882ab5f52fe28f127aabc33cb7092481db6e4501b0ac775657fb8922,4,1,94.89,0.9294897143280842
train_06922.png,e0896bd0f4568049cd8900b3dbe6d4641a47751a0d490185abb03ef9fbb16fe3,2,1,147.42,0.9486163010214388
train_06923.png,c9e28499eaef12b0d563eccd841199c5924d3148d2f386cd557e4d0aa9bdcbc9,4,1,150.03,0.9492754138991785
train_06924.png,560f698839f586839529804ab03891bfffc52d9a1b2c176e0514dba8ce89de96,0,1,60.53,0.8517632907354395
train_06925.png,c6e7d39800cfe7d17ecc0eaae4e6a50bb7dcdc71c95b9910a453d5f336cf5605,3,0,282.22,0.45319185649686233
train_06926.png,32217d36a6192022a801a429290de501b16d022eb365d3df92047c2c7d5d1b45,0,0,300.81,0.38877194473369625
train_06927.png,b15168c168e9902acaccb50fbf0c307c93ec3150d35ede866c83312eb8a285a5,3,1,108.51,0.944463738191204
train_06928.png,3d3296301f1dd52a6da43678e2c737c53944568eedf883d9dc120abe34cd38a3,2,1,170.56,0.9326805295954165
train_06929.png,f9af5abc461b3c3196d81a4bcf3e15481fb4604cb69e33068ad81cdcfc46c685,4,0,296.14,0.40353596042254564
train_06930.png,ad31b1f98f940b47093712618409bc8d216b2443eecc3a04bef7a20f8bb0579b,3,1,320.04,0.3848867249598496
train_06931.png,460f77fd9a57b1c2e08a04bf2c10f2632597c948b13d53a536ccfa5f3e3af918,4,1,190.5,0.9034969767625363
train_06932.png,81f3c89095e48f7b51fe26de853aae98e137f53888b6574456a7adfc497f9e11,1,1,172.24,0.9381186891084448
train_06933.png,47129826e43625705f93ba7a9f61fc23a15354c65ca7b0ebeeb3cdc8ac1968e0,3,0,333.85,0.4048508257892541
train_06934.png,ae2371af9165ace15efbda6c21261ec4e1bcc89486f1359ec6e7b4cdbe4d95c6,0,1,270.58,0.4983775068537741
train_06935.png,360d3f26d33f68ae671fe3b6971aad385f9464f569e7e340f00c2e2cc758cbad,2,0,345.7,0.44894980971341797
train_06936.png,fa63716ea709171ecfc43335f823a4d9f752c7a4a81898305cbd22b37280cbda,3,1,298.58,0.40159979255823336
train_06937.png,d2df4318f8e990cf24b0251452b3e05daea417ac6bd3bf168c7f5ca692dfb87c,1,0,350.93,0.4551689343907927
train_06938.png,6b62f6d9c1841a83b2242d7c395cefcd2bbd89420910dd142351d6851359693d,3,0,279.19,0.46629502132367745
train_06939.png,4fb1f9d8c4bee7baa93481c81f68ba1e188acd36b7702b03bc63f86e6594126c,4,1,75.85,0.8948191233083725
train_06940.png,2a52da3e800d501b72acf6605afc03cf3b4bff0fce1a15e20c58fb44badc1e56,3,0,328.77,0.3947063465025295
train_06941.png,ab76247f55a857525110519c4daec457e9092edd50d9c6c80f4263442a2b672d,2,1,268.19,0.5165438774484833
train_06942.png,fd5149fa68570413633888cf17a8ca7d2ed2f3a34c9524b32c206f615e796d1e,0,1,359.2,0.5012138442766552
train_06943.png,52e56f0f51da21db31ee0851f13d9c8df1534a766e78c9a748816cfa36e39e68,1,1,202.06,0.8814156786687252
train_06944.png,596c1fd85702cd4c1966b2c4215cf8a219b8bdb66db02920e98039a77ff3862e,0,0,336.04,0.4057401563426415
train_06945.png,8034c694fea8a7b088a43247474724e3103cb0b2290c30cf1b07b94187452f89,2,1,229.94,0.7469038523968226
train_06946.png,a24c2638f8e8e421c59b5f5c66f96b9208a31aeddfd9ced507dbf5dc17fd12a0,4,0,337.8,0.4135213104835905
train_06947.png,dd97dd3c5bfd865ed1d7a982d07d927e58458fd92e6cf986b57a9d5ba4877418,2,1,110.57,0.9435986189826049
train_06948.png,51f7bc630ee8dbfc990088f08af506dc3d5bfd2c64c1d6b76cbf6716f8c04fd8,0,1,190.89,0.904294531364277
train_06949.png,ddb3319705fb388b3daeb05b38388f5f908567ccbad1ae22a3da6a65c4fe26a5,4,0,178.05,0.9256596471554984
train_06950.png,5537c29096c83fe0cd1e08ec69cca68f3cda7323659f4e55fd2b6a352d4cfe42,2,1,172.04,0.9309907711508097
train_06951.png,03210febb0304caf3ec673aae2797cc3191afbe24944418ec311e183b0317f2f,4,1,95.38,0.9301116665088224
train_06952.png,f3141651b3095c265236aa62130872e27d484d78dfa8d4a609249e1c397bef44,2,1,197.36,0.8833313186929987
train_06953.png,af6df60c10f5982f3b1b7e6a1291d13d4bdbada08b7c819ff0e9b2bd808f701e,4,1,324.41,0.3866578333826415
train_06954.png,9ee1c7c7ee878bb089d077d695ae8b727edeecf535d4e16df85debb7525227ab,1,1,147.27,0.9538142184454872
train_06955.png,4064e595b4c000f55e3dd714c99eab72aca809430b3abf9aad4d7f444e66b716,4,1,338.86,0.416603428186061
train_06956.png,f7e2bc97881cbaaa1a1a881cac2fe3427714466a2eb4de1ab10cc82d282bf20e,0,1,302.35,0.38622627846186885
train_06957.png,daf5c1315ca809f0281ae6d1bf25b7df7e0541559f45856487b3892ab2671d3b,3,1,82.39,0.9109336744111306
train_06958.png,993795edc7f7a43707d2de557418877cca6625f18f03624d03175d0fd6c31858,0,1,92.9,0.9297873506388408
train_06959.png,4caa9ee19e646caa3b737f4c7680380e44a6de6438cd36fb01d488bb81a9ce3e,1,0,177.57,0.9318113923683181
train_06960.png,07584d1dff794c081ae63fa69de1b7cf69057dcc3e95643ad9e9dc375d214048,4,0,331.87,0.3988582507929728
train_06961.png,f732b39eb6cb7470212f9b3ac4620cb3ddfbc8021de44c79edc8b88c31c88d31,4,0,112.21,0.9454275293241875
train_06962.png,07bbbf7c4095a4bab93664cae7ef3e92fe3c93027b1f76d7436b2d281094d515,1,1,218.74,0.818858513196059
train_06963.png,2b10470e61734732a3f59430969fbd20ee732f072db67e85cc364785259a0208,1,1,263.0,0.5527269341376889
train_06964.png,420d279b9ca713744c46a4c894e2375ccfb09396add0ed545952cb01a91d2d87,0,1,195.46,0.8933693591479733
train_06965.png,c3831401d7768f9af11d837bb05cc8ed75e76bac9107015299003d0270a17d11,0,1,200.96,0.8780096247547808
train_06966.png,d484c204d5a8de81da283994a1d826bba9ce33f43e4ed296d3982732d321e365,2,0,298.1,0.40394866224266407
train_06967.png,c7ef04e8459f38307c7b7045a40a12ada6f9780ee6f0de114a1cb3d119332665,0,1,322.21,0.3803252862310075
train_06968.png,631c26375c1296fff3afeb21d0513ca924ccc0041fb096ec489f9db8d049e6ca,0,1,132.48,0.9539382025733039
train_06969.png,356e682bf6beb92748ed0aaf93d29d09ab7b2cd13d625408f619de8f84c04c8e,4,0,346.55,0.44308471439216784
train_06970.png,1baa042fae7b737b5c593ea7c6f98ca82037e6993062e0807d599ac911edbbc0,4,1,238.5,0.70016493830121
train_06971.png,71e96f78478c37e70fcd460d037b42396175ced7f3f502395ccfdffb5282add7,3,0,287.25,0.43382342826640247
train_06972.png,4e2f138ea86748ba488df3bf16deef4300eb573a56c4853e212ee0199736d28c,3,1,196.56,0.8929011987574422
train_06973.png,03e3fb7b69b247c2431052eba94ab173a59bad37a61cd193ef6836e974df1595,2,0,13.45,0.5933949540509903
train_06974.png,7a4df820817e149e37d1c84e523035d6ffa00968dec56dfd1e2b9d2979be2cbf,3,0,223.53,0.7915679466648644
train_06975.png,558e787b1114f6e6e2e2e16e8e976914368490840874d9bfbf83c1319346c6dd,4,0,279.57,0.45957950386446506
train_06976.png,0873e33faafdc6fbefc39d2d6432ae876c8beb36bb4c2f1156a1159d07acc7d0,3,1,68.31,0.8758032415180077
train_06977.png,ba9c266209d64c8353140199d1a5b6903f2f80d094c693403a4c96ba549061a7,4,0,316.27,0.38128492656083
train_06978.png,6f6b829dc994bbbfcaf489c9cbadef1f275dce357de81da83a9628e82caa3a9d,1,0,92.46,0.9289184996789731
train_06979.png,b01b6dc34f02d7269334f0d774e72e35bb2a977b007a1745e6e981a71778c96b,3,1,146.16,0.952284118751853
train_06980.png,b39d3505331842b138e773d1cc87a2e992244dde1eb030fd43517e0595891489,4,1,354.72,0.4788369408409091
train_06981.png,24d326b90b040331284d99863bd121dabb6bcb1d49d47f12d69e7a0fd26dadda,2,0,314.48,0.3878753278203141
train_06982.png,94e48c71bb38e28f1a8cd9ed7c67ea20557fd38bccee9b2d0c629e58b29f250b,3,1,264.76,0.5417678056637664
train_06983.png,191c2908bc363378fcb788d660c1e4571c745d78468c1bfb1444d5740f259869,1,1,187.86,0.9154983998266863
train_06984.png,450d6c1634da410f6271d9d52c6e8d1f742fde0f7a1498c6554eb49a913a44a9,4,1,191.51,0.9012629784476234
train_06985.png,90733c07e80f609948778ab2883cfad0ad484a4c77dcdcdd1e746c2a9fa6e629,4,1,205.91,0.8607197125847063
train_06986.png,34a5fab6e3f057deb96aa040e74d15d16426ef43f681910790ff46055345f256,3,1,126.69,0.9527233338476279
train_06987.png,e809a65a465b4eefed257033cd262956b19fc052832af21c7bf0414d477ad759,3,0,349.29,0.45545316188094576
train_06988.png,8ddea4a1c3212dd9d5341cee071a790a60e8c4aaf8fdff096016fca221292734,1,1,141.39,0.9549553907848805
train_06989.png,11eec725b07f59ed8da2c6a1cb2ae0fe625f17af61cc8ac03f4ac0cf459c6bc4,4,1,37.28,0.7344022450076151
train_06990.png,d7a694fff3470631f7b87f4d4f47e398bd3377d5dc41f479aceb5342433437c6,3,1,109.9,0.9454409777619517
train_06991.png,0add1a18c2f8440a592789004a17ca6b4b1b249cf6a4283b18beb9b8e14280ee,3,1,275.71,0.4826125496224759
train_06992.png,f8904b5958c4282efc4d90967ace27cd0ffbc7ea728e7a81193c73ad67d1d462,0,0,279.18,0.4561169627578147
train_06993.png,0c959de5e2d3cdaf42ebcbedc159f4821be7e04488f8b3542736022964b66dcb,2,1,129.27,0.950470592698759
train_06994.png,c466933828a749ac70266aa531175d8ea8e6db847315b4378e63992d39d758f3,1,1,12.77,0.5753132169177879
train_06995.png,5f26e9f74a5d40450ceef6136ebb275e75a6115f8d159541725fbd1ce7039e95,3,1,225.97,0.7790133612674923
train_06996.png,13069dfd4c92a58ef62efde3a2d51a07b57f587a595767bd3e88a28d588812ec,2,1,287.3,0.432650945766902
train_06997.png,ac12011b907b5eb91e0015f71b88cfbd8925ebfb5c2e3a2beb0b3f4bbad03de2,0,1,353.28,0.4709358552580525
train_06998.png,f11cb8f8f64175ec5123e882a7b2f1e3ac56dd7e15209cfa25c1ca4f11b67361,4,1,265.97,0.5286201728034768
train_06999.png,30083134bb36d7220c55c225603e122db8a2eeb72d16d93f34d395a637a660eb,0,1,280.32,0.4511323393023958
train_07000.png,eb4235a1ce7b466e57021acb0b2cecfce1bb66efb6ec901af12fa30b5cca2f8b,4,1,156.0,0.9465216296134757
train_07001.png,bc53b1c8ee60cfeceb09d7dbae4c3447b351e0b3aa61d9261ea363e8ff97a58a,0,1,318.41,0.3775933527086405
train_07002.png,52f3982bbbde667ef1f17936d618c6b34366f08af35c7de4bac3190e8d11dbc6,4,0,336.79,0.4107142503859708
train_07003.png,f719dd3e826be9ef8517e197d8664bf5e73e0bea6566c650a2c3248929421d8d,0,1,67.05,0.87417735178489
train_07004.png,ea7b5b61131409997477f9f710a7b8300bffefe8443b9174b83a9accd0cf3d6f,4,1,11.35,0.5716080256024219
train_07005.png,3864f2a1ca2d774ca0b4f9112cea9f745933b072b4636ab807a7481eb5e80797,4,1,125.46,0.9509211405274424
train_07006.png,f3636c47ab43e54d00578c83c575e1e2fd36b830bdab27ccd90269bf4685e6ea,4,1,135.76,0.9520357818079195
train_07007.png,e137425c62ac97a8252ffdc57e7be6c61dbb9b285b803604d2f0b008b1a4ea84,4,0,328.96,0.3932703234379551
train_07008.png,c017f94be965fe3a21947800e3c2bec2bd11ef87d19f1223bbd4b4f04b13bf5a,1,0,299.14,0.3960536742375019
train_07009.png,4de8ca5755815ce0b0948ad646d93a3c7d352d703e46a1f1fb6197ffcd68c6fc,0,1,174.8,0.9318106599878194
train_07010.png,fa2c6becb3e37011cb8c489b311f770362528e61bf38f9554d4a55a5e178fa3a,2,1,216.74,0.8137958392486109
train_07011.png,746511023a08eb41c82f16ad39352bfc9ce5f97d9f20fea1ca849e6b86858738,3,0,341.17,0.425179367185716
train_07012.png,7570200969cac1bf5b28cbee78e8c3341b5318def94cb7df2e47440b632acdb7,2,0,321.15,0.39083340054081633
train_07013.png,f918fd5167b22146daa3f0329fc1759eea3e7fa11f4019300cd16e5e210a3d81,1,1,118.13,0.9514328476044613
train_07014.png,a6405c7bb7a64b12129f65e11a88050de0f5ac6f16094df049080f8a70af7654,4,0,343.75,0.43261224139943805
train_07015.png,f4b2f1f368be7c7e69739c5f2db65ba4530f4f94e6b451eb13f753982e1649aa,0,0,359.79,0.5044242119034729
train_07016.png,0dc60cc1c5eeddec8ff7537e58bac3e904bbf6e0599abf6f91300aaa08b9890a,0,0,354.24,0.4755957011560705
train_07017.png,ef68f4a4d681b60239a15d8ba03249ec4be0f6340d53e779458e4ed510a5a8ad,4,1,337.34,0.41222713485885887
train_07018.png,562d74b25cae46a8557fb7a238f65504681ecadb32c9dfbe63d5bead4c55358b,3,1,8.96,0.558165644508041
train_07019.png,fcc1a5d3d569448b19b4f48dfd8bb708b29ea5028070f6959bceb8cba0f0246b,1,0,271.22,0.5047949314335674
train_07020.png,eb38aa86ecfb71286730319b99e2a5d63323b7e03f86ef21c03a196021372a6f,1,1,76.54,0.8987914099394302
train_07021.png,adb6a061d40fa3d21d2e24e292775dc8cd3e01b80292d8213bb2e96ff83c9865,0,1,78.21,0.9039526550334382
train_07022.png,f93a5236eccd4f0eb09f5d510d3eccfae1780ffb9af0f5edb18f621c1c89d3c4,3,0,314.49,0.38364170422832605
train_07023.png,d0cc14f54f0ddbb45c855df896496101127c28f1ddf4545d268897724bc098d3,0,0,356.12,0.4850081644583219
train_07024.png,97c58b0300fe785718ed15e85b64799401b0b7bcba4b0f521481a876b633aa5f,4,0,329.16,0.3936204447526871
train_07025.png,904c80332dc0045cd6c0d79cee7deaeacf754bc933a8d9271eddfc5520da5275,2,1,171.35,0.9317905877684597
train_07026.png,3d86a3c1878bcb519d35b34a9358b05dab42ee89da4aed6ff2324686fd405bfc,3,0,285.39,0.4406317488470399
train_07027.png,3f8d9aba6db5db95b544ae02345c244884dd0f14f8a64945fcb8ce5fdb933ae9,2,1,28.49,0.6875904026508378
train_07028.png,f11328ca2c58ca08b321bfa1c3722b52ccc329045bc2ed5845cb0226701d3f0b,3,1,84.66,0.9152633137946111
train_07029.png,ed9c18f589154f99d8be86287d04da0185fe2b9c893546d9fb12588bd791ee4a,4,1,97.64,0.932835193115155
train_07030.png,f4f4f4b444833a0ff29874f0f80be258892802e2a75a19ed8712b6db6f31e3b7,2,1,119.13,0.9479361091656144
train_07031.png,5660900b61870dc729ea6eb55fdab4c3d93aebe8a66f8552639a9e62eaf1526c,0,1,167.46,0.9398830317584284
train_07032.png,765893fd50f4715308528e38fc6998d8fac10c45a60fc056842be8c5b2a06144,3,1,238.28,0.7083459855703296
train_07033.png,e8adc140808c860866f94fe56ee3c2ff9cf6817dc5c35175a9d697d12aa8313f,2,1,101.64,0.9365423178417487
train_07034.png,e3779c1bce10beae5c83a1bf8922c9b87d985a05a6df902565a9c819e9c6bf44,2,1,94.62,0.9288112687951843
train_07035.png,fcc1a5d3d569448b19b4f48dfd8bb708b29ea5028070f6959bceb8cba0f0246b,1,1,326.29,0.3843893899560329
train_07036.png,b7ae20fc831d996343065b4985aa3fb5da72399da2afcae748991d25bbc1691d,2,1,22.98,0.6531957772022144
train_07037.png,82f788c2f49221406af5eaaeef3490d17d66a58c62f641af18929ee72e869118,3,1,102.71,0.9396543565333868
train_07038.png,997a20d654231be69637e314a89fdc31a5297799fdc0fde08973b7807bb7d8cf,1,1,117.71,0.9512445667233543
train_07039.png,8e4bfc8482a28514a67b9ae417b69600d7fa4eb9aa248c7e59de83d8080f7e21,0,0,294.2,0.4031227285017888
train_07040.png,79b737a47df5e6ed6152b52906c2dd66ebf1dcdd619c5896f3c4597d5f130c07,0,1,157.82,0.9472994996794709
train_07041.png,36e8e57096f98dafeadd19f7c3aee0931efcf5c9a0b08198de8a1303a9251008,2,0,353.3,0.48147392226812175
train_07042.png,38f5fd5e1b8de348ae1680ef27840cf4dd43e911b50293eef1150678f916a8ca,1,1,181.82,0.9257914999479551
train_07043.png,2d7b1ed96393bc33ec6e703c1163616ea4e2a95337595d43c714ecab9530f557,4,1,179.41,0.9236771166570454
train_07044.png,997c0270655d99ad8133adccb2238296cc01d74eaeddded443b3bc82b290b347,3,1,292.33,0.4173926568332832
train_07045.png,f14ad06cbf5de5ea676f58e44e2ff43160c0a0132307619f1fa06d93c416e475,4,0,287.39,0.4289782857878807
train_07046.png,a4fc7fa037148799152fec19d8fad56f26e015578c9141d711f6a53ec41fe82f,4,1,256.34,0.5866482875327761
train_07047.png,5ee227243997a18768e0daf94c8b0429fba2c1de1e3201cf1b08191b981b67a0,0,1,185.59,0.9150931985813877
train_07048.png,d240733ddd6c9d786878acec089f56e0c7d08883b90751da2fb2cfb0b2e9d14d,4,0,346.85,0.4442621703382846
train_07049.png,7b3afccb1944c04556aca2f99a0774925aa31cfd4b4455496871ad12cf492f83,0,0,311.8,0.37719363243292087
train_07050.png,30cac2af83b1c7040932f4f4dd521336565870f38df562c2783efe483aad9aab,3,0,283.08,0.4496666419742966
train_07051.png,32c97232031fe791c0d6fc2d9152139898ef9515db620d263c59c0cc05842cca,4,1,337.21,0.4118661514598578
train_07052.png,621522829e1e2d082db17e05a9e067f2d1517d1c65b4dfc38860e89c15311d09,4,0,291.85,0.41482573144302415
train_07053.png,ad32fda87d5f6f101264a06a0039bdf9b9d14693add8b2e5118b445ff079fc52,1,0,309.55,0.3804536502565405
train_07054.png,8a60c478a0c2514e41627ec9a816b6039f6b128d680f8fc561920e89523f0d70,4,0,274.87,0.48133456864273244
train_07055.png,3a1c9e624162ba6a5ec2eff3708f37df875e65c2b4eed4dc831bd5a1b29e36a5,3,1,184.08,0.9192030981837811
train_07056.png,6f809d9d1a5d1af69736653a292254991a5f0113041a5131185e73fa94449ee0,3,0,285.85,0.4389089509374469
train_07057.png,5ed52f9de60d281fcf5022b482ddad31d40f37b5e29605a2fbc1bec80f3af23c,3,0,295.79,0.40804257152363915
train_07058.png,c5d19ee4014dbdea1aec00668f6e1a1f441aa8f78d051bbfdba68fab49dbf463,2,1,118.9,0.9478472239661176
train_07059.png,f6b2295bd61db9e8e44958510c3cbe1f19de83dec0f4f4b6603bc699dfa3db77,1,1,104.79,0.9428234781272866
train_07060.png,522ed8b72d8b28543a9b300b54dde55c41a2b5a254e14a7f8a4ba15cc0aa0ced,1,0,176.97,0.9325874604968255
train_07061.png,3bae3ee2d517e72994c0c9afaa89c35b8958ffb9e06a3b160a079195822ce7f3,3,1,98.69,0.9355608798880863
train_07062.png,1f9ce982839a59d56e743ad85f754397fd2169aab0e0a3459fdb9f36388d2da6,1,1,330.14,0.39035762751610853
train_07063.png,fa7fed88abd88797286c4d0ea3de88c9b88c4ffd30ddb345bdef564c7ebf1b76,1,1,108.79,0.9460137787613777
train_07064.png,17cf06218bbadafcd68059945fd0a353fc5d715813b308051a114ecb186a8ac2,3,0,333.09,0.4031258837631965
train_07065.png,6240dfaf589bb57ca3b367b09e5a2703de669b0e5561714a3b3245ec4c0be637,4,0,281.51,0.4513184514469813
train_07066.png,673e662d3b7759965606cc2ab88b73952b53bf4818e513eaa8925dca152c5562,4,0,96.93,0.9320048111543808
train_07067.png,5a6e9c617d77b6c8f00866b6a756dc497e3d60915cd8e73a2bd727b2446ac16f,4,1,200.05,0.8792964278827642
train_07068.png,9627bd8f7fadd21d7e345132358f386456576ecc69f5a82bef75fcb4b0427c5e,4,1,270.47,0.5037913426707822
train_07069.png,df1a13966d1203b1fc623b55a622002fe164ee8f2b58a1af7fba0785cf0253e5,2,1,122.96,0.9492063278891527
train_07070.png,5c625768ffca8942457d38f7ed49f6b843f7044330edae1d16eeaa465bde57fe,2,1,120.93,0.9485819380698587
train_07071.png,6f726e85beb13aaa34b016b2b6b20981a03144d52db4d8277ba9ea5ef8555d0d,2,0,328.39,0.40027183807477446
train_07072.png,09f043831fe8ca932a0084038ff0145e5210ebaccc3ec291643d00fe59940dee,4,1,231.04,0.7447418177512608
train_07073.png,9c6d1ca4312bb7a48e619ff2e6fbab4b2b77f0656fd9d68d718361c07a4d9972,1,1,334.0,0.3982483097402228
train_07074.png,3ed7b535c74c5bca7fedf630f4b459c241c579a687eda0eee36511ad1995c9ac,3,0,283.29,0.44881905982932263
train_07075.png,8244f65d464bd5c2c9d164fdf113c1a74af4e0aeda0ddccaa5425994478c4dc9,4,1,4.56,0.5310554444987596
train_07076.png,68723940e4ba751aed3b7c62c26ba110806c35c1abe676426821a471767e7c37,1,1,358.82,0.4934228737622191
train_07077.png,e16a77732a8b12e85b9f05151075e60a5ad003e078add52b4cb81e6b3112e788,4,1,63.94,0.8598433215426924
train_07078.png,35b5776060ad94ee986d8a97b033d2444eb2471076287be860e51ff33607dedd,3,0,150.39,0.9509684696735581
train_07079.png,8456d0a13883326d43c340369ee62740975dfe638b82d9f39e89cb0b25dfe2c4,4,0,304.91,0.3876130725856027
train_07080.png,8ba826048397d74454c7adb60122dc7c658b04d945d6f009b081c66dedccbe5a,4,1,63.0,0.8565543359059161
train_07081.png,dc3e7ee87b288d6741e69810dae0a970c7f8c1a2c62024278d9d9d3c5eb543fa,2,1,239.18,0.692407459109771
train_07082.png,b751fb203658550bd79cf5c965c37f59d25732690e6286289f7f458dd3b18ccc,0,1,247.54,0.6401160141388039
train_07083.png,c34396b6d4a4b6ba5a771b7bb5f299536b2dfe49113661821a950b9ed2620bc1,4,1,180.95,0.9213125818730036
train_07084.png,934740000f54cc66cf7621db5bc012d231dd7d396a60c3f0bb396d7a124f80f2,2,0,299.58,0.4011325393025543
train_07085.png,159288761e69c14a5ab2ea85ab7136a2d87c3313c14b1910774bf781a22f155c,0,1,322.56,0.3806688989534792
train_07086.png,7c02e950217b57929d7a825b4974f746909b492e975fd4b555359c4aa0d2ccdf,1,0,314.53,0.3778895359019619
train_07087.png,2e99e9b5827e8ff069ac813a76d9d92dacb01b94e6cb7b29b941b16bb9f760d8,2,1,234.97,0.7178389731124148
train_07088.png,3e654d215b6487e9f99aac5971d4aded413badba26405a0630200d602f0ee986,1,1,342.54,0.42247389093963084
train_07089.png,6a599be2edb3146e746eaf92cb6470268c49c02230cc90ea56b743f7880a19d4,4,1,282.52,0.44718965986163856
train_07090.png,c82cc132819cc83aec63158848acbf64252246cbcc26a3d5e40dbf3d1dd393bd,1,1,7.87,0.5448887078603228
train_07091.png,84cae6fda70a46b6e3e50b8acbbd4b1847ae89370958db5c670353e68d21ed81,4,1,305.27,0.3871651519181563
train_07092.png,368fb568e0af5336c46e22fe16cb861309c4947b19f312c2a36241e35868473c,1,1,104.55,0.942613610958433
train_07093.png,dfed3a4d3ee49b8e49aab66bceea6144bc38f6e488ef4f64b3824595426f1df7,4,0,335.68,0.40777558759193183
train_07094.png,ef5941b2960a1a2b454326a42c59f371097d49c80a8f1fe893e2495e6680a86e,2,0,334.28,0.41273109193049645
train_07095.png,ef102e593006068bc00e22595258af988d119f7b249fc189fe1083fde4109517,1,0,215.24,0.8342441566438653
train_07096.png,6f38bf01a9fff5953d4d29f797e9ed96051b78414a381ce2214e779248fa5952,3,0,331.13,0.3990137671923325
train_07097.png,d807bb720bd20f6e0be8a053e1c3fdf18f6a58ca5ce9cd676566664fae8789fa,2,1,269.83,0.5078719011473506
train_07098.png,59201dd9bc669256ebcc4d19fca3a9a8aad199949a1526319bfbb0d03811b95d,4,1,290.13,0.41999379995162955
train_07099.png,df1243195b6d04e06ab0c1033bf3f625b2ff8272151f10451b0be58bf4253b2c,0,1,320.41,0.37880330331086237
train_07100.png,cf0b093a4cd952a24ecead56accf60742a0f88a67282425884cccf413c6e4bf5,4,1,138.06,0.9519324991529691
train_07101.png,5b45a903023dfff0240b8ab3809d2ad6c69a5a4b9b9ff7f87807572ac1e7a2bf,2,1,85.49,0.9152168887129276
train_07102.png,b155ce49451c1789bc23a22c80d82fce4dd5619b430b0492d660895938b737c7,3,1,348.93,0.4539441836351398
train_07103.png,ccfa67c69797cae8436cc1f40d7e3000d5b343e648643680914687a6898b41b5,0,1,95.08,0.9325935158303589
train_07104.png,dba5ea7387cf377a3d880d8a0c55f918e296f42f88c93563225781d90692dade,4,1,55.94,0.8291865463505149
train_07105.png,70cfcb13634bf80c6a3bfd76ef97a8b0c43c95f0f1401e7783dbdefaa7d54e23,1,0,294.15,0.40845308228226196
train_07106.png,9b356ccf9fc96f66a924e5a6c4d101647f970fa6db73953b8ad65a22bcda11ed,2,1,65.87,0.8678875799468994
train_07107.png,4c00822e420aea7afc7c2460c2066031ab2873e8bf3912974b2a22522406b64f,3,1,353.44,0.473917679293388
train_07108.png,621eb915243bd33617190eb1209c7867474be9c5dcb897ac692da44e03c887be,4,1,136.35,0.9520214909562416
train_07109.png,e1d46b386f2a138d2f113f16fadfd8366f84fd6e138d728ec9d5b33e90aacb5c,4,0,262.63,0.5480963329673814
train_07110.png,5ec201368ec6351de43cdbfef315cbe78a17759910cb537f742321f6a96c5cbf,4,0,351.15,0.4622900928997067
train_07111.png,ba71908ae92f2b6cdebacbedfda4d9e198dfda91d74160eb9d8c431bc49a4cfd,1,0,276.92,0.4751938641518043
train_07112.png,53e8165b3804e1a96f0eb95d296699963720a34aa0604184055a1331e0be307f,3,0,221.87,0.7997956321175892
train_07113.png,9841a1a0918e11519d0fbd2e92b9293a7c750b3f9605d63f731cb683f1bc23e4,0,1,260.71,0.5555164993978474
train_07114.png,8a5ad9181257e03aa7c308243643ae23edc3c1b6d63fed2720e8fb0bc259d375,1,1,293.12,0.4114085688578784
train_07115.png,acff1d174e66dccffe11d523dd44f5e1de5aebe1bfacd02ed88254ebe9c847c2,0,1,345.82,0.43830158356871396
train_07116.png,a9c5f988eb3f833ee691254cc834c8a4be1f3e60fa16ed5e6135373e9498bef8,2,0,326.29,0.3968663761210698
train_07117.png,de11c1b06f343570e734d6e1d65a5d93dffbf659f85584b6ef99a885a61b1bcf,2,1,112.11,0.9445415757110934
train_07118.png,87706f842a430372b58ffd63472267702a2687c3931d39df42c9a8584347fb7a,2,1,253.84,0.600607223986705
train_07119.png,35cb30a4da37ae8777c28fd12124501c2f62d8dc469a6cf809b809bfb8ab7188,2,1,16.15,0.6101960784329916
train_07120.png,dc298d3cf785fd6ce65b5b95b2b12fee8492fa76c54695f836b134fbbe662683,0,1,183.2,0.9193658859869438
train_07121.png,bbc93a84bdbceaf4a52b8426d605dc3258d515382a14a3224853f62a3ada0aae,2,0,287.12,0.433249527158387
train_07122.png,bb96d732eaad0eb8aadf72a55ec5b03c37a0192daec0ac1574f6b49d83d6da06,0,1,345.16,0.435731547132044
train_07123.png,1a467cb5c3a1b924f8ca49688013ba31dfc40fba9ad286516d876fe1da6f9124,0,1,45.56,0.7846384561156133
train_07124.png,2e9c641e391aa5b6ebd159e7569c3851fd7ac611cb92b9867847b7047c469e76,4,0,273.85,0.4863677851564727
train_07125.png,86711c22c1bfd6abba2345341ad4ceb00e0e772a16ac5dae71c5c8b1f313c922,2,1,113.49,0.9453237706001563
train_07126.png,36c72755907cfd55752f43f7828e22bedc850a348f38d7860d6b22b05f2e0fb0,4,1,94.49,0.928973460907904
train_07127.png,ba50547e1ee29f68603a02237b958422fd45972a03710430deff6c899092d26a,2,1,161.89,0.9407815966813146
train_07128.png,234cff04eb14f15a7cbcd77f19612ee816de270dd955815b912cc2c483b7668d,3,1,69.86,0.8804431946999257
train_07129.png,d1faf22008d266d0cdeec0a943c808a7111e613f4cceb24c37c67567aed4e7d2,4,1,346.13,0.4414541739520865
train_07130.png,153c5c5c94fbd22780b0db666f4d34b1286d751cba367ec374ff776ceaa7f2c5,4,1,89.09,0.9212107397814057
train_07131.png,e6050ef1b1d00d25561f0280efa87067a46e46a0b05d2041aae85af3c8678a53,0,1,164.2,0.9427603086384653
train_07132.png,b71a64418d6a3610bd83ef648935bb1c1fac48a8cafa6310af407c586d91662e,3,0,290.12,0.42414817165271845
train_07133.png,15335a3b1fa97a0f4674bffa5fd0f5e67c18108eca027b4b684a6dd88f6738d5,2,1,109.48,0.9428852856200637
train_07134.png,30f0072cfb00f66a5873479ae00887af6d3da517d3afeba696b3969b9370d94a,1,1,79.11,0.9048033566276215
train_07135.png,5cc40081bad21a5aa496aacace800481da72c4a36d42fd30fd18bda6b7e3c06f,3,1,279.95,0.4629097650769855
train_07136.png,0878a4e63bffb997da911bfb7fcab2dae3bb8391003c2be2d7dad810f5d2bd95,4,1,9.13,0.5580324979637431
train_07137.png,e97e98ecf28bbb3ac7fa84a722a624fd57fb9ba79b0888a96fff3dd22034228f,2,1,259.66,0.5650608660435565
train_07138.png,2b7d654aa9722bb759c86facd36c93df523358f3ae98efe4230a8e6747da52eb,4,1,268.87,0.5124173027808767
train_07139.png,4fb8eaaedefabc577c64cff4a09fd7e81c7df51facd683d91b97a1c6d6456a9e,2,1,236.31,0.7098386318383705
train_07140.png,1d8d7d1db1c368502a2344f64437516d1a58f9b8635b7aab86343b715a6ae98f,3,0,348.49,0.452120416295708
train_07141.png,4c8d9aa4e41084846b3e9905c7789094d85addcadf5b76bdd356f34b17ed9933,3,1,333.7,0.4045046066614905
train_07142.png,daf52e5760f83b437c5a6fa25e9c58d270280cd381db8f4468908b53d98d431a,2,1,274.4,0.485037449875063
train_07143.png,217a9a1fc50725262ad36abd3d932f2fe004d5bb5b7a74af60821b295090fd98,1,0,285.85,0.43607995142088873
train_07144.png,3b9c4af61b6f0f19786d63fa86924a9d1383d2fce71ed99ba06dac57532fda5a,4,1,67.95,0.8729725958103685
train_07145.png,f38d483b1c626bb4f2002f0258b3af3ff262290d7620014a22c9ecabe580dc0e,0,0,347.41,0.44470917328216364
train_07146.png,be503498ab6b61d5101e864edb64efd84d53f1ab015f5685a5dc55dfe192c6d0,3,0,122.28,0.9515530775050153
train_07147.png,8346712a9206f8123d0773b9db6ab7fbbdcb359dd4711f342339862dbe9f141d,3,1,203.56,0.8730106050579244
train_07148.png,9c21e2cb9e428425bed7464a67f02541f4778524c1afc4988715e304798b2899,1,1,55.78,0.8293886800001636
train_07149.png,3ddbab38c0d147440870944773addd52574003b6455cfbb0661600e778d98a4a,0,0,164.03,0.9428994729805417
train_07150.png,c8bcecdd16ae69077dad7090095e3869c4f6225064b340bae0208c390dfb0476,3,1,355.1,0.48183771572222583
train_07151.png,4e906c029cb0fa492bfb1f8e8de7e389f102fa1601d00e2548a80a987b29ee6f,4,1,97.83,0.933053568229527
train_07152.png,f5c30677a9c6ab8a6883c355316efba0776495879d41f37a626eada9db087529,1,0,314.51,0.37789350726845866
train_07153.png,950da665c0d647587021178ad2beffea6d3134ed511233440bb76fac91a4d1fe,0,0,256.81,0.5799491191092749
train_07154.png,5756d272f7314fe86f54451e0a98f3f9f42de01cfef17cd453f15986f8fd874d,4,1,300.65,0.39414507658338865
train_07155.png,ebc5add6bb3aa660b61017f8d1a2a74a779c727cbee8cec19a904df99ce32ce8,3,0,324.01,0.38815948178333554
train_07156.png,6ff392a44ff243c4e744e57f90e58edcd803b35b1e31359b0af3d903c96c2978,4,0,273.66,0.4873171584905364
train_07157.png,b982683950a021d86af31a2c1c375501ff059803cf1b44d553925f3739108f84,0,1,98.58,0.9366359513938449
train_07158.png,cf1cdd741d296735dfeeb7456985b2af2d92c5c6828cec4dd3170d074b7dfa33,3,0,348.95,0.45402761967013255
train_07159.png,87d0cb7da7ca1dd8dfb23fde054b71d749505a2f8709c69e9c40ba0883a58d55,3,1,100.46,0.9374452266084508
train_07160.png,6c232db8429705011d70f573108acfea54e9a8e6d7620237900a04c287a69b27,4,0,274.23,0.4844801152614952
train_07161.png,5e172a3296984a024c9b4f9f6dfd1e19103384099552d15eff2e3200c0415f17,0,1,141.13,0.9534908682918958
train_07162.png,986084a015c489e21969fb304af957438c78bade76287d2f2fb858a14f083410,1,1,187.0,0.9170990680903676
train_07163.png,14db87c12b4663a15892251c7bcef4ba99645b4bedea10d5f68b63ea3e45ed34,3,0,289.3,0.426808975667575
train_07164.png,f0b8dfead584e65ed74b18241a582f2951d0498caf30b36885bb4f830f23020e,3,0,349.51,0.45638273152893266
train_07165.png,d0f001b02c447df25a311305b86d73d8b1046fb6f6259c2d64a0df2e2ab8f5c7,1,0,334.58,0.39959898051595927
train_07166.png,c5d298faaedd2c0eb831709a2c6cfeff6986a4cab8c0d3001d3720b034352d27,4,1,355.67,0.48347050612083825
train_07167.png,05dfa4e6421b0ad2ba87a9978ff48c8225af4e487201061639d729e123f333de,2,0,287.11,0.4332828955341794
train_07168.png,6ea89010e06b7971d5b07611bed67fdb727811af6ad3b43fccb672d73192789e,2,1,319.74,0.3897496670240324
train_07169.png,326e3fc26ba05790db132ff22af3c5e162297f9ded71dc983c83856a5c78b086,1,1,305.17,0.38532664128684085
train_07170.png,e95d27550e4d9e80ac5fd1c33b16c96162d871528c913fd142bb9a55b6753845,2,1,69.31,0.8783142808589258
train_07171.png,c03557a3c28388886fc3905f0c2f893258ce4d6dc85e1e1273d9174756cb2ff8,3,1,324.59,0.38880411202534015
train_07172.png,4e0d8b2cdc00cd811373b9306dac7f4a88ce86fdd08998e4b67d2765bdae46ec,4,1,258.23,0.5748527489285014
train_07173.png,be8584cf5c30dce24a3bdcc66a5a2ce1d58a65c3a7508ad30ec84e8e914ea0a1,0,1,250.41,0.6213315979713128
train_07174.png,b3351204600fda5dcf838eb9e1b64b0a862ec5f4029aefc66d7ba186da4c01dc,4,0,342.15,0.42705224350573057
train_07175.png,19a182c764b91d46b2a6fa3df0ac6439f3a878f168153546754666e35d589e96,3,0,322.44,0.38662755285385303
train_07176.png,be5d2c2e3c2efe9697694123005c40ccd395f061fe082870b10d3c4dd76a8adc,0,0,113.37,0.9484162711316777
train_07177.png,fc35481f0da7db576b7998e3719b41aba7309087f66dfa15dfcec8a5ce61a83a,4,1,149.43,0.9494968055169098
train_07178.png,9ab29c775f9ffc127c20736811989328b5d9573e6ba7864b1f1bebe5199dc0f3,3,1,186.0,0.9158277845986426
train_07179.png,7dc4db3476b2e5b1412f3f68d4c8d0668c2bbaa0317b6693278c2b23be2c1213,4,1,80.41,0.9052274361994498
train_07180.png,e6ca6e11522089ff18b6ac6c864cf4f816f6cd86f434aca6c85fde3fe2bed91a,4,1,252.67,0.6099156390280869
train_07181.png,075827dd4dcf7ea1726405968e7b829bd66a89806534bf01f2f2e3fa418ee935,0,0,32.9,0.711940837329764
train_07182.png,cff539b8123bacfb5e3d7e248cd2c96d4e754111a779ffe56436d6fa1de86655,1,1,271.24,0.50468537054031
train_07183.png,7e60582b80541fcb52b2b19ff6e0f396142914027afd7986f532217d6f8b2f28,4,0,313.45,0.3813525663390839
train_07184.png,3baa24c6e90c2e63c536a615fcd0a82530b2044f9c2e871136487e9ccade7fc5,2,1,305.73,0.39233274375175603
train_07185.png,cb5ff24d54152e81185935db3b6aaeabe5a606fdc759f431854c5ff0c02a77bb,0,1,50.41,0.8088012768320767
train_07186.png,4b8d82c6e5cc2202af34ba27542b79ccd2df49dacca254260b739b1beb301598,0,1,331.57,0.3948674145168887
train_07187.png,934740000f54cc66cf7621db5bc012d231dd7d396a60c3f0bb396d7a124f80f2,2,1,132.81,0.950746056689074
train_07188.png,f4c63a2d7e3df5626a7051a8411b3c68db7436fb945c04e647e3f2ceb395d113,2,1,344.02,0.44264352907335913
train_07189.png,0c5f79958f9272f789a2cf9e9c5397f813326e73db09cabcd435fff5b37e4daa,2,1,286.14,0.436576461263173
train_07190.png,8b128292bc4e8e049c1c51f84463b5f83be27bcd77cce4bdeb618c331b51848a,1,0,136.87,0.955275933984683
train_07191.png,2ca90f764f161a300cf0f15c7dbe4d3b1c40a303880cfb153dc14abe976d232f,3,1,79.18,0.9042289583160973
train_07192.png,9aa039833af8854daf0ceb7f648d33dc005e0dcee6086915a6ff195884d52196,3,1,357.84,0.4955438294294194
train_07193.png,57422accf6fd6a54172216324cf009aaab1fe273de7e5d74736eac8bf1644d64,1,0,314.6,0.3778760377217782
train_07194.png,768bb88afe8f235f5c6728f62c4948a8d3f52c3eb905d26c0bef1054d1f95c67,4,0,41.79,0.760073777832053
train_07195.png,2e4e169b3c74021fcde38569b73a827a92cdfaf5e612409475e48dfad2f4ee17,2,1,286.89,0.43402002952879426
train_07196.png,b6e7e14a101fda9a59fe045a63cf953fc3e60d39fa2eac7a94629ab0c30c5231,3,1,239.47,0.7009916150057572
train_07197.png,38966c2f013b23c44fd6c85b3ede717f0b2a1d2a0eeb6f8b8107371faad511dd,3,1,84.77,0.9154648357373654
train_07198.png,826e868968799f83f2a8f54e54e1bc2fbdace92c3fee72e8b283412567983ea7,3,0,303.31,0.39292245375691964
train_07199.png,95cecd4c41fbf6a6d034268ee4f8a7a92ad65af401cc9b449836edc8acc07a93,2,0,312.7,0.3880153449038601
train_07200.png,09dcf7826ef35de09a508bcb054933d545279e0c71f515f96d4e7bc675ae7a88,2,1,103.66,0.9383911419643904
train_07201.png,b4f1502ffab58e3b9d7a8c18001d76a67ebf2cecef3c72fe6ed3eb3f867a385e,3,1,212.78,0.8401601533279313
train_07202.png,47b556320f06118e5d47549eff6d7cc7a7fae6dacbeff934d92ce81ec6813784,2,0,285.33,0.4394126372609024
train_07203.png,2ec08a61bf855ae5c0ef736615a741b0fae8fe85409398c8a767a7d3981eb187,2,1,212.92,0.8302255402900892
train_07204.png,b12ae3e15c5a89f6bf783efcbe6fc321869fd611c5cdf9d81ad1593e747b796d,2,1,330.11,0.40346740706286177
train_07205.png,9b0ab8653353e9660db20d2f077edba21b8bd8fa42150f7d747ab816674a8d36,0,1,210.58,0.8446405742339598
train_07206.png,f78c2db11734f7a4fab1607990be1c026bfd6eae40f9dcb58548a2efe573ac8f,0,0,280.05,0.45229919113021455
train_07207.png,6b029062bb47288c7d594dd46b4af68617bd5eae9956aa39a5604a03d29c649b,3,0,58.29,0.8405629656858082
train_07208.png,9e00a383fa5afc8763a9cd80a6716a04462cb51c721e4e3dd02265b35772763d,4,1,5.55,0.5367749315552541
train_07209.png,458d563ebb6d94832aa97f76cc3c3126013edbd55fa134be25552fd69225d8fd,3,1,326.56,0.39131079553767534
train_07210.png,c873e9af81fdbbcf5adf349528968acefa9410be4fdac9e2c2e0a3787a6a9430,2,0,332.72,0.4090145543353739
train_07211.png,2c952090b9a3398703f87bc71a0657db033635983a9d4aefa7c4f2921c7dcf6e,0,0,303.77,0.38414599185095655
train_07212.png,ee6d0c8b117b453419fd4478c53ddce0a48d08a345b540e9bb9b9e6f42eec519,2,0,28.24,0.6860479344473573
train_07213.png,3451f918255eedaf9402532e1228a752523f7f77f767e543bc7d5ee3c01454fa,3,0,294.0,0.41269223949212913
train_07214.png,e596f8ed35b98f07ab04ef0d192c996126e7b6e91d567bb5c7c1c71559604fd7,0,0,238.08,0.7011639301471425
train_07215.png,22f0a843b15312d9f2f7bd842daec0c5d279b5ecd54458b6a4675c3b735dc162,3,1,228.83,0.763627943895534
train_07216.png,bb1f08eb7dad521d2aeb6f3834a8fb65a0848eb2ff0cdacf66b68e3f986a8fe8,4,1,297.16,0.40118942155467924
train_07217.png,109cb573ec6184cdcb958d3009304226c38697b0bf864a1d96e5702aaf44509b,2,1,40.36,0.7571365195718569
train_07218.png,9265efdbb50230793c42e3f3a126ae26886b1f8c05ac004fe51d7e53ca1102bb,4,1,358.58,0.4982362510408467
train_07219.png,0e8dfd9f405087cf196a1ed888718f9aa1e4c656b1838b30a16e9791bf3e6096,0,1,163.46,0.9433584732873705
train_07220.png,f33d7aa4dd54a84dd757d8bc3871ccb9155d98143c9ebedcd8316df8881fb1fb,1,1,191.84,0.9074553221850551
train_07221.png,3d3cc9dbda09716e0a8b9f44deb5a138392e05f4f77735fee622bf1bb5b376cf,2,1,140.66,0.9502644659029371
train_07222.png,214981d9bb3f448576a8553ed7217b7d81510576c4ccdea66fefe257f9f7375f,2,0,305.71,0.3923537761373773
train_07223.png,68a07c7142ace4ab90844f2f78ca0fca609c5ae1319b85c908d2334ac413123d,2,1,81.53,0.9078517636079576
train_07224.png,bdd8c7f023385c763073c1cf58c86b8efde187f8d1be58c5e08fee39c41b955d,4,1,201.87,0.8738497621193471
train_07225.png,51be819371d1538095f47ac69694083aabb8b9a74a301f83b30e1d920eea2b70,2,1,186.06,0.9095405433489263
train_07226.png,ad5864d210369311f2cbde306ad6e6aaf5eef851d6b77133340e3d41d4a9547c,3,0,349.05,0.45444549947445995
train_07227.png,38aac6e1e73045636dbdbd35513e02a057c40807db62fbc3241f2f59b6655025,4,1,133.6,0.9520163594518155
train_07228.png,a7ee9e5b02af6fb66d057655d8a053c44208c34dd59e8448da7069fac1e217e8,0,1,289.52,0.41663339022778245
train_07229.png,98f7f9b5e0bf91b2b161841441c266947ab69e3fb0fecde5a8171318d6fa2274,3,0,208.16,0.857613422763906
train_07230.png,5221848c1e3cc4b37eb93fdc54433410a5b8f7171f8b192d0f3c24a55c56252b,2,1,47.37,0.793465632023878
train_07231.png,dec30d334ff4c2b0d6d7789f8c4af75161ce40dbce817ad89311ced0977c3997,3,0,341.02,0.42469567967166194
train_07232.png,b9c28a850dd237ba7487220afda3c9b0877f662741fd1afe93908bb3b1ca030d,4,1,145.52,0.9507050239680578
train_07233.png,634950a2f310f6a0bcaf2d232da7618698a6fdb625729e53ce9f6cd8a1649a23,2,1,5.38,0.5450290816196225
train_07234.png,e3af233452c4f1249c8baaa6dd5c27ca67205323ee1057e00425555745c27817,1,1,116.7,0.9507715829212295
train_07235.png,3909e72e5a10da3040edc12a9e2c559b8c398907105c99a49cb2310248b63c0f,3,1,354.49,0.47889291022583585
train_07236.png,b9861d6b802cd37858e2586aa61e8c2e38e8b4ef9e4ac9a71d5917b398e136fd,4,1,308.74,0.3836786238381335
train_07237.png,e433f6523fa6e472c9624bd0f3dc091d9a3183a808a1a3c3dc63809971a39bcf,0,1,143.78,0.9529945731158171
train_07238.png,63b4d65f79aa096d4708532e5d25f899d2acb4260848da7223435d172c426bf8,1,0,270.42,0.50920824867888
train_07239.png,15f7731da6e08ad86214e5bc65c1819038b4bde0733c8da99c1f4c8673d8a2c2,2,1,58.52,0.8421176051660448
train_07240.png,c7e3624b5e1c6e2b28f14a3f08f253d9728aeeb7449601308eeb76e4f6046ee7,1,1,359.76,0.49842243392505514
train_07241.png,a133cd30f2dea9fa84f87a15d9a551ea55db09ad3a08b74e4c389f29608d570b,4,1,87.76,0.9190578187903894
train_07242.png,05f3585fe7dad4f971d29b6509bcd6fb352a28863d4e4e15c53373d64bbdb2e4,3,1,22.97,0.646792870560978
train_07243.png,ad598368546cf6a9a2876c4621c8068e90b40d55f7e29da83075c0b8705f339b,3,1,23.34,0.6491761401493013
train_07244.png,ec0c9f73b0d59138a307fdd6e75827f7589eb144eabeb956fead4a2923f2aa68,4,1,12.89,0.5811716690967315
train_07245.png,4eb73ce595f2d983419b93b2f9d6c27d65aaae2831bf63cb6045e88440fc7c15,1,0,205.42,0.8709455294570932
train_07246.png,33791e9b84f9587d29c77de16817cdb235a380968a128294257c950b21669b5b,0,1,240.82,0.683765447732698
train_07247.png,9204bbf5c982c82f3ffe5388cd0057669b9c1cc1864dde999905074c9d3c4d5f,2,1,180.05,0.9200390801388648
train_07248.png,1522bdb59f4c04ef54f98c8f37da4089bf08e6f6f113976748048ac1c082a983,4,0,354.48,0.4776813567333606
train_07249.png,6ed83b1e33e1957afda024929bfdae70ca8428c06b254f1f70b85bfb3ad3f00a,3,1,44.6,0.7769086446620433
train_07250.png,b5bdea3a2e88519634bcdb72e237d2606fa375aca327d58569aa8aae50b51311,0,1,277.21,0.4650840622876324
train_07251.png,69530d16048b06e7d44b1f9eafff6e9d605155e93e08f7fd9f4010a7ecd39709,2,0,289.27,0.4263545887194095
train_07252.png,f81584b335629b48bd870508b94c877c937b2058aab940a134d1e99022b3d815,1,1,145.45,0.9542568809570998
train_07253.png,c633a3e84bd6084cb53a87a29caa130471b1bf22cdb82acaedec19432027ee1f,0,1,268.69,0.5086828881195861
train_07254.png,2ed5d3af1ac84eb42a7774ec053b91a7d38b011e38e6ed89b382d9d16d11faeb,4,0,280.09,0.457322967298338
train_07255.png,720fe51bd792b205ac9d2a4094b884712faf1762d74d568381aa97b1a54b2128,1,0,324.15,0.38189236452365244
train_07256.png,0bf0b8fea1ffc15eee9fab4473d7b6e0a8212b99a20f1c716ae382e7952cd36f,3,1,97.13,0.9337878670144477
train_07257.png,2fa4979064506e304c8bcee4e7605e0f14d64a6981127bd439224b3abf29b603,3,1,62.16,0.855283494593033
train_07258.png,759240d96ddbdcdaf99433c18df65e7f084de50e1db074570c4aef5f15ebfec7,2,1,118.58,0.9477211309385739
train_07259.png,2686d1e7f42285e6effa7aefb68b965def0995ba7a18ef7f4d0235a1f06ad7a1,4,1,236.35,0.7133527069605704
train_07260.png,597b27b9dac4b40f31cbbbb20fc0b5d026bcc73195aca354d946ac43c81eb951,2,1,71.14,0.8834596551204901
train_07261.png,6ee6837b733abc35cf7440d0e40c3c2c0b162d66c59b75f951405f76db249beb,0,1,30.12,0.6945130365023682
train_07262.png,b21ffe8e57f262351f447f4fb742bdee56b3fd9f3febd4f5548ce5b9ccc1a366,2,1,281.87,0.4523964668380688
train_07263.png,e6d1e23749b3269a3fe7ae0f41e4c81987516cd181bcca23f08940347a90f2af,4,0,351.52,0.46393995444906405
train_07264.png,24a5c056e9b760ea432a1ccdf98bddc1e91a869ab68ac1655ff3fdd8e74d785f,1,1,258.02,0.584018156838568
train_07265.png,6362c9d4bd2c2a2253660296f2e4ebeffbdfd4de02b23d2f2d8d0eefe4084d1b,4,1,347.86,0.4483041645444097
train_07266.png,ac348dffb1a447b47e5a426b79af5f94aa1ceddbe5d5b15054b3b238d1b43344,0,0,48.16,0.7978732232720065
train_07267.png,7316ebdb887571463b922224c7774104858eaf2c9bfc3442314710c7d8e0d716,2,0,348.51,0.46022622863510165
train_07268.png,55162ebc7dab1f16768ede380956a7cf9ce6ae2bcb385c423d5ae4b860e181a9,3,1,202.25,0.8770482028319779
train_07269.png,e81d35facaf59e0ea13c65783cf4288f7d8c1c86da36a2f879b7911ce42fee00,4,0,299.41,0.3964733327417464
train_07270.png,8dd5078f50f67aa938b819d83b94b235e90b8eff2227b4ece44313899b0c6370,4,0,286.58,0.4318097478757874
train_07271.png,58b49a64dc0d66e70dcf7e2a1196ff30fc43770dbf7b5847979a35c6f49cef18,2,0,347.82,0.45737393759740275
train_07272.png,81a0399df77eeead8e05a98b96150e8d10bd24e99742a4941e54c298b28ae870,2,0,277.35,0.47142009599069495
train_07273.png,b976b660b7835cc1e93d6c08817549d6990e2126e1594cdfebc82c9700b10fb5,2,0,292.61,0.4167551723624787
train_07274.png,f012fd5d36ae613e1a3a7d367ad4713b7ee5c74f12c2335899c80d34767b9002,0,0,50.13,0.8074683003003309
train_07275.png,b5975e96e2c074b83f14fed3d3b01ce787763152a5ac743c906cbba86e3d33d8,0,1,195.19,0.8940594000535637
train_07276.png,c8c2672b92f104ef52e9934bf8f627f73f13937b59e6f5b44720b4e763c145ff,0,0,301.0,0.3884415682009662
train_07277.png,f1b1386f375cc2400add98e1628afabd83dfdced066edebe41d698b1614e8f5b,2,0,322.32,0.3919193319047261
train_07278.png,cffa08acdc2f9dd6a6281bfbd89ef6c7bd0e3fd2f1c943d4d2680779c845fcdf,1,1,19.07,0.6160335735399275
train_07279.png,6a8b2f64db3a309061eb03eb03d055f9210052b01c7853d46e055ebdbb5081ed,0,1,188.53,0.9093381903892226
train_07280.png,e5729c87bbf500ebd7b6bee7bc0c099a17ba75412bf03178e970f379baecba4f,0,1,43.16,0.7718635814800053
train_07281.png,e8b1d6456b4e68f763eadfc29c4c05ff46dbc56b0121e9ad7cf4d7bd56d87917,4,1,31.48,0.6993943337363148
train_07282.png,335288f1dc1df01a116cdf03ebd3b396098e3a9407bbbd3086dce4a0fff3d4b4,0,1,6.06,0.5404257487277417
train_07283.png,75b2515d399a9a0699cc9d8dcee56dc97a9256c6b0ae6af3c7ef6603f4258373,4,0,359.6,0.5036080486770143
train_07284.png,0abd5fcf70cbe0f1a40bc7efab64ff5d278dba52b8dea31c79f1e9087c58bc98,3,0,358.4,0.4984385666665976
train_07285.png,acd7bc862da9e463d9517670d676567dbed7658f05c2009c6a3933cc67f77566,1,1,280.28,0.4593835366823885
train_07286.png,73be2c94faf02b6a086fb03e7dd49ee1be17dda7df1b36a394470bdfbf21805e,3,1,116.62,0.9493057679246961
train_07287.png,137fdc4f44778e42b9d580d3fb23c134f381f144ab296c081d19ab68871cb666,2,1,270.83,0.502703709885727
train_07288.png,0d59c1dba1950630c0e105eaaf634b42ae00e76df44b40c9d4e11b1953919eec,2,1,313.22,0.38793395947692033
train_07289.png,70cfde9cf83dc0d7d81fe071d4f2e0facef89e56633d4c5d98751dca2bf282a0,1,0,270.66,0.5078779668487352
train_07290.png,42f09eda85a90c67c6962e0e38203c21ea1d07c19e126b547f4180b0c7f6889f,2,1,199.36,0.877686414909588
train_07291.png,c56c038f67ac00b0f0769d7919e1afa8a23225fc5658f86483a6f54a20e9978d,1,1,176.29,0.9334460063680603
train_07292.png,d8aba94e693aa5a6208fa10b17a9f62b3f9a68c8edca7da20282495e7eb119db,4,1,74.3,0.8909294404301235
train_07293.png,016a26e3f4cc1906f919e335f389cb700bc1a2e486603f280756a8eccf3a2044,2,1,93.57,0.9274653046120712
train_07294.png,20888389c47fbaa1d997a801534af2089a589b89020af59290263bc82fae01a9,4,1,171.08,0.9343899594095825
train_07295.png,7ed9dab3ca52927bc3c2a0b1bed2d67d3316992353be76b803cf0713c9db7434,2,1,327.44,0.39866368911790934
train_07296.png,c418ba27c620e958a612f26c83a85fdb2c2d7ad9ae8b4667e99ed7c891ed3216,1,1,192.78,0.9053958714577964
train_07297.png,009f83024c7d043efdd4a04b07bf88e7135fa5fb9b39c81e341d00096e950f67,2,1,61.12,0.8517937574574271
train_07298.png,edeb3ba65c4e36e2e9d4d855dfe800d6f56740bd7f59c72e6118f7911c32a851,2,0,338.93,0.4255794683821693
train_07299.png,c801d7e270478090de08a275724e19d43f4187b17a76c85212bd955adc8e28d8,3,0,342.19,0.42854218870804145
train_07300.png,df6cafc8c001d002c8ec8f18ab3bc3244a9a6b001e7171043134e7eb0bd7e085,3,1,12.78,0.5816809962274169
train_07301.png,010161b09ab6422e81bc5374af49f0bb44d40570b8a96924e51e836b2d30d234,2,1,5.78,0.5473381348463122
train_07302.png,d3975dc0d13f7134634616bdb230a861747eea3416682848b5f50149cb8d1d6d,1,1,254.46,0.6070480902634534
train_07303.png,d50d0317f5aaaa6556aff35995a90b936ea42e522981f07e1b3bcbf281c16477,4,0,308.71,0.3837023175488294
train_07304.png,b8795e4bb907eae9a139a365302dc11270d6c635f83fb575e39aae099b0be09d,2,1,36.08,0.7330489910448763
train_07305.png,02186b8627ee9da9d89f0604f6edc485307486c2e020506b8ec40a8ca364affe,1,1,179.01,0.9298762059670527
train_07306.png,734a916eee1809b65ed7fb75db6a6ea630477834bae860dff5c0925d7940b3b7,1,1,133.58,0.9552109045668898
train_07307.png,c28aa51b7214991ca6d050ef1bcbf15c94fa5cfd1a73049a4683ef33d79fad09,3,1,230.26,0.7556781654349313
train_07308.png,daff4bde916e04769c100210c750e1ea67d1e7fbb3d02adf0a8b043703f9981b,0,1,258.39,0.5699556550858984
train_07309.png,3d7742e533e88ff7cd4e798427eb4e5613f7b683c74c55a79b91c6855f6fdc42,3,0,209.97,0.8510179808746627
train_07310.png,11a5d7ee2be614e7a635b19ba4cceba8bba9d64e7fad5e177b32ab5e7987df53,3,0,197.95,0.8892731630491915
train_07311.png,0eb3b77730806de0c193bfd0c6c912289ac1f6334b0bea3b18913c6aba08aba7,0,1,359.88,0.5049168162519087
train_07312.png,64a73500a372fbf794bd2b5c8261cc35ff86199ca6f481de637705b2d4b472b6,2,1,269.86,0.5077155141277627
train_07313.png,a5c37e7188d09d7893921fa7ccea1406eb1dadbe991985b28cff9ee130e9b132,4,1,58.62,0.8401362764011554
train_07314.png,f3414c51a9f26b782140199d13d82e61e300c221f339db484454c6be3041c2bd,3,1,127.28,0.9528430960935771
train_07315.png,e67d944ec068b93f844bcf67a7dac4e8bf4d5531465afcec5811cd63ef9d7c3a,0,1,248.54,0.6335682610289228
train_07316.png,c258642624b06b1acae64382d4e57f8bffa9892a808f6f2b6b3993fa4fb589af,3,0,313.49,0.3838299994387135
train_07317.png,d146ed16abf8d376b34000b3bbfda89eb1faa230038bda0eb309ca033afc29ce,1,1,249.62,0.6387864803238822
train_07318.png,5cda9ff0c5c6235f4fcd7f37d17b13eb71199201cd3fd0dfc193921874136405,4,1,275.53,0.4781355360598956
train_07319.png,08a1e54f8f21f484c5dde3261706b29219b1b8a83854098d8e47fd0b174cab75,2,1,201.59,0.8710011919875567
train_07320.png,415534ccbd7af7d9c8649a73f006826923dba8f42397a646cdd16a3803681ba3,4,1,169.38,0.9361862192822621
train_07321.png,b808080e047a6f275a85e44433aa539a6c9022227b3538e6d12b839e55d13709,0,0,323.11,0.3812402357135969
train_07322.png,39eb6245f12a1e5de642fb82a63a2bbd579197afe39be8627e50c92b0a35f121,2,1,44.53,0.7792503909570667
train_07323.png,5824fad4d6e75002ff3a5a4a3e2fb6d40d0cf2dfd935ff983a307d53cac44c02,1,0,354.96,0.47385139464361636
train_07324.png,2ac24004b3c073fa110710ddb681f82c0f045cad7dba4a76622ade16311b643a,4,1,132.8,0.9519805498025812
train_07325.png,8af64863af84561d28cdd7c55a32a9ef6a935999d88d1b73fce34e46dbf1a4e7,1,1,185.01,0.9206262609370731
train_07326.png,d1044055a622267539b0c02e4395001d0d97b99770e115ea732d3ad9b7ec8cd6,4,1,308.03,0.38426953557935334
train_07327.png,d8190f0395d68f0a8a0d7f41ae8370d5522c563f0703d85cbaebeea1941ae712,4,0,336.94,0.41112312643169663
train_07328.png,e77de4d51353a872ea06f9334e0746d081264d664a53e87fd65982814fbdc976,3,0,306.96,0.38815857419181055
train_07329.png,d354dd43b6a678a49f25557d6e4df545fa115336a53fba4614a526aab7b3c29d,1,0,226.83,0.7786587452191321
train_07330.png,38f0def14811dcdc806795e99f6683f25340f5ea257599afae31a25f8c3663c6,1,1,284.88,0.4398692608391527
train_07331.png,7c864bc7ebdb66cc5576b552dba8ecdeaee07080ebb9ad5fab729b615db9b853,1,1,37.39,0.7334741678359638
train_07332.png,6a9188b1d345f997d879778485f20dbb7537ac3673eb8a13b561620d4fef8640,3,1,153.16,0.9498506540568066
train_07333.png,e79077b6cd9b77198fa7f2a8cb264682245524729f9d115087e720630a1dc7ea,4,0,354.08,0.4757689732871371
train_07334.png,d552244ca450f644b22efbca7987a4c35d534ce8815887a5d1cb6440abf3fce2,1,1,287.85,0.4286329120008092
train_07335.png,0b64c7518b5aaaa16f2bbfce06817733c05bd06f67586d100bad21696c5681d7,1,1,162.39,0.9467073275095194
train_07336.png,d51256894d6cd8babfa1c5045033160e39eac7f8ab6013e6aa7a5db7b9359ea9,1,0,299.29,0.39573030823505384
train_07337.png,6030631605269eeadbeab6f3ab5812e94242aa57acf6c0e98d6f42a083059c9b,2,0,18.81,0.6269052355307948
train_07338.png,309e9e76833bafbf5bcc39065769ef90cff73eb7631ba2e22c50982c89b72534,2,1,168.4,0.9349774331577041
train_07339.png,fa853ae4a70f2a746bedcb24019dd753feacf0c6834f982de87de70f0f45ada6,2,1,165.35,0.9378971059903002
train_07340.png,ea1eb299e7a844d02c590f2214684fdf9366d0aec5ebffae6b6b72b9a3e787ed,1,1,150.91,0.9526794233021354
train_07341.png,c21a958555ef1628acc31f748646703af8d585a7aaccd142716105d9b27bda6c,3,0,193.71,0.8998715389914674
train_07342.png,3cefccc17a52de3e1230e60f77c94557d4b301c0a5291220b3c81cc22f2419b5,4,1,313.49,0.38134466963569696
train_07343.png,7db7feb55030d7c8e585f32079800f13b6fb8384063b2ca3e03730617bbacafb,4,1,188.59,0.9075277938447172
train_07344.png,8bb3772790e4b0e28e88b67e6601bd33b269b132254c24aff05488b370315343,2,1,31.88,0.7082564411734302
train_07345.png,02050f30138fec4edeb51bde6914961d9723f46c8906624610d4ccc1cf794e85,2,1,66.82,0.8708676663691326
train_07346.png,cfc7886b6a9eaf3050b4f4e1015f36147ae177685c3ba9bfdf9ef5823d78b3b6,0,1,209.02,0.8506485012483243
train_07347.png,bc1ea6c5fed43e477772dc6119a2a262d2cbbd2f19279b8312e230325df1d453,0,1,179.48,0.9253453627192427
train_07348.png,0f1d1d2aa0865f2f4b5beef17b4b3f93202a30c18e9e125af2d1c0de6f224259,0,0,347.29,0.44421499156166133
train_07349.png,cb5ff24d54152e81185935db3b6aaeabe5a606fdc759f431854c5ff0c02a77bb,0,0,259.36,0.5638820527620305
train_07350.png,462d46524808701a358985920114092861e6fb42eb8e0e3b023067dbf6015670,1,1,129.3,0.9547486995934492
train_07351.png,ac74aaba0eb2b451fd8406e23073408c7d2b4bd96f1988d138c70778f3301579,1,0,327.9,0.3866542474357097
train_07352.png,49f65b07bd1f522642115a5d6d8450e6d910e2a5ed1b5f26989c75ac2887700d,4,1,66.25,0.8675825294528459
train_07353.png,93d13cae0897a8c295511eb45df41667b3845690b8a85e25a36388875fafbe58,4,0,331.21,0.39749793908233566
train_07354.png,e2e7406d7790a7efb4e2a5c8a646b6b115d2ed756fcb2e517b5b55bd3723e781,0,0,169.14,0.9382385759464168
train_07355.png,ddfd003478d382b8b57623150bf4a34be88c51be91c765e7bf7b6983594c7763,4,1,109.25,0.9434898477092403
train_07356.png,0c3d3e55e83fec9c8ecd65bc381d515910f579a5d43639ce4619c62585ad853f,0,1,260.77,0.5551472082371168
train_07357.png,ae1adcf843d533729b841d21113bc05b7a6aaec61e8701542bcbcd1307afc2bb,0,1,231.12,0.743493862305478
train_07358.png,a2a8d10f743d24b42f99fd01e0dd20fae3a4607f33ce6c4ecc7f40589b3ac1f1,2,1,89.87,0.9222885118437375
train_07359.png,a9c5f988eb3f833ee691254cc834c8a4be1f3e60fa16ed5e6135373e9498bef8,2,1,244.42,0.6598193363701237
train_07360.png,194f040568b18b84550c92b3beed8f2a32c38fe4e62f1b779000deddd9494a8e,2,1,225.49,0.7711090422201465
train_07361.png,abc9c3b2a1573899847ee866349fde1ab7f0b21b012d86570a23d11cbaf6da06,4,0,354.83,0.4793686173112015
train_07362.png,f677051506d118a7836aa3138bd120348501411661084e684619e9d417058b06,1,1,164.52,0.9451507797608694
train_07363.png,9c095f563605e924d8f3d94a0325eb7e998985acdebd6bd45626f0c94ff946d2,2,0,296.09,0.40820652892822107
train_07364.png,2b18fc345677f827444cdb57d2f3f617b1c46cbd77f2decfe1bb968f3916418a,2,0,94.42,0.9285589325244121
train_07365.png,22cc0777efb00680953da87706a994ba48211052233a7efe045c772c00c2bd02,3,0,342.21,0.4286094092911976
train_07366.png,b2be3c93ea179eaf82b4635d61d88b13360818099a00cfdc318876fdcac2ad40,1,1,222.53,0.800817972827051
train_07367.png,8ff16964249b0446a5f420afc3674e1466d7be7deecdd92ac43e711e53451532,4,0,310.48,0.38249672840273863
train_07368.png,8501179182d4bcf1413cc15e61c396861b48b0e94c49f90358adb05e8bae3de8,2,1,337.68,0.4218661950051926
train_07369.png,319bf2a964ba76d8dee42b39b08cd7d29273ea870f6f679cde78d5708e8d91be,1,1,41.6,0.7580927414099993
train_07370.png,f6dc71f72631f611b267f5fbe901c1d389af4e69e583e7f84e1c332351599a15,3,1,328.12,0.39364359305608376
train_07371.png,068681978dbf6407d81d31e99727c3f5ecae85fb6755b6687f57d7f7cc01b937,3,1,121.89,0.9514257256201298
train_07372.png,0a0534b446e6c646b3ca2789e85d3334327c8c95620b9c70c309691d01a50881,2,0,139.67,0.950408615385024
train_07373.png,6712c3523e81f390206e7e19245257af9ff29d4e3244496bccc22a3e00502afa,3,0,349.54,0.4565099258827128
train_07374.png,c873e9af81fdbbcf5adf349528968acefa9410be4fdac9e2c2e0a3787a6a9430,2,1,331.66,0.40666029976555007
train_07375.png,4b1455782505c5d63d62833a819517cac341457c763013f8c9af55251113a22f,3,0,346.76,0.4451707522074969
train_07376.png,0bdd63f0c2215f5a89a3fcdaea9ce298b55979af9e6cff4521f2e0417d0e0e75,1,1,155.56,0.9507208504104172
train_07377.png,0830198f9f6069067d2127452918eadbf6ea17979d1689da08e33a2b79417bb4,1,1,234.3,0.7362599894476048
train_07378.png,1ab8b17f13558f954205b359973e8c2407770f6d5d449972dd8917e0b12921db,4,0,340.46,0.4215187041980869
train_07379.png,b9c28a850dd237ba7487220afda3c9b0877f662741fd1afe93908bb3b1ca030d,4,0,294.45,0.40770982499478275
train_07380.png,4707b519d41a39cc638629ad87700ac2dc9c506f51224443fb019b5cc9d52508,4,0,332.0,0.39913261680774453
train_07381.png,3e1a88adfba2a7ec6eeafd59c90d9750cdc7f6ee7e052ac502bbd063913d4b73,1,1,111.57,0.9479084323304657
train_07382.png,d9a36ddfa4d279148e7740df3cfc2eb5ca8a3fa4d266804701ecaae671a7498e,4,1,26.34,0.6670418451116368
train_07383.png,d688a56ee2379976f98b0906f6592c8fbe74cf469d14f1b7c66e4c1ec673ff9d,4,1,348.92,0.4526744177262245
train_07384.png,118a2fda07be7e567e0871a124d37061b39f804b8757716e88a24d0ad20ff79d,3,1,306.81,0.38832120170040657
train_07385.png,20ef7c41ba2f11c7c598a50fce8876a7ef226847e5a1179dc995c08d5b273a13,1,1,177.16,0.9323435995966611
train_07386.png,c32e0789982334e150a9249b35e76c41139dcda4a55e4b786038c8a80ef52f77,4,0,343.86,0.43300589541481793
train_07387.png,17d5c16423ced23ef16ed42b911efd63876b2e3cbede2c7e382a7551c3ad3d6a,3,0,285.33,0.44085834307109867
train_07388.png,bb4e939deb139b605a130b933997dc68cf8826344306f9cf2e15229605fe61c2,3,0,288.59,0.4291799155339305
train_07389.png,16321997048c9801399178ca3e713d393ca56ab21c03553f4fb1b226bd9328ff,0,0,295.86,0.398996624588893
train_07390.png,a27a7a660659b244a7d58a17d0f5073e030812e7ce37eb3347c73cf5fac1481a,4,1,59.89,0.845084044064712
train_07391.png,568a1e5a4b2da32636f50ed66949d5a84a5dcd25ae0f447686b786920f4d129d,4,0,313.89,0.381276682946979
train_07392.png,3e62a913db3170c7ee277f20eee014f58b19fd62c3ba6c5cba92f761ceccac7d,2,1,122.46,0.9490626166931931
train_07393.png,21a6be0300799f439b9787c79d61a36e67ff9dc1641ad7f2fea427a84bf78477,1,0,344.38,0.42890252517207117
train_07394.png,2d5616ba17a2257df1aa7a1992c33cadb85eee84809caf8fc2a8f78611c4b647,2,1,297.77,0.40461348990943674
train_07395.png,09b2505da832185bd1c93a8916eaecde56836b824016abc484a106a5c741f3b1,3,0,349.92,0.45813006467401535
train_07396.png,36e8e57096f98dafeadd19f7c3aee0931efcf5c9a0b08198de8a1303a9251008,2,1,60.11,0.8481090053262004
train_07397.png,af2c0e328afb39f87d1a3ac810b9531c95d7aaa26c6b69eae6387fda5c5c3aa0,2,1,27.65,0.6823991628584744
train_07398.png,c0655e1af803a854323f5f841afeb7b71a626700536a6b2bb6526c2fe1d0a50d,2,1,185.88,0.9098867240751165
train_07399.png,cdb05efbbb9bebb983c113b3140562da21c4a6169dfe8d06132638a9b7d71389,0,0,284.1,0.43570680470377215
train_07400.png,8b3f6694be03424dc40ac621a8e694c8ffd9da35e22cf7f44106b6e132b32b20,2,1,353.86,0.4841179654172973
train_07401.png,61ee9e96829e15cfd7663467d9c28c0e7caaf3cf33c59d62c7b4e55dbdc2228d,4,1,245.77,0.6542159338458519
train_07402.png,24a5c056e9b760ea432a1ccdf98bddc1e91a869ab68ac1655ff3fdd8e74d785f,1,0,252.99,0.6166570248078992
train_07403.png,d0e8fd1ea1f767c30cb335eeec02639d51d0727db427e2af42ca0eac06389a8d,4,1,117.66,0.9482843387128976
train_07404.png,dff5ef9ddf6106f7d5853ae848312023d07f1e95d763d0fe8fa64642da5688f0,1,0,319.26,0.37838245791120273
train_07405.png,205a20e6e6d275b480d9daf826f3f085603b6a14cf219ec4aef4eef03daaa8da,3,0,240.2,0.6964467607890577
train_07406.png,68d6bbf823c8f5572f8ad6a347c21f2b4960cc64ec872ef9348980e8eb270fb3,3,0,309.13,0.38612356548191235
train_07407.png,42a4b01c1712cad023ec13ed56afad2e9e1e6a8ccc9785b21a79fa822f656448,4,0,347.01,0.4448944914073585
train_07408.png,746d6f44111c338df9f57d161ff00477d03c094cbeecbc51db7478754ced7990,2,1,285.2,0.4398750739442597
train_07409.png,9e713ace7ad726fb64c7b0d7358057c1fb79655612008f351b6a31f0c8e56a85,0,0,356.2,0.4854169495506976
train_07410.png,ffc8a207cc0b901e7ffdc0e17164da2a6f3cd550d5f1651ce077fc3336278420,2,1,220.56,0.796005963365083
train_07411.png,1869c624a869b9c5fd5207b4223ed788fef9d63143bff6538f4c70ecd81276dc,4,1,325.5,0.3880059293244155
train_07412.png,136760c2020b0adf71393d0a503f77cb44b6deef923b59edea0005badcae0c8a,4,1,352.59,0.4687968504821352
train_07413.png,4083a600b4c8504c1a2e549d6836a73260054d0c324710b3c41b7b0b63070252,1,1,64.74,0.8642401618511241
train_07414.png,df09a7bb35af8632ab2b1cdb5a9b0aad927712651cadf9a310a36ff35b6f37cd,3,0,340.19,0.422069688854521
train_07415.png,ecf01fe4a16c4b12c3eff5b4283ff1ad4d3b254b1269849caaf7b1579bdf2e9f,4,1,104.72,0.9399465905446215
train_07416.png,82acd59e05990d94ea831af6f95b8f4e87228e6a8e455770277a5a2b8e3ef750,4,1,107.67,0.9423361593685698
train_07417.png,c57108f8844c24a09741108654a531f0c8b77f6d8ae821823149243579477a1d,2,1,198.33,0.8806342539030029
train_07418.png,4ba3e264366930da59f7a5146f99f6424006e57e10f69764c88e800986631050,2,0,307.95,0.3903057088244515
train_07419.png,b5028f6ac1da7a36d34dd97824e0f4f0fba57d59735e04852ef46e3d91dd66bc,1,1,212.61,0.8449980407797842
train_07420.png,d0c2c7ca6e04abd73d807602d758af743a39cbefcdf025b85e463ac1a4c5d6c9,1,1,211.46,0.8494844461346941
train_07421.png,7049cd1dd7578e3ec63b95e06db889b65b3d5e1d00c58b5f60d4ee15cc59955e,3,1,169.16,0.9387942337711113
train_07422.png,1b436692a7e46545698ec1a5b35df33e7f52645f94ed45b9ad7d56f587ccda2a,0,0,300.4,0.3895004994023353
train_07423.png,97ab4712b7c108c5872cd3998433be8584f5d0138b6ee06859f9c6356b649dba,4,1,61.47,0.8510252089470424
train_07424.png,40d9587d9472ad4ce716e98637f4b81afc2d5c8b39eace0ac296388c1ff8739e,2,1,59.91,0.8473682269408458
train_07425.png,fb33cbd05842748ee1d6b75dd5c40d18255fd7f377d1510d13162ca1be6b1cf7,3,1,330.23,0.39728809320126285
train_07426.png,b9d93da9b1d5132228402e142f6027f8793fd99fe347f88b423a35960544190a,0,0,111.95,0.947608607597212
train_07427.png,f85b083007a6bfc2e0d717a48d5775a9da29aee234599a7c75780c511876f6cc,0,0,320.54,0.3788994755785052
train_07428.png,ea10fbebb2212f9743a00d63f97d57a5712bc0f93838b42917b50fdfcaeeebd6,0,1,91.03,0.9271917452571884
train_07429.png,91edf1349092df5ffa925c2c14fe6bade762798287a1a65bda457b067617052f,3,1,201.79,0.8784305530598849
train_07430.png,83c327519d887bfff8bd832d091d11d37c33e125cc7842363c68c249d9f06c6f,3,1,273.24,0.4949745351384425
train_07431.png,13a236bf90fd5e4373d3842b8a97484d343733f0a1c2abe80b77d1c1b7ea1650,3,0,312.38,0.38418655958716763
train_07432.png,eab6e46386f862e9204111d38e9ee9eff2458ee8076f15118b28cbbf8bb35a0e,0,1,71.23,0.8865248095199563
train_07433.png,21bb70a52ce6ba4b6acc0e0f60dc289b20a4d326fdd245dc8fee8ebe8337912f,4,0,291.18,0.4167953973225226
train_07434.png,3a065ab734e1329874bfc5529833aa86326aab45b00a4bbc855fe890316914f1,2,1,11.38,0.5806803108980438
train_07435.png,77ac19bae183ba6f0cf4337af7e6dee6152372dff1e6071d0cc98f842872a021,3,1,357.61,0.4943639209526279
train_07436.png,fa46859d0f0a24d51e6b06db7adf91b133e7750f4b96975a373ebbc849b6e836,0,0,322.13,0.3802489261162947
train_07437.png,bbf373c686eb98a4647f56b3a381ccd282b1c8a204b116958181f1722047e748,4,1,21.76,0.6376760320290323
train_07438.png,f2f6d0fb4550fd91a191a55f2e2815800a31b589be461f79f3176c71354be18c,1,0,121.98,0.9529358814616089
train_07439.png,603c7313c6e8d82937c7160c441226a5c28e42f9f032c2a00e69fe9482bbf720,2,1,317.6,0.388574491025543
train_07440.png,b1a55503fe838c72965815be1542450bfe742ab8125edcb975c734085966d1f0,4,1,149.3,0.9495434890145253
train_07441.png,17ad6f1e13f7351c6e22981a0c36cfaff2b133e55d9d33a14d567641d0daacf3,0,1,17.47,0.6123660311130961
train_07442.png,ae00634f8678cb1d84b04c72c3e532aeec51bf8ab61d51a4312a82e30ce623ba,3,0,356.52,0.4888446137622541
train_07443.png,11c46f7ed6bac08680661ed61c0bf96f5dfd493e1213d64b3b94ffed7f95f8cc,2,1,214.53,0.823468079201018
train_07444.png,8353654ac64fc68224c4bc85525d446eb68cdc6cf9e2bfc55abca6157545f9ae,1,1,60.06,0.8470225576485165
train_07445.png,1ece23b898e82f3ca023d3387c7d07c19af548cdb99d78a8db8cd365d13af53e,3,1,245.75,0.6612568418171234
train_07446.png,c95d13dd82cf40e59a5955d2709bfc1d22979f151a1df65b3d9a53b82ed0a0d5,4,0,291.8,0.4149708022323969
train_07447.png,c990d0f4ba54a58ef3527bb59bfa3778aed42000c68da09c22b1e0f693d796a1,0,1,198.48,0.8852494524611461
train_07448.png,90acd966a4604af10f263ef937d7cbebb1b01e603da2c156cddf81a5121df49b,1,1,359.04,0.49458506645681205
train_07449.png,748bcb745206bc5a280296e54ff133b3224bd75c8ee6c932a5a0127ec65b7f51,2,0,335.83,0.41672006033360715
train_07450.png,641b49e9e63ba76b3447a81525593ddaad978a99d355d3dcd767e7b0265f57ec,1,1,189.28,0.9127509003947545
train_07451.png,3820f37300bb688d7bca89cc59a007ea3e56c47699565110fa116cf8079b1da2,1,1,236.42,0.7234438087422412
train_07452.png,363c423009165b6d25b7e78d36f0b0c1b7108a2f9e504752a2e0ef47f86ee522,4,1,272.99,0.49069413247466387
train_07453.png,bca58d527df842f1d462e6849d25734c32ab62c21ac570b6b8e226285e1017d0,3,0,274.37,0.4892413552387429
train_07454.png,f2f20ce204677805126e5e17c1e56798e5646594541f57d5dda33dc39a6436d5,4,1,168.68,0.9368908505639634
train_07455.png,5f6846d719f273f44eb94be023fd3187d513ad441466294cf9c5188ac7550790,0,1,83.14,0.914109564636485
train_07456.png,e11af91b6c65b6e3c40dda9fcd6ed28ee3d3089bd2ac028122e87fe6c297f4de,3,0,352.45,0.46933709597443396
train_07457.png,f295fa09866c5415456827298161cc42ec68086f86b3388e646056e3a3b2e743,3,1,228.41,0.7659310041496663
train_07458.png,a092d04b220426ba9ad4976041f78b7e363cc07e3015ca52d1fce76e70d2e998,4,1,24.76,0.6569432164686779
train_07459.png,623ccc4474473a3d29f84338815bcfb777851bfa4b064458e0a315dbb935354d,2,1,162.04,0.9406655070610934
train_07460.png,60349515e28a5f36f85442d17416a38063f140a40af2a7334d673e55c565189d,3,1,142.44,0.9530686048389255
train_07461.png,7926c92c636ba289240f3092025797972be775029d7fa6a49567720268c7b1f8,4,1,21.11,0.6334957020745204
train_07462.png,36874ef71e06e19f70f6e55272e8ddf7b8cea8e36f6583b8072fa08929618709,3,1,195.67,0.8951444890596897
train_07463.png,12588fc777003efb2159781bda3f5fb54704565a209653a16e5ab5e630e27d11,2,1,258.91,0.5695545799154904
train_07464.png,a64d8a6a2c793b0fc534ae38362185f61f93205b3a4afbedf85fd5d1192f692c,2,1,318.19,0.38884196461771403
train_07465.png,ece17abb3822563ada9c72d04c9d0c669a64290ae3a4123381e03cc43a081943,0,1,244.11,0.6625140330542059
train_07466.png,afecc9aea2aa4821c4603726b32cf3e0aa3fda4fe7b8a8ac51585902694ec6ad,3,0,313.03,0.38395892479548493
train_07467.png,736e07ba3ca774ff9cd273f1ecf6ff9725b4436c64c4cbd5c4249900720e3007,3,0,337.26,0.4134857334954224
train_07468.png,79fe7092536e88c5ff1e028c1bba0a36c90a41f33957fa650ecdf8cd75f0254d,1,1,262.69,0.5546338659340991
train_07469.png,8cd3f1edc81a35a4017055d3c0162992f82b032820933f0381d7f214de01a8a3,2,0,238.92,0.6940014335322746
train_07470.png,83ef217c005be56843681b258d01e5d3cc8e6f68c3888e1370431fbd93c16680,2,1,194.17,0.8916762082481138
train_07471.png,d4b1899112b1e70a6708c06120130a03d159085fc069b4342420496fb61607f9,0,1,280.31,0.4511754035111954
train_07472.png,20263a390b40f173fadd3874c83451bd7c16a86ae231d961cbf561c6680b2313,1,0,347.7,0.4415649625952805
train_07473.png,b8f7543ef9ed01e22dd37305cd44feec67805d2aebebbb702a1724f56e98bda3,4,1,263.35,0.5438304888609897
train_07474.png,9fa9033708f80688e27f9e46442a9c418820e1caf2b0d79c9b350286ea333ad8,3,1,242.02,0.6850178492360279
train_07475.png,8ab1ab41d407655f8620a8cf509f7e0e9006e3aa3009ff3ea17b10da24f74cd2,0,0,299.35,0.39146376735907307
train_07476.png,d523d185cc1a56401f39bd142978b09d1ebaf11dd8291dc6f5a5e52dceb595ec,1,1,109.96,0.9468420792058763
train_07477.png,3a2667600163a6ea89c1d76da5b0b473ca72e181b36ae2e88dcfa9bce96c54bc,3,0,325.18,0.3895034330415347
train_07478.png,11eb9a859d482e5c154076bdada39e9468cdc5693ae112a4457aef87b5f5c862,0,1,178.02,0.9274830515164385
train_07479.png,58ace43982d9bcec51bc745fc723a8308b065eb246556f46981f2b60269ac426,2,1,167.35,0.9360242136303194
train_07480.png,5decc45a31f646289bac237b94de597b7215c2bf64d199f2cad6542e02f1a62e,4,1,39.46,0.7470022219367034
train_07481.png,e433f6523fa6e472c9624bd0f3dc091d9a3183a808a1a3c3dc63809971a39bcf,0,0,301.49,0.38761072187691326
train_07482.png,4532cc82aa351c7a389730ee2e9da76cf2eeb1292725a90a21e6c9dd15f220be,2,1,74.55,0.8923387547640422
train_07483.png,5b365b6a575dd356ddc1cd123b3035cafa69bb1e135cb4dd1807d22709935f41,1,1,49.96,0.8024688095326358
train_07484.png,528c1bde76c886c890ffcfa0b1708876e71e77063c9a0a767ae2635b2f2baf31,0,1,258.37,0.570081401334263
train_07485.png,25b6cfaac807f475b5bec6447d9fd777e9c9dadd1a54c90a506ae5d77734fc38,0,1,287.55,0.42314435305239373
train_07486.png,30083134bb36d7220c55c225603e122db8a2eeb72d16d93f34d395a637a660eb,0,0,323.49,0.38165738187064213
train_07487.png,54f7f1696299bcb12a042aa256867cb91b1d1b5ee88c355cca408ea8415e5aac,2,0,289.33,0.4261701751703831
train_07488.png,50680adb69df63975786d0afdd35e60df9a31be88e3c631eadfa2f7647b24a85,4,1,335.06,0.4062009870128419
train_07489.png,34d81ed0f881361c1f4db6e872d1421db2d83df48dc0470298f31a3967f9416b,1,0,270.6,0.5082100356188931
train_07490.png,3c14bbd70fca4a9939ce57d3c144e47ae0fd17f312e38360702893289b086865,1,1,344.7,0.43006370450508297
train_07491.png,d03bc3f623dd173c8079a89100662f56475b291367f287e5480cd45d3d33571c,4,1,217.8,0.8132233329892012
train_07492.png,d78771f353f8a597da6c656db21cf17a736923ffe2a1b44ef4afaa96616edf64,0,0,323.03,0.38115474867353755
train_07493.png,68d6bbf823c8f5572f8ad6a347c21f2b4960cc64ec872ef9348980e8eb270fb3,3,1,293.22,0.4148441826142477
train_07494.png,6af47174a47cc87cb42e51013a92e185c83811020f3da21940cc16598f7348d5,1,1,198.12,0.8924424456979289
train_07495.png,8a92cba4a03cc4a2fb2d5eff9d7fba2a562f9d4529bfffa794440c3a516191d7,0,1,184.07,0.9178511281811879
train_07496.png,65030cb6b3746b66476aaee772b7ad46e6b3359e57b69516b0da597de240b42d,3,1,8.93,0.557984169067593
train_07497.png,8ba94c7b12603d5040b071c1ad508ced27e7cccd6bea79e8e8e3de25719978cd,4,1,101.7,0.9371627203484958
train_07498.png,082816f26d01fd219ad8cefb0c8e31b3c3c8bda37d54c345a9630ca6f72da589,4,1,34.88,0.72015601533549
train_07499.png,5559f9d2ce4149e4a2b15fb42c7156c067177de1738aaee0b1cfa232d21498f3,1,1,56.39,0.8320138564853664
train_07500.png,a24ca6f3c119952f72bd974f17026388b34738ca94fa11a9e395ff68f28c3e04,3,1,317.39,0.3838080961093326
train_07501.png,eae8fb04a168877eaabc7230d5183970ec333e52affa6fbc5e8b0c548ba55857,2,1,149.57,0.9478406563023577
train_07502.png,3fb3621177d659e5cff8234bcc7a7d66219fa97c6f9a67b0c417d2d9ddc7b27e,1,0,280.76,0.4572301983046183
train_07503.png,342a04486d5d1a4150cbd407a54e4e0e855e4ee8e8c8ae96351510dc1c6f9358,3,1,188.89,0.9103148479780034
train_07504.png,bcb60c0034b1e30173f63958fc3f11efe07351400a6ad8c89f604feb2870efcc,0,1,85.02,0.9175611922894356
train_07505.png,a56a94ea216e3b0a7830b75ddca3822ed06f632754910e1db91ceee08544fcc0,2,1,336.07,0.41736404673935723
train_07506.png,1ed15f2655ad75b7129df5006f51363104e7918577c024e8a825cfb14a7b6bce,0,0,313.41,0.37678205189998903
train_07507.png,42ebd48dc0c133ccb9a255a362a4433d84619cc86796d27a16ce477ecb95cc64,0,1,152.47,0.9501132045154226
train_07508.png,07dfd37776b95ce9a6a4cf809f1de88d7f514ccc1e05a6a3e8aac8c784621b3c,1,1,75.42,0.8960138359920604
train_07509.png,1131880f06fbc9e28a89fecdbd506dbbc25e6bcba5acec665a51c28f40b1d25b,3,1,310.42,0.38519533728106764
train_07510.png,c0731eb8a7a9ae7fa28600ad9104656605101b22a2cde500a0b5dde145c588ee,4,0,354.36,0.4771058538219153
train_07511.png,a94a5cc08e614bfea18353dbd7f56abe24195222f09a67267f9d8eb2b9cf4d07,4,1,75.06,0.8928597716367003
train_07512.png,9480d2757b6031ecad21eda92befbb1e5db76770cf696c1ba8ebf636be3e84f1,3,1,322.51,0.3866892307506352
train_07513.png,c15a6d747e7f62244993ef6764f038dfd28e0bf985ce1cc302d5ada1a52b644f,4,1,328.01,0.39167564265841365
train_07514.png,59564be1a4de6d47923d614715cb53a6a39c0a32203c5d7048d1c56c368ed46a,2,1,116.37,0.9467720694889059
train_07515.png,14d4662aefbd0ecd72ff2e14c235da988837369f032c6fe45d0805e99c56c4a2,3,1,166.88,0.9409100615614774
train_07516.png,2fceee86870f3d9a030bc5091c2fc4b8eecb2b28fcb21e7d1f1a431dab218f91,2,1,353.72,0.4834539127961748
train_07517.png,04a6f7bc787d2e72af47c99d8fb3df283dbaca36918a8a6605fb684853bd1977,1,1,7.44,0.5422915323470846
train_07518.png,f92c5bfff73cef1bbcbc56dae014d16c00fa0473a73394f276fcc00d059ab90c,3,0,306.92,0.388201663817889
train_07519.png,bb42c9b275cf2ee648a10890a2888bf8e8e91ec485c4a76dd2b47579bbd69822,1,1,353.49,0.46682272586448254
train_07520.png,cbc5923cabaecf428e427f3c0b9a5f4bb37f30a2dbc05cb63ea0b5d6eda33eb4,3,1,172.69,0.9351043300922622
train_07521.png,813b14914da2ae490dc996b834dddb0935bb85f48f63ed9947578b1d0bd9fe2f,0,0,66.33,0.8718954382809706
train_07522.png,18dc195cd64595e06f59a5921d5658e7a4f58d624f4537ccea81a5615205000b,3,1,220.84,0.8047701883238524
train_07523.png,a8e6cf635257151bdd0a3bd321e1b680216e9d68f2abe836f5445ed4fb62107c,1,1,336.84,0.40527276358842246
train_07524.png,3072f8cdaf712308036bdd197996d5fbd90d51c532ba0504ca90e2a56508d983,1,0,282.06,0.4515337068488165
train_07525.png,74fe336d63471609292ba56ef76452b482c659c223d9de734e0f44151ac27c96,4,1,116.94,0.9479570968621897
train_07526.png,8ad237797a6eebe67030ac6f3007fa108604ea005e97a44a866dfcffe94e832a,2,0,346.81,0.45329627421727636
train_07527.png,ffc15364359b87af693fdcd83fdef1b045a6d06d9cbfd7f56f7cafa058158d40,1,0,307.22,0.38274053470610914
train_07528.png,f9d40dd7720f455ed499745fbb86eb51aed3ab25b046eb134abcd7828f9f0aef,3,0,311.58,0.38453981913773716
train_07529.png,31dfcea31b7d72b2986cc98e433fa1effbc51b4de24f54f32821a247c6fea6dd,2,1,97.46,0.9321959579676832
train_07530.png,96ed32801b59fe733bb7ed469926e42a35bfb39d721135f648d36b019ec747a9,0,1,161.69,0.9447105785864249
train_07531.png,534ab7ecad620aab1a6a55dae0a2e5c94d9df637186a238a8feabe7a3b73e21c,0,0,339.47,0.4157990954555576
train_07532.png,e3854d9cd31270ceac4675a3571f3a96934e244fadab6eddd4ee3cd7d7dd0b1a,3,1,102.49,0.9394472516818045
train_07533.png,71c4737ef83b5fab815b7a4c90d28795c374726ef6a38ac1bd6b3256b4cdeb27,3,0,340.45,0.42288309396271007
train_07534.png,97ffb9d706e969a711cde132491984f645003cee6c6e9a75f360f2ad5c7f99f6,3,0,271.54,0.5038381467838596
train_07535.png,b34e2c7514c745b54c7b26c08446fb4e178b71cf4d756e16c03287019bb31a0c,0,1,349.98,0.4557020902609089
train_07536.png,bece39dc479c0a6fd62197356deca59f2e3829a4554e9ff94fd2f6295bae05c3,4,1,72.52,0.88623038303796
train_07537.png,f75192c8abdf21269cbed0a4df05fa773247255995d67e42e49f7335be0c27d8,4,1,219.42,0.8057000886186784
train_07538.png,1badc3daaa324dc3d5fd3f9d740056658b0fb79628fcd6c00042be000bf4afed,0,0,267.66,0.5144378930655512
train_07539.png,bb42c9b275cf2ee648a10890a2888bf8e8e91ec485c4a76dd2b47579bbd69822,1,0,339.01,0.4113346683429169
train_07540.png,680d05d900b5d29a00a82a7acb50de0e6252a31f2161efed69482f37df8ee286,2,0,315.05,0.3879132511211433
train_07541.png,263df3c5bb29a98aeb4607dd3ab805273701a81af6b6ddcabafcb57b850daa64,4,1,37.92,0.738136542095198
train_07542.png,77ff5c623b753501c22598be48dbc1d78d7b7c16b3f89cb4211c0eff2f6f49f6,2,0,205.63,0.8577965856608316
train_07543.png,f131e503e435250e50e587d28b6e976cc68dd7969bda2d09ffec776eb23fea97,1,1,336.38,0.4040649655258473
train_07544.png,2717a98d593cf8f49decdabe7b8a7e47f18ec79c3a9f8c849be3548fa0404259,2,1,86.32,0.9166402956793627
train_07545.png,7887db5281b72a25ef31f5d584ce81e0709907f18464edaf8cc15fe1e5cd7bf0,4,0,309.23,0.3833075416332185
train_07546.png,9f4e623fbf747e977221bb8a486932af709c7efa8b78c462180532f7db22e700,4,1,46.29,0.7840461349119884
train_07547.png,0c1483a4beb636f264ea93e556c75056a0d799bcb47e900594127b0885df1b65,2,0,312.14,0.3881403597717196
train_07548.png,6def8150f9a56245b3cd6215a067ce8e625f74fddc4ccb752e66e318111c56dc,0,1,67.24,0.8747717616214471
train_07549.png,970cf3e067f5ac83c8e6b2caef1fc81e9eb31df1a1babf92a49c71255ef77791,3,1,61.4,0.8525053018398157
train_07550.png,f218c66837fcface5a8884b7662cbe157a7965a16a3e0042d9895b3c7359eabf,3,1,160.5,0.9458227327193566
train_07551.png,e7b303fbcaaf04e11306d6c9c5297f593d44d5591a35bdfb3c7230349686954c,1,0,330.35,0.3907377851547134
train_07552.png,96587746a5acb1562097fc0d33e74e275e26d8bc675d385683a352593a152ce5,4,1,278.66,0.4636019530377189
train_07553.png,ebaa73a317441cd39b6c3ca2c41561c30775d71d57ff8c105cfdf9b2dcc540ed,3,0,288.62,0.429078478467755
train_07554.png,2080608af7fb4041e8966ff8bd499c187b50e3555342d4f0fbe28a641bf10a2a,2,1,168.63,0.9347421414655973
train_07555.png,4229cc7e81b33fa0c6ecc49c777fe1ebe756b3e8dbedc2d2b10466298e32039d,1,0,329.42,0.3890971404130144
train_07556.png,9cda760f40012ad853f8a4569d1223cb6de2fdac0d55fc51599cf0caccffc2b5,4,1,338.63,0.4159228460724378
train_07557.png,e296224fc1eb37b94843909f867cf855aa85df6e2d6940ce311bda338ff41a55,3,0,280.74,0.45946044126106544
train_07558.png,38038b042b9c94ed44e6948e1d2f75cf4c5af220aaa346e4d08fe85869a5ed47,3,1,330.95,0.3986604459905612
train_07559.png,ebf486d9cb8f3bf7cf098142d961a55652c528ead8be268119bd73429c194769,0,1,121.72,0.9519921942347874
train_07560.png,c51b840ca61eb803af280aa92c0765a4cb082ae33618027a0f1aeb07275e56d2,2,1,144.52,0.9494673739321109
train_07561.png,95c5f5af74f9bdbe34642d8766edfbef8e98131385d4e53b8eb094b72ff7aef7,0,0,308.58,0.3790005248523012
train_07562.png,25630363cd82cda43bee88074a5a3f203c5192f0de295b73b47363f84a3a72e8,1,1,130.98,0.954981431502257
train_07563.png,5e77267af7038dbe9b34885d86a92fff398bfe2712b33a06d90f3f8b5ddddd02,0,1,104.75,0.9425091784501699
train_07564.png,16d579e26955ad308aba9f352cec8dcb891455102fb8bcf8a75bd601b3e2ffb5,3,1,147.24,0.95199189088889
train_07565.png,49648923ebf92c2fd14c9c614fd689abbf5bc41817dd70edb00d36c34f3ee414,0,1,4.37,0.5304058287963124
train_07566.png,8000150fa6fed549aaaf7f88f1451177a3a80e76e87882175924e1c8110152dd,3,0,279.12,0.46661009622818617
train_07567.png,f020b2124104e094c2176c957c86279110b872a3c34a2a99d93db72d65fa2dc5,3,1,147.17,0.952011726568941
train_07568.png,487383ae7aa1141304a519b4994f9f1228c7a04b69a71398c31333193391f171,4,0,188.82,0.907055568979104
train_07569.png,30bc76b7ed898cbd75cac4af1a1cec967ae5331e8f147ec0a5d0454b30f1d7e8,1,0,302.68,0.38919141424797227
train_07570.png,96c13807dc92c50df914472489f310dec3a95e77f090bd4d2f4866727f725927,3,1,323.53,0.38765810767735603
train_07571.png,0450c3c293884788d5f14b52f58e91ee621d1031b3b7a7396312aa2cd0a536cf,0,1,338.07,0.4115141469198767
train_07572.png,0aa26b64e644f136adf5d0d62202d733a584c586e7b40ff6e3c704f5e9becf26,2,1,185.22,0.9111385892339471
train_07573.png,38348fb6265c34344bda7aa21cab7f0c545492a80944c362fd13d69a884146ea,4,1,244.6,0.6617076651207839
train_07574.png,b980502a48d7902cdd3daa72bcd53c87b27585b23ab2b9770fcea691523feb2f,0,1,24.82,0.6604085889805317
train_07575.png,ddc0004c03db109e45fb03bfe28bd16a160dc624aa5217c05f912db270365fac,4,1,62.35,0.854232102511884
train_07576.png,3bbe22dbfec4fc2685d5fa84abe2416e10b3d2329b83155741e97eb499b5d09d,3,1,176.82,0.9300909779461276
train_07577.png,ab92833c1cf25f3aa5a33fb9e480ef6014ea214af321aebe26405e0e691e3e27,3,0,347.67,0.44878222561815717
train_07578.png,f94186d63186feafc0b4e96759cebeae5464368cb01fb57ef5953f6cb8e11636,2,1,170.02,0.9332732679436031
train_07579.png,60168c01ce2e622b8cbba3d0ebb93a6b26fb855430676ad2a2929fe84074de36,2,1,321.57,0.39120374089281684
train_07580.png,fba1887882f1d5f8822fd0f8ab74002aeddcbd071b444a6e5113b4a24a85a6b8,1,1,25.27,0.6567376128344445
train_07581.png,1606b20aae098b86d1b0e1ecb7361a41d5c50cc8a7cc8e3c9f77d61a3afb4170,4,1,84.37,0.9131013470560415
train_07582.png,e71f1e2bfd51edb1932f70e49e085eede94170206c6f51d64a31dd6fa58b53d6,3,0,352.7,0.4704835951826619
train_07583.png,9179bbc89e56e16901e9669b41218701a4f3cf9675995644a1ff7be652df4ec3,0,0,295.63,0.3995474340297068
train_07584.png,0527411f25466f649289a5c39b6396c9c15e887d0eaf863a18b81ec60b3bed2e,2,1,245.87,0.6506964750922934
train_07585.png,751c84f5bb16662d6f7978d71a735ce1972d66224e6cc013455093288086ffb5,2,1,21.17,0.6417871313567571
train_07586.png,0ba5466b9f9c6f246e43c2ba002273ef98c409c784adaab8bd5eb1b412087d0b,3,1,122.28,0.9515530775050153
train_07587.png,8e373e79dd89afe8942f69c823fa791c9b001a17863156df9fc9ff03e9e548bc,1,0,322.24,0.3801580866807225
train_07588.png,ca65915c63ba078f5e7cce93e2ec06ca52bf6230446bca82972f10c20d5f1e92,2,1,314.8,0.3878916753358593
train_07589.png,926283f6a21e9d95ab21cbee05194431cfdcb3fa01043ef2f36cfbf7de98bef4,1,1,187.84,0.9155361606166637
train_07590.png,d80086cb4f2813c31469c3f4168607d27ea0c259d77579c64fc30f5a12234dce,1,1,126.89,0.9542972872865718
train_07591.png,c5ed8cc6ec4d3fba328d1ccedcd0bf6383db179b477dd1c856fdb41e597d1729,3,1,153.87,0.9495301175435938
train_07592.png,f076d2954f0086363f0bed28ebf906e7c112c91dfc93fea5db865f5f4585d069,2,0,337.7,0.4219241113503195
train_07593.png,69ec2a76392695bdaef0ccf0cc80e2b04a40e352733236ddfc0f052dd3d0a0f2,1,1,264.35,0.5444964417550648
train_07594.png,8fd4e4a54e419f25dea362fcf39e436f13e73809efd5153acb405a569faa8a68,1,1,106.8,0.944497759770156
train_07595.png,37ff1cd540b5b120cf1a0aff1c52441dc3eea51c60d4457740973d60ca3e4f28,4,1,266.33,0.5265710204467599
train_07596.png,e43ffca8b9b6a52a147f0ded4144ce31e2e0e2dd82f42e6ea3f0bae644d94454,1,0,273.6,0.49203046638792053
train_07597.png,5e310a9e4531479de65cfc6735e022b6bf96e70b281fec8fe61df29ea22948ac,0,1,343.11,0.4280883188914475
train_07598.png,27300923588c728ab02649776fc862c4ca625ca3b33f859bede3ff2d495ab004,2,1,15.42,0.6056338564963942
train_07599.png,50e60619593d1f32d7d92e5dc62ac707b337e2905364816b0c9cac7588c500bf,1,1,306.52,0.38356314663420427
train_07600.png,3f75d060e5f1491ddb0b434d98872848b60cdb079152f17ae4471601e2af1381,2,1,240.09,0.6868080539690761
train_07601.png,20634b234c145e619519607e9ce5a2d2b90686097021aa4c26eed4d22c95ccf8,4,1,155.65,0.9467117310119899
train_07602.png,997fcee756efcd0b4949a53c12be0da5462f6f375f76f74428431bc0baddd491,0,1,116.21,0.9498515496276648
train_07603.png,e403b8471204e0f8aabeaf1bae5c20bacb06b441d28406d866d18c2cb5ec31fd,0,1,62.77,0.8599140895039196
train_07604.png,2375144251a79479f56494ad223ef0761336c98b701c589ab73a5ef1c7e74a93,4,0,271.53,0.4982074411689998
train_07605.png,8aadf2935963e0f281902eedf6a21cca2f107bd19bd1e8df20415645a864b8db,4,0,337.6,0.4129553980658161
train_07606.png,8de082da8b135ac4420aaf0bf7485ccbb2a5347aca4f0b9baeb165fd89712281,3,1,242.52,0.6818562001583829
train_07607.png,a29a5df0ae108b89ad8a1d5a6e1fef9de8de67b53f1b03eba332bf02f7570e11,1,1,277.61,0.4718436347984682
train_07608.png,6c55293f39608f9bb577bb2238d35f7747bdf7464bb84cba9421b2ce0c7dc21a,3,1,142.21,0.9531059967439333
train_07609.png,ef69557c2e5c117cce2791ead267e7b82189c52bf1f7775dae4442a65e56284c,0,1,294.33,0.4027869785309249
train_07610.png,2bae64758629cb1c19948f03c60f20f04ea8433fee587047d39fbc13a0a36d78,0,1,155.76,0.948483668817947
train_07611.png,4116a8765d1183b3d3c7486977e8db636a54179cb44d4ca6b7c0049f64629749,1,1,84.85,0.9165364075682921
train_07612.png,eda64e61bea7d2dc97545f4e3324a045442b45624d28e14f9d22b2e10eb2789e,1,1,184.64,0.9212556051543751
train_07613.png,0c40a466539e7fb2db40a3311e76afdaa46fa791d7ccf0dd2ba3a10935794863,3,1,284.35,0.44462059571801615
train_07614.png,c897a5a684a5b54c9a483e4b452c888c09cea28855f3f7eee914424499230624,3,0,284.43,0.4443091603044274
train_07615.png,4841543f153ddff2ba248bd32e114c342f359c2a176733c5be240528634da7fb,0,1,61.2,0.8542517324134348
train_07616.png,3852cf7ef09497dc765be8b660a4c23ea2b231709c2b9971acf224818b024243,2,0,309.28,0.38938326501851594
train_07617.png,c68d43cee17f8f0116b6107d2d7e4dca7836462027774a5ceb308faf280848ee,0,1,166.94,0.9403692213446531
train_07618.png,8e9d84758fa51d26f01615f1bf3b930b4262cccdac892c7cf48851fb0a2ad298,1,1,36.56,0.7284662332556824
train_07619.png,47f5e144c78c00c25f476825ddcc914e3e1682cf7dbc270384185f804c17204a,0,0,115.39,0.949461225615227
train_07620.png,afefd75811e434a0d7e71a60d0a12c70f9e385ce5a3170ab48d2365da3a122aa,1,1,343.14,0.4245236028592068
train_07621.png,3ab292b88c71f0abcdfb7c95034bf9b0cd5392eca85df9c59bd1b515fc2ab472,0,1,291.62,0.4102288885771249
train_07622.png,df533e600378a7d11ea89a0386c04752f954a7486d75e2c50d7c8fcd93a6ba77,1,0,348.82,0.44614057236427745
train_07623.png,44945b89acba9869ae9de44af1facf89c7803d60e6a4a8fadaff76dd6b7b7562,3,1,127.67,0.9529175820911036
train_07624.png,caf01ac79329669d0b725c05d59608cc0c5d5ac2afa01143f463947739114143,3,1,100.26,0.9372389076099596
train_07625.png,22fd9c15961e27a6d955f886b821e031234d5931a291cab8f8a31ce4a1280c6d,3,1,159.98,0.9461623510834201
train_07626.png,3debba0a77be8a2d486d5019576d45265b88d97ac785fbf364d3c51fa82d660b,2,0,338.24,0.4235062586065498
train_07627.png,85fc1c79b0acdfcae008aaef69d03cd4985936e5a7c2222411df0df334fd728f,1,1,243.96,0.6758020092985162
train_07628.png,fe7bb98168df07f76ad758c93c588c16ea216d64894406c19aa5148a1923a1b0,1,1,272.81,0.49620534958006046
train_07629.png,00b0911af0e2dbfaafb6bfd74c2d0fea1169ea8010d4ed03b82fac6a983472fa,0,1,35.9,0.7302530386083858
train_07630.png,06d7fa721e01233e4a2d86f605c789e510f5ebfc5f6947c3e31d0596541ca2ee,1,0,273.91,0.49040949247855165
train_07631.png,d5d346673f32b9dfec7a0dfde0b79834805df820a0c6e5e5176969a7dc6f2ae6,4,0,284.15,0.4407789595642605
train_07632.png,9dc6d7ccfff807072b7420916caec36a9cd7a999830b55c37dc25c1a38ae696c,3,0,313.55,0.383815148705448
train_07633.png,5635a7d4a4e344dbf4dabe738c599d23d7aff53e560b51493e30cef84fe48184,4,1,104.38,0.9396506941817635
train_07634.png,7991339f285340ce6f6c4d1f82f4ea725967d522c8c57283d3df542cbf5fd0d2,4,1,354.74,0.4789335143704389
train_07635.png,97e467078da27505a13367e9d37d9443184d86afbf53896504379c325d004a8d,0,1,325.77,0.38454497815351296
train_07636.png,37da55486a8e109f9d41a2a30d90bb9983ed721e158e28763af263bd858bc389,4,1,255.69,0.5907382709162349
train_07637.png,43bada153790410efce44df4c4dc196d064050754f08be33872edfd6689cec92,4,1,145.87,0.9506131369798024
train_07638.png,b234f8e61caea9ed637c11bb4b3055d5b8f0bc4111be392bd915ea18740fd8fa,1,1,275.91,0.48019174601870324
train_07639.png,818c286958a27b846296bd2c32d2569d5b4f9a52e8a5840d948642fb8ff7c78d,1,1,308.41,0.3814858769796867
train_07640.png,5d6e0801dc58d90435a9dae6fbdb096c86c322aef6729c9903cdcf32841320f7,1,0,114.03,0.9493799526813699
train_07641.png,7828b8572d8222d4e74d2f2a3b62ce45b5186030210ac17c7b7ac0a87c8dd60a,3,1,255.1,0.6011761251916526
train_07642.png,c118d9044d5d5c0f91278b5940a14018ae198175f9e1edf884e087b149e7b499,4,0,299.25,0.39678777467377063
train_07643.png,baf20077b86faf3591a9d4cfa141ff3b29c86fac0f58ea0412795d18236da89d,1,1,206.33,0.8679332645473635
train_07644.png,c90d3d24adb992d882b660af0b835d7969b424937350ff404e5f358b00150a8f,2,0,147.78,0.9484951381944235
train_07645.png,6aa78746bf1279a06cf797d265589e0e99aa4090d678b6cb37453156ecbcf1e9,3,0,247.67,0.6489131031468558
train_07646.png,8456d0a13883326d43c340369ee62740975dfe638b82d9f39e89cb0b25dfe2c4,4,1,140.67,0.9516596175562801
train_07647.png,858cfcc2936daf69b0e83bffd123026ef7e9b99eb3f848bc9f05a257090afa5b,2,1,204.7,0.8609639755240198
train_07648.png,fbacf66df4410ebf2c63c3c0dfcdd85e633543dc565b17b820c637bfe4343e9d,0,1,3.58,0.5257975055234818
train_07649.png,603c7313c6e8d82937c7160c441226a5c28e42f9f032c2a00e69fe9482bbf720,2,0,347.51,0.4561100163692316
train_07650.png,6e1f6831104278278a0c1ea7afbd311a7b8f656c78467a00456da7cedb1da45c,0,1,33.57,0.7160787079421128
train_07651.png,d7a0f76a408f5b2d645b1255fc3596e0418ebe054407cbc6f477865711a7b2ff,3,1,74.79,0.8938686636004237
train_07652.png,3dcd358061a32691c4d97797341a8e3b6c2c7323a3455110cab995ee5ff9c1c4,0,0,342.21,0.4248962999418057
train_07653.png,20240cfac846f25db308cd1fab015cf71177edab79434d46a694177a1f488b76,2,1,232.32,0.7333559362291597
train_07654.png,f13d16c5a08252867f1f3055057aaefc37e624c75fe812e3b018a8fa40fcc94c,4,1,132.36,0.9519542491674505
train_07655.png,08a1e54f8f21f484c5dde3261706b29219b1b8a83854098d8e47fd0b174cab75,2,0,329.91,0.40307703864598343
train_07656.png,2f6ae48bda00556ab55b7864adbc7d12bd53512b564ef64f5ffdcd3baf50e03f,3,1,121.92,0.9514356624817623
train_07657.png,a24aed98f12314ccb286338e1ffbf2e2396d258791066941068c944e565ffe4a,3,1,244.39,0.6699624528792129
train_07658.png,46b140c6fe9a47433e7c8acdf8357b40ca6d20638cc1cc1c0faaccbf7ebd33d2,3,1,25.01,0.6599147518896399
train_07659.png,9614c4c7d6615e3b91d70157d7527da192b5b3854279821335020d755fbec8fb,0,1,105.24,0.9429128598000789
train_07660.png,098fc987688a1b4484029fe03ce705aa95f341fc64685ef78041ace1a1c84a12,2,0,288.66,0.42825418782242564
train_07661.png,92a128ffa8072b8299c159889018929b9a57bee8b8e2b98144d1dc42cc196ed7,2,1,74.84,0.8930527187966143
train_07662.png,c57dfc921c637e6872fdfbc9c17de4604f2e3b948616ae1fb9018eb2f43b4f1d,0,1,134.74,0.9539925375367427
train_07663.png,4958810ac628b3974bef873f7871a96a066e862a90a2832b1f669f57e840422f,0,1,298.49,0.3931762138001688
train_07664.png,a69bc7be5c29c98967947b4e03019a17464cfead928f1b6ae2586ecab9352782,3,0,327.36,0.39246869258728057
train_07665.png,7979e568a1a44454942981a62918caa9dd4da7c81c45c0b12019261d0cf668fa,2,1,260.92,0.5575823135377351
train_07666.png,2aebe56e2ad19b0aa817a64e13d36a9d08f7d318ec66bd0fcbe23e5adbdede67,1,0,200.54,0.8858251156349968
train_07667.png,1ab4329d7bfe9682c60e8f12000acc533ea1ba058cc751ebf02264f7258109e1,4,0,343.82,0.4328625793204656
train_07668.png,46a4a340b529a9b82c596f3a7bda275b3ea41dc2c414813969b0cf0415645253,1,0,318.61,0.37814565946713796
train_07669.png,c0ab65daa8b367327595ce15534e480f78c296b8003faa81918804fb54f7ddcb,1,1,176.55,0.9331203491598827
train_07670.png,9ba22fed5020d48cd8c6679ad6288dfca57ed58e1295375e31133d4409d9181d,1,1,203.48,0.8771142101322889
train_07671.png,1b6d5cb022368af892f0e9c5ab9994ab843ec2662e8479703f208ba1d19d6717,3,1,289.9,0.42485387898765914
train_07672.png,708f4da7c21a098e659054da0f89ae45e8a9a1d861e063a08f04d2713776412b,3,0,282.17,0.45339947834503086
train_07673.png,31fbbcaafcb629872ce023d3a0d4035cb9150239f10cc8250798e04c2738797d,3,1,210.41,0.8493677831849925
train_07674.png,ee4f16d715f56a6c289dd77e1d66f8d761a6f48055d1f0744a8ede755cda407f,1,1,2.03,0.5108496014575978
train_07675.png,53df5c0be65eaeaa1797e1f9ee35a718d61b480214302decd791c5f50e2164c3,1,0,270.76,0.5073252649920348
train_07676.png,fec5262a8c7dea0710713008fdc0b9a8507bc658e468f401c1b4ff9e5901eba4,4,1,261.14,0.5570314387771798
train_07677.png,d0f001b02c447df25a311305b86d73d8b1046fb6f6259c2d64a0df2e2ab8f5c7,1,1,342.9,0.42369829521532165
train_07678.png,4565662d89eed9f350ac16f706ea34f6121361bc04c51de1124ffce0bcbdba7f,4,0,323.73,0.3858920928849159
train_07679.png,eaaac28ceff37b358090df91848d229e910fd0025beca2d3b50f45ab0f531816,1,1,333.74,0.39765682684193127
train_07680.png,58091c76a99dca04d65cb932bd66b90222968c855324aa3d89c910250057e23f,1,0,315.59,0.37775202756810455
train_07681.png,d8190f0395d68f0a8a0d7f41ae8370d5522c563f0703d85cbaebeea1941ae712,4,1,7.16,0.5462288109335021
train_07682.png,661d03d2274530d162366928d63ac27b8370ac4e4ca26832f1012c4e93a1f80b,0,0,240.71,0.6844699537085925
train_07683.png,48a573e3b9c930671230e928dc3df74a51b2525fd61fc5515877e6c0bcf2352e,4,1,141.9,0.951473105559654
train_07684.png,9936941caa71adf71c4c457b07204d2bb0c71417cc5f8871ff25ad3c33497877,4,1,317.25,0.38149374565968114
train_07685.png,4e870456163be381daf88ca0ae1c9be7ec5774c3fe50a758cbb04cb06083c0dc,2,1,79.78,0.9042787258159799
train_07686.png,bcede9e2ec1db58bea13ca752d68dfd6f54f41d40233bd696e4e0077eb3c62b4,1,0,355.58,0.4768876447795942
train_07687.png,ecdd358514477f9fa3983d1fca8c78d75ad9b115773a80dc25291c8202d4650d,0,0,54.22,0.8261683676551489
train_07688.png,44312e3f3b036d846de7db9cfee5b1b89a4d952370ef98bdf33163f7ee6141ad,2,1,73.67,0.8901333877741058
train_07689.png,4a370541eeaed5978bbce84fe3345ff071d126d74d217de17cb06ffc1ac4ff2b,0,0,33.76,0.7172473195080487
train_07690.png,54f7f1696299bcb12a042aa256867cb91b1d1b5ee88c355cca408ea8415e5aac,2,1,231.39,0.738696152530398
train_07691.png,fe0fde1ea0d5e99d9cd3716a70bf2f2bb70d8cf2037bab9ef1ae3902992a4a10,3,0,326.14,0.39073526529610875
train_07692.png,99112538e9f114f0922563e41bae0f0e14d54a779fed402b66ff1f29ad64ddce,4,1,68.05,0.873281741518329
train_07693.png,c2d1b6b6b61e4ca5cc8b74aabcc0486d626352543a821cbda8eb636aa4e03ba5,3,1,143.51,0.9528777743084105
train_07694.png,0873e33faafdc6fbefc39d2d6432ae876c8beb36bb4c2f1156a1159d07acc7d0,3,0,233.82,0.7352018683777328
train_07695.png,9aba1aeee77a5fc969dd93c590e588e8550bf11ccdf62a55cce4c8d58b6cdee7,4,1,151.15,0.9488358221977423
train_07696.png,5878cd9518a2c3f12f2672433bad49f5d27ea8e4a3c7e757496b55be71286974,4,1,7.62,0.5489627316824368
train_07697.png,f26e5d3cf7cdccc6a29f5e5957e575fb130ed609a7a8771a7ceab7cb4e0a3c6c,0,1,297.96,0.39427839905012524
train_07698.png,17a978d29090aa73e3adffe7419c3425c4f9409f98edefcb3bf0b9a22ed313f7,1,1,174.01,0.9361669522379898
train_07699.png,942d6ced27594cb99fef19963c698d75a1f88fa49d6f9cb82aa8f5919463bcc0,3,1,28.03,0.6791993048948094
train_07700.png,b43968cc62a83cc8e545172fda634a624010274c9b222908b3ffde7b6cd6f237,2,1,301.12,0.39848980557697894
train_07701.png,86583e10b1d229ab163375b9069c9f91d6cc4560cd78fab3ebaa112d45794a8e,1,0,329.99,0.3900895470424582
train_07702.png,011c5db68814d14cb8c805533c52a58c083c8d7e4c2403c9c056685a7e40b43d,4,1,154.46,0.9473306430860746
train_07703.png,4ea9d10031f0ee27c2a22594e9c9d5271443c72b9710bcd565706ada75db7ce1,1,1,241.84,0.6894608669050515
train_07704.png,c3515b8347072c9c8f0d0c475ee0a21a9b78d83cb1da10ed6978fc9179eee9c6,3,1,186.93,0.9141117499349298
train_07705.png,55d8906f5d5e5f711c2b51e7a82921d60ae9431ba415ba70f551cef50fb18f53,1,1,343.32,0.4251473226735753
train_07706.png,b986de79db4541cb06b7d45bddb26be19b15c9997fa8e93d0788dcddb8905068,2,0,300.59,0.3993662092548944
train_07707.png,8f0661aa004b8c4efebc2b9bbdea404eb1b5b9f80590245c866f6f5d5def1623,4,1,79.32,0.9028750376528838
train_07708.png,3545fd8f7c68fd13676e7dbd17346b4ae4a7182a6ca2d438aa8744e11509f72d,3,1,46.14,0.7849506113657367
train_07709.png,c69e7344e02baf1c12705babe5ad8ef728340f05f585c50fa3ebe6904d79b4d4,0,1,109.51,0.9460738899190285
train_07710.png,b27163c2413ee3ce9c0f83ecda77d87a6682be1b8bc339c42b8525f01aea54a0,4,1,179.44,0.9236322819067492
train_07711.png,fad16f9d5ec7e468daf77cf36c1058ef344e24248394033860803c9f8e820fe9,3,1,269.39,0.5154393830136342
train_07712.png,e169f829838438390eabc28f302c81a61df781a152c782284b258150443a7957,2,1,209.83,0.8425134182533719
train_07713.png,8c03fa0da59fd5127a086789d0afc9374a79c5962cb44f9e1b361c477c132afe,1,0,327.3,0.38577141019947503
train_07714.png,9e6489712c478fdf525b7b66faf44c948bf116af39ecbe4d3919b5e5091d1136,0,1,243.13,0.6688763162637532
train_07715.png,47db2611847653cc3aa2eb9bf1367b69d96b10523a2abe3e7003760dc768bc0d,2,1,207.77,0.850211511258657
train_07716.png,5d6abfc01fc0ea5febcaa98e44095a9bed8777d5c2783084259e5dd66bc98955,3,1,30.22,0.6930123379815587
train_07717.png,e29e54a99576ca38dbf237687b5a4b5760a71253b6f15264b22ad8a597ae0039,0,1,164.51,0.9425038305969687
train_07718.png,8074d025ae28eb78bf98e911a2edd016a42c203abf2dc800061d4b3383207fba,0,0,317.42,0.3771817010509437
train_07719.png,60cdd5b7464e97d1330d69aa95c6e2023cd133c8856278b14f3cdf34d04d171e,1,0,123.49,0.9534191318787122
train_07720.png,6f0c17a2e4d435fa98028ddb61268169d4b914069bea2a16ee030d53a0fef95a,4,0,335.82,0.40813777422248704
train_07721.png,e6943a84761a278ae1eac3ed6615da93a2ed28ea927f108c8e31b9c3e54ba836,3,1,294.57,0.41116792806971586
train_07722.png,6386c76df59c6f87f453c981d3828cec15d04689348a0de3756b2ccddba89a6c,1,1,196.96,0.8954444661916517
train_07723.png,a3c3497f3f7a2bef207b7be3f9794064d13f48d3c75524985ed079cfea975bd7,3,0,96.68,0.933256227650214
train_07724.png,9b901bffbdad2edc0408a0422fae12b466753f077cb721e3459beda4b6d64fb4,0,0,312.81,0.3768971197053361
train_07725.png,97983f50ec6652d45186a4ee6bc0bed7ff1ba141cc41034876db84a4abba3b2c,3,1,37.02,0.7344418093946243
train_07726.png,21506a83d2a9d4cec058dbe4ac59987d3a9282285040646f90aeb3501a255c22,0,0,336.19,0.4061489738849138
train_07727.png,d4b3bd54d95c4a1a81cd22c9ea3222385c9b408c707bf1e052e626c59d8d55ac,4,1,131.55,0.9518935508340817
train_07728.png,a264501185b822de2a805fcbb233f5fea4597b9ffa0c63bdbc268a9765ddc818,4,1,116.45,0.9477258865225784
train_07729.png,514b1bc014b3f0950c4069207914dcf682c3bc228322e97d17a756d6b0a57447,0,0,293.25,0.40564132314609475
train_07730.png,77867fe721e46baaface2d310645c23407ae485748848b5b3bc18a1b22c3735a,3,0,308.22,0.38690461787917063
train_07731.png,adfca6e9e13891d6aa828192d2b4862689e856a95994635beda0798e5316f116,2,1,191.21,0.8987305983942546
train_07732.png,91d244939bc90a464d3957886eca83c687fbe7f7a71c3fd118bf5448d9211726,0,1,344.34,0.4326124086561793
train_07733.png,c88e8807ed199ca60216f6471eed6d05e741583a089b79bed2b3b6444df45d9d,0,1,34.65,0.7226919237602494
train_07734.png,37cff47906d165cf8e7d636caa64777b46fbaa0152cb37fc21e37b261cd15dae,4,1,61.98,0.8528925990570628
train_07735.png,2f2e591955387d06c44d8d66e58e82982797cbdbe6a0991ccd5810ee03842361,2,1,185.45,0.9107054338806382
train_07736.png,39404b82d8a1e64e95a5dceb0f14fef12d72bc45c5b1788292e805bff70e0406,1,0,347.91,0.4424113248574594
train_07737.png,4f61e295671b0c96e5e69ea0093345660b1bb4190389baae7653a34fea3a411c,3,0,358.68,0.49989747620805647
train_07738.png,3f18a24fbddb406888163c3de93e416f0593b1c40ac4ff84ace9720b4ea716a1,4,0,354.07,0.47572138227093835
train_07739.png,f199a6d5c862d2e1c8d79f121bb09bb94e6866480696fa1e1c0def07d646d403,2,1,10.39,0.5746636905581611
train_07740.png,fa2b6a46de02e3b3c44cfd8c6849aa8e951f3ae729c487b9f811523a155e99ba,4,1,320.69,0.38317560541255824
train_07741.png,3f6fe464630fafcadfe75f3dbeb13ea36c7a62a5fe9829447a0f41e9d4e107d9,3,0,293.18,0.4149565936579172
train_07742.png,96f07e01e146cbd88e70118edb28299b68b4af93f368532ad78c9d5170571cd6,3,0,320.43,0.3851201846140423
train_07743.png,b68ff6d3ae7e0b97cd6887b60dcf350c15812481fe9e9baa9cc2cf1a75fade43,3,1,5.07,0.5351323703610903
train_07744.png,442edeec6ad8c3c5cf130c08b5204a4d3b3ff83d612c4892260115b2c6633ebc,1,1,159.82,0.9483862308516068
train_07745.png,f1fae65a6a4718368aa8a2403a850e906b85645e2633a19f54b303e4f5929438,2,1,75.12,0.8937360970335378
train_07746.png,bcf0e7b872856550c5ed47d694db77e280ac66d02279d8b912781dfc98add2c5,3,1,314.61,0.3836275752863853
train_07747.png,b6100c59efbdc2f79c5ce4780116b533ae086bc7891a5edc95db78ada1a47935,0,1,77.52,0.9023955760173145
train_07748.png,8bb86f134894ebb73ae0f00f4ae28bbadc97ec018213fb9fd50e7090b39c6ed0,1,1,84.09,0.915109500107803
train_07749.png,5567f847bcf030e8ea15f6d9ffbd80933fa3eff9407ca1df634eccf9579d7ce1,1,0,354.91,0.4736083752163124
train_07750.png,7ecb30e2d337b0302532f6842afda2dba36ce3408856603461af662f87f4690d,3,0,310.11,0.3853992446828694
train_07751.png,0ceacc3cfdd3c0c248a00eef8c81a871ede299284019e53da70ffb2f69a4f0bc,4,1,252.24,0.6126646355875568
train_07752.png,1bd04f197109e8cbdecd3e607d03ae53fcb883e4a046bdb7ac3ad1b36587db9b,1,0,288.86,0.4250611224353032
train_07753.png,3b8ca7cca5e259506abe7e41bc4092da141021222170c45e6d2ee920586a14d5,3,1,170.17,0.9377913229301353
train_07754.png,e0a0fb18c5fc9bd02cb60e0af86aad821845092cacbb972212818c882d47ed14,4,1,77.88,0.8996386412560554
train_07755.png,071424ab37a86eb494f77e55ed98f18a787752a9d10ba5a2c48a54062633606c,0,1,79.8,0.9074107237369265
train_07756.png,ff44d85f158d318addfa8d10700901851796574ab5678e73e07d1e135fdf1df4,0,1,168.94,0.9384403485506674
train_07757.png,9ae0cc24a091dbb696d95003b9b6f04c50d68641e463aaea8ed7b7514ed0b34f,4,0,278.1,0.4661233723400828
train_07758.png,59fcc723abb0e8df080b2e634f440779a4ca0f3f6acfab821a55f4c297cdb874,2,1,257.57,0.5776551107250206
train_07759.png,6ad3b02e663a5f325d663d7e1f18bfc141cbe04091bf2da5ee9c4cf131e236ec,1,1,338.0,0.4084385240364459
train_07760.png,cf941d5722898b622d3bc4825e0227ad4c388d9eb7e146487037caa2f6427751,0,0,39.77,0.7529572603114859
train_07761.png,a9cc321f58f2ae4ca93a7caf350baf207e70c0229965620594fcba97853f49ec,4,1,347.36,0.44628820392750623
train_07762.png,32768ee0169ed4d65f25653b10633cd83eabeefea4b19de8e13bbc0bb036dc88,2,0,314.09,0.38787251231481445
train_07763.png,e4cabb7a87e44944b1881a7f93f9a4c4e72d9da27ddb13dc1ec1185a4ef6fce7,3,1,123.17,0.9518289606969188
train_07764.png,23946217c6099c82a6768adf5ad0ae8cdbb61cc4566e6c2f9ef0a3406e808fa1,2,1,140.98,0.9502126571881903
train_07765.png,ad3c33e58ec72c0261ed9003f128c4828e2dd057fcf00d9d77848624b4fea842,0,1,65.34,0.8686810998009064
train_07766.png,0ebe95969656c08740a60c2dc36ff1026e6ef9deffa931d3870c9158f0a13ae0,0,0,324.63,0.3830187168186074
train_07767.png,9a679467cde930d0c66c95d0679ef8f4507d67c4f52fffb7888760f6f47fd0a2,4,0,285.77,0.43472063539197997
train_07768.png,361d7eae0d16a2320fd3f546f785f2ff244061f5b699bb11ba83614d48ba2900,3,1,162.22,0.9446364759703172
train_07769.png,7f8a050e4eb02e72aa9a93bcf72f8df2624ca43520f642f2b10a6884a44fbfc0,1,1,134.68,0.9552605773532948
train_07770.png,bac9ef38b1728c48f0ce87016ac780d2adc68c1f39dc0cd5d1734ac72669d8d4,3,0,340.06,0.42166613578598416
train_07771.png,c24f41c8a9e10b41d6a4fa289a0c613725972c1428f3b8a55623dea1c46b7559,0,1,269.61,0.5036244204061945
train_07772.png,d09763db288abae07133e5c9cd7501d54fb3dbfb178e4a2d930be27c9cd245d7,0,0,277.02,0.46597220721857924
train_07773.png,e8ab50ae77a56d8887967ed54d1f0b28c8e11e2df60cb2dcec679462393307d7,3,0,75.79,0.8963555544573902
train_07774.png,2c16fad418a1c145a7cf1728b120f7a5635669df86537fea85fe47420dbe814d,4,1,196.28,0.8896987190128162
train_07775.png,122de09ef373c5e191478f6866b1e71c9663f354553366d5ec4ee24ae2c41271,4,0,351.09,0.4620239931860573
train_07776.png,564a216cbdceab253bafc3aaddf481d4a6e059fd5b25ec38c7760cb27210e657,1,1,20.93,0.6282363077770913
train_07777.png,26fcbbc1101e77a49e0a9a160a1fa3cdbff445167e3231493b2a46f79623410c,3,1,161.36,0.9452418065302476
train_07778.png,e85093d7892c9889944c75ccf8edc4479eaab081f8a41d4031fec76fa886de0d,0,1,32.04,0.706592289928753
train_07779.png,c2ec3e289437d41d30d7f70332ac8c38d6071f6c9117ede60f64c60a57de553b,1,0,304.6,0.3861412662634961
train_07780.png,bba66c86db5187a1ff1b1aa75d6e0a19721bb138dff2f8ff372a006dd67027d3,4,1,74.05,0.8902846187613433
train_07781.png,d4256d83e048d0dfd3003856e2be447501acf2a0f6d5079abb65160a77ee3d33,3,0,249.62,0.6363450992635299
train_07782.png,1210bdf1478d1f313866cb4b4339f617c60021fcdea477059c7829baddf9d5f4,0,1,307.28,0.38010196548797615
train_07783.png,b39d4935779e6ad6a1e0985669a1a77458de63c7d88d6a6ef56ece3c579f7f40,4,0,189.93,0.9047261274655712
train_07784.png,5a8b494706a9b220560317ae3f9a4707872f8c9cc97a3982bd2c8efc37f2b7a2,1,0,337.4,0.40677961583966765
train_07785.png,509c9e5af03c43fdede7da4619b5a84e05edbcba2d23c5de6c32ce849e9304cf,4,0,359.71,0.5041932193299902
train_07786.png,e437c910e9ea4c0311f366eb495ab4fb2be6599165e9164683348d308b444387,4,0,339.45,0.41837917628636295
train_07787.png,d3177ffbeb9708d39ad3ae288e67f301f5c1c87f17273f631a63d8674544955f,3,0,94.52,0.9305738195726844
train_07788.png,c23afeae3337815dfd805b6053ec1b2006432e86df0d9c9f771b6f5d095713e2,1,0,306.41,0.38369811239578433
train_07789.png,b377523c3ec9784747c8276014d12fa9fc3c47a18796b50f91b32b80c5bd3f59,3,0,3.59,0.5266605833920556
train_07790.png,d03449ac9e7b6ad1ba5f569c73dffef3a3eee8f932083a06c4d3a41866c08b1c,1,1,164.89,0.9448645120604151
train_07791.png,ad5cd7ca872682a7cc612e5bd144cce915ad7802fc6c8a5455638aa56f22f4c3,3,1,331.7,0.40015961689727153
train_07792.png,255c1308ed6121f37bb7c2c86c8a0943fd2e83ae35261d883f4f2ec05f5f4653,1,1,26.17,0.6626238506078466
train_07793.png,77f66dda9868261c38b48f419fa21adeed6c4b877e31aa0115dfa77017859d2c,1,1,176.89,0.9326896168024531
train_07794.png,ee2ce8b8f8466bd64d1b0acdd4b79e69326fbc57de4631cfc4cb1e6626c1dba8,2,0,342.61,0.4376068063976201
train_07795.png,2aa59271f8662019cff2d42a97fdcc677e09fbc7085ac5c6ad9a6460848f3c87,3,1,43.77,0.7724873662892573
train_07796.png,acc034960f0f9a2602649a49d4791c6db0970af440ea82d54fb4f87e0edf2921,4,1,306.11,0.38618304732774617
train_07797.png,837cc751f3fb8e3b6e9d256fc7b60595219eeb241a62062636108a4b0b2eb647,2,1,56.68,0.8348905067305038
train_07798.png,09d59b6d77d73e0c16ae10034a05d242b171b31d4f5455a7a9dd8a4161f106cf,2,0,333.76,0.41145896653799363
train_07799.png,39714b98c385a493b237119c0b96f4d647afdd334fa31f5f1f19e3d248db6cf4,4,1,155.69,0.9466901922471883
train_07800.png,e48f70e1d63d3a280ea47d6f6c890c829ccd27f398b282022558a0afbabb2015,4,0,323.3,0.38543771686328454
train_07801.png,8f7e49b976bb3ae4ad6b58759f85dec5e053dbad4f21aa0391869da9f3369a4a,4,1,122.23,0.9500256962847596
train_07802.png,fee9ff837dc16e7b56090ebdcc25b733653c04ad3f798ad8ba6e3af616508c52,4,0,296.6,0.40246161983952794
train_07803.png,c23afeae3337815dfd805b6053ec1b2006432e86df0d9c9f771b6f5d095713e2,1,1,93.68,0.9306070523216028
train_07804.png,c91d3908743844e6ac333a01eef5791dc39ca984982be2fb8a20d38c7066401f,2,1,67.25,0.8721910571448096
train_07805.png,b21854d090cd76e42d06162f2e59693fa42d58c1facf94cc280eff35d3cae5f3,2,0,244.28,0.6606986275661522
train_07806.png,8358fd95bf9ae38089bd09d495aa1c6c5636afcf1aa016e808aae9d11542f3ae,3,1,53.33,0.8195796790489729
train_07807.png,7a4fd4189118b84a362ecdc087c4d8f6b86c0f75fe1122ab05263fff9a6d608b,2,0,346.6,0.4524630865538925
train_07808.png,00ec5d793fd60fc204d4d8209dabf2d8e19634ba3bf5634caf9c07ab4570ecea,0,0,272.25,0.48955968471046507
train_07809.png,d0db89604a7c5dfc608fc8a220a89ca0b3879c6075856eba518833fdb4e019a6,1,0,304.75,0.3859228582285279
train_07810.png,9d73f20524ee6fd9c58a99a920ee347ff73547f8f16f56975a3ee984b8f1df0c,2,0,182.6,0.9158446325342139
train_07811.png,481c9e44787372b837ffbcea94069a26aa059116bd806cfa1697bfa43c830716,1,1,242.26,0.6867680821604366
train_07812.png,36eb242c07ab5f261053d420a1190857dbbd788c7d74f5661b2c526ff0874417,0,0,318.41,0.3775933527086405
train_07813.png,3d4f6478af8837d28f48a0d1f447ab133af107d27d0ded4003de03f0f462b9e0,1,0,177.31,0.9321498407506724
train_07814.png,3e5055d8c9d6f1cc680feb4ce059f8ef45cad26e78cdd5bc657a2d488ae87c9d,4,0,329.19,0.39367339492716064
train_07815.png,9627bd8f7fadd21d7e345132358f386456576ecc69f5a82bef75fcb4b0427c5e,4,0,295.51,0.40505022785301104
train_07816.png,620f0143e4ac6dce8742edeca8bba006f2cd16a3ead99b35c5f1e2be706605f6,4,1,340.5,0.42164562761726243
train_07817.png,bb54c22891517b9e160b4b89666acbe3e7702d8e0d891de3c1ddda3dafe4e247,2,1,338.81,0.4252147593173409
train_07818.png,635d0296b72ba36bcecd57d87c37ea06738bbca55cbd4d333f71d04b6552851d,0,1,318.01,0.3774121021282531
train_07819.png,e79077b6cd9b77198fa7f2a8cb264682245524729f9d115087e720630a1dc7ea,4,1,52.28,0.8131115280661431
train_07820.png,25763a22b756b31c00b840ef43b00cdc7bb5037e77bca22232145a1523c1adc9,1,1,136.49,0.9552812377354092
train_07821.png,38c6056797be2352af0bbbc16ada2869d422de1131760d29757fe3122171cd0d,4,1,107.16,0.9419453389466952
train_07822.png,75441d6e760cacc7fbb80266dfaee414c6f2077f945ff8f447cab392cd3eb9be,4,1,9.95,0.5630153604311363
train_07823.png,705fd6b1e9701f65441d664f58583d3bd17ddb29d906bf4e69d1fc9057c2b7dc,2,0,354.27,0.4860742794837986
train_07824.png,56b13293b7c88e7f2ca01a5e5774e31f6fae0ebff354f1b970cff202342d2e80,4,1,107.23,0.9419995218091956
train_07825.png,31d0e1b59f5cd0481d1cd1099677d3143e2ec8481f2358e8c88fc00259a066f3,3,1,32.78,0.7089044850367607
train_07826.png,649b333630c99d0fd43fefd9b6fb5b04fad52f44df26e65da765e2c16f0afeb0,2,1,44.55,0.7793529624417715
train_07827.png,51219969c2ef658fcc568ea1c32b0a8f7e7949c20111243508341441d27ec4e7,0,0,199.7,0.8817540195392297
train_07828.png,4a01bc4da79ee790600666e1096e9dc3c19e51d7fd11aa5c15eca1dc2ba1b592,0,1,133.53,0.953978471837752
train_07829.png,cb6ae8bcefbb7ff77c7d353c922c7b15492fd5bd095eb5466a2fad62c3e56245,4,1,39.5,0.7472301697419873
train_07830.png,145951748bc6bab229d64b3d5399bc826164d2f77f30cbb3b0f6859f52563d13,1,1,252.07,0.6226890711821577
train_07831.png,f4e365c2dcbe60cf32a2ba5a46c138e9bcbb845e4c0d900e0b715cd3dca89c71,4,0,15.09,0.5950046451006372
train_07832.png,f77aab02d7fbd31b70d7e1551cba650e8c4ddd445a90fe5a9b77196269884d64,0,0,273.02,0.48558873076466025
train_07833.png,09e9908f27f1aaae46e0e9c1b48dac967671c3a54634f5f931e62ddeb2240ad8,0,1,285.21,0.4315051248785266
train_07834.png,9d9f2df18d3277a47588ef8d9300d7ca234d8d5665690728f33ab82c4035629f,3,0,285.36,0.44074499175572973
train_07835.png,ac63e27d7aa50644647fa9825296ea99fbba499e86a87afec20c97fa2b95261b,0,0,295.38,0.4001537606781085
train_07836.png,dbea0a8dc4e4de637a1e01f0ac7a4eea439333b345fb7b667aaf7f5d32d777fa,3,1,71.81,0.8859909117734867
train_07837.png,77ff5c623b753501c22598be48dbc1d78d7b7c16b3f89cb4211c0eff2f6f49f6,2,1,245.0,0.6561733892754564
train_07838.png,96b61dfac7d41067907407e9d0813e596c705f62e2fe7cd525b9ee71d5c47bf0,3,1,154.31,0.9493243458087596
train_07839.png,50505de46c7ba7b7ff4dd989a2bce233875b7e62c99330283cc270fa88d783d7,2,1,282.21,0.4510589036273987
train_07840.png,af65df420dd3d2f87c8f646b73de59dfb22ef782dff49b282b9995ad5b413a05,1,1,21.59,0.632573405303567
train_07841.png,9dd87c675a2fa948736b3fd3baa52653560144cccbcce6d242e0468e213a0f2a,4,1,203.5,0.868727569601994
train_07842.png,afce7046891820dc09617d190fd04de55520e68dac5ec39a60318295d4b2f167,1,1,120.7,0.9524800040606528
train_07843.png,81a0399df77eeead8e05a98b96150e8d10bd24e99742a4941e54c298b28ae870,2,1,85.49,0.9152168887129276
train_07844.png,6799a867333a0bff5cdda6dc56808a7a43c24a2af9fdc4113822f60a40ae1c65,3,0,327.04,0.3919958309853037
train_07845.png,33968fbd576d0e21724f98b1f909929ac6fcddc2643abe1947f63ca7e8602999,3,1,288.42,0.4297568165717754
train_07846.png,1eb80c6e044440d46c8738e018d1e9b459cf894f42cdc9bc9e7ba7493db83a6d,1,1,310.9,0.37944591857147164
train_07847.png,7bac422e82c6518130a053f5810f88069c8a0bb85a96c7a43f7a771b2cdd437d,1,1,351.39,0.4572070486451181
train_07848.png,109cac752788ced0a018b973429a50b5a1eeb9b192bfdb14f0b26da892a2460f,1,1,131.0,0.9549838008169887
train_07849.png,983c22129e6d70e6c9fa3c726dc07b0a57070beb583a2399963b9ca3f031ae23,1,1,118.69,0.9516763034558796
train_07850.png,99183cefd621dd3335a20a8331a85dea90c2ee47fa741e98964538a8fda7c60e,4,1,189.54,0.9055541721029983
train_07851.png,9214a6e49c59fb3ab323beeb09c02a944d6f3c1927b621c5dd336ecfe0ff394d,0,1,62.66,0.8595250165509066
train_07852.png,47d3b535f3331d83b80ced7d7e142f0e6c61955d2030e0e8f8fdef78e1defb61,3,0,312.13,0.384288288548413
train_07853.png,c1542101207e841e387ef94cb10534b9cecd5124f08d01e1178e943ec5862fc3,2,1,121.59,0.9487968990589175
train_07854.png,4e6bff211c02be5745bf7d44d30cad3a54ddd327f573eb3dc005ba14c1cb7001,4,1,225.94,0.7729408162918746
