hash,train_image_id,train_azimuth,train_label,test_image_id,test_azimuth,circular_azimuth_difference,raw_identical,official_rotated_mae,official_rotated_corr,best_flip_or_rotation,best_similarity
0054f28f159574b1b415a5760deebc9c79a1502a44a0785928c3b8c35ccfaef1,train_01668.png,9.64,1,eval_00495.png,101.38,91.74,True,55.20750427246094,0.20454020285151306,vflip,0.7219770229744293
00597d3428669eef5d7c90518ecbdf27fa85fe92520cd01652dc7493aef20651,train_00420.png,45.74,1,eval_01394.png,147.57,101.82999999999998,True,57.219696044921875,0.15311348039900494,vflip,0.7486405933152459
008eeb0c333248a7b09b77a25f25a1b25f2d4fe07785dd35daf62e59b4652ac2,train_00560.png,330.51,0,eval_01751.png,139.38,168.87,True,29.975509643554688,0.5568430754194698,rot180,0.7535093207940056
00ff82d717120c9ba4c6c3c35e6ae985583a238fc7af865e70ac6893c1032a22,train_02059.png,134.01,1,eval_01505.png,104.31,29.69999999999999,True,26.9769287109375,0.5557692154015702,vflip,0.59781121884097
0100fb2cd31885430472383fbaa1eaa90c2765ee1e3f2c569354070d71d6d969,train_01577.png,77.56,1,eval_01484.png,124.42,46.86,True,45.52876281738281,0.36661048338079516,vflip,0.5359802116576076
010161b09ab6422e81bc5374af49f0bb44d40570b8a96924e51e836b2d30d234,train_07301.png,5.78,1,eval_01876.png,165.44,159.66,True,68.8411865234375,-0.07947590773357675,rot180,0.35977704262937443
010f1fa166ae8ce13b0d4a1645dee4131f7edfd3b44be996319dab05bab16cf5,train_05461.png,332.89,0,eval_01803.png,158.45,174.44,True,48.4537353515625,0.1382288262509737,rot180,0.8887480172407419
016a26e3f4cc1906f919e335f389cb700bc1a2e486603f280756a8eccf3a2044,train_07293.png,93.57,1,eval_00344.png,119.52,25.950000000000003,True,38.81672668457031,0.5594788538378067,vflip,0.62083489048416
01b346b4e3e6ff4513e8fb1ebf5df149af0ab31d6c4a8e23d66ca498c94bc1bf,train_01270.png,296.05,1,eval_00175.png,168.85,127.20000000000002,True,36.893829345703125,0.30531515046112134,hflip,0.5311413432430804
0266f997a7420729b6bebeb42a6b9a0d3f489ed84b999044d26babcc0c7042a0,train_02294.png,22.48,1,eval_00361.png,113.64,91.16,True,48.01054382324219,0.17748221877112838,hflip,0.19890087195696768
028de32d00e261bd013d6d1abe95a0b0a6da8446106cdf4bddb944d1020a686c,train_04620.png,118.0,1,eval_01242.png,100.85,17.150000000000006,True,22.01953125,0.6818251096272814,identity,0.6818251096272814
03173b83f874948c016dd770a3f48359a2338a96492d6a230c8eed35aa0d60da,train_03026.png,356.98,1,eval_00240.png,108.84,111.85999999999999,True,36.70751953125,0.2377147942769446,hflip,0.5116420906115193
034e36e554558405f586ff8bf2c34f5a74e9c972688c6aeaa61e5bcb9dcecf50,train_01597.png,336.74,1,eval_01552.png,165.91,170.83,True,105.43569946289062,-0.4870793855703694,rot180,0.862733141895442
04119410be53b7cd98380a187d81c012d6b305137b893a77e7d09f67bff5116a,train_06086.png,272.29,0,eval_01593.png,71.73,159.44,True,69.31678771972656,-0.2632138623729447,rot180,0.6181002487180525
043cc803d6a13cd64e376c3a45326c9ca0771be8425394ec15cba23a7ba2e171,train_02856.png,132.42,1,eval_01437.png,117.07,15.349999999999994,True,22.274612426757812,0.5730601711124235,identity,0.5730601711124235
051431cf2a81623f2ca4287b2f1571d74fd9b881eb3a772bef911604ffd9e4f4,train_00680.png,118.77,1,eval_00787.png,126.1,7.329999999999998,True,19.491409301757812,0.728253605049588,identity,0.728253605049588
054e4fae0b6f23339e64cb11b90dc1a15038b8a5133adbe49231b3c986763e78,train_04790.png,265.82,1,eval_00101.png,132.05,133.76999999999998,True,79.44767761230469,-0.048305501936242744,hflip,0.6498768561334282
07562757f4b08a7522e59550425802c0e24ac08b60120173543c264b87e818a6,train_02825.png,343.49,0,eval_01662.png,252.01,91.48000000000002,True,37.1033935546875,0.38431123538098466,vflip,0.43249786641606075
07584d1dff794c081ae63fa69de1b7cf69057dcc3e95643ad9e9dc375d214048,train_06960.png,331.87,0,eval_01335.png,244.27,87.6,True,61.48014831542969,0.2758137599986965,vflip,0.2824748703866385
075d294c2f08dface7385c7e26eab2987782b44da8be195c74b76ec2b98dfd92,train_01152.png,270.1,0,eval_01466.png,173.18,96.92000000000002,True,61.18244934082031,-0.03179648215526796,hflip,0.48207633404758377
07e2e584b649c1893eac81f97f366b3f6850e5402b3db74006b6a96c718c1992,train_02246.png,317.15,0,eval_01788.png,67.11,109.96000000000004,True,22.876617431640625,0.6924601596806574,hflip,0.7061016333090223
07ebd91ec0ca4092948bf53325988ba32d339b0f4f377bd847706187dc2a8d1d,train_06151.png,359.61,0,eval_00375.png,332.36,27.25,True,34.916107177734375,0.4458343935071583,identity,0.4458343935071583
082816f26d01fd219ad8cefb0c8e31b3c3c8bda37d54c345a9630ca6f72da589,train_07498.png,34.88,1,eval_01281.png,176.88,142.0,True,75.01164245605469,-0.1048380463868598,vflip,0.39907999309336223
082c05b16235b46aca21bd13f7b26925edbf23ae9f9cdd73a0dfda3bd1771a74,train_04488.png,343.6,0,eval_00306.png,2.03,18.42999999999995,True,34.55784606933594,0.34708770198935107,hflip,0.3952181287707814
08c671cd2535344e09b820c54edf2adccfd8f609dbabd6dabb4d34e2ceca9fe7,train_04583.png,233.34,1,eval_01823.png,104.58,128.76,True,32.74491882324219,-0.02975309804870572,hflip,0.21567365368147517
0956caef22d74ca5ef640b022ee49aa61456d785043549fac4a208fcc7a65656,train_03112.png,221.06,1,eval_00763.png,108.57,112.49000000000001,True,59.95487976074219,0.15549013780005203,hflip,0.6507184070140225
097f2cd406e3d88f257acae2d1598032a2590183d88fbbf725af28d44217ceff,train_06459.png,186.05,1,eval_01883.png,107.78,78.27000000000001,True,35.302734375,0.44324976056658194,identity,0.44324976056658194
0984db326bc53c32e26a0f59580a02fb4d5657987b13e55365831c076b482a0d,train_05177.png,303.13,0,eval_00988.png,182.15,120.97999999999999,True,47.2418212890625,0.08383296083081984,vflip,0.24645030644627314
09ebec8a9c7ebabc3213d01b7443d6c5e670efc6751c168b78203f16f3a44e4d,train_06910.png,280.99,0,eval_00888.png,347.9,66.90999999999997,True,43.76031494140625,0.32581745908963616,vflip,0.5610423378274095
0a708dd4af12f344dc6b66b8f3821090088dad1c3aa7a741345f651da49d6de0,train_02667.png,352.21,0,eval_01639.png,338.84,13.370000000000005,True,18.417617797851562,0.7463578774455629,identity,0.7463578774455629
0add1a18c2f8440a592789004a17ca6b4b1b249cf6a4283b18beb9b8e14280ee,train_06991.png,275.71,1,eval_01716.png,164.0,111.70999999999998,True,32.25917053222656,0.35396547125720595,hflip,0.5397472921901058
0bb5b841c1a921d9732ca58829ba75c847833bd865d05ec87fa01add24522376,train_06667.png,289.84,0,eval_00293.png,48.35,118.51000000000002,True,53.14012145996094,0.018612823232260378,hflip,0.40577975196729116
0bdbf1bf99d6ddc4e78a4a1ed87057a5518199e2d95549841bb51ca64ddc85ec,train_02201.png,153.88,1,eval_00328.png,114.95,38.92999999999999,True,34.674285888671875,0.5655534027185238,identity,0.5655534027185238
0c3168bf7d9dfb89c078942f0505d75c1d0769b8a5612539ec1e1b8b4bd76c43,train_05533.png,125.81,1,eval_01334.png,98.34,27.47,True,1.1674652099609375,,,-inf
0c748c95a01fb4cad1fe4bd5172725eccf4c3763826028d4861c61d48748036a,train_04944.png,271.98,1,eval_01990.png,119.88,152.10000000000002,True,77.62826538085938,-0.04521359730393241,rot180,0.5151223091997469
0c88b740357e54f32331ac7b91fec41a329d7f733b25ddf5ceb84d4d08439f97,train_00747.png,168.9,1,eval_00046.png,96.84,72.06,True,64.33433532714844,0.19456927599102297,hflip,0.4955967216725779
0ca006eaf12c7bd35509a9d68460a769b575abee084a94b9a3aa09266e6e9e66,train_03378.png,349.13,0,eval_01808.png,25.62,36.49000000000001,True,40.51220703125,0.5615221847902963,identity,0.5615221847902963
0d10482517c13080d612386d70cd30cf464d022c395091e0be18a08494650b23,train_03856.png,316.09,0,eval_01191.png,314.23,1.8599999999999568,True,12.3927001953125,0.9177560585550061,identity,0.9177560585550061
0d59c1dba1950630c0e105eaaf634b42ae00e76df44b40c9d4e11b1953919eec,train_07288.png,313.22,1,eval_01139.png,150.73,162.49000000000004,True,78.22319030761719,-0.17169611290709808,vflip,0.8017481742367925
0d75560efc6e1cb28bd58d973b0fe5d96c9ef5771ccd70d9dda77670a910dc0d,train_05586.png,305.68,0,eval_00184.png,342.39,36.70999999999998,True,36.72972106933594,0.4469909199808623,vflip,0.47487055241810294
0dd08be9e70d19bbda9dee017bd62eb34c4b9a5f4da8bee4ab3616207b6e855f,train_06778.png,334.75,0,eval_00813.png,294.28,40.47000000000003,True,41.96745300292969,0.5332672356075914,identity,0.5332672356075914
0df7937e541d7c1f465e062d5843963d9775f2b4b340e91b2fbcd86f68fad514,train_03854.png,311.61,0,eval_00880.png,279.66,31.94999999999999,True,32.61924743652344,0.23595167017402835,identity,0.23595167017402835
0e5d9d3faf5679d69566229cdee8669912ea6e6a7b867c14ada42ebd2bdb23e6,train_00667.png,258.94,1,eval_01551.png,147.89,111.05000000000001,True,57.421844482421875,-0.03556702340040288,rot180,0.27641583442224993
0ebbe04380e81e2d40964fe2b35f30958384b034cd1f81c35b1a518d1b89691c,train_00572.png,190.22,1,eval_01157.png,115.95,74.27,True,46.90020751953125,0.3229902742897537,hflip,0.44568563194334226
0ee487d4c2d392c6e4d235a2e2f3bcd69bdb2c19317fde8355580b0a141c4212,train_00714.png,50.69,1,eval_00713.png,175.42,124.72999999999999,True,19.2303466796875,-0.03781684744565094,vflip,0.043633603854280646
0f250236190505bb9467eb70ee82b0416f6879bae99f5075cc5f958e692fc44a,train_00926.png,240.39,1,eval_01508.png,170.75,69.63999999999999,True,42.99278259277344,0.16275992042909604,hflip,0.30851220512886374
0f74ee63b9bae6e5bb9fc6b18c928ac5dbd54a9bcd2312887b53294041d4f2a6,train_05176.png,358.56,0,eval_01056.png,4.74,6.180000000000007,True,16.845748901367188,0.838164494405384,identity,0.838164494405384
101025db7a2ac0c5bfb69bd0cd8a428d885bdc47b724b0a9d361ed1f61350f73,train_04192.png,272.62,0,eval_01866.png,88.89,176.26999999999998,True,64.03781127929688,-0.03431944892431415,rot180,0.819210335968784
104a1ae7a576cd727984702452fb34d26ad0bdc09680fc63460e5c83a5bb3325,train_02430.png,79.64,1,eval_00512.png,161.91,82.27,True,58.26310729980469,0.16770898024847025,vflip,0.555518686338066
10e6592b225ed9119455d4fe780e611f117ebf5b9bf48fa9b74768f17fc235da,train_00365.png,354.0,0,eval_00217.png,87.48,93.48000000000002,True,48.6561279296875,0.16211908697942295,hflip,0.4540100496612305
1108d104c2e0c36a120f8f7003561c6c70eec12cb4c02fc33d1e3be871ffb2f0,train_00877.png,44.14,1,eval_01436.png,165.47,121.33,True,76.20184326171875,-0.04267714752909114,vflip,0.674057937589265
1115ef75dbbfdd4fa43f495f6df05dac162fa61df62b7174fa9fcb2fb0a3af7b,train_05273.png,85.33,1,eval_00502.png,172.87,87.54,True,42.06425476074219,0.18017389283182583,vflip,0.4921120895364003
1124f7f76e7ef4f026c1db1dd10e376b20cc471507da989513a34de7eead9cb5,train_03617.png,276.04,0,eval_01327.png,308.15,32.10999999999996,True,40.366363525390625,0.5264467049127196,identity,0.5264467049127196
113fb585be503acf3fc719ab936e0203d7da5ec0ddacfd797ac9446d24de2dd0,train_06316.png,274.22,1,eval_01702.png,160.81,113.41000000000003,True,76.90249633789062,-0.18098837718018626,hflip,0.5955695674859927
11759caaa689072986b57fb6f8a95aeebfc602de6858435bb6a5de2a0dfc4aa7,train_01434.png,310.2,0,eval_01357.png,309.55,0.6499999999999773,True,3.096466064453125,0.9911115238706636,identity,0.9911115238706636
11c46f7ed6bac08680661ed61c0bf96f5dfd493e1213d64b3b94ffed7f95f8cc,train_07443.png,214.53,1,eval_01137.png,114.75,99.78,True,60.45698547363281,0.09554483711280255,rot180,0.25059212450452956
12a64c253261daff9aaa4cfed48308bd44bb129c68d87d557b200652cd9f04a4,train_04048.png,163.77,1,eval_00500.png,155.8,7.969999999999999,True,10.935379028320312,0.8529687854572213,identity,0.8529687854572213
12dccc72047ee9bd97dbb4003050c00ba354a77a9fda8f00906793e1786caae7,train_01314.png,225.88,1,eval_01188.png,147.97,77.91,True,53.50901794433594,0.28356263075913196,hflip,0.6242611682944653
131161ab12d30bee6dde0efc38207c54f350355d67756183fa940289a8cf5486,train_01281.png,319.92,0,eval_00848.png,23.12,63.19999999999999,True,24.503204345703125,0.6193754494876187,vflip,0.7170525476876254
132be2712857b01ed877f9fca41dd5fade48ab74287c1c2a36351a2081e6457d,train_04612.png,295.65,0,eval_01557.png,338.91,43.26000000000005,True,39.400634765625,0.43155746672871403,identity,0.43155746672871403
14cf6bc66cf4eb2b92178a1b12b82596aa5b4b37d64a83501f798409bc9d0b6b,train_05302.png,130.43,1,eval_00351.png,147.47,17.039999999999992,True,17.460617065429688,0.7742726839400627,identity,0.7742726839400627
14d29e8318cc8b6ba0927af9e8b01dc4cef2e1a4d3ddc282ee9fdcfd6bb5deaf,train_02502.png,105.34,1,eval_00258.png,98.31,7.030000000000001,True,26.56732177734375,0.6401867000746653,identity,0.6401867000746653
14d30cd5a86614a1a8a4d6a1da7318376474a7c02e120747ad00c8926b6b3c12,train_03776.png,192.14,1,eval_00449.png,176.79,15.349999999999994,True,29.71734619140625,0.6239815156962111,identity,0.6239815156962111
14d53bb9ef4e6bb988f5f5674a260db96672410979dde2996e53aa0471c6ab56,train_05335.png,260.03,1,eval_00130.png,179.12,80.90999999999997,True,36.48515319824219,0.22153488344860237,identity,0.22153488344860237
14efb2fbe7cc46b469fc01fee0e8c23f1c2925176818cbcd2242333623555020,train_05261.png,309.96,0,eval_00792.png,261.53,48.43000000000001,True,28.113754272460938,0.4309121764327612,vflip,0.5998469619718162
152f9b949a93cdb631fea4075fca89645d35bb5bc3d05a29264042967d0784fc,train_06508.png,147.36,1,eval_01576.png,128.43,18.930000000000007,True,22.620773315429688,0.7750176553134616,identity,0.7750176553134616
15339ae7b6acd85b066cd4092718e20df9647df6afb4263839706a5b1f27b666,train_05846.png,166.99,1,eval_00511.png,140.95,26.04000000000002,True,36.25396728515625,0.5991744638653267,identity,0.5991744638653267
15e9a5977c8c1535b935ed62ab0b87ebcdcbe9c8e17a6fa463f69da84950a15a,train_01043.png,313.52,1,eval_01666.png,153.94,159.57999999999998,True,46.50044250488281,-0.0836550389273955,rot180,0.41139369877478016
169589c15488873114631299414befb84e41ae0f7b7fb36a0bbbec219a370a2e,train_02457.png,334.0,0,eval_01265.png,76.18,102.18,True,55.15641784667969,0.11583555607521319,hflip,0.6207975420500444
16a03942e7fea076d8a34287f87d75b13079f5b8efaddc75a8669195f0189044,train_04200.png,264.21,1,eval_00457.png,118.79,145.41999999999996,True,28.646026611328125,0.2901091898303364,hflip,0.4593018162068506
16d579e26955ad308aba9f352cec8dcb891455102fb8bcf8a75bd601b3e2ffb5,train_07564.png,147.24,1,eval_01805.png,137.56,9.680000000000007,True,15.288650512695312,0.8610208314452048,identity,0.8610208314452048
170bc5a3375caa1012fdecd29244bac19e61a5fbe0e4490946b863743c9e4418,train_01630.png,349.6,1,eval_00364.png,158.84,169.23999999999998,True,79.81256103515625,-0.2370655734242765,rot180,0.7362593479125491
171d39eaf8f1c3ee4593df62c106fe1fc3a993f410ca210a50a1325ee87c81db,train_04705.png,320.4,0,eval_00141.png,0.34,39.94,True,42.63374328613281,0.396357617722723,identity,0.396357617722723
172dd944867be0dbf1c70bc9e3b33a922b25e7a53b1d33e58ffccbfffc7181dd,train_06004.png,296.16,0,eval_00625.png,239.42,56.74000000000004,True,53.74302673339844,0.41176059128835707,vflip,0.590646727527785
175e1bb74fdb9de4f71383c32e64eac46599635b3372816057e44babb8c0b0ac,train_00366.png,177.88,1,eval_00592.png,163.98,13.900000000000006,True,19.149734497070312,0.49625727082270327,identity,0.49625727082270327
17979d259842579df1adb3439d523b527ff04d6ec989b3d0f6cc4c317e275532,train_00973.png,224.13,1,eval_00362.png,100.81,123.32,True,46.479949951171875,-0.09631659108797713,rot180,0.2549419799624149
17a978d29090aa73e3adffe7419c3425c4f9409f98edefcb3bf0b9a22ed313f7,train_07698.png,174.01,1,eval_01167.png,113.63,60.379999999999995,True,55.53276062011719,0.28908015670086906,vflip,0.42362824964333556
17cf06218bbadafcd68059945fd0a353fc5d715813b308051a114ecb186a8ac2,train_07064.png,333.09,0,eval_00369.png,330.11,2.9799999999999613,True,9.040206909179688,0.9483211794540741,identity,0.9483211794540741
17e7e5d9eb17e4cf142a0af999b0ef53218e2fd2dc4923be035e6af8c2d633af,train_03131.png,318.99,0,eval_00379.png,101.17,142.18,True,42.30085754394531,0.2658443755947154,hflip,0.34280927029752645
187b2089eb4f5a04985e90c5849a39d04bcb1b51889b2d48a1a1e47e8271d62a,train_02779.png,10.97,1,eval_01732.png,167.58,156.61,True,30.458160400390625,0.21765162196837176,vflip,0.64451992843098
18fff72662ac5617b35ceaed09f299e9f2c8b3695719aa1166c7306522d353e1,train_00792.png,298.89,0,eval_01304.png,353.98,55.09000000000003,True,47.26057434082031,0.4050030955682861,identity,0.4050030955682861
194a9f702b1365e8a8c9fb5db3c644572d3779f8595072b239b0fedd4d031fc1,train_04441.png,273.23,0,eval_00668.png,355.92,82.69,True,36.399688720703125,0.21465739861387229,hflip,0.48137928615638276
19f0a52797d20db4791238e2885b08ac03ed90a27afa4494138846e72fe13ebd,train_03196.png,350.89,0,eval_00320.png,30.48,39.59000000000003,True,34.59791564941406,0.5019404016816081,hflip,0.7950990061818106
19f0bf27d56d30bcaeb6fc18b3d272ebdfdcbbcc6d025aa441ae13ec32379062,train_05569.png,353.77,0,eval_01306.png,4.58,10.810000000000002,True,16.96746826171875,0.6815169846426169,hflip,0.7693491472863818
1a1da1c9329c9623410337726caf7ff8320bfad6dbfa6f61e9af653e622f6403,train_01082.png,271.75,0,eval_01915.png,131.12,140.63,True,84.20376586914062,-0.12551033827228705,rot180,0.4605859599478011
1a3b540a8a9155914735e6a66e6debb519b697c157b03f8747a4356f669bf5f6,train_04228.png,319.52,0,eval_01863.png,151.09,168.42999999999998,True,69.46492004394531,0.0032554238141179206,rot180,0.8165230089941362
1aad116de26e2ea72e3c7a627b91dd4144eba56f2497f99d59b27c3ce6173b77,train_01939.png,331.06,1,eval_00060.png,165.34,165.72,True,62.016204833984375,0.030751415312850788,rot180,0.6757449356108729
1ac0e949be44a349aed7a6dfc02d2ea0044759268dbcffb39fd52fb68ff7ad11,train_02475.png,109.51,1,eval_00526.png,123.82,14.309999999999988,True,34.92091369628906,0.5331757858834129,identity,0.5331757858834129
1ac14bf58be49f7757fc6b7c80775deb3e0c96ffd6255aff9b9860655b3802cf,train_06703.png,285.67,1,eval_01674.png,102.69,177.01999999999998,True,50.29585266113281,0.3192810686188851,rot180,0.9114896125895561
1ad62d070c3a1ef2d190754c3ef4f80f46c994eea4967a6b3dc6fd3a984e151b,train_00154.png,195.37,1,eval_00286.png,145.63,49.74000000000001,True,48.6737060546875,0.20503095194046958,hflip,0.3533256684414694
1b685074298fe1528eaaa6eb2f2d7ab283186c1b7f3665a8ebe4582d5b432d67,train_05854.png,73.6,1,eval_00439.png,95.42,21.820000000000007,True,26.13970947265625,0.2680303028939168,vflip,0.5293395219807627
1c172020b178b7f4a0d630304a18532cffffb20cd7e59497d4ca742867c887fd,train_03187.png,56.44,1,eval_00365.png,147.95,91.50999999999999,True,62.575103759765625,0.1520408263766486,vflip,0.3669668212139718
1c231640e0122028f4cd7895a8db4a455a256a5db24ccefe8e53da82c595fcf1,train_04296.png,36.08,1,eval_00561.png,160.99,124.91000000000001,True,71.80485534667969,-0.15290821736929444,vflip,0.39717233178377115
1c6128ed2d7370845fac6e68b14d4b1a3abf63c8afcfbfccfcf36c9f1b95694a,train_01782.png,155.68,0,eval_01493.png,13.4,142.28,True,72.10618591308594,-0.3833679534467081,vflip,0.6004508122972274
1cc829029d89b6d1d453c3d3ddaea4fae4696ca8d1198b9882d4af61f52cb560,train_00562.png,321.32,0,eval_01369.png,268.71,52.610000000000014,True,35.066741943359375,0.09056826005461205,hflip,0.13570154557827774
1cd4c3c011379bf0bbf73e1c463d6817428a940995e5fb88767f0b8b41ab3206,train_02846.png,233.9,1,eval_00192.png,93.25,140.65,True,93.31697082519531,-0.3716746789026912,rot180,0.44399491923957535
1d5c44764ba3ff19db32f6fd57bbcf5d7dfb760f61f6ab8cb8bf41cee237d1d1,train_01390.png,305.0,1,eval_01285.png,124.37,179.37,True,49.8936767578125,0.3318016854559353,rot180,0.9921802198942927
1d8ae1078954ab0bc740262fb6e5fdab0b26cd3acfa6ac7364ca74fad81431d2,train_02362.png,349.79,1,eval_00795.png,145.69,155.89999999999998,True,58.36701965332031,-0.07749412553095361,rot180,0.5009561326313475
1daeafc61f29b6f24e5df8280a3807f16a8987cecdb8f4b9f75af99309d37a85,train_04730.png,75.94,1,eval_00894.png,115.54,39.60000000000001,True,39.99896240234375,0.5212516350342996,vflip,0.8161145125235408
1db73bec4909086ff8b9efa65cf6d58ab31df734a4afeb7303bb27feaa370373,train_05590.png,274.9,0,eval_01400.png,272.71,2.1899999999999977,True,8.453094482421875,0.9413390243023373,identity,0.9413390243023373
1e77c94ad659421bf67f909e0fc6d6b78b17bb8de89400ffdae9915098d68a7e,train_03232.png,26.02,0,eval_00406.png,27.22,1.1999999999999993,True,11.419113159179688,0.9163148049700697,identity,0.9163148049700697
1e9912180f5b7e3c1b15a84198510ed21a15f0faad275a30c1d892e17ea9d61d,train_05786.png,286.13,0,eval_00425.png,249.34,36.78999999999999,True,36.59095764160156,0.5027408341011942,vflip,0.6894641434568624
1f2ddf46d9cb57d14ad09f79311443199c34d4cff073834f7ad606474897c1ef,train_03199.png,313.66,0,eval_01600.png,306.52,7.140000000000043,True,11.395721435546875,0.9062721084385098,identity,0.9062721084385098
1f88c0289a6691f37b4a02fb8d0c77359c7746ebd54646a5458d41b1a18d6174,train_02446.png,344.38,1,eval_01747.png,173.26,171.12,True,42.0845947265625,0.24315877745032619,rot180,0.7025403588822328
1f8cc9d1cae2af6e6dfa07bd940b0e14674dd78f88fb4ddb02eceebe82965fef,train_02649.png,335.5,0,eval_01690.png,225.32,110.18,True,53.257568359375,0.24427642898999977,vflip,0.5461035786856501
1f9ed85bdedd5ec402f843214413c5cc0eee1c770fbb77860e1b980c9f51c969,train_06729.png,322.49,1,eval_00463.png,134.37,171.88,True,62.096343994140625,-0.03793224989619117,rot180,0.8712901664977637
202bf5fcd0b879fd8cb7fe1544fa841ccb1f3a6b7ae8fa2e6ebe684c3b5885eb,train_02293.png,193.71,1,eval_01318.png,98.66,95.05000000000001,True,52.02479553222656,0.24566240931458225,hflip,0.48988422140256116
2069beac4941989dd3721019abf728d79c56e083412db19f56b6d09c9fc847a1,train_03662.png,188.02,1,eval_01899.png,133.38,54.640000000000015,True,41.49409484863281,0.40934603803651465,hflip,0.4223082441511082
2072975c1c61ae22bbc311b53ea2183176d8ba98958b6d9e4fb0a22d322ad37e,train_02218.png,312.65,0,eval_01147.png,25.63,72.98000000000002,True,18.017364501953125,0.7707640508072727,identity,0.7707640508072727
2080608af7fb4041e8966ff8bd499c187b50e3555342d4f0fbe28a641bf10a2a,train_07554.png,168.63,1,eval_01233.png,134.94,33.69,True,19.858627319335938,0.11230194137999513,vflip,0.3538081767578406
21aacaf07f90160809cd58c82f1ab195d5251b3e17627300a5d0991597761abd,train_04930.png,75.0,1,eval_01490.png,163.18,88.18,True,32.72157287597656,0.339448518092848,identity,0.339448518092848
21f64fb3e4a757f81b44b435c7bde385d25da8b2408c78f60b91f66b7eaf9779,train_06172.png,343.41,1,eval_00447.png,113.4,129.98999999999998,True,56.526763916015625,0.20619611030774948,vflip,0.37355737896701147
22837e1dc426546f6ec06bb9e8e395797d38aad40d14be94ad63fe3b892724bc,train_03900.png,332.91,1,eval_00487.png,163.61,169.3,True,64.88992309570312,0.013204919344980805,rot180,0.7137359765296821
22fd9c15961e27a6d955f886b821e031234d5931a291cab8f8a31ce4a1280c6d,train_07625.png,159.98,1,eval_01146.png,105.53,54.44999999999999,True,43.975799560546875,0.1824433463261527,identity,0.1824433463261527
2333952f01154dfda3074cbb1b75fd3c8f6dbbe49eaeebf831e701da1f0f3545,train_05330.png,331.47,0,eval_01143.png,140.5,169.02999999999997,True,72.35905456542969,-0.3397594812102369,rot180,0.7877992121805935
234c67ac1111ca2e6ca32bc4c957ad893d933b49fb9e1555d8b44ed0dceeb130,train_06835.png,7.55,1,eval_01584.png,142.65,135.1,True,43.805877685546875,0.10600562007905154,vflip,0.6116444853479833
2386c0d5e2afc83c2862a5d5bb739017fd55915d9bad935a0737f51221b8b09a,train_00581.png,351.03,0,eval_00064.png,57.94,66.91000000000003,True,60.04063415527344,0.054516560524675246,hflip,0.2725047538568257
2390e5b4518f545f74e006df398cb96a210b97ca7bc2ad0e30c1ebc0ff7b1cbe,train_05016.png,359.39,1,eval_01120.png,134.44,135.05,True,66.59352111816406,-0.22408400266671183,rot180,0.4393450963676901
23946217c6099c82a6768adf5ad0ae8cdbb61cc4566e6c2f9ef0a3406e808fa1,train_07764.png,140.98,1,eval_01953.png,137.9,3.079999999999984,True,9.083480834960938,0.9201789843188376,identity,0.9201789843188376
23bc9a83677eb6fb2015dfb33674ab97c42ff32858996b0ee5820ea8bf7fe81d,train_04653.png,112.56,1,eval_00709.png,162.64,50.079999999999984,True,45.497955322265625,0.4071128229644433,identity,0.4071128229644433
241f3dfcbb9809e3fdbef81a95b6a2a1baf789bc842d9b6677c05b976f8a212b,train_02661.png,337.67,0,eval_01676.png,223.61,114.06,True,67.00341796875,0.0026522892511981885,vflip,0.5171160463108108
246a632bdac5b823ca44a041dbd90bbba74313e0a0e16a639f7690f5f6044cdb,train_03930.png,277.0,0,eval_00372.png,345.5,68.5,True,51.889617919921875,0.25599201751544703,vflip,0.5291168950205674
2480a8df89754ced9fe56f770eec0a9b369fae2e74496644dc96e4ab6d5fee10,train_02670.png,106.96,1,eval_00488.png,119.51,12.550000000000011,True,13.984115600585938,0.7541087626404271,identity,0.7541087626404271
24ab600adbbedfe979d31094a763494ecf52628a295767737e1e1fcc986b448b,train_00444.png,279.22,0,eval_01036.png,128.45,150.77000000000004,True,72.35038757324219,-0.1087015393001007,hflip,0.5711190049162503
24e27d890dfa043504fe0e924fcf91b43a3b5a7b3fad6ab1552e5a0d794cf8aa,train_05079.png,7.29,1,eval_00102.png,153.16,145.87,True,114.39891052246094,-0.31670790860496456,vflip,0.8565654239422028
2539320d07aa4fecca2241de58bbc85cdebb5acb687f98f7555ba4a5ba5f2dfe,train_00711.png,338.72,0,eval_01472.png,117.35,138.62999999999997,True,52.9891357421875,-0.0190357088519145,vflip,0.48807490787097396
25435eb289ae031569621a33ade3023ca3fee3e066c4e083139a5f86ae7c63cb,train_05489.png,40.91,1,eval_00503.png,93.91,53.0,True,38.654296875,0.23795905089707056,identity,0.23795905089707056
25c1860a1a32ce63080f250cd3e13e8e200433a580e9ca3a92cd662839babb65,train_03517.png,231.78,1,eval_00363.png,157.42,74.36000000000001,True,51.355133056640625,0.29515653757248533,hflip,0.6565166920638967
2704671df7166ac316ed640f4a79060936c5aee777145c2cba38e8935da8ddc5,train_06351.png,164.8,1,eval_01345.png,128.82,35.98000000000002,True,33.83750915527344,0.3378334414514216,vflip,0.43769367145752175
2748e05f9d6081f7bc0271a8d3bd9c7f8c355730848c8796142b671fb3ee3dd9,train_02289.png,104.17,1,eval_01520.png,139.22,35.05,True,48.70674133300781,0.32688935310023093,vflip,0.41389373921473194
275d31847c36f1224c2592177c81055eacf06dfb089875c17b0d144c4adf8435,train_02762.png,226.83,1,eval_00142.png,121.67,105.16000000000001,True,61.03334045410156,0.19126436396615565,hflip,0.8778120053348849
27852ef94f4482d5ea3ad47568e477d7caf33eccf5d95d906481fa8b8c1e4e14,train_01659.png,312.06,0,eval_01858.png,79.94,127.88,True,56.36042785644531,-0.0007968588638375296,hflip,0.6115283826191127
2796662e242a849d73c4046ec0e7c54a638006bba98f1db898b4ae4d532e92c2,train_00547.png,287.26,1,eval_00726.png,169.79,117.47,True,90.90513610839844,-0.23610391030510508,hflip,0.49098606472271694
27c0dbff0121b3dd65b0d4aed04cd3bddd8932ebc42133f774c50c0f062e9532,train_02507.png,346.11,0,eval_00966.png,125.53,139.42,True,66.96623229980469,-0.1576914949499077,rot180,0.5112525136084887
27e0b1d8658b27cd2bea75cda2adfb3d360638f252c76be44659bd998d605562,train_06617.png,78.29,1,eval_00959.png,143.65,65.36,True,59.0517578125,0.3254584735063542,vflip,0.6411803032310489
27f40921d61e9b86f1b41ceccda34ef1e3e5dac01143be57a7fe671375791072,train_06532.png,295.41,0,eval_01151.png,141.03,154.38000000000002,True,40.93998718261719,0.23110443787202345,hflip,0.4713806425120012
2861fc8ebe5a1a33e18b10b739544dd853ced72f5aaab9a2638cf095e522af74,train_05901.png,297.67,0,eval_01796.png,40.39,102.71999999999997,True,62.76930236816406,0.22733925080961379,hflip,0.4985911357534221
28c3de2461996a3f31b6c7e0d86164e41871df3259f598090f123f76b2999b3b,train_04173.png,339.86,0,eval_01287.png,72.89,93.02999999999997,True,44.9248046875,0.2149656775405805,hflip,0.44403656595473134
28c4bd81e0bdebdc70cef9ef042f6ce51776bb93bcedd5b1bd8a67c6520218e7,train_05326.png,298.05,0,eval_00573.png,78.57,140.51999999999998,True,45.98762512207031,0.3352803754004901,hflip,0.6999187780411463
28eb8f1ce28de0d473e1240975d442105755e74ccc0b55d81ce55e03a4ff6493,train_05627.png,89.53,1,eval_00238.png,157.32,67.78999999999999,True,39.961181640625,0.13915432861331054,vflip,0.2777349141138543
293f186726d114b82786404b0fc90cb729a6981a369b71a2f928fa5ad59c5955,train_03589.png,294.31,1,eval_01236.png,167.47,126.84,True,44.752532958984375,0.28380906150769164,vflip,0.4857138680467936
29a3f83dca6c1378150354367af9ae5e68efe488707766aeea5660bb12f9b586,train_02559.png,167.71,1,eval_01422.png,109.16,58.55000000000001,True,22.294479370117188,0.4228211532334427,hflip,0.8338808702508357
29a45eb780707802d64beb273f3c82c59b21fab20a8eca26bfc75f35565f9170,train_01256.png,340.7,0,eval_00304.png,188.35,152.35,True,71.16293334960938,0.031987608344028674,vflip,0.781085657182209
29b64a82518cf7704f8ea5a6b6b0ae6c7ae592ca6ad94ded9bc1047043c79006,train_04812.png,296.19,0,eval_00346.png,264.36,31.829999999999984,True,34.38340759277344,0.4772070063155967,identity,0.4772070063155967
29d3dde99641e99afea70ae28db062dcac2761895cdb9c6092b29b51738b02c9,train_03455.png,314.19,0,eval_00452.png,212.14,102.05000000000001,True,54.61775207519531,0.09091923048762919,vflip,0.8894639191633326
2a0d15754ee88fc335bad6fa79e9e8e1959c9cb3391bbe8c1e408f15c1bd58c2,train_05902.png,176.86,1,eval_00552.png,158.24,18.620000000000005,True,20.906539916992188,0.741145225971572,hflip,0.7766349690710023
2aabe3d31dd360fe30ee259c3d618dc401039e924f7f82b608685cb2a84c273d,train_05843.png,96.96,1,eval_00277.png,124.91,27.950000000000003,True,30.269287109375,0.46148788967886345,identity,0.46148788967886345
2b359441518a1158da060f4c90dd85da642c4ea15e0f31e3c035aef240339f39,train_00938.png,335.72,0,eval_01277.png,162.91,172.81000000000003,True,55.22511291503906,-0.1513794505640583,rot180,0.8088831687821365
2b627511d0b812279fc168e5824ff03d201d6befcc8c242b849e3dd5013a572f,train_03489.png,280.92,1,eval_00635.png,159.38,121.54000000000002,True,52.5721435546875,0.03194637546107644,rot180,0.3906510344738113
2b7d654aa9722bb759c86facd36c93df523358f3ae98efe4230a8e6747da52eb,train_07138.png,268.87,1,eval_00877.png,102.81,166.06,True,58.25376892089844,-0.1823266656168201,rot180,0.5755404711123517
2ba1dbdf2f9db191db2faea0b2e32649e933848053c008d58c44a66680d36b0c,train_03156.png,318.24,0,eval_01867.png,334.34,16.099999999999966,True,18.994171142578125,0.7198742215243948,identity,0.7198742215243948
2bc954810966a498d3438795d84a7b0269384b1fe610bbcccf709d640c41d435,train_03938.png,328.0,0,eval_01775.png,167.97,160.03,True,66.17166137695312,0.15941603961411585,rot180,0.7481696678326252
2bf66f53a8c04924ebd3a9bfb739a33c52a21402aee1fcb4156b2d0b577107f3,train_00607.png,254.41,1,eval_00446.png,138.98,115.43,True,33.88240051269531,0.13923748742316203,hflip,0.18418081241154846
2c056c74a1cf78970edc788921b225cb837efa98447449d753521da3009348e3,train_06088.png,329.25,0,eval_00983.png,359.62,30.370000000000005,True,35.59394836425781,0.2402034987943051,identity,0.2402034987943051
2c13604e4c75387d4b080d45853f133c7847da3d7a9a7b8b0ea6dd7c643de59c,train_06693.png,298.58,0,eval_01112.png,38.58,100.0,True,31.577239990234375,-0.13577184136417966,vflip,0.26376495277746503
2c6c5380ee6eb3cfe37a938ab04b7ec86545990ffba995e15793ef30c241a0be,train_02378.png,283.84,0,eval_01104.png,304.69,20.850000000000023,True,30.2957763671875,0.7022419610389544,identity,0.7022419610389544
2cbe473889d3d580525c386d52bc1cc1baee81ca57d90d2c6dfcb41882c87ffa,train_02079.png,254.17,1,eval_01663.png,104.1,150.07,True,75.14468383789062,-0.1074205489222331,hflip,0.7336890236140786
2d153a949682f483f34deaf6bb17aeb85fc5c1a6a2b9ac5159c3d12f37bfe162,train_05061.png,343.01,0,eval_01239.png,359.35,16.340000000000032,True,25.182373046875,0.48022371514048406,identity,0.48022371514048406
2d178b10b362d72c3fb4b05fb911ed2a6428118fd7139879e0524984b535ff6f,train_06069.png,91.71,1,eval_01022.png,150.94,59.230000000000004,True,48.8941650390625,0.3051331705230446,vflip,0.5094557349808547
2d3e77de2c9eb36c13b83b89d86f7b0136ab3b709b90c6ac9055263d3fdcf131,train_05532.png,279.31,0,eval_01254.png,8.64,89.32999999999998,True,36.91700744628906,0.2016756854893996,hflip,0.6117243775167627
2d435630f4a3fc5f4cbe549e33c1920466c56961387c4813efd344074e4ccc66,train_00060.png,324.35,1,eval_01852.png,162.3,162.05,True,24.12530517578125,0.720775417222575,rot180,0.7420767539918351
2dff6238ea4152d9eac6c50eb395988be4b891b06348c1d8b23676e40b12d680,train_01714.png,206.7,1,eval_00177.png,113.86,92.83999999999999,True,48.086883544921875,0.37781197034603825,hflip,0.6917952396496632
2e04d29d3fa9fc9ede0c369c6332017bf12c19cf7d347c707b9317f7032dc379,train_01854.png,40.98,0,eval_00343.png,315.12,85.86000000000001,True,10.598831176757812,0.9252033579923705,hflip,0.9485722046900136
2e3a9ae40630676ddb148751839af379f3d4fbe67085b72d42109c58e7399f5d,train_04735.png,61.81,1,eval_00850.png,134.86,73.05000000000001,True,52.811859130859375,0.3639561029167994,identity,0.3639561029167994
2e5ccbd6614379dc7e75a4dc70a5b2cd745e68632baf4d6db84e099b89594c47,train_00546.png,305.8,0,eval_01854.png,313.01,7.2099999999999795,True,16.552169799804688,0.8464955457676019,identity,0.8464955457676019
2e8f8cfeda7d3fbbeb75422ff64a561a8f6abb36be7f9220f137c6a53184967d,train_05092.png,296.06,0,eval_00428.png,117.43,178.63,True,15.735336303710938,0.8034877414965124,rot180,0.9792794319744231
2eca534248e9703a61d91c41bc52fd8da5d4a211a7ff7c328b656e6251059eca,train_04378.png,254.95,1,eval_00852.png,137.2,117.75,True,74.33724975585938,-0.1324713548584217,vflip,0.4364880024216128
2edffd50aa8f3efc2f31f718a068cb7666457e98d51166f547d13cb1a9377c43,train_06448.png,134.39,1,eval_01855.png,96.26,38.12999999999998,True,30.83001708984375,0.573032406180287,identity,0.573032406180287
2f2e591955387d06c44d8d66e58e82982797cbdbe6a0991ccd5810ee03842361,train_07735.png,185.45,1,eval_00186.png,136.21,49.23999999999998,True,50.58909606933594,0.39601157919951835,hflip,0.7210611035411257
2f814770ece01208834b373386f6d1d1ce92dcea6b8389e266a46869e6e21a78,train_03767.png,358.22,1,eval_01083.png,145.48,147.25999999999996,True,63.11981201171875,0.019326437188524028,vflip,0.6441633513523766
2f8a378967e9ee19663e31b5a1d3631e693071bba2fdce2d7d1b58800d325850,train_04756.png,287.54,0,eval_01211.png,286.92,0.6200000000000045,True,7.210723876953125,0.9583241735438948,identity,0.9583241735438948
2fa090ad36119568cbbfc000ae61cc3e645dad07fc5599aeb076cf227ad3a016,train_06673.png,299.98,0,eval_00376.png,3.45,63.46999999999997,True,52.3525390625,0.24840120581010375,hflip,0.7508049987413509
2fe9d71e7c0318527a3d716a304f4c4ce0308bde04639b2d20fdb53c9fba15cc,train_04796.png,298.67,0,eval_01922.png,261.11,37.56,True,42.16740417480469,0.5013160537810378,vflip,0.5768966659911658
300626d1bdc02f82301229894e69927fc523e06430ae0bfcf0a39f7d4becd424,train_04970.png,281.99,0,eval_01780.png,285.97,3.980000000000018,True,13.827468872070312,0.8375425986771493,identity,0.8375425986771493
304e41e476118bd3769f3bdaac2baec2b06210c42f39d18b04a84535fbd7f7d9,train_06001.png,75.71,0,eval_00770.png,12.51,63.199999999999996,True,35.48710632324219,0.3122414104865264,hflip,0.6891767431859811
30f0072cfb00f66a5873479ae00887af6d3da517d3afeba696b3969b9370d94a,train_07134.png,79.11,1,eval_00716.png,107.93,28.820000000000007,True,38.57585144042969,0.48312155293107134,vflip,0.8177282702724339
310567dd407741f9f9fd38ac38f6174d7ffa1f4f6797fb61904443fa6e5ed0ed,train_03556.png,131.42,1,eval_00127.png,142.91,11.490000000000009,True,16.037765502929688,0.8023673356807556,identity,0.8023673356807556
314057e4dbb13d2bdd20c1f826dd440905a3a95a80ac7d357276ccd6cf5ab53c,train_00350.png,310.37,0,eval_00229.png,28.76,78.38999999999999,True,31.66552734375,0.5165640132909781,hflip,0.6073550821703229
319bf2a964ba76d8dee42b39b08cd7d29273ea870f6f679cde78d5708e8d91be,train_07369.png,41.6,1,eval_00929.png,165.79,124.19,True,56.88398742675781,0.09314870082761831,vflip,0.7695646619322986
31a1b784f423f7e6b36a5c8c33cec89a76975e9f152a3ec585652b2564e6cda1,train_05436.png,342.27,0,eval_01740.png,141.46,159.19000000000003,True,46.7703857421875,0.2595523136646061,rot180,0.3098244744157977
31d85e7e9af6b5a391bf789f5184553c3fbc1fdd78e256ec32420dd485dd39f2,train_03421.png,146.83,1,eval_00700.png,129.95,16.880000000000024,True,33.97529602050781,0.5264986335077663,identity,0.5264986335077663
322da6426c7570bdb9e5f768ad20154cc4e4f7f45cadd8483ca2f5023eeae197,train_03105.png,328.75,0,eval_00051.png,315.41,13.339999999999975,True,28.509857177734375,0.7104167415958111,identity,0.7104167415958111
32353640e10fcee7752bddcecc6634894469e0a4f47a511ec62395412af91d37,train_05520.png,211.93,1,eval_00524.png,118.88,93.05000000000001,True,23.01287841796875,0.7018683494887482,rot180,0.7049625825953395
323a5b17cc8c4eb6b7b5a6b1c8318c636749a281f56154d0a6f84d24ca6ca4a1,train_03022.png,19.94,1,eval_00648.png,164.53,144.59,True,59.6812744140625,0.11780778518686513,rot180,0.3677762910616533
324525404080b5ab77e57260e8f0e0e9b31e866f4c1c20e4fad80777b6bca1b2,train_04364.png,175.76,1,eval_01197.png,159.49,16.269999999999982,True,24.39141845703125,0.5885482656009531,identity,0.5885482656009531
3297754b97d73bdbe603ffb2871e8426c5213440d66471a71c1ef24d5b9b891a,train_06578.png,355.69,0,eval_00117.png,245.21,110.47999999999999,True,48.94294738769531,0.10149504837750377,vflip,0.5560576171060996
32fefde7cea258687a7c559ceae63576fd12354581c0f292729f30c7b5048958,train_04113.png,346.38,0,eval_01231.png,119.02,132.64,True,37.275665283203125,0.4039178458321178,vflip,0.6119390891187715
33547632a7cc43e744d795e517f810e7094cdc7004c65098285be8b6631fe15a,train_02241.png,309.31,1,eval_00144.png,130.39,178.92000000000002,True,49.417877197265625,0.42579722250574065,rot180,0.9774792797010208
33791e9b84f9587d29c77de16817cdb235a380968a128294257c950b21669b5b,train_07246.png,240.82,1,eval_00952.png,98.88,141.94,True,89.79981994628906,-0.3146000731384968,hflip,0.7062340045684233
3394527cc7e5624d8f98fa225bc8bba6d91a16f798da5071f268a756f44e97d9,train_01952.png,181.66,1,eval_00527.png,161.04,20.620000000000005,True,33.45143127441406,0.6537876114945569,identity,0.6537876114945569
33bb8a36378db67bb39d6e0eafa711bf9ab2bf286463f4aa95992d2c5290cc44,train_02180.png,327.04,0,eval_00311.png,207.26,119.78000000000003,True,39.91094970703125,0.3806862127538999,vflip,0.7226846027230484
33d33762439016ea356946093a1c99f87a64b8d7c7b310192421295ea975b490,train_03765.png,345.31,1,eval_01338.png,132.0,146.69,True,24.547286987304688,0.6550745799348409,vflip,0.6994260929245127
33da6a7e7f39eed1e2b0ca9356365f4f4e971430d4766e0e89efb9ae64e7e251,train_00759.png,5.57,1,eval_01983.png,111.73,106.16,True,41.65574645996094,0.157015027300871,vflip,0.5703288624480263
33f46f7869fe5c1c66529f1122e888cfaaffde66378dc69421bcf4c971d13248,train_00635.png,128.24,1,eval_00149.png,96.68,31.560000000000002,True,31.918777465820312,0.62932488203548,identity,0.62932488203548
3443968d0a3356997a09ccd98d43e3d5262f2e5eb520d5b4ac2b7764106bd0eb,train_04003.png,98.25,1,eval_00601.png,163.88,65.63,True,28.81005859375,0.3917764911762376,hflip,0.6988707172955797
344f858c64c853d721297e87dc941aa3fcd4abf88d329da0ca0757d65237733f,train_01873.png,275.87,0,eval_00702.png,266.19,9.680000000000007,True,27.88177490234375,0.6386627181710928,identity,0.6386627181710928
34eab4d158c234585e034c99c0f718208e77ac04088e0a6016ece6d53e47949a,train_05617.png,105.06,1,eval_00223.png,171.66,66.6,True,36.01971435546875,0.16245983383258766,vflip,0.1738524368000978
350b9bcc73094473092f3b7dc9ac9a04df96c3a545c6bf2bc5d75e2dc8e1b24e,train_01694.png,130.34,1,eval_00718.png,101.76,28.58,True,27.097671508789062,0.630502456649508,identity,0.630502456649508
354e95580d7a6370a60519b7c6d41dbd6486a4dfdb23f22c6b6749ccac818d5e,train_02454.png,139.64,1,eval_01043.png,161.44,21.80000000000001,True,31.632171630859375,0.6748259264548755,identity,0.6748259264548755
3556fbb518360b91f889156418422f456f9831196a5ddae2af82b75e6af7cab4,train_00538.png,286.91,1,eval_00703.png,102.42,175.51,True,50.828643798828125,0.21985114521096688,rot180,0.7268419451418366
356e682bf6beb92748ed0aaf93d29d09ab7b2cd13d625408f619de8f84c04c8e,train_06969.png,346.55,0,eval_01677.png,211.84,134.71,True,25.336929321289062,0.4961660778059218,vflip,0.7086594370608725
361d7eae0d16a2320fd3f546f785f2ff244061f5b699bb11ba83614d48ba2900,train_07768.png,162.22,1,eval_00901.png,154.74,7.47999999999999,True,11.01153564453125,0.8963448293545376,identity,0.8963448293545376
36644f3582ae8f74bdaa5cd17223cc0f12c8efe7d81141b2e9fb010571838ecb,train_05118.png,61.1,1,eval_01431.png,126.29,65.19,True,57.33441162109375,0.16839503191767824,hflip,0.2493891572912243
36994f7b823509788606b0d3365e521d9111027cb309a69d159d991cdc383013,train_00571.png,344.56,1,eval_01612.png,90.65,106.09,True,29.013763427734375,0.13924981257305252,vflip,0.3916621004809051
36b80ef69904c0999f9c134af5b4ccf0d3c2fc36f7ef04f2e444a4269a451f3f,train_05749.png,353.69,0,eval_00706.png,259.14,94.55000000000001,True,59.41572570800781,0.08246962894577528,vflip,0.451100903496005
36c0fcc6c10d3181509d8b70b31397912395a75810f5a705b374bf95da34f0bb,train_05377.png,45.9,0,eval_00658.png,309.73,96.16999999999996,True,37.82414245605469,0.03638989139181189,vflip,0.45420211523455756
370b367222f9b03fd6460fe320abfc3f9eec7c6b965857ef33c675ff11d5948d,train_04358.png,322.93,1,eval_01093.png,131.93,169.0,True,80.22146606445312,0.060750352449124974,rot180,0.8337054163522563
37958fe74b80b40118a23bd13394491142dfd683b54f71f5e8d75a4a21a425c3,train_04251.png,189.63,1,eval_01386.png,155.24,34.389999999999986,True,30.20904541015625,0.48586424128002714,hflip,0.4867708167117146
37fd89c2fa2b31286426ef23bbd392f919698f7d0ea34e6165aa0417d7ec04bf,train_02153.png,18.59,1,eval_00395.png,138.1,119.50999999999999,True,86.4112548828125,-0.04529689608336826,vflip,0.5416448891708832
37fe87661c9e1a46f71079cca647d1076a4edfea5a1173712a24884caddfb51b,train_05457.png,352.6,1,eval_01734.png,138.18,145.57999999999998,True,57.28289794921875,-0.32160308506067725,rot180,0.4464759865733632
38038b042b9c94ed44e6948e1d2f75cf4c5af220aaa346e4d08fe85869a5ed47,train_07558.png,330.95,1,eval_01135.png,95.19,124.24000000000001,True,72.43058776855469,-0.11531153638156826,hflip,0.6246253868235948
381b0d01820f05913787b146ecffeb590ad42f7211bc33f18c0bbd8bd550737a,train_05541.png,108.34,1,eval_00254.png,176.19,67.85,True,47.92683410644531,0.19179038928141537,identity,0.19179038928141537
38c6056797be2352af0bbbc16ada2869d422de1131760d29757fe3122171cd0d,train_07821.png,107.16,1,eval_00970.png,170.56,63.400000000000006,True,45.98204040527344,0.20214340961619418,hflip,0.6268401244076582
38d03e2f693165e6c3945b6d7233703643f03ebaa6cf37596cc4798210829f86,train_00863.png,218.78,1,eval_01430.png,104.22,114.56,True,21.6160888671875,0.5926599738472329,hflip,0.5948650542474476
391cc8355ab207f7d578e7f561163e9caee2297f189f34d2e9b2d5e32282cbba,train_02865.png,216.49,1,eval_00382.png,154.78,61.71000000000001,True,41.23968505859375,0.3876824902193238,hflip,0.49226280233683456
39eb6245f12a1e5de642fb82a63a2bbd579197afe39be8627e50c92b0a35f121,train_07322.png,44.53,1,eval_01931.png,173.06,128.53,True,57.805206298828125,0.042369127501641096,rot180,0.18474940551592886
3a04c4e192a29089926e1b1cd74887dc11d470355f39c3190de327ae46094338,train_05570.png,288.92,1,eval_01234.png,120.26,168.66000000000003,True,95.44029235839844,-0.5338774688620778,rot180,0.8315426543885596
3a0b635c6efaddf469902e77810469228fe467d1979dd1a4e4e81b1ec31e8f64,train_04656.png,341.53,0,eval_01828.png,303.55,37.97999999999996,True,39.49725341796875,0.49917436972727447,identity,0.49917436972727447
3a3d2d97666b765c804e3fc12ba1eacef3dd89e47af8d743fb07cf2a0d3405e9,train_02645.png,31.63,0,eval_01647.png,288.82,102.81,True,82.39469909667969,0.0789203736695267,rot180,0.28765231034317923
3a49c0a26557eb6f9f8a4367efa597743147be400de40777280538bfbd4e9f4c,train_02319.png,121.31,1,eval_01875.png,107.1,14.210000000000008,True,17.212722778320312,0.7967531111198765,identity,0.7967531111198765
3a99074f6e3c361e53eac8723d4ea74d91dcb4afe137545dc78fe2bfb73e8983,train_03390.png,345.6,1,eval_00422.png,168.76,176.84000000000003,True,85.39337158203125,-0.1922266072898724,rot180,0.934196376542174
3b4c06d4f5a331712ad67060d7b099c09e642e6d6084c4d80675d509c9d2fa1b,train_00537.png,328.53,0,eval_01891.png,351.07,22.54000000000002,True,32.05079650878906,0.6119871970566013,rot180,0.6174865512546579
3b9c4af61b6f0f19786d63fa86924a9d1383d2fce71ed99ba06dac57532fda5a,train_07144.png,67.95,1,eval_01230.png,95.44,27.489999999999995,True,34.02214050292969,0.60873364438458,vflip,0.6915746821337058
3bfdc6ad795f2819a932c666c8b4199699c98bf46cc192cc7c94b8cfa245cfe0,train_03407.png,320.49,0,eval_00433.png,245.22,75.27000000000001,True,41.70921325683594,0.4256569208271905,vflip,0.5963524105875503
3c0a7f13d5de64c38085d8b48676aa39b68d95298cf072d8590e8d29dace0341,train_04992.png,241.48,0,eval_01739.png,298.78,57.29999999999998,True,40.83085632324219,0.2922998658716858,vflip,0.37704907570270635
3c26bfa8f2c2c1e92644e434bd3b88e4e23d86799e29e5c404e3ff6512057b30,train_00859.png,329.38,1,eval_01220.png,128.81,159.43,True,97.43850708007812,-0.2926159376195097,rot180,0.7525630814192416
3c7b24d18f591bf37d7799e991ccc6b98b417cf16f23f2065a2eb754f2b52ea8,train_03868.png,130.24,1,eval_00719.png,175.33,45.09,True,26.296707153320312,-0.05679393565054523,vflip,0.5301766907367388
3cc28d36112fc6ecc417cc3e6260e52f938009320af05040c11a231973cf3fbe,train_03624.png,300.9,0,eval_00224.png,264.95,35.94999999999999,True,37.62176513671875,0.23746496472783532,hflip,0.32244250655271495
3d02c05928130ea7ec39792accfcd186069dec9bb082d092d122d541c1ecfaff,train_06920.png,24.13,1,eval_00150.png,153.9,129.77,True,66.72872924804688,-0.1270872859752004,vflip,0.40775209067588203
3d14f2ceff864405690f1b037529e57dfdb99d69e8f7a3580ae327da198ceff9,train_05495.png,299.3,1,eval_00134.png,119.88,179.42000000000002,True,31.5107421875,0.5333607748498586,rot180,0.9931443585077436
3d98d6fb038a9dde6ac22e39cc020364d56dae98b6b6e1e21aacdb7304349de5,train_03649.png,347.97,0,eval_01635.png,274.25,73.72000000000003,True,38.06214904785156,0.18392207191405768,hflip,0.3575245958481862
3dbb7698df027207408f7c004bc34ecfbfda93e6d772c056fcbae2387586dec7,train_02950.png,290.2,1,eval_01246.png,112.65,177.54999999999998,True,9.468170166015625,0.8937367754059707,rot180,0.9530419066618534
3dc5ae98034e310e3b733895eda757aaf0efa4c717d5679b86658d06f332e830,train_03385.png,160.51,1,eval_00797.png,101.69,58.81999999999999,True,29.57745361328125,0.18373860883872756,identity,0.18373860883872756
3e167cd518c34580833e843047d9309953816c585de58527d4a24a4f78bf96c5,train_01769.png,287.39,0,eval_00279.png,200.93,86.45999999999998,True,22.17388916015625,0.7259006754735396,identity,0.7259006754735396
3e4248a2f774619ddd081e234a1cd2e890f9b209d634106ee5fe8d9cb526c4c2,train_00003.png,172.66,1,eval_00629.png,98.96,73.7,True,57.82823181152344,0.1936194811090718,hflip,0.3241269871738244
3e4aa752cd0c72c7c087ce125cdb9aef1fc3c73483affd8cf878c95c8f71e862,train_01262.png,210.14,0,eval_00562.png,69.33,140.81,True,30.155609130859375,0.4774714875393908,hflip,0.7147484305045673
3e5055d8c9d6f1cc680feb4ce059f8ef45cad26e78cdd5bc657a2d488ae87c9d,train_07814.png,329.19,0,eval_01409.png,244.36,84.82999999999998,True,30.405014038085938,0.5210416518541382,vflip,0.619129891858854
3e569a1db99bb56ed79896f3dec1e8263e5752d93713b1a1f45593037c5ccafb,train_03977.png,337.09,0,eval_01114.png,256.65,80.44,True,57.137176513671875,0.2596681379732114,vflip,0.5641586872462698
3ea503fbc5465d80c393dd73e7e6486914888270f115e59c3ab726ea8002a2cb,train_04676.png,181.28,1,eval_00302.png,162.19,19.090000000000003,True,41.315582275390625,0.14567755384310327,hflip,0.1859684011328993
40d9587d9472ad4ce716e98637f4b81afc2d5c8b39eace0ac296388c1ff8739e,train_07424.png,59.91,1,eval_00400.png,157.49,97.58000000000001,True,35.47332763671875,0.520734890912577,vflip,0.5555417877111098
411e35dac528ebb46e96a9a11a4bb6f69b6cc9b20ae839cafee8529d9c5fe319,train_03069.png,250.06,1,eval_00489.png,92.17,157.89,True,66.96278381347656,-0.058977555063700025,hflip,0.7662003116985893
4147798cb44e2cc40f49cf7b166b5395cca548f8399ead26783526ff010f73fa,train_05737.png,356.82,0,eval_01461.png,200.45,156.37,True,93.1688232421875,-0.27116632231288695,vflip,0.6220152773821612
4179dcb9e0d421baf10df8fcd74b2d3aa7dbe229262ec0fc4966f0322a5791eb,train_01549.png,300.78,0,eval_00327.png,352.7,51.920000000000016,True,42.56773376464844,0.36550994933772335,hflip,0.710696390472141
4197219d35feec68c3b63def624f71261b8e2084924b66020dbf861759e5d618,train_04499.png,312.52,0,eval_00816.png,46.0,93.48000000000002,True,62.98919677734375,0.1480722279640911,hflip,0.31931327967100653
4208fa51fbc103625c6758caa65e1fb0e289bcf5df3a628b4c239945ebebef7f,train_06413.png,340.27,1,eval_00473.png,147.97,167.70000000000002,True,41.76899719238281,0.37752739143520625,rot180,0.7906710321886519
420d279b9ca713744c46a4c894e2375ccfb09396add0ed545952cb01a91d2d87,train_06964.png,195.46,1,eval_01533.png,171.77,23.689999999999998,True,31.59747314453125,0.5798916801277293,identity,0.5798916801277293
424553805fd8f48800683418b742701767f49f179bc7a8205fb600ef6ebe4514,train_00825.png,99.86,1,eval_01477.png,104.0,4.140000000000001,True,14.3193359375,0.8745950999901155,identity,0.8745950999901155
42609377c91ef97b9ca7df341446eb4c5b64d3db67cd12287cc444cbabf4cccb,train_06063.png,28.86,0,eval_01425.png,66.94,38.08,True,24.662139892578125,0.5374539549510421,hflip,0.7854643369881331
42a5048b0354d07206631ab3bdd058bc6c7f044a46a71433dd7c7e306d121bc6,train_05354.png,5.58,1,eval_00345.png,130.87,125.29,True,28.0911865234375,0.4710569941682332,identity,0.4710569941682332
4343f8d3839c2f7097e2b9a343f9f6b379531be31a1f832b3979e2b9bc3bacff,train_04753.png,284.04,1,eval_00810.png,139.25,144.79000000000002,True,34.260528564453125,0.44787398427591696,hflip,0.6884145451970491
436e23fd5e3ec81d60258014d7150eeb1a7b6bac79d0936ae4b29c4b7cf1e8c7,train_05476.png,127.61,1,eval_00589.png,161.34,33.730000000000004,True,24.62786865234375,0.6206727118839855,hflip,0.7281856349749161
43a46c45714c710806d3a460f3b04fbb943fb0478f613a650f4e5ba3bd4fbfae,train_00431.png,79.56,1,eval_01706.png,161.43,81.87,True,27.175323486328125,0.533286604862393,vflip,0.6578358310985848
43ac359e5c67090005e3e14ab451b44ff638bc41f965496adc2b5f5fd37411e4,train_05802.png,294.11,1,eval_00733.png,167.13,126.98000000000002,True,65.30140686035156,0.17595499958498026,rot180,0.43071726469038235
43d37f69a18e3fa17f0e7bc6549e8884a23a54f6245b75d1a99a97e7a3732353,train_02033.png,175.63,0,eval_01851.png,205.34,29.710000000000008,True,30.61810302734375,0.4325162331200708,hflip,0.4935683828121478
444d2ea9b70fd01c655aa8fae7c8cf5553b10c8da4fb2d578943c1677c595b4b,train_06186.png,131.63,1,eval_00494.png,116.33,15.299999999999997,True,18.633956909179688,0.7788497667643092,identity,0.7788497667643092
4473a998f398a0d432cef27ec06046e0be37f31dad50e584b5137c159482f620,train_03445.png,158.15,1,eval_01387.png,157.9,0.25,True,0.1315155029296875,0.9900492465125792,identity,0.9900492465125792
450d6c1634da410f6271d9d52c6e8d1f742fde0f7a1498c6554eb49a913a44a9,train_06984.png,191.51,1,eval_01352.png,136.95,54.56,True,62.17449951171875,0.21699547024320837,vflip,0.36062911697565747
450f95e8d76142dd332fa00e6891f9538446eb31601eb5e0200d05e9ba849442,train_06195.png,313.73,0,eval_01929.png,131.56,177.82999999999998,True,8.569290161132812,0.9510532300183762,rot180,0.9603247840197571
4532cc82aa351c7a389730ee2e9da76cf2eeb1292725a90a21e6c9dd15f220be,train_07482.png,74.55,1,eval_01207.png,143.28,68.73,True,37.09071350097656,0.4330413293882134,rot180,0.43337988274698824
453983fed1f84de03ede3a631c7a4c8b6811ce1e5b84f449b51d8dc0b0e7a1ba,train_04309.png,13.05,1,eval_01218.png,123.38,110.33,True,69.60040283203125,0.04198008830408698,vflip,0.39656022489470744
4541eeaf85b66d6b8175ad9c5cf4a715e3d02641ce88609710b0173f8bce3003,train_03434.png,355.72,0,eval_00593.png,160.35,164.62999999999997,True,50.015472412109375,0.12671291814979926,rot180,0.6328577222159962
4565662d89eed9f350ac16f706ea34f6121361bc04c51de1124ffce0bcbdba7f,train_07678.png,323.73,0,eval_00616.png,141.17,177.43999999999997,True,39.43901062011719,0.4640489546095921,rot180,0.9398888837741496
45fd7a1d6e888b95468517d171fdc880296e24370c29f7fa3af98f3a630570dd,train_06547.png,314.72,0,eval_00634.png,8.63,53.90999999999997,True,35.91893005371094,0.34917597073397644,hflip,0.4124522963030136
4612c7d3b99e511026068ace316d962d0fb607aa240a06945a599de1ddc0ea4b,train_00417.png,132.8,1,eval_01710.png,111.41,21.390000000000015,True,25.071441650390625,0.6693945341923777,identity,0.6693945341923777
462c5bc4ba320722c9a6a949bf392b24f4e9dda7b53e4967a7b0309bfd2f8eef,train_05455.png,350.28,0,eval_01012.png,294.75,55.52999999999997,True,32.48670959472656,0.42515309929389955,hflip,0.6020959283929154
462d46524808701a358985920114092861e6fb42eb8e0e3b023067dbf6015670,train_07350.png,129.3,1,eval_01686.png,90.17,39.13000000000001,True,41.871795654296875,0.10534282013617646,vflip,0.12446864308685476
46363155ec99d39c1a62750da8b7050b1b42080a1a12b71ca6ae04a131d64f18,train_06265.png,311.3,0,eval_01698.png,314.68,3.3799999999999955,True,8.032928466796875,0.9572663087488283,identity,0.9572663087488283
464570dc32a246976149910e4e0e1d4a727c469f84ee4c978b3f91cf94cf6eb3,train_02116.png,325.12,0,eval_01364.png,196.93,128.19,True,50.9228515625,0.40391775398610824,hflip,0.5826717294630924
467d7102486a673546738f3cca634af0997a92dbf670b98498542bf37443a2ab,train_04006.png,108.56,1,eval_00603.png,153.32,44.75999999999999,True,37.2708740234375,0.49628760205179545,hflip,0.6134355128120723
4695649658e0ca636b92d4c96c53700526f2eb785f5e39694bad66986de6497c,train_02100.png,316.91,0,eval_00821.png,198.11,118.80000000000001,True,40.51849365234375,0.40939583203398144,vflip,0.7493678930840887
470618c987416c19334cdd6ea0267b80af59377b4ae62223aca665014638aec5,train_01181.png,340.76,1,eval_01359.png,175.91,164.85,True,58.3209228515625,-0.06901921241556987,rot180,0.4907414589685146
476cc7f507c7f931c21294bdebbefce8568259659194138a36fadf056ccc4fad,train_00333.png,91.45,1,eval_00076.png,124.68,33.230000000000004,True,42.160797119140625,0.46613529401178044,identity,0.46613529401178044
4783a0230ffaf9344c3c1c01e0ac2f4ee5720eca4e02e440c7262e51547649f6,train_02594.png,286.65,0,eval_01042.png,203.35,83.29999999999998,True,48.904083251953125,0.21029916713545538,vflip,0.5606447823264268
47c7a681d8f7748a5c37daf5bb53c1e5972ac236ef2dbe78ef42d75d6a82ce33,train_06003.png,309.53,0,eval_00549.png,324.43,14.900000000000034,True,19.610687255859375,0.8255098718608727,hflip,0.9007552111924764
47e1e9bae22bfda18014ee5ef531a9edd6f6deb6b86abe002ded83911670b49c,train_00517.png,350.05,1,eval_00736.png,129.36,139.31,True,43.74479675292969,-0.0720887279738708,rot180,0.41500656242875716
4837a3a01aeb0a4bc577f5aaaf3ed3d7682cbf6b41fe331fa69e4831612fa84b,train_06247.png,307.06,1,eval_00826.png,124.52,177.45999999999998,True,38.01634216308594,0.42637273706686746,rot180,0.9475642928858796
484a3287c2b97791f5064b14288749225d12033a9c539e5faffc336507f63d6f,train_00434.png,38.08,1,eval_01638.png,174.81,136.73000000000002,True,34.99916076660156,-0.16269596209628095,hflip,0.30302510602310756
48914de9a254326f00debf525e75a4b614083de21a1cd1b43f5512f76232d5ef,train_02199.png,225.64,0,eval_00644.png,163.97,61.66999999999999,True,46.04736328125,0.25763759600079705,hflip,0.2741850716625442
4909cd4bf554378eb60f733132267476da96d547c6712af2393958ebbb046f51,train_01184.png,10.95,1,eval_00809.png,179.01,168.06,True,90.26002502441406,-0.34049086268487877,rot180,0.7486838062910659
49189ca61ef0431367e332fc4d8bebeb082c3e44758f60b0dbad1ae37771b091,train_04333.png,50.96,1,eval_00529.png,159.75,108.78999999999999,True,49.67796325683594,0.0988646719743516,hflip,0.2153269961794924
4a779ba88b98fe482ea1e387609d54a861d3af0636dc99d52da2dbfd64d13109,train_02028.png,137.82,1,eval_00734.png,151.06,13.240000000000009,True,19.648025512695312,0.7577314075609309,identity,0.7577314075609309
4a8b25717a0cf6da6cb98b04113da37e9fe3e5daae338e2fbc2b9c10a90a30d7,train_01077.png,306.13,0,eval_01924.png,244.45,61.68000000000001,True,40.71549987792969,0.33994331953543283,vflip,0.8332577883029935
4a9e7defeb7e1f752cef5362e9bb1e53edf3f8dcc7860843ab7d6a2886862190,train_06139.png,355.81,0,eval_00953.png,327.43,28.379999999999995,True,39.03704833984375,0.512950951414457,identity,0.512950951414457
4b8d82c6e5cc2202af34ba27542b79ccd2df49dacca254260b739b1beb301598,train_07186.png,331.57,1,eval_01347.png,108.35,136.78,True,74.69796752929688,-0.29047800709727706,rot180,0.48598480563495616
4c00822e420aea7afc7c2460c2066031ab2873e8bf3912974b2a22522406b64f,train_07107.png,353.44,1,eval_01809.png,116.17,122.73000000000002,True,59.89103698730469,0.011531344130620964,rot180,0.2897907576784189
4c991383c635c06d154cd75bc5bb2ba1183ee51e5932fad6765e5b74edc982ac,train_05998.png,353.23,0,eval_01684.png,310.01,43.22000000000003,True,38.35450744628906,0.4312150863994276,hflip,0.4395782300806261
4cf1711642b6422e31cb974887d56cb89f5deb3d6f755fe00610323a9489c147,train_05996.png,301.8,1,eval_01469.png,163.58,138.22,True,39.03594970703125,0.3899223559306436,vflip,0.5545218570662083
4d26d758d1c314e9e500cceca78f16ca83b55e8285dc2fb28ff798df11ab3e26,train_01110.png,123.88,1,eval_01464.png,141.75,17.870000000000005,True,22.582672119140625,0.6993214795189167,identity,0.6993214795189167
4dfbd7ae07779f0c134e9b901328c8668c97c5e901a8adcfe844f0704864f6a4,train_02814.png,23.2,1,eval_00636.png,91.83,68.63,True,47.589691162109375,0.1795236953632282,identity,0.1795236953632282
4e37903919a60395957cf11d24946cdaddb98e128698e8aab79c4a739f24edc0,train_03614.png,56.86,1,eval_01499.png,164.8,107.94000000000001,True,43.95281982421875,0.092937850687954,rot180,0.3642504350194581
4e6bff211c02be5745bf7d44d30cad3a54ddd327f573eb3dc005ba14c1cb7001,train_07854.png,225.94,1,eval_00026.png,151.84,74.1,True,53.79876708984375,0.34055889262650135,hflip,0.8855320887816619
4ef99f951572d73ee8ae20c638bb392f6cf4255ade6cd3794c04a176282e5f39,train_04536.png,106.87,1,eval_00730.png,103.4,3.469999999999999,True,8.700469970703125,0.9197765751894513,identity,0.9197765751894513
4f4bcecf86d05cdd73f4bc5bf12453243176746e17b0950be2762f389908ef84,train_00743.png,281.26,0,eval_00083.png,209.21,72.04999999999998,True,32.10523986816406,-0.016249158456573935,hflip,0.474166727581663
502994432080801d9f206f939b47c6a23f474fcbf95e81429677e2cf9affe50f,train_02052.png,26.24,0,eval_00143.png,220.67,165.57000000000002,True,46.00642395019531,0.43549941257648755,rot180,0.6345125907314518
51219969c2ef658fcc568ea1c32b0a8f7e7949c20111243508341441d27ec4e7,train_07827.png,199.7,0,eval_00819.png,114.98,84.71999999999998,True,55.8310546875,0.2582655519378632,hflip,0.41375689168027474
51f3cce76f63437440659ea9c1e9509bc343fcdb9d59698f74887b4e21989d6c,train_01918.png,129.0,1,eval_01099.png,92.56,36.44,True,43.6402587890625,0.5467894896077716,identity,0.5467894896077716
520746f4079d460ff7e590fbda0de81b1427327f10d724b3855da5a77b39f488,train_04661.png,149.26,1,eval_00541.png,124.6,24.659999999999997,True,23.048568725585938,0.6424367302152852,identity,0.6424367302152852
522ed8b72d8b28543a9b300b54dde55c41a2b5a254e14a7f8a4ba15cc0aa0ced,train_07060.png,176.97,0,eval_01358.png,165.72,11.25,True,13.26416015625,0.583773540954093,identity,0.583773540954093
525154d519c2fc7ee92c94ab0740cc55ea75439ec6adf5d84066983abe8e5775,train_04538.png,66.35,0,eval_00456.png,85.08,18.730000000000004,True,42.3427734375,0.4460589604255038,identity,0.4460589604255038
5251bfcbc066f77b2bbab1e05e7c930f13122116058d1d7206a29afdd765c159,train_03792.png,213.58,1,eval_00602.png,165.07,48.51000000000002,True,29.868759155273438,0.466674414813429,hflip,0.8073465416802069
52b99a8b794ac0c5f17bd056cab0e7ab0e0e4a0e1f76963af4abf2f68a305a73,train_02054.png,6.33,1,eval_01060.png,174.63,168.29999999999998,True,76.28565979003906,-0.3093912437186519,rot180,0.669960162554431
5320f34e5b8da124e47b212c0a8d634a2962d62f35f172b7b61a9778895a7d01,train_04107.png,343.31,0,eval_00860.png,185.03,158.28,True,26.222198486328125,0.3244753681034446,hflip,0.5982328173602425
5371852df3e80e247bc3a7247b4a275a0cbb00d5390ac7ab96ed0680fd483cbe,train_04081.png,11.11,1,eval_00273.png,153.96,142.85000000000002,True,92.35743713378906,-0.11241072302961654,vflip,0.7980881411468719
5390fe334df06113276ee1a9a5c7fae3c64b11711d3c73b6d952b1eef99821d7,train_05645.png,123.64,1,eval_00889.png,144.68,21.040000000000006,True,29.098373413085938,0.7206939406421707,vflip,0.8514200023877142
53de9c0d644cc395ff260cae603155452fadc66890446a03b380c6e13b8093bb,train_03705.png,20.13,0,eval_00621.png,11.3,8.829999999999998,True,18.0115966796875,0.8342706472930412,identity,0.8342706472930412
5443e09866760146bfc5ef6fc8b131fc0f21977dd42854c968b0cd6543f564dd,train_00291.png,115.96,1,eval_00807.png,126.89,10.930000000000007,True,20.950576782226562,0.7140732568045848,identity,0.7140732568045848
5451f939c33efc445ba849d7bd4010221cccb9e80df24eb6b98df1ee86594b61,train_04363.png,343.84,0,eval_01180.png,50.52,66.68,True,30.920822143554688,0.154181926794412,hflip,0.2776050540083603
5480f9ba03812eb6012ee4faad29dee50b63155e5288e19c28e7b30a1fd37906,train_02628.png,68.29,1,eval_00528.png,121.71,53.41999999999999,True,40.36796569824219,0.4542634544282983,vflip,0.7533688635859349
54dfe33275f1c2bbde36d52bea35abe22aca5b2f532b9b1295aedaf6c3378f09,train_01010.png,349.64,1,eval_00044.png,158.31,168.67000000000002,True,41.72511291503906,0.3862047320064269,rot180,0.5307476114576103
54fdaac65e375fce3764112a3ace0e052bcc19e8c0b60fde4da8190eb87aea22,train_04728.png,281.15,1,eval_01882.png,132.73,148.42,True,87.004150390625,-0.09480641629171355,rot180,0.5386998301142032
5521c3351c9c7d3be4ba25df0a40d78844ad1ab1c476557bc1b5e6e46e94eb78,train_00490.png,166.8,1,eval_00923.png,149.82,16.980000000000018,True,22.768844604492188,0.7214773106662083,identity,0.7214773106662083
5586ce65d70297297e1bb1541e01bd5055b8535921f87c734aa877572608a027,train_06522.png,43.76,1,eval_01761.png,167.87,124.11000000000001,True,34.528564453125,0.3300302891500395,vflip,0.3833699657563954
55a2ba1e36fe80ad330e8c4daee76ad2af01d57ac359675066773ae7db0094f0,train_06216.png,220.67,1,eval_00219.png,96.69,123.97999999999999,True,30.001052856445312,0.43413657727048094,rot180,0.43635763113458137
55e974f55638dc6e34f21769bf80168f1cfa7732e5bd256c18225ddff80ba6fd,train_02344.png,266.41,1,eval_01103.png,93.53,172.88000000000002,True,38.71760559082031,0.055013525795029265,rot180,0.7466004154907124
561ebf437d1ebff61fa277f2a1af2214b1faf736a24b4cfe205d8a2e472ddbdf,train_04764.png,249.94,1,eval_01860.png,101.99,147.95,True,83.35012817382812,-0.14536276110595678,hflip,0.782470728828607
562d74b25cae46a8557fb7a238f65504681ecadb32c9dfbe63d5bead4c55358b,train_07018.png,8.96,1,eval_01897.png,161.53,152.57,True,54.85780334472656,0.07655922698028449,rot180,0.39567121062917937
563cdc33f9a45f04f104ffb267fd62d9cd96bd8ea94b517c75816f9f3b47af06,train_02303.png,324.25,0,eval_00537.png,228.32,95.93,True,34.500640869140625,0.14735996223637346,vflip,0.2143910433573184
564a216cbdceab253bafc3aaddf481d4a6e059fd5b25ec38c7760cb27210e657,train_07776.png,20.93,1,eval_01940.png,125.22,104.28999999999999,True,24.803802490234375,0.7105557108576643,rot180,0.7192462959438066
56bc9af49dfdaf65df552ec8b8c6cebe62811519ecf3f49480d7646f7d93a7d1,train_05744.png,322.17,1,eval_00230.png,136.72,174.54999999999998,True,50.35626220703125,-0.0073603379754659925,rot180,0.8032135867728244
57255bca78057f6a99bd2b6d28571e952b83dac58703df379532217cc534b9d0,train_00751.png,274.2,1,eval_00352.png,111.52,162.68,True,110.46916198730469,-0.528744208002198,rot180,0.7131360857828172
57422accf6fd6a54172216324cf009aaab1fe273de7e5d74736eac8bf1644d64,train_07193.png,314.6,0,eval_00851.png,13.52,58.91999999999996,True,22.992507934570312,0.6215346398958038,identity,0.6215346398958038
57e7be95ba8167aa50565f2183954f8161b579abe9ad95d42720ec8035c3bd49,train_00270.png,139.81,1,eval_00472.png,119.29,20.519999999999996,True,19.21575927734375,0.754925216999812,identity,0.754925216999812
5826f2822154cad61050d931a18ac2eea370df3ceed03378f95ee45aa26c6826,train_06354.png,299.74,0,eval_00580.png,175.87,123.87,True,73.34762573242188,-0.15769397747354233,rot180,0.4048737865506017
58bc25e472ed819e12923f80b43588e756f5a8e6802dee0de8d62c95b6bf1e3f,train_03555.png,318.69,0,eval_00558.png,124.22,165.53,True,81.71601867675781,-0.02406291593585872,rot180,0.8169978907923986
5917d02859442c9925caf2390d7d59b912f91eedb88acc7cdbca1e66c6536148,train_01106.png,358.75,0,eval_00313.png,35.16,36.40999999999997,True,38.86119079589844,0.3559397692306919,identity,0.3559397692306919
59564be1a4de6d47923d614715cb53a6a39c0a32203c5d7048d1c56c368ed46a,train_07514.png,116.37,1,eval_00535.png,131.33,14.960000000000008,True,14.5469970703125,0.8012652844332133,identity,0.8012652844332133
59c8b49b5c3e32c0039385ce2e2cdcc1c2d9d9bcb518a487a505a0652c479f6b,train_00382.png,316.56,1,eval_00246.png,147.04,169.52,True,63.786651611328125,0.20012740095601,rot180,0.8461255242533532
5a06ecd71e76d714f95b05bb7aeb5d042166af95c3db06f878e9eaf442090689,train_06741.png,243.79,1,eval_00866.png,141.2,102.59,True,40.91925048828125,0.4270860391187322,rot180,0.4955100198232672
5a8b494706a9b220560317ae3f9a4707872f8c9cc97a3982bd2c8efc37f2b7a2,train_07784.png,337.4,0,eval_00242.png,80.43,103.03000000000003,True,27.23370361328125,0.5688093162114297,rot180,0.5702299371003542
5ae7f1021a7b5738a66bbba200f6be2e50a6d730b2e4242edaa5c90a6594a801,train_02173.png,355.1,1,eval_01797.png,178.26,176.84000000000003,True,57.38702392578125,0.055534274643209536,rot180,0.7793687773068185
5aed560e1b51990d9492fdd0324b6d77cd872e470176b77fa58390881bbc891b,train_00492.png,347.74,1,eval_01006.png,142.67,154.92999999999998,True,29.595062255859375,0.5659624982944519,rot180,0.5889590109438335
5c625768ffca8942457d38f7ed49f6b843f7044330edae1d16eeaa465bde57fe,train_07070.png,120.93,1,eval_00781.png,115.07,5.860000000000014,True,23.493560791015625,0.7260636481792916,identity,0.7260636481792916
5c6d33b2543117ae26dfbb372bf71865d0ae2028ff46d8d3b460dbdb3670f3ab,train_05958.png,320.29,0,eval_00765.png,282.12,38.170000000000016,True,42.97357177734375,0.4720975549531859,identity,0.4720975549531859
5c94233250bba1b46d07d91260aaa0590fbaed5bab8d298c777f27f9f408acad,train_02250.png,169.69,1,eval_00642.png,122.85,46.84,True,50.53977966308594,0.35223662738130534,hflip,0.656974531907043
5cbeebd4d85cec2672b6bfd466007258ef88249feec061427588207eea50d439,train_04991.png,130.47,1,eval_00673.png,137.21,6.740000000000009,True,22.656600952148438,0.794109781164822,identity,0.794109781164822
5cc40081bad21a5aa496aacace800481da72c4a36d42fd30fd18bda6b7e3c06f,train_07135.png,279.95,1,eval_01175.png,137.38,142.57,True,40.08015441894531,0.3082795586654669,rot180,0.3987130018703397
5ce7a929502eca7217289d8f30924f5855d3f2e2b9076b0e2b5cadadd3452d30,train_00780.png,340.96,1,eval_00461.png,95.61,114.65000000000003,True,32.366851806640625,0.3886667532197265,vflip,0.6421073095050716
5d067cf30131e15842ccbf99a4c7ae2d583e003d4ad8a72b3e71aeae00b9fb5b,train_00519.png,103.45,1,eval_01877.png,145.3,41.85000000000001,True,39.163299560546875,0.4949269887293896,vflip,0.5721494425467217
5d6cafab591a074161d0f5e7943027d2924cbeb4590436122f675b3bf5620dd5,train_02449.png,192.0,1,eval_01966.png,173.87,18.129999999999995,True,24.72503662109375,0.7298202719214169,hflip,0.7820293723868139
5d9530c577eeb339b8d4a6a45243925122d5fce7886a18c1b86b686a4f227ea1,train_01444.png,193.09,1,eval_01699.png,159.46,33.629999999999995,True,39.3729248046875,0.5676946990456977,hflip,0.8236527277079972
5e2f64154c912574915a83efb8b10ec67a7e7a53ffd087b0e28d02afcc1d0515,train_00435.png,53.78,0,eval_00735.png,227.51,173.73,True,42.56788635253906,0.48998232781608325,rot180,0.8407635168743773
5e3ff90b420f9d46a6c3c2799f0439c0e9042935f6e370b230fdee4b87da80cf,train_06213.png,34.55,1,eval_01538.png,141.42,106.86999999999999,True,46.070404052734375,0.45694310300096247,vflip,0.6321052449636121
5e77267af7038dbe9b34885d86a92fff398bfe2712b33a06d90f3f8b5ddddd02,train_07563.png,104.75,1,eval_00675.png,144.08,39.33000000000001,True,41.617279052734375,0.3975318396299108,vflip,0.47281975596239567
5eed6fd18c3c833797fb8cc71a1ece3f87e46ab024ba3d2e8b7beafc7db668b4,train_06044.png,288.79,0,eval_00319.png,42.79,113.99999999999997,True,57.35455322265625,0.11594761794584478,hflip,0.45556953450689053
5f59b8dd94a2bbd88e24b4c10347c13247f43dbeaf06667af0f54cc5adb2972b,train_03348.png,170.77,1,eval_01073.png,156.81,13.960000000000008,True,33.47621154785156,0.5791572608295195,identity,0.5791572608295195
5f85bb8933c958fc1c119ad0f728e03d78fd30be3bc70c2a4ff834cddcfdfd0f,train_06092.png,125.13,1,eval_01435.png,164.6,39.47,True,25.131134033203125,0.3185681986908959,identity,0.3185681986908959
5fdb1446cb273987547aba812147f8e0e4479de93e09c06c4ba28042d0de168f,train_01348.png,276.12,1,eval_00871.png,177.22,98.9,True,39.523590087890625,0.0340834329305397,vflip,0.17539265914357507
6030631605269eeadbeab6f3ab5812e94242aa57acf6c0e98d6f42a083059c9b,train_07337.png,18.81,0,eval_01511.png,294.56,84.25,True,62.1361083984375,0.1629032850106172,hflip,0.262365412422498
607726de4f5d2faeac899abde39f39059e39c0ce9d0f09f1ee88e3174e02c0f0,train_04981.png,9.35,1,eval_00539.png,171.87,162.52,True,42.138153076171875,0.16745531626095625,rot180,0.45380964593197004
60e45537e03ea4d58927d34fe0971255dca3570fb15cf5068a7bdae596f69773,train_00272.png,326.98,0,eval_00752.png,76.33,109.34999999999997,True,34.03105163574219,0.27754939210982055,vflip,0.3168738438535041
60ea052ec28610ffa4c3a3641f3bb6b8b2f286e857a3a964a115beefcaccff4b,train_06107.png,138.8,0,eval_01785.png,100.95,37.85000000000001,True,37.66706848144531,0.496906412318335,identity,0.496906412318335
625743fe79767629839a92a0034cd1ccc89e4a5e2fffa4124375368f0b5559e8,train_02811.png,65.93,1,eval_01683.png,163.04,97.10999999999999,True,48.391265869140625,0.17443658566269207,vflip,0.3512382714548595
627e579ba50d77b7d364bf0bd367105242e8cdbf5bee290f4c96af04f49c7790,train_02801.png,359.39,1,eval_01365.png,96.33,96.94,True,67.66496276855469,-0.04233780331663083,vflip,0.2572338170967482
62a63fe96a0324fbf39301dd2fe2aa03c1e812770188e7a948492b52dc02d46b,train_02911.png,306.46,1,eval_00133.png,174.17,132.29,True,59.82081604003906,0.03845834257140687,vflip,0.6915201804741272
6362c9d4bd2c2a2253660296f2e4ebeffbdfd4de02b23d2f2d8d0eefe4084d1b,train_07265.png,347.86,1,eval_01651.png,104.83,116.96999999999997,True,72.06997680664062,-0.1939496793104955,hflip,0.38234143431869294
637e412bdd51e8daac9ae4b4184543bca94b53b679da2dd14b3203409d9f4d1f,train_03448.png,283.54,1,eval_01648.png,92.5,168.95999999999998,True,81.23539733886719,-0.2441451114409617,rot180,0.7811790383484918
63db3ab403a9e995d83f865e00a153c3327a8d763ade93a4c8abc9d8e4927b1a,train_01949.png,303.72,1,eval_01762.png,142.26,161.46000000000004,True,29.700408935546875,0.5627557848424806,vflip,0.7140464359934591
642d11bf92b9bb97141c5af8156ae0ee6113c57ca29fe2a7e12cbecfb8945477,train_04697.png,320.76,0,eval_00712.png,247.81,72.94999999999999,True,52.50389099121094,-0.12773235314126477,vflip,0.2383302644126762
65b9e461ba011afc83720f6ee66afa0c4ace40d828ec202026defe8e346f7a78,train_01638.png,19.71,1,eval_00575.png,90.84,71.13,True,72.33897399902344,0.1976444119062375,identity,0.1976444119062375
65c6542f1e19cd058c5432d55113ff22e7f65e01ef591bc1eb539433bfdcee38,train_04097.png,211.19,1,eval_01458.png,146.28,64.91,True,40.6839599609375,0.4029764688889317,hflip,0.6645818165801666
66186e965beec14961de5d43737a7eec6ed9cc1be65072d6994024ec30be4ae0,train_04633.png,90.45,1,eval_01831.png,157.92,67.46999999999998,True,34.99913024902344,0.1661625269570474,identity,0.1661625269570474
6688b3db36b63ba8ed790896c06700433df13f9c2f262528f8e20ec365fe11a1,train_04915.png,341.2,0,eval_00649.png,251.21,89.98999999999998,True,54.86613464355469,0.30249117457708774,vflip,0.6732450870414977
66d4ee09d47a6df52b48f0862e57019abcc515463c98f1c121e6336469fb9ac1,train_01204.png,175.91,1,eval_00842.png,165.36,10.549999999999983,True,28.055145263671875,0.7154701830483945,identity,0.7154701830483945
67047bcb327ebb19a3fbdd6498d6a088adccbf73af7b0ffdfcd88b683491b318,train_02914.png,241.46,1,eval_01247.png,101.46,140.0,True,76.77287292480469,-0.3255093768948025,hflip,0.7556783455363164
68a0cfdf1c41ba58f57cdccc50a95ddfc532013de2c42bdccf2847865b238639,train_05734.png,85.72,0,eval_01326.png,132.85,47.129999999999995,True,44.59600830078125,0.3483567001732299,vflip,0.4268310289578366
691b7920706cce670abd5571fa1c8394771a342659d52d8fd69394d008663409,train_03557.png,301.07,1,eval_00693.png,175.45,125.62,True,27.375259399414062,0.335082836187297,hflip,0.42875257212487083
6961ecc95aceb6acc2bfbd5a80d17366d57210519fc3eb20bde8d0ebf836f955,train_06230.png,71.42,1,eval_01531.png,165.28,93.86,True,45.52154541015625,0.31667986295532086,vflip,0.5485524565866707
69a97c3a3c6b766d5acd3117351cff0a6ff409ee8641f84a68cfb2b60d8e3911,train_04718.png,188.53,1,eval_01214.png,98.45,90.08,True,39.81239318847656,0.38504992737726945,rot180,0.3858678051887928
6a29deb652d7516d9468a89fbd0a105f51b2ac86f120f8f36d8f3b05f292cf42,train_01981.png,307.74,1,eval_00031.png,173.28,134.46,True,62.92634582519531,-0.3360366824318049,rot180,0.4038644375963552
6a87f97924490bebd3669c9dfd19a723e6e8f8d06b09d110d2d833a2de623278,train_03470.png,133.87,1,eval_01301.png,144.54,10.669999999999987,True,24.223007202148438,0.7463773534119403,identity,0.7463773534119403
6adf12cdef43ac1a285970fe0234fe1fab09b853fbe7577559ba97f8bf478ca6,train_02044.png,113.48,0,eval_00181.png,333.79,139.69,True,62.89872741699219,-0.35376923355846845,rot180,0.48010000540815456
6aeb7de68057923e816e9227a1bf904058a60450d17fee22ae4484c9fa4a6af1,train_02316.png,355.02,0,eval_01825.png,286.07,68.94999999999999,True,27.9718017578125,0.4386140920670937,vflip,0.45452301730722905
6b04da9730a01dcab9eee17ea4b4624c08b0abf54a4477e96346922479585e69,train_03480.png,320.34,0,eval_01311.png,282.71,37.629999999999995,True,37.93711853027344,0.45830377539064204,vflip,0.5297370273443534
6b94a6f97014269e233ff891352ebe3bcf0501d980dedf15c4c76ef2d6f4e05f,train_05376.png,327.21,0,eval_00972.png,256.69,70.51999999999998,True,16.966796875,0.6372460059276527,rot180,0.6409642238597906
6c34f7482a55cb28e8a88c08374f6d0e7ba2fbd0dd8e096544d67c02278a25c2,train_03724.png,336.56,1,eval_00538.png,98.12,121.56,True,54.518402099609375,-0.001258848375613896,hflip,0.5478643466977405
6c55293f39608f9bb577bb2238d35f7747bdf7464bb84cba9421b2ce0c7dc21a,train_07608.png,142.21,1,eval_01183.png,158.09,15.879999999999995,True,18.352462768554688,0.779707842661506,identity,0.779707842661506
6cbc28b32f81efa3f5d6d1fcb950321ee6a65a22bd2a8b4051f265cf78b4039a,train_04883.png,162.14,1,eval_00221.png,132.38,29.75999999999999,True,24.336196899414062,0.5839816079057323,vflip,0.5986025398576287
6e8b8e41083ba88f3cfa3b91fa2483d42dfe2535760de084c4ddbba0b01a81d0,train_02905.png,241.56,1,eval_00876.png,167.5,74.06,True,44.33491516113281,0.3746465505526109,hflip,0.43943220303382013
6ea89010e06b7971d5b07611bed67fdb727811af6ad3b43fccb672d73192789e,train_07168.png,319.74,1,eval_00699.png,159.13,160.61,True,30.76019287109375,0.5511468892481489,rot180,0.7664162865347673
6ed83b1e33e1957afda024929bfdae70ca8428c06b254f1f70b85bfb3ad3f00a,train_07249.png,44.6,1,eval_00414.png,101.05,56.449999999999996,True,45.98420715332031,0.35757447537958553,identity,0.35757447537958553
6edeb55b89f4521618a825191ba29089663b0a65e40b045958a060faa2d8e853,train_04533.png,342.74,1,eval_00206.png,112.39,129.64999999999998,True,54.92364501953125,0.27220472617957664,hflip,0.511215305848134
6f0c17a2e4d435fa98028ddb61268169d4b914069bea2a16ee030d53a0fef95a,train_07720.png,335.82,0,eval_01339.png,89.17,113.35000000000002,True,56.17350769042969,-0.0708851264310762,hflip,0.49463511944179683
6f689d31cfc653b3afcfae8616b87238fdd89785a5cea8d0addc5a909f77bdb7,train_06530.png,327.04,0,eval_00758.png,66.29,99.25,True,53.53114318847656,0.2024542780342077,hflip,0.43601253908169135
6fe507d10d8124fd7103feba1e67117c29c54e3a63e19a3e04aff1707ee68777,train_05934.png,196.32,1,eval_00954.png,120.29,76.02999999999999,True,25.364166259765625,0.6718758035187015,identity,0.6718758035187015
70c27b91117a4a929cc40d11c4ffb9f3a29b01f98ac29946f51a648bad2778c0,train_04700.png,298.16,0,eval_00934.png,215.29,82.87000000000003,True,43.38780212402344,0.335849800970578,hflip,0.39819764189822765
70cfcb13634bf80c6a3bfd76ef97a8b0c43c95f0f1401e7783dbdefaa7d54e23,train_07105.png,294.15,0,eval_01057.png,243.75,50.39999999999998,True,41.86558532714844,0.42411642659352117,identity,0.42411642659352117
71123fedb47bf0be03012486dda84ceeded8b68fb2f173a5ae133af15a434e09,train_02070.png,341.93,0,eval_00665.png,172.89,169.04000000000002,True,111.31513977050781,-0.33719890866973257,rot180,0.8269142886181573
713e97f8efdf45f749926e546744372fd5093ef2eee74bc6d570448adecf5e4d,train_03063.png,181.02,1,eval_01193.png,97.11,83.91000000000001,True,45.006134033203125,0.06796660893763956,vflip,0.18633719049045955
7191fe2563f372f21205ce2a6bae63b29719df58cd21b57dc4fdb5236625a67f,train_06804.png,265.2,1,eval_01678.png,153.43,111.76999999999998,True,45.398468017578125,0.2130232931810994,rot180,0.37216564504843447
71d89ddbc83b111d1e62ff32485ce89c2e311939ed23275bdd19b1938f5e12f8,train_02652.png,224.03,1,eval_00859.png,93.53,130.5,True,37.58831787109375,0.15566532240029554,rot180,0.18893320020125282
72045f333301d04386899bfba62e20086dbffc2bb932ec61ff6ffcdcec093864,train_02372.png,255.13,1,eval_00387.png,158.86,96.26999999999998,True,57.18095397949219,0.17745959498600086,hflip,0.34942579164598203
73510bcdb7099bfc939caa2ec73baecc9f6ee5f5ea02d70c17b1a4bf354ddcea,train_05287.png,156.02,1,eval_01119.png,120.73,35.290000000000006,True,27.05938720703125,0.5913891186313583,hflip,0.712681507739611
739d9c7489beee29cc42e19ca11c5fa16c7db560bacc191d274c1dd757e0516d,train_00392.png,22.31,1,eval_00218.png,107.3,84.99,True,36.5897216796875,0.45880073831899293,vflip,0.48205798132648875
740f32ba92a3d48b6190c235658918c809ba8c113118d7090d3aa49cf5a991e2,train_06757.png,332.08,0,eval_01141.png,168.56,163.51999999999998,True,47.94676208496094,0.16583750558187002,rot180,0.407957586526073
751c84f5bb16662d6f7978d71a735ce1972d66224e6cc013455093288086ffb5,train_07585.png,21.17,1,eval_01718.png,148.54,127.36999999999999,True,59.019256591796875,0.3494220361311708,vflip,0.7418976576874914
75a3275f99abfbeab166b59e8b66e27d05f3aa31c2e940dbace57f07c38e31ea,train_03057.png,312.27,1,eval_00278.png,145.25,167.01999999999998,True,89.89973449707031,-0.5950405790636295,rot180,0.8557530848221155
75a4013a52d8d095023700a715cadec1974dd551fb7f8c69f8fc87b3953eefef,train_00866.png,353.31,0,eval_01916.png,150.41,157.1,True,124.77285766601562,-0.480830400418776,rot180,0.7077718213780906
75b2515d399a9a0699cc9d8dcee56dc97a9256c6b0ae6af3c7ef6603f4258373,train_07283.png,359.6,0,eval_00906.png,249.41,110.19000000000003,True,48.1357421875,0.20356330625524835,rot180,0.29186242043739263
75e2ea983644439a3758f36bf702569c6d9f35543b73de9db6dc4d50753fefde,train_03911.png,26.24,0,eval_01969.png,352.69,33.55000000000001,True,35.42283630371094,0.34445475739480014,hflip,0.3665721146382959
75e80dc5e6a4cf872cd3c1ee01627eddea29e898f04aa645abd475c35589b810,train_04271.png,242.73,1,eval_00832.png,175.86,66.86999999999998,True,49.264129638671875,0.3082831102802211,hflip,0.3964140903710815
76aac9eb906b6ad90fe993e6e5786f1404b47e0f8c106b03c5e61e99bd1d2901,train_05274.png,125.76,1,eval_00824.png,108.6,17.16000000000001,True,24.0216064453125,0.5214939079690097,identity,0.5214939079690097
77529e406de42f3d67d6a7378843dd70b1228da461994f140c5bed3541570970,train_04671.png,313.77,1,eval_00662.png,114.73,160.96000000000004,True,60.483489990234375,-0.06917404197364799,rot180,0.6318579906286123
7765efa952e16699d5efcfb6fc61caf19aac450a0bece66849e6246b3761d2fe,train_03882.png,356.85,0,eval_00197.png,270.41,86.44,True,73.60848999023438,0.029569681894509793,vflip,0.3509065778691281
7834c24592d5633174722d3e3e648506dd1d82c88adb936aa4784d3fa37f1ed4,train_00280.png,306.91,0,eval_00291.png,264.14,42.77000000000004,True,32.46575927734375,0.34716954585880927,vflip,0.38126918415252153
78fa232af65360768352d42df18e215619ebf09d484b83ad179ab2dcf8a03cae,train_05189.png,146.98,1,eval_00236.png,172.27,25.29000000000002,True,30.0303955078125,0.5016452739786624,identity,0.5016452739786624
7926c92c636ba289240f3092025797972be775029d7fa6a49567720268c7b1f8,train_07461.png,21.11,1,eval_01634.png,94.36,73.25,True,52.79150390625,0.2826387301569718,hflip,0.30575096769590226
7935169baee71b503a3b16be47e5159b31828588dfacfa58faef534e467a8e98,train_00213.png,327.89,0,eval_00299.png,238.08,89.80999999999997,True,55.37443542480469,0.21254672265142938,vflip,0.2254377744495368
7941daf318dd5bf4297a8716855d8ac0c5a3ac0bcb157e6f2aec359ced3c1990,train_00816.png,348.14,1,eval_00867.png,140.42,152.28,True,43.004364013671875,0.2977001883839356,rot180,0.6143158435275544
794f0dca4506af95bf70d93df3b271249c64b7e68be241a6b1bbc6d42872f0cb,train_05767.png,163.14,1,eval_00484.png,97.82,65.32,True,27.559432983398438,0.18391897246491243,hflip,0.538794530951958
79c0f0cfbcaa67730ad58b879d91563680d3288f9f7354633d2a0a5f022eda69,train_06338.png,238.13,1,eval_01735.png,94.85,143.28,True,72.72918701171875,-0.0823244514257134,hflip,0.6946813804414815
79c7a43052eceb065e5b3943d7fbe4c2454ede1b8af89d69c771c89c90af00b4,train_03665.png,280.07,0,eval_00690.png,327.99,47.920000000000016,True,38.59111022949219,0.44552448544447915,vflip,0.6052087652211138
79c97d961798f8ae8287230e7ef05366f2452aba039d4b94886f5abb84ee69ac,train_03425.png,334.95,1,eval_00825.png,137.02,162.07000000000002,True,79.1605224609375,-0.3697031673249644,rot180,0.7573489276425405
79e74dfe7edc65b2c1032119a49be4b080d41ed2277ac3e20528cc87cce67177,train_05355.png,225.45,0,eval_00694.png,245.6,20.150000000000006,True,31.483352661132812,0.6088277052666854,vflip,0.6252027232164336
7aee50dce3df0b2a62b3f810458a7d7a75e53d8e49fa0dc9a6f8d6f506712c7d,train_03883.png,113.47,1,eval_00199.png,147.88,34.41,True,34.28741455078125,0.511797420171568,vflip,0.6489562168203328
7b375236420712baed9d907f3ad9c0394b2375f8bb61a8a3c0bc1123a1cbeb44,train_04179.png,333.12,1,eval_01934.png,126.91,153.79,True,82.33245849609375,-0.28956146909631447,rot180,0.6457802173190363
7b9db43f03cdce114f121050447d0f363618be91beed43f387e33d0d13b7d325,train_04020.png,329.31,0,eval_01066.png,359.51,30.19999999999999,True,37.07173156738281,0.2785944330749613,identity,0.2785944330749613
7bf579f5346d122a4ac25d3e64089f0e0dc5b840cac97318ce8e50408d3c71e1,train_02176.png,326.11,0,eval_01009.png,147.92,178.19000000000003,True,61.278564453125,-0.2602246481608618,rot180,0.973996798428295
7cc8287c38cd3225b30d414ad92333c959faeb294a8b9bbac194addf6fce318a,train_04235.png,276.43,0,eval_00913.png,57.68,141.25,True,48.75544738769531,0.2091660021034902,hflip,0.5399608390934146
7cf111e686debd91a3908161c6a475e9d411167799259d71fdfbcca3ed340a01,train_02229.png,329.69,0,eval_01454.png,189.8,139.89,True,80.56037902832031,-0.32146336696357447,rot180,0.39209158750051176
7d4228b28265b52a759aca9828135ddebde4a74593d0b35b8a84681f76c710ee,train_01517.png,321.06,0,eval_01280.png,199.74,121.32,True,94.83644104003906,-0.09629238142884093,vflip,0.871986017615578
7d7d55e10301fbbac342068fa0f840da97d35d9fd116ac414b8b5f80250ee928,train_04990.png,154.21,1,eval_01320.png,152.17,2.0400000000000205,True,9.972824096679688,0.8950809139634283,identity,0.8950809139634283
7e03dfb2680e20a51c4e3d8e3ae68e05455fd0b63c23cb02fe857ffed3f6202c,train_04637.png,234.35,1,eval_01514.png,169.48,64.87,True,33.89239501953125,0.4086515637291795,hflip,0.5478593625965915
7e3c76f7b70185332c934b1a1018bed85f8f3640574d6221c14f7e567bae5c79,train_00601.png,331.51,0,eval_01741.png,91.52,120.00999999999999,True,29.716140747070312,0.2954808062563533,vflip,0.41695359501627455
7ecad2864fd3da279111bc20b113c645883b0be0a541622ef987590946908589,train_04148.png,37.88,1,eval_00664.png,127.8,89.91999999999999,True,20.82513427734375,0.7166185941434442,rot180,0.7166438998724517
7edc8ea5c37b2e1191bc9feb685e762b9b7f5d93206be53084917a58be2fb838,train_01856.png,212.03,1,eval_01659.png,150.53,61.5,True,53.515045166015625,0.41105979613078036,hflip,0.42032843567089195
80a0c91260747f0a8c41f8d39ad9fba5e066caea1f19d1a2fc84dc2513090cc7,train_04884.png,301.32,0,eval_01355.png,219.32,82.0,True,47.35087585449219,0.25183975661818336,vflip,0.5699487423851014
80cc30dc8a59a016dd7fdd5fdb8e0928b08ccf9b8c91c2a39f8eb2129b225436,train_03397.png,46.64,1,eval_01019.png,116.35,69.71,True,39.08744812011719,0.4541350332337508,vflip,0.7641140893563344
810eaeea0c2b751c407b2022fe4ecf6dc87b16cea5ef5c4b5998b1168994c1b0,train_06108.png,278.43,1,eval_01166.png,158.64,119.79000000000002,True,69.92848205566406,-0.11227674461932328,rot180,0.3638367855060259
8274df5db6dcaf1c634f35f103f55567f9b1ff4ffc8edc550524212a6f39d80c,train_05584.png,225.54,1,eval_01704.png,148.65,76.88999999999999,True,40.421051025390625,0.3967448099392874,hflip,0.6532364975428684
8275fa394f34f657a37528e1906f3362b55c305449ed415d0821fe5b706d9b67,train_04969.png,352.73,1,eval_00093.png,168.01,175.27999999999997,True,68.04132080078125,-0.16048444787129107,rot180,0.8666338511086328
82a40db5d78e2e17827c6eced810c45052baca39423ca9ab4510dc55e4cbaebc,train_05443.png,289.51,0,eval_01989.png,27.73,98.22000000000003,True,81.10409545898438,0.000891286826251981,hflip,0.28064132461158353
82cd5a265f889821d6112555da475fb7d84ca527f033ca7ef29df902edf3be99,train_01560.png,327.67,0,eval_01675.png,356.3,28.629999999999995,True,23.364303588867188,0.49521819426212965,identity,0.49521819426212965
82ea58a8ee272523273f69e450e1c870856f4fc557e70d4ff26b96a08554d319,train_06839.png,73.73,1,eval_01004.png,175.2,101.46999999999998,True,35.88853454589844,0.2577456138871405,vflip,0.33256293411238913
8308e08a3ba7934ef2050b9f14ca365be800b2587fb94b67ac2da9d71c842ffb,train_01732.png,159.3,1,eval_00015.png,138.2,21.100000000000023,True,20.2965087890625,0.7630362857625851,identity,0.7630362857625851
8338faad91148e21409e620023f957e5ce6d46d39b1d7537c6c186a7f46e62a5,train_03336.png,339.71,1,eval_00417.png,170.87,168.83999999999997,True,31.420806884765625,0.4659806068242819,rot180,0.7097569201447992
83611def1297527f36bcc748cd608c91578977e884a48d53f600e7fd669452cf,train_05127.png,278.87,0,eval_00944.png,170.21,108.66,True,32.45159912109375,0.19630469038094428,hflip,0.4482125725537955
841b5d8c74c0940f2619f2a3d81fe53960e3c3d54f3fa6de0b351b0d3cb72bb4,train_00462.png,172.57,1,eval_01672.png,106.24,66.33,True,48.17506408691406,0.15742402584119067,hflip,0.2943112492260492
844b4937ce90a63df9147866cfea00910a0fa2f36903eab02874af331f886dd6,train_03913.png,134.16,1,eval_00639.png,138.91,4.75,True,15.518218994140625,0.8483021665481846,identity,0.8483021665481846
84589728e88a4caa98e99ec61093f4aa20c7446dbacfc41097bb2aa835f0efcd,train_04341.png,220.93,1,eval_01697.png,95.65,125.28,True,44.71705627441406,0.2523199107805464,rot180,0.34172849859719595
84bc147eca4d351d8cd6447415216059215f1edd8c12520e78cb271f31005d78,train_03101.png,169.79,1,eval_00612.png,173.21,3.420000000000016,True,18.373275756835938,0.7624310703093011,identity,0.7624310703093011
85b5c9b34e1d86605fc5b157557ced6058e2f49e5dc53731df36886f149d2f99,train_03206.png,344.87,0,eval_00767.png,297.68,47.19,True,46.318603515625,0.3430933705273264,vflip,0.37296706050360273
85f0c724e8aad715374f7959b2374084418058cc6369715e84ee99bf512440fe,train_03731.png,118.64,1,eval_00119.png,162.83,44.19000000000001,True,44.36186218261719,0.44408073421937566,vflip,0.5914292458784265
861d6cba9b4027d1412fe1a9fdb9a705bad15389f3394acf056f815488fa1fa9,train_04943.png,26.48,0,eval_00618.png,38.63,12.150000000000002,True,16.733413696289062,0.8101102069042218,identity,0.8101102069042218
862144b12aa4b6dc4f2b278949f499c63139156bd3dd5e7e50db949e2ee5e6a0,train_00356.png,301.4,0,eval_00532.png,50.78,109.38000000000002,True,33.723541259765625,0.5321462657023793,hflip,0.7993151513418857
86583e10b1d229ab163375b9069c9f91d6cc4560cd78fab3ebaa112d45794a8e,train_07701.png,329.99,0,eval_01589.png,90.6,120.60999999999999,True,32.65357971191406,0.3197123853682958,hflip,0.4550250973760631
8676f9b36f33da948691bcd2fb1586c8a32b89371a2dc72e82b7abd709e53ff5,train_06742.png,180.54,1,eval_01348.png,171.48,9.060000000000002,True,17.822952270507812,0.7195812302388472,identity,0.7195812302388472
86f5a1e6e6f88dea949d6fee0b35256662ea4c94455439ddf5d2ac98cc3b6564,train_05087.png,189.91,1,eval_01680.png,110.25,79.66,True,55.95538330078125,0.19641691423723798,hflip,0.4226525949454216
87300aa0bf8e29a0c732f7186019a9bd7356c52111d7c2c9e5b04c2deca53615,train_02282.png,353.71,0,eval_01342.png,250.06,103.64999999999998,True,62.813446044921875,0.01160449541719042,rot180,0.21977842825254543
881d190ed1be43433eca5e9ef0a40c3d7d64c342a05276bc8828fd18a575d502,train_01368.png,348.66,0,eval_01427.png,314.21,34.450000000000045,True,34.442626953125,0.27159855857662246,identity,0.27159855857662246
88aa333f6d4f927e8b3e98a89be71abc405570c771cde590f02d8f76353ef65a,train_06411.png,62.79,1,eval_00386.png,118.9,56.11000000000001,True,42.922027587890625,0.44190541818674495,vflip,0.7753090587027797
8a206c6cf4e1e8100d20a919823a03fb28bcb8951b051dc601a21a93aaf09848,train_00916.png,302.0,1,eval_00697.png,153.18,148.82,True,46.343475341796875,-0.007709240144070522,rot180,0.3950397014528739
8a29e851e98676ef30b4425bb175e66193c48f2fdca9a5e506ca861bf8b39a7a,train_03822.png,96.79,0,eval_01041.png,348.35,108.44,True,57.3868408203125,-0.08825819489153224,vflip,0.36456146069417156
8af17954c03a9d765da9996c013d40a12b9d5a4ab8821026d6c8422c8e87e6e1,train_05434.png,32.89,1,eval_01178.png,149.73,116.83999999999999,True,43.0328369140625,0.370396972369969,vflip,0.5033283717627773
8b0f632f7bfbc3014ef5faac914334cc9d19350d42b367bcd44b93a2e1885c74,train_01601.png,100.65,1,eval_01205.png,127.98,27.33,True,29.449310302734375,0.5909668630907904,identity,0.5909668630907904
8b2f3422685e1cafa05c9309b6a07bf3e5c5ff5f7830980ca10221f55c6dba71,train_00694.png,295.7,0,eval_01136.png,343.29,47.59000000000003,True,32.07740783691406,0.4866480055075705,vflip,0.7441067851001099
8bace2b87f42ba116d754409257f8f738080e7c6085cbbb04a80a1119cc95284,train_02858.png,95.79,1,eval_00895.png,112.69,16.89999999999999,True,31.9066162109375,0.5348406410862228,identity,0.5348406410862228
8bdd86df423229e9189026b6049919de0288be7381f954c73116d943d8f17118,train_04739.png,353.96,1,eval_01107.png,93.36,99.40000000000003,True,41.297393798828125,0.1478434197098406,hflip,0.3943766958631954
8c1a9a10bc71a76cf456a304129105435e8c216a1b26184aadc267faa4d5f737,train_02361.png,191.58,1,eval_01510.png,109.71,81.87000000000002,True,34.571746826171875,0.3956107288501266,hflip,0.49356669303839623
8c8c8b349668954d9c451d4d4858d17403b7b3c6957f8bcd83e1cdc6d5d19ad1,train_05150.png,145.34,1,eval_00887.png,115.62,29.72,True,25.363983154296875,0.6843962393177851,vflip,0.8553524277180095
8d22b96f0d139f3888e14ea10bdac15432be3c92091b645787e5f7e3eb4ae459,train_00070.png,312.47,0,eval_01810.png,120.04,167.57,True,35.04023742675781,0.45159403364745443,rot180,0.6337078271881529
8db23b950e2bd87ca6071e355eff20a25a8ea2b59e0c0ecb276c04176e64abdb,train_03852.png,87.07,1,eval_00105.png,106.58,19.510000000000005,True,35.36077880859375,0.4085667659756478,identity,0.4085667659756478
8dc5afb2cfa61d6de7798162c479993c1e41fe3fd8fe5c09c1d46773e5d2deca,train_06518.png,331.96,1,eval_00974.png,132.74,160.78000000000003,True,41.156646728515625,0.43399661009115936,rot180,0.7414231083116762
8dc98bd5bcb021504313c7b5b29b73d69f97efaf6a3aef8c4c0deecca7ccc116,train_06070.png,308.5,0,eval_01367.png,171.44,137.06,True,31.566635131835938,0.31184359155586494,rot180,0.4908629033230278
8dd9cb229a73726ff0c6f3a85b71092894171b13b4a1093feebf830df7ddeb0c,train_01338.png,132.46,0,eval_00919.png,13.28,119.18,True,62.03385925292969,-0.04763202138633733,rot180,0.25403006043427595
8ddea4a1c3212dd9d5341cee071a790a60e8c4aaf8fdff096016fca221292734,train_06988.png,141.39,1,eval_01035.png,178.84,37.45000000000002,True,47.565948486328125,0.354880985480666,vflip,0.40181233489614937
8e528f1dfe9da43473bbe71ed8730b4a183114ed5114d06069ba55b4299dd75e,train_04451.png,180.33,1,eval_00967.png,174.7,5.630000000000024,True,15.952239990234375,0.8490244380643382,identity,0.8490244380643382
8e8cb0653b83fe7c95e749e9f549b21f31c1a8f8597bf10ca381ea837cc6c15c,train_02891.png,164.48,1,eval_01329.png,173.57,9.090000000000003,True,26.287078857421875,0.6831611063776657,identity,0.6831611063776657
8e9ab2af0427a08424e1785c617672ce764a0d586bb92574b36cde272644241a,train_02081.png,340.72,0,eval_01463.png,148.28,167.55999999999997,True,51.844512939453125,0.07273250176324556,rot180,0.7512003877443133
8fb8aa26b9e0aba65ac1acf18b9fe02a84ec13e852d0afee7446f107e259ac6a,train_03511.png,356.47,1,eval_01770.png,162.79,166.31999999999996,True,66.22250366210938,0.05385444620047149,rot180,0.6937558472273793
900d4d8ea1a5b9b17d3e73e4cc5cdc66dd4ee476b8941d6d5ec43c7bd815d79b,train_05619.png,22.58,1,eval_01526.png,97.07,74.49,True,55.11671447753906,0.2263759030443172,vflip,0.333466151075031
90422ecb6d9055e13016ea1dd53a9e4941f9148509dfca2a1f75cac2d85c2ed0,train_03238.png,125.96,0,eval_01154.png,313.53,172.43,True,38.3370361328125,0.49331529219773124,rot180,0.6873157167653362
905e815ae9c6aa1526755fd65fc1186160e15dc66718e64d6d0c0fad17f742ee,train_05912.png,330.03,0,eval_00025.png,262.48,67.54999999999995,True,45.055755615234375,0.03405170167767401,vflip,0.2515197120141709
90821d7a55d00fe590d0902312103c41e0c8e6dc258866b7df83c9d790adb308,train_05422.png,273.95,1,eval_00800.png,97.55,176.39999999999998,True,18.432846069335938,0.5863141113409966,rot180,0.757569393816887
9084ece9edfc4d0a3b8be976cb04ebd3ef3bdf281fa8c0455d9144142530bc52,train_06220.png,322.04,0,eval_01237.png,87.59,125.54999999999998,True,104.13438415527344,-0.249394696845419,hflip,0.7886600752735229
90acd966a4604af10f263ef937d7cbebb1b01e603da2c156cddf81a5121df49b,train_07448.png,359.04,1,eval_01127.png,113.25,114.20999999999998,True,69.97431945800781,-0.032765970261602204,rot180,0.2599274223641547
90fc7b6769694f343ba2d5093e1cd2faacd1f4682aa0a87863db2d8de1d87bfa,train_03809.png,340.24,0,eval_01199.png,24.76,44.51999999999998,True,40.778564453125,0.4651085732202997,identity,0.4651085732202997
917203e4edb1348d8561e20db3c701b7d360fcfa4d32ddc06f2d7f295b3e2ff2,train_01702.png,322.22,0,eval_00285.png,110.2,147.97999999999996,True,79.70094299316406,-0.07962977731306942,rot180,0.6583991544204627
922f0a9249a5f83ba2161812c32930c4bcd20a5f2f5b4a766e121aa293e4b93d,train_01187.png,147.55,1,eval_01925.png,167.62,20.069999999999993,True,45.87812805175781,0.3264614975297499,identity,0.3264614975297499
924007716491c5b3c179afc4b78ddfae05f8ef5eaf7d35b32612cf50f8769d84,train_02885.png,111.19,1,eval_01939.png,115.21,4.019999999999996,True,19.280746459960938,0.7630934889042237,identity,0.7630934889042237
928348d9ef2615c53405a490001694e2300688a68d9019c3122ec13705708727,train_05384.png,253.74,1,eval_00483.png,159.06,94.68,True,30.43548583984375,0.4810129160405044,identity,0.4810129160405044
92b03f885665b3c65982b3b54625aeb6d2e8de17ed6438db0900178ae9cdeef1,train_01135.png,316.9,1,eval_00893.png,155.8,161.09999999999997,True,36.043792724609375,0.5049804210799489,rot180,0.7759375935224314
92d9c21858c35d5bce9e3b9a6234fceab286acbc21de84b8ca9e86506d16a0f5,train_05905.png,269.15,1,eval_01153.png,154.91,114.23999999999998,True,88.6162109375,-0.1583695071674901,rot180,0.23884885041738343
92ed63ffc6a892ed95349b7258eca201ba07d492a187b042a36cdb2cbef8a75d,train_04751.png,318.54,1,eval_00054.png,139.66,178.88000000000002,True,17.339523315429688,0.8186766010461418,rot180,0.9580253105056619
93881d3c79b3719452f94650c3031ff9cc8298a5980d74ef1021ea1a18b7201b,train_01258.png,308.73,1,eval_01495.png,112.25,163.51999999999998,True,115.43569946289062,-0.35942522343948796,rot180,0.7904846249908296
93ad7d9b748cefe998e0d1ca48b41ca4112353a0cee1d807cd8118dbfce923a9,train_06388.png,236.38,1,eval_00839.png,90.32,146.06,True,102.17922973632812,-0.19766732741077847,rot180,0.5144482205360721
941e5af22c7775661e4222d0b4ef5c7d582279c159dc000bc468e8297056336c,train_05055.png,241.27,1,eval_00301.png,99.14,142.13,True,89.98098754882812,-0.34400896899614997,hflip,0.7061586467208321
94ad041e0661d9b033defa01991520a708f53e752beb416456febd2ef29fc5e4,train_02777.png,139.66,1,eval_00055.png,98.99,40.67,True,41.95027160644531,0.38801223472549146,vflip,0.5803448137613836
95bbddd94e5d7460cdac7373771d054c4ce09978dd7439b3b3be7fcad7d6e764,train_00304.png,291.02,0,eval_01742.png,47.1,116.08000000000001,True,29.754653930664062,0.5872401607089526,hflip,0.7622340459990217
95cecd4c41fbf6a6d034268ee4f8a7a92ad65af401cc9b449836edc8acc07a93,train_07199.png,312.7,0,eval_00955.png,315.69,2.990000000000009,True,17.544631958007812,0.8332251276533706,identity,0.8332251276533706
960345e312c4c966119f9e5139b1ef4c2ffa64dd194a8cd3dc17bdea348aa368,train_00097.png,209.17,1,eval_01373.png,146.84,62.329999999999984,True,22.912643432617188,0.5686571850800465,hflip,0.7326189601620607
96503bfdff4a1d881de8c69faecfe0247f58184df1f83e8915337fac96385577,train_02302.png,13.6,1,eval_00707.png,108.46,94.86,True,51.69120788574219,0.20083599750567477,rot180,0.2572924577235977
96b61dfac7d41067907407e9d0813e596c705f62e2fe7cd525b9ee71d5c47bf0,train_07838.png,154.31,1,eval_01413.png,120.01,34.3,True,18.058944702148438,0.13270347934001628,vflip,0.6789168131718769
976b99218669031343b55922f8d41e7a49dfe260c3d1b0eb3e766976f97f1d0d,train_02824.png,22.76,1,eval_00858.png,147.94,125.17999999999999,True,56.24049377441406,0.09043322602162185,vflip,0.40226515294767307
9772157201a5e197801f4d0134a35a945db398808603ca875a1cf1eab02b0c2f,train_06613.png,296.91,0,eval_00322.png,129.01,167.90000000000003,True,26.572174072265625,0.5729501325304122,rot180,0.7652209544131122
9807ca5f2df98fc9ea24184769696fc26bfa1bad083939474d2af81c40bd64a9,train_06294.png,248.58,1,eval_01346.png,173.7,74.88000000000002,True,43.75004577636719,-0.11354524180521983,vflip,0.3069943190451717
98245ef45362efd12d8052185cd2514996089a1dd6e6a2c802187d636ca88297,train_01467.png,5.03,1,eval_00661.png,123.05,118.02,True,44.00604248046875,0.18967695597517484,hflip,0.330748530187863
982cc033590aacdadfa299ca81bd07c3484789f45e0e07d35ccbc950a53c6cfb,train_06245.png,20.52,1,eval_00069.png,134.5,113.98,True,75.895263671875,-0.06935667595270538,vflip,0.8094289899286636
98722323dad6a84788f82e9d020ad9cbff1649b444fe2dd080ba02302418086b,train_04820.png,223.08,1,eval_00034.png,96.05,127.03000000000002,True,79.08897399902344,-0.09820899595533661,hflip,0.6188596315583651
98ab70ff5217631f7deac4c5028ad33150db0c53c5f42f698f4693bdb5715796,train_02778.png,327.43,1,eval_01824.png,143.17,175.73999999999998,True,59.59550476074219,0.33100594268811667,rot180,0.9253363378270919
98dd20bfef53e90a7dcbfe986bcaf22efcd30c3b2734921b9ed4fbba6afacb79,train_06497.png,275.8,0,eval_01235.png,62.06,146.26,True,58.10194396972656,0.1148397298201438,hflip,0.7301546473238821
993795edc7f7a43707d2de557418877cca6625f18f03624d03175d0fd6c31858,train_06958.png,92.9,1,eval_00125.png,119.99,27.08999999999999,True,31.547927856445312,0.4711235211152038,identity,0.4711235211152038
994f76c221998207da541082123dd467e3ecb915b48ec8c5ad803eaddba52ad5,train_00670.png,157.92,1,eval_01241.png,112.62,45.29999999999998,True,34.86328125,0.2592916620553514,hflip,0.47048349535271294
997c0270655d99ad8133adccb2238296cc01d74eaeddded443b3bc82b290b347,train_07044.png,292.33,1,eval_01895.png,128.81,163.51999999999998,True,25.2320556640625,0.6608558102415845,rot180,0.7228766974711414
997fcee756efcd0b4949a53c12be0da5462f6f375f76f74428431bc0baddd491,train_07602.png,116.21,1,eval_01841.png,125.13,8.920000000000002,True,37.22947692871094,0.4996723020939223,identity,0.4996723020939223
99afc48f068613c581b71363e895baf414482ab5e89e658bed944d175957b5c5,train_02793.png,53.88,1,eval_00062.png,104.02,50.13999999999999,True,40.5419921875,0.5056749825477531,vflip,0.5590514662434403
99c171006cddfd9432689226ac9aac294f97657df53e44a8b447fe72a0a8f9e4,train_03826.png,176.95,0,eval_00035.png,155.72,21.22999999999999,True,32.44709777832031,0.49232932836722193,identity,0.49232932836722193
99d2a9213799a8e2f2b159cc0f904540c84cfd02b61447483468a630a90ab5e9,train_03344.png,284.44,1,eval_01878.png,153.89,130.55,True,91.68022155761719,-0.2549114592146767,rot180,0.4382838420737835
99e79c1e72c6a02d674a70f14f132b8f34e720ff4c916aaae0829117e9321e44,train_05775.png,245.68,1,eval_00731.png,177.2,68.48000000000002,True,62.822052001953125,0.2571157504026581,identity,0.2571157504026581
9a0a2220dd6d95ebe4b5ea3b3dff164d25614bdb7d56a56248c50f462b7b04c5,train_00460.png,41.14,1,eval_01605.png,164.95,123.80999999999999,True,66.43490600585938,-0.11094664409446933,vflip,0.6013333540811466
9a2337da7f271417f4c2fc61a3f8c0f50dd7c82c62a9a34e6ce11cbdbf174816,train_00627.png,344.13,0,eval_01451.png,171.21,172.92,True,113.75296020507812,-0.5808947994917684,rot180,0.8966450965996118
9a7b639cfebe2da08d6973e6a1271c4f0c0d697691e6deed7861fdeb35a914bd,train_06399.png,117.75,1,eval_00667.png,163.71,45.96000000000001,True,53.660308837890625,0.17596587209722517,hflip,0.30057822193847844
9aa977da65e00b760eccb603d96cec5da6389aabb2cd1f89609d563203f8f8c9,train_03608.png,175.74,1,eval_01378.png,94.88,80.86000000000001,True,68.93193054199219,0.09880824760079947,vflip,0.3337353852364228
9acc6fbc899704ffb45ff0dd133ded76176572bdac01b0a474845fca35fca370,train_03498.png,332.1,0,eval_01862.png,298.38,33.72000000000003,True,30.594146728515625,0.6162428713527716,identity,0.6162428713527716
9ad9d5a179295cbb67ffd84faeadf44fc7d89d7fd66261687b2d92e65218389a,train_06476.png,283.03,0,eval_00341.png,269.31,13.71999999999997,True,37.35186767578125,0.3544508150583541,identity,0.3544508150583541
9aec62b5ee85777ab821904a78fa23588eda03ceda66fa9896dd3ae32bbb4254,train_03436.png,229.7,1,eval_01574.png,102.55,127.14999999999999,True,46.15882873535156,0.3390667318461462,hflip,0.5414269809564983
9b093eff311bee667fb110250af1b9639a29808f639c9b4bc013a2dc378d0f3e,train_02682.png,32.27,0,eval_01102.png,142.24,109.97,True,30.566116333007812,0.4376073725539499,vflip,0.6770047890721648
9b6735d88ea5823d6f775b11f3fdda134039f5dc8c111847e69c408cef7ae023,train_02240.png,1.73,1,eval_00705.png,159.23,157.5,True,57.80906677246094,-0.014562835091522118,rot180,0.5080599116791011
9b714779cef4e3ebbb9ee986576f4aacc484edb32192fc4eb7af8858cbe0e648,train_01393.png,272.44,0,eval_01871.png,290.13,17.689999999999998,True,32.11607360839844,0.4377158215189154,identity,0.4377158215189154
9b7a2702d56dbca645fbbcd79e3263a4e6c23e0cf0a841eb6c0d5d483bb92121,train_03490.png,18.05,1,eval_01290.png,114.33,96.28,True,63.926300048828125,0.12271497792585404,vflip,0.7555498656033046
9b81f1bd8eb0a3e36a0df73a08252ef3f64bc31f128df0a2c455a6e16e90c22b,train_03373.png,301.9,0,eval_01874.png,260.95,40.94999999999999,True,10.09381103515625,0.17842204233341755,hflip,0.409583906260416
9b8579557c8e642c7e0e14ea3c53cffc918e89b4189c95ab18e51eba6649a26e,train_06456.png,194.07,1,eval_01113.png,104.25,89.82,True,40.735870361328125,0.45476471368093097,identity,0.45476471368093097
9c12100cadc0478ee781261fdb6ee38139b360a07ef22e7614bb57cb130cd1af,train_05068.png,199.22,1,eval_01160.png,99.04,100.17999999999999,True,32.308197021484375,0.5469589016746653,rot180,0.5470090123003322
9c5fca32b9a5d2f5be05cbcabc241a5fb07f94d455bfbba60ac295c79646e626,train_04957.png,339.59,0,eval_00627.png,11.28,31.689999999999998,True,34.19873046875,0.5786184890689541,hflip,0.7478795575038648
9cf054326d24e3c504c20a55a92a813d2d9937476e9abb2ca1c7e551a1acd6a5,train_02228.png,47.6,1,eval_00078.png,116.05,68.44999999999999,True,42.00416564941406,0.18683469308244138,vflip,0.5198438891889912
9d3bcf0848f3a205ad2ceffedefd76adfc5f89e2b22333a425d578cf3db7e854,train_06266.png,289.08,0,eval_00225.png,177.1,111.97999999999999,True,87.61186218261719,-0.1314392023924709,hflip,0.12590061338558897
9d60a5ecaf51275a1f4cf74ce2f8516fc470935bd76ae664e6c0779ef92f4b21,train_01354.png,114.48,1,eval_00861.png,141.28,26.799999999999997,True,34.60148620605469,0.6022392601664391,identity,0.6022392601664391
9df31e57fcfff9c70be632660966e765ac4dcad68ae0b764c07b65fe9aa81734,train_06023.png,342.09,0,eval_00557.png,227.08,115.00999999999996,True,24.181427001953125,0.6403611488618481,rot180,0.647541915354412
9e0e10feaec112759d2663020370b4177f790fed5d1b6baee293bf416cbdebf0,train_03304.png,358.52,1,eval_01952.png,128.7,130.18,True,82.94049072265625,-0.3035826165605669,rot180,0.37936524604493005
9ea98cee14aae19e279daf170b8ba81c3cc0aae6bfcea7acf096a3c364439f81,train_05308.png,276.9,0,eval_01152.png,222.07,54.829999999999984,True,46.33995056152344,0.1977260158355986,identity,0.1977260158355986
9eb073a1a60a7071b5ef6bf519aef23e4fd0feb49347f3ff0dc4d91558f44f22,train_06058.png,173.41,1,eval_01802.png,177.31,3.9000000000000057,True,11.463577270507812,0.9028456625190893,identity,0.9028456625190893
9eec9c5393f647a3b86d4b6d6e2a70cfaeb804b3387626104414c927f3077abd,train_05564.png,50.02,1,eval_01217.png,167.41,117.38999999999999,True,79.88250732421875,-0.14135594135917273,vflip,0.6145494693676954
9f2217c12a4819840fe2ee9b6001f5733a3b9fb2496eeda1a6d07c6f6ae269d9,train_05581.png,180.25,1,eval_01010.png,142.54,37.71000000000001,True,38.5252685546875,0.2874523946476304,rot180,0.2884937582299464
9f4516c2aa8b711a550e0488470a24cc0ab1cbd33056461a010a2fc45c882989,train_04604.png,158.59,1,eval_01693.png,105.26,53.33,True,57.472381591796875,0.302647051416938,identity,0.302647051416938
9f6fc906bd9ac67b354a66559399a9cd85c1f2ce44493d64564eb469f1105ab1,train_06272.png,105.45,1,eval_01109.png,94.77,10.680000000000007,True,23.03826904296875,0.7561644511282425,identity,0.7561644511282425
9fb9ac01ddeccf5b40808c32b65792b7239c14d8a963101652410a6d50dcd069,train_06161.png,230.53,1,eval_00937.png,179.4,51.129999999999995,True,41.92625427246094,-0.09963325074298188,vflip,0.2020706296864147
9fdbea5e97125df40be150e8f1599e35a24aff44569c5aacb9d0981cd8d16571,train_04713.png,271.25,0,eval_00038.png,91.02,179.76999999999998,True,62.42832946777344,-0.32830993173285095,rot180,0.990376295887659
9ff41f735fb694957a2a4e8149fb07b7f8b0291f51458b6e723de61411dabe94,train_03834.png,139.15,0,eval_01296.png,353.42,145.73,True,74.5247802734375,-0.026468444073387463,rot180,0.5110362950981275
a01cb4a6e2fd7e765b10ccd5dbdcfaa8a88524a220cbc13a176db05a95d7fdc7,train_00343.png,64.88,1,eval_00793.png,121.02,56.14,True,32.10066223144531,0.5414679978264613,vflip,0.700154559726871
a17c0ee458d2cd03fe6a7e772a55421cf6cfe3709b854b36ad783b6a1d615ca6,train_05758.png,320.7,0,eval_00413.png,14.59,53.889999999999986,True,23.031417846679688,0.20735516647454955,vflip,0.579853115125523
a38a0475ed4f8be86bb5af90a423456b9e192bdbeb85eee93d334b07287da744,train_01515.png,274.14,0,eval_01396.png,72.53,158.39000000000001,True,36.33711242675781,0.3002668095712783,hflip,0.6574985503783553
a40f4862afa8e6022394509bb525a4fa7b09c4ff453677dd36ea10c2cb6783fe,train_06792.png,266.79,1,eval_01319.png,90.96,175.83000000000004,True,42.94908142089844,0.11334003969115046,rot180,0.5952772327512996
a461157b23892bd46754ae8d588c89c2bb4682521c006f0d18d5bf93699564d1,train_03332.png,347.41,0,eval_00932.png,108.21,120.79999999999995,True,23.478118896484375,0.3704582100590038,vflip,0.8091371403741627
a4bb28050f68a2e4e558239340c6915c757b1ea575ed2bdf405bcccb418ef6d8,train_04393.png,19.31,1,eval_00460.png,150.33,131.02,True,36.77281188964844,0.436593779226433,hflip,0.5508136649806199
a6c59d3d7fef50275d20e88d43ea705fa9902765bab8034c6f3c7eaddbbb6202,train_00378.png,322.03,1,eval_01262.png,142.22,179.80999999999997,True,34.263275146484375,0.3939969027956024,rot180,0.9913168004868109
a76bcd438caa0022b0133830d3a28110ce3c4c2940e7d1ae753f875aa02d4954,train_06465.png,282.15,0,eval_00189.png,16.53,94.38,True,54.58711242675781,0.20815555948392192,rot180,0.267824002008176
a793d89f7ee09491882cc9644d606f9cbff1c68f553624a5a472bb75041e4f5c,train_03924.png,110.07,1,eval_01496.png,123.35,13.280000000000001,True,14.13995361328125,0.8271215491021909,identity,0.8271215491021909
a7eb8d07b32a5247ca3e8d41df8fd73368df6167b4c74bd9fc541733fed31585,train_05766.png,256.29,1,eval_01799.png,110.6,145.69000000000003,True,53.058807373046875,0.18115940036884057,rot180,0.35716772816631365
a7f1425208c19e2e1f267f34fbc9d6c33bfae79c975d5a35bb9b625c3e842171,train_06726.png,203.56,1,eval_01021.png,176.18,27.379999999999995,True,36.235015869140625,0.6042930750080693,identity,0.6042930750080693
a810e6174de93ccab5ff68138fee724cf9a1d941fa67bd47cb010bdfa7a077b8,train_01539.png,294.17,0,eval_00027.png,10.18,76.00999999999999,True,42.32170104980469,0.16952195900033995,identity,0.16952195900033995
a8c4723cd72c843c85da99b5a3c0c77ca929b5b0d59faac0c2ae5cb1c004b95a,train_02157.png,313.96,0,eval_00474.png,21.11,67.15000000000003,True,42.427337646484375,0.33069217590565736,hflip,0.6665737431986913
a8f10efbb040aac595c0459606a94ca27f0e593e874715edc08ca3c740b45304,train_05565.png,272.36,1,eval_00875.png,128.04,144.32000000000002,True,90.28759765625,-0.518159669966786,hflip,0.7997327733615252
a9001fa2889d1d51831b0aa33b16f008323378843a4db29a6ad9655d2ef30e41,train_02129.png,64.9,1,eval_00577.png,145.8,80.9,True,44.042724609375,0.3663011664479285,vflip,0.7677440122923948
a9189a15885b2f4abce1f684b80b0889f4074592b363332957be015ce3eed921,train_00852.png,133.28,1,eval_00249.png,90.81,42.47,True,32.093170166015625,0.23058082935647808,hflip,0.2745816079069788
a9764e9862839a80eaf41edfee642d7fe5c142d14ef6808e063b8fb3673f6cab,train_05544.png,359.77,0,eval_00701.png,289.71,70.06,True,29.109161376953125,0.26098283933789573,identity,0.26098283933789573
aa52600271d40e9dad673ea845b8063b42c595c00344f771020764c851e272b0,train_06506.png,75.73,0,eval_01793.png,203.98,128.25,True,65.37593078613281,0.03836584829509028,rot180,0.3730815121009553
aa602f563fa0714580ebcd1408f9ea6d666c2fca758d0ae89204bb5483f02b59,train_02480.png,156.1,1,eval_00900.png,124.54,31.559999999999988,True,23.42218017578125,0.23589983576130247,identity,0.23589983576130247
aa6e2ed539ad3754b842d638f6b1ac9f4078030da0d65fd1757caf1192223615,train_00415.png,57.34,1,eval_00479.png,90.65,33.31,True,36.82568359375,0.4335603955550185,vflip,0.43901062429542775
aaa7cdfb780f0cb5386c7b59455a0c88dc088cbf7c2f8e4a8a7c83be759d9768,train_03811.png,285.13,1,eval_01086.png,166.97,118.16,True,70.32997131347656,-0.056155104982783664,vflip,0.46849897847142513
ab9a8efba40677863ceae9ea88741851be419b5236fdb80d393d177561052a32,train_01579.png,272.82,0,eval_01907.png,86.83,174.01,True,65.99723815917969,-0.12358289320972553,rot180,0.8347333503676575
ac3424b2b0d73f8c58dd9969a17266276cd57fd04ba1a7f13862973955560ca3,train_05730.png,126.26,1,eval_01685.png,179.99,53.730000000000004,True,52.61137390136719,0.3519802666540062,identity,0.3519802666540062
ac72411373037d0d26b63093c7058d599091082246c60c47352b0cf8b1600387,train_05173.png,54.02,0,eval_00233.png,30.13,23.890000000000004,True,36.681976318359375,0.524663435472208,identity,0.524663435472208
ac74aaba0eb2b451fd8406e23073408c7d2b4bd96f1988d138c70778f3301579,train_07351.png,327.9,0,eval_01328.png,96.79,128.89000000000004,True,60.538970947265625,-0.01588576712089108,rot180,0.45469313416176466
ac9bdb30c6fcdcca3e14e45de893ca44cac3d825ea53d86ede2908fc45846576,train_05463.png,92.83,1,eval_00029.png,132.57,39.739999999999995,True,47.739715576171875,0.3904053882737733,identity,0.3904053882737733
acd7bc862da9e463d9517670d676567dbed7658f05c2009c6a3933cc67f77566,train_07285.png,280.28,1,eval_01977.png,166.56,113.71999999999997,True,79.95283508300781,-0.22592834403474168,vflip,0.42591293145212017
ad00816309557b098f9a9459b50360aa45e5b3db4ce70b943d6446d3dc09b989,train_00098.png,23.82,1,eval_01536.png,93.51,69.69,True,47.45259094238281,0.19957012557802595,identity,0.19957012557802595
ad22fe94575d45cc9bf97888a8d2d52ec839fc0c708f7a3ab8a1827f61806df9,train_05651.png,335.07,0,eval_00704.png,170.76,164.31,True,30.61407470703125,0.5171058993848988,rot180,0.5594366178548089
adc0b8993505977c75625e342b39d5df54da7d724346b4ca319b2c3e8a67fc45,train_06231.png,343.41,0,eval_01950.png,274.66,68.75,True,50.67668151855469,0.23875855485144984,vflip,0.2949523171677469
ae4c62d602ec4f04248410a42f3beb7d6718a29deed1b418482b87cd0b77cf52,train_06743.png,281.52,1,eval_00987.png,144.83,136.68999999999997,True,37.317138671875,0.3571233581737008,hflip,0.7243899092012992
ae6fc7748483b4452864e512a4c8cf43babe505b6af4e2bb1a1538a1fc51c31f,train_02111.png,175.54,1,eval_00146.png,177.34,1.8000000000000114,True,9.12530517578125,0.9155947941175256,identity,0.9155947941175256
af0057898a3c4413dec45206bab2c7f77c33b7478450676658d3216c03a7e0ec,train_02877.png,135.09,1,eval_00049.png,120.33,14.760000000000005,True,31.464828491210938,0.5887804258248585,vflip,0.6304894683734844
af2c0e328afb39f87d1a3ac810b9531c95d7aaa26c6b69eae6387fda5c5c3aa0,train_07397.png,27.65,1,eval_01550.png,96.66,69.00999999999999,True,47.785552978515625,0.2885263216230015,vflip,0.40813588483868846
af823304472899067a3f52a0e086bd69171c5ac904624189c3b85d5a847d1fbf,train_01215.png,316.83,1,eval_01973.png,91.22,134.39000000000001,True,68.88043212890625,-0.1335442837251265,hflip,0.6349175060615975
afeafb5a5e132e2e67353f4e7831177f6ac64a0dbcdc76a75fa0c3f035de5140,train_03027.png,174.25,1,eval_01321.png,98.43,75.82,True,48.47953796386719,0.17144117074695392,vflip,0.3205909593375471
b082b90395ab30bb50d6bb2921837e11da69d0665e1a1387b0f259d82e39d92d,train_06818.png,285.31,0,eval_00022.png,6.23,80.92000000000002,True,45.665618896484375,0.1861186033110152,identity,0.1861186033110152
b0a658ad466561a25adbde470515c0e4aa556b9a49bfd786aaa175ed8741e3c7,train_02699.png,152.32,1,eval_00124.png,117.72,34.599999999999994,True,26.19647216796875,0.6333441299876313,vflip,0.9581624720552782
b0e07aebee16b1cbc98636edf8020fd761073b4515ff35960ac6a01de0c5a416,train_06236.png,310.0,0,eval_00123.png,140.06,169.94,True,30.24957275390625,0.6588425534006992,vflip,0.724879809899953
b0e430d207839a78ad4341be58424e34eaaf04f0917633b571cd883bd489f90c,train_06903.png,276.81,0,eval_00168.png,181.84,94.97,True,18.498382568359375,0.32251923199744575,hflip,0.4653989094093463
b0f7b98faba7307616cd957ab359b30013bffbbf2f97f088393b03d21cf49e63,train_02746.png,44.86,1,eval_01068.png,141.52,96.66000000000001,True,36.4285888671875,0.4342964037799911,vflip,0.473045207971666
b12663423ed15bb2f7d824af0be8f4584c53b9b435b0a00d890b01280490900b,train_01033.png,280.21,0,eval_01059.png,313.96,33.75,True,38.74485778808594,0.43585491662997267,identity,0.43585491662997267
b1724caa7df648b1299ad53d32772a26578b9265f8431f59d64df017e8e5826c,train_01936.png,320.44,1,eval_01416.png,125.36,164.92000000000002,True,24.262344360351562,0.6034904773822222,rot180,0.7629741522542385
b182ef8b794cba1513ca9afb32670a432df774e9322b79d2b7d200a1d3021644,train_02074.png,346.72,0,eval_00820.png,11.56,24.839999999999975,True,38.392730712890625,0.5282667958517955,identity,0.5282667958517955
b1a55a396dea6b2c47c406d7c183329b43b9ddbd1fc8d6ea656fd37c85802e60,train_01634.png,174.69,1,eval_01560.png,159.86,14.829999999999984,True,26.445587158203125,0.5166612670719843,identity,0.5166612670719843
b1ad02d9586ab6e389acfceec663a1d9ca1917d51ae527b6338c5d62a8814ff3,train_04706.png,298.31,1,eval_01000.png,152.78,145.53,True,40.95304870605469,0.3057102842902185,vflip,0.5984916255256688
b2be3c93ea179eaf82b4635d61d88b13360818099a00cfdc318876fdcac2ad40,train_07366.png,222.53,1,eval_01174.png,173.9,48.629999999999995,True,43.92692565917969,0.33116358872494095,identity,0.33116358872494095
b31d35c88990f941d9bf5b71d539e6e43f3fa8ee9082ce9118d0373a6967fc6b,train_04997.png,28.73,1,eval_00268.png,153.76,125.02999999999999,True,55.16448974609375,0.1944617776202677,vflip,0.5725612129229289
b34419b81eb69cefcf22753faa6d32a0669b752f9d8a0925f7877e01b1e129f4,train_06005.png,255.66,1,eval_01049.png,162.56,93.1,True,60.50543212890625,0.13228036306618035,rot180,0.1785037290561169
b38d2cc0e4a265bc0024cbc9d2f15cadb2298af3562b1728395dd4b738d1486f,train_05979.png,298.51,0,eval_00650.png,40.74,102.23000000000002,True,78.79069519042969,0.044547316691899805,hflip,0.4803552806696855
b3e58d847a451eac579efb183b6e2b982f6eb6dad15422fad8ced24a792854a1,train_02554.png,176.25,1,eval_00804.png,95.41,80.84,True,43.51287841796875,0.1402899539893324,hflip,0.30349036970641463
b3f7bee45c28e19865e99560963b61f073ee05b2044b843657ee96e8ef2583bf,train_06138.png,113.88,1,eval_00309.png,121.45,7.570000000000007,True,14.518936157226562,0.8603850040545897,identity,0.8603850040545897
b4695730645f049b5091c0ca847e131f39fa22d2badab17d256c7cc34ac8c43f,train_06391.png,301.76,0,eval_01243.png,155.06,146.7,True,86.02662658691406,-0.03359271363242087,vflip,0.5819386503492511
b4ad51baa2220c41687ea92725fdf39ba89742811bbf6802b1ba379b7cf5042c,train_00141.png,293.27,0,eval_01609.png,244.68,48.589999999999975,True,31.635009765625,0.4911829337776812,vflip,0.7719343671078893
b547237c38b1cb755d9f80ac0ab5ff00a953b68e6821d5fffe8366cf633fff9b,train_00069.png,2.14,1,eval_01494.png,140.73,138.59,True,41.996246337890625,0.24026143825062996,rot180,0.3307900834933548
b5c4f1959b45bc0cef2f1f59296ccceffeae218b6873a0ef155934626fbe4bbb,train_06912.png,67.75,1,eval_00879.png,96.5,28.75,True,28.679046630859375,0.6164068491192662,vflip,0.6280483026964497
b6100c59efbdc2f79c5ce4780116b533ae086bc7891a5edc95db78ada1a47935,train_07747.png,77.52,1,eval_00243.png,101.7,24.180000000000007,True,27.29339599609375,0.27422754467569677,hflip,0.925664613504757
b702815d7c3d84c3f9e8854ef6677e0db4c11984a82a612928dcacfd3caae24d,train_02604.png,201.78,1,eval_01792.png,120.56,81.22,True,45.49732971191406,0.37865072372159214,hflip,0.47259562140840855
b70a3b659a4a778459ed7d1e2a7b6e609b28478806a3bbe29ddcfe2c92c8a92a,train_01474.png,247.26,1,eval_01480.png,139.21,108.04999999999998,True,28.432052612304688,0.45991452060650584,hflip,0.4800904767008551
b70b961ac8e090c9ac3eec5d07327e61d9a55b91790d29adfea59f21038ee2d1,train_02800.png,331.85,1,eval_01491.png,153.51,178.34000000000003,True,101.70510864257812,-0.34849063846002953,rot180,0.9668049887976938
b7301e9cb5d11ce13d3ee60f6e3d3c92c5994e569367006df200ce909be26139,train_05374.png,314.42,0,eval_01500.png,337.75,23.329999999999984,True,28.3916015625,0.2302995798256202,identity,0.2302995798256202
b7fae37c3c27b854042b9d4b6bc2a10b492695b2923f7886b17b18caa79886df,train_01649.png,284.03,1,eval_01756.png,102.75,178.72000000000003,True,50.455413818359375,-0.1472343604118355,rot180,0.9321601967373867
b80fbcc990bcaa9b300d6acf8b45b5234756fc9122d25f6c02b26819cfc3e06d,train_04045.png,98.29,1,eval_00585.png,111.37,13.079999999999998,True,20.787078857421875,0.7954209481725191,identity,0.7954209481725191
b83ab4f597633120e0b4ea54da23758b7d88f7056c98bdf7f2fe26111351cfd6,train_05369.png,278.96,0,eval_00160.png,231.35,47.609999999999985,True,51.59010314941406,0.43986823526521696,identity,0.43986823526521696
b847ef3b066d311aaebdd719f35413f7667c86b998f82da73ae100427fca0a9e,train_04362.png,188.2,1,eval_01397.png,135.34,52.859999999999985,True,45.12278747558594,0.4235508839674516,hflip,0.5154574408262322
b8e469b3e846e0311830e0b6d54838bccc27da70fd4c360640a21d37ed9baa52,train_00652.png,89.24,1,eval_01898.png,99.91,10.670000000000002,True,21.300582885742188,0.7037915107128829,identity,0.7037915107128829
b8f7543ef9ed01e22dd37305cd44feec67805d2aebebbb702a1724f56e98bda3,train_07473.png,263.35,1,eval_01101.png,178.14,85.21000000000004,True,71.38572692871094,0.05932348647030624,vflip,0.1254186908015543
b976b660b7835cc1e93d6c08817549d6990e2126e1594cdfebc82c9700b10fb5,train_07273.png,292.61,0,eval_01055.png,119.24,173.37,True,39.24705505371094,0.47387689244518894,rot180,0.8992948247518153
ba015b29dd98ec7dcda404ecd991b30224375029db15de516035a3e5f56e3c23,train_01526.png,176.1,1,eval_01837.png,109.21,66.89,True,34.546356201171875,0.2809834177210356,vflip,0.5190535412808904
ba1732fa1e8f86dd3829a9c171051df79d9ffd431f890b2ecbf3b9b9ba972197,train_02355.png,22.04,0,eval_00307.png,0.41,21.63,True,23.9552001953125,0.720814497367807,identity,0.720814497367807
ba1e6e2b8fa14ded77b1e5b238e20100474b99de621c1a56bfcba232ce658fed,train_03762.png,226.33,1,eval_00419.png,96.7,129.63,True,78.51377868652344,-0.023618853182066666,rot180,0.4241274895153297
ba76a5db3a1ba1f186803eda464630a47d08ffb5436a61c5b712f6db428e0253,train_04085.png,123.44,1,eval_00790.png,90.51,32.92999999999999,True,30.963424682617188,0.41658347823108477,identity,0.41658347823108477
ba8784144d783465e50da61fc69ce4bf997d3ad2b0f77082061170c4ed8d3ee6,train_04038.png,37.54,1,eval_01200.png,109.5,71.96000000000001,True,21.700439453125,0.712275233106196,identity,0.712275233106196
bb4e939deb139b605a130b933997dc68cf8826344306f9cf2e15229605fe61c2,train_07388.png,288.59,0,eval_01804.png,329.12,40.53000000000003,True,29.140029907226562,0.5380979276201372,identity,0.5380979276201372
bb54c22891517b9e160b4b89666acbe3e7702d8e0d891de3c1ddda3dafe4e247,train_07817.png,338.81,1,eval_00332.png,175.98,162.83,True,39.451629638671875,0.27322382036195436,rot180,0.5823651950267281
bb57ddf4c90b7ce30622a24db49e7567d324c02caf37b478ec40af0d78aeae44,train_03149.png,158.27,1,eval_01807.png,100.72,57.55000000000001,True,28.246658325195312,0.43969789227431144,hflip,0.5261472701251615
bb5deb758b3af81f7e2642d64842ebc446825c58ecda2c9d359779301c011cb0,train_01340.png,128.84,1,eval_01224.png,161.48,32.639999999999986,True,37.69792175292969,0.499501913737921,identity,0.499501913737921
bb65eb10a755a565ee2ac68d1ef13da0e3dbceea73815e2f96bf9c30ddcf9d4c,train_03526.png,241.1,1,eval_01545.png,93.09,148.01,True,34.62689208984375,0.37418572054306887,vflip,0.4804598704240943
bc505f473547595a4bc839b3ceccdc9843cc91bab9e198d21e66e0324286ca82,train_01203.png,281.53,0,eval_00610.png,109.94,171.58999999999997,True,92.2542724609375,-0.4192888438924851,rot180,0.7597992306691727
bc5371101629127e0db4b5d34ae71629ff77ed65b7d82a241fcd6a048521c0da,train_01682.png,300.61,1,eval_01024.png,111.71,171.09999999999997,True,27.54144287109375,0.726099403486453,rot180,0.7843201126501179
bc8577c3163e826065c1b3b63553381c70e9cdcfdf524875915735e640eb0425,train_04051.png,319.18,0,eval_01380.png,243.44,75.74000000000001,True,56.72712707519531,0.24074006603632003,vflip,0.2777263744764112
bcdf63416274d3aea8c736133751c530178dd7a7a5729a3540f0410f0df6f010,train_06785.png,318.45,0,eval_01433.png,77.15,118.70000000000002,True,31.624496459960938,0.55249945387807,rot180,0.5722199252356162
bd24299ed4a6859466ac0c99e7263ecf12aa5c6cf89a8bd09b2c05a9ea49f12a,train_00078.png,280.1,0,eval_01567.png,178.57,101.53000000000003,True,48.099517822265625,0.0015609337372683965,vflip,0.3200163671802002
bd80a6767ffbf2b88fc2ae7feac6d3ec34700a267eb7129f228c81404c29686f,train_05123.png,282.91,1,eval_00996.png,138.77,144.14000000000001,True,94.20817565917969,-0.1439664264237731,rot180,0.5688223166272345
bda08c51decb3a6f531ac34c9ad0ac2564fee3ece72594f6a553d716812db76e,train_03693.png,270.51,0,eval_00808.png,53.99,143.48000000000002,True,45.150238037109375,0.05697383526599966,rot180,0.37725569307191403
bda7e481964fe652aa798d5136b6164d360f356c0a977545766e63813e4b5731,train_05159.png,225.87,1,eval_01411.png,126.09,99.78,True,40.883148193359375,0.4154385265581344,hflip,0.8143551531028559
bdd8c7f023385c763073c1cf58c86b8efde187f8d1be58c5e08fee39c41b955d,train_07224.png,201.87,1,eval_01920.png,145.27,56.599999999999994,True,28.590682983398438,0.6244845905235092,hflip,0.7947956820277391
be187aeab1a69b2903cf304633eeb8c659090949861cc5efc9208d2fcac25c42,train_01468.png,152.29,1,eval_01140.png,171.21,18.920000000000016,True,27.266006469726562,0.6664682741452868,identity,0.6664682741452868
be5d2c2e3c2efe9697694123005c40ccd395f061fe082870b10d3c4dd76a8adc,train_07176.png,113.37,0,eval_01818.png,66.05,47.32000000000001,True,24.6456298828125,0.5232794494678217,vflip,0.90777283098726
be6e4da32c4077caad5fea9da3ff5f0b108b75f8e9986f040aa0f69e1ea22d7e,train_02989.png,272.63,1,eval_00568.png,138.62,134.01,True,38.27314758300781,0.1001387988190641,hflip,0.19920767421057242
bef8e6772128685e59cc8991d7368c03a4b751a9209b99f8b682480d627af40e,train_01887.png,40.16,1,eval_01349.png,109.55,69.39,True,44.8603515625,0.4123787153842451,identity,0.4123787153842451
bf611a2bff568fd4f2c4f0a5e088cc88b9d987e2575709e29acc397e0a077322,train_05834.png,352.08,1,eval_01158.png,131.0,138.92000000000002,True,45.095458984375,0.3671726779032817,rot180,0.4843995081407591
bf672d07a7ea9fd9df64dd2713c986cf926f31820251891493c89f92262bf9a4,train_01421.png,27.89,0,eval_00207.png,117.02,89.13,True,51.28215026855469,0.21072235562280534,vflip,0.6283828204258577
bfb612e26135477b385109d2397a2ad1b483579344533ae7812d5f46639ac8e3,train_00809.png,142.14,1,eval_00075.png,103.64,38.499999999999986,True,28.344482421875,0.5303869031251678,vflip,0.5769241701877016
c00bc079f0a52b547aa68be394105d3edfbf9064f06cb9dd3d071237cd2ea8e3,train_04485.png,347.96,0,eval_01226.png,20.77,32.81,True,28.842926025390625,0.5239654840633402,hflip,0.6702101750480943
c1191280cc1b91aca491a33cd5bff718d482c398b16dd683e35ad1bc7337e6e1,train_00363.png,290.89,1,eval_00338.png,109.47,178.58,True,116.70176696777344,-0.544391096099749,rot180,0.981516019954701
c2bbde383bc81909a87e2739ad9ef4089a472993e33fbbf4ad491a8e31dda6a1,train_03717.png,101.35,1,eval_01618.png,126.07,24.72,True,48.28654479980469,0.47996995906209333,identity,0.47996995906209333
c30f9cbcb7c0a9184564103bc93e56636c21781aa9178475da100b378e254f1e,train_05639.png,301.74,0,eval_01621.png,36.12,94.38,True,36.10389709472656,0.433351149804697,hflip,0.5827124306405396
c3132a095f55a86f1cbf99c022643655da6c691a5565cd1b2945924587967a74,train_02976.png,320.02,1,eval_00599.png,166.88,153.14,True,58.29182434082031,0.14312880523189128,rot180,0.5456973422137971
c3d450613ab9994de658e6ea84f207cab637b1e8c5c335f32591e0204cfcbc0e,train_03477.png,183.74,1,eval_00232.png,104.5,79.24000000000001,True,39.23968505859375,0.1548977187962627,hflip,0.46731331064521475
c3fb9db72a60da0e5bfa302d29c2be33af0015691309e2aed93d4ca6760e4383,train_02936.png,330.81,0,eval_00084.png,98.66,127.85,True,42.571746826171875,0.10286168280872758,hflip,0.19362030266611713
c410dbebe714c39c15b30875801be582d95278834e156ae1488baf62e53fc132,train_03622.png,6.54,1,eval_00619.png,151.82,145.28,True,49.58229064941406,-0.056395596797079894,vflip,0.3100702728634249
c43d395a96799fdc1813a171b03a59cafe15f4fc902373d2a8d82f3bb771086a,train_05600.png,20.5,1,eval_00370.png,128.44,107.94,True,54.26197814941406,0.24555669666445964,rot180,0.40659251189672346
c46c6005560077d3014127af0d6fc57745d869630823e31a418e0de72c2ab13d,train_04066.png,217.18,1,eval_01594.png,102.05,115.13000000000001,True,58.4578857421875,0.17834799412475794,hflip,0.5582215214765605
c57dfc921c637e6872fdfbc9c17de4604f2e3b948616ae1fb9018eb2f43b4f1d,train_07662.png,134.74,1,eval_01412.png,160.05,25.310000000000002,True,21.235244750976562,0.7023570823922435,identity,0.7023570823922435
c5d298faaedd2c0eb831709a2c6cfeff6986a4cab8c0d3001d3720b034352d27,train_07166.png,355.67,1,eval_00476.png,131.25,135.57999999999998,True,82.88546752929688,0.03979620791804066,vflip,0.6469304134584138
c5eba324918630ce7010b3e503fe96efa55ba79a890d733aaab627412712ea47,train_04871.png,170.47,1,eval_01812.png,144.73,25.74000000000001,True,21.8248291015625,0.5676365745383177,identity,0.5676365745383177
c5ed447fc55b3fd5a943a28eea00ca3740630ff178e74f74f50c3578a3e09f9d,train_01427.png,83.51,1,eval_00729.png,132.4,48.89,True,30.534271240234375,0.4038204752518931,vflip,0.4272832543088354
c696be9bcde824a8e22ceead194dd1b42a9bad7432507a6443b9fe1e47c5b2b7,train_04375.png,270.28,0,eval_00941.png,354.79,84.51000000000005,True,53.69561767578125,-0.04756632915398622,hflip,0.25566774868899184
c69e9b8881fa5188897df27973313f0c4c68e2d0470cd852496bc1433d60aa81,train_01568.png,228.23,1,eval_00743.png,141.96,86.26999999999998,True,46.04719543457031,0.34998319159909025,hflip,0.6404553273660711
c6fc707b5e3902f1aa93c42a1aa0cd1abb2800cded2462fe43fa2bfc3aed837f,train_05263.png,159.41,0,eval_01179.png,356.94,162.47,True,22.449737548828125,0.12578633243525392,rot180,0.32465944260877894
c7c748d3bf9468374aa763b43cc965892aa8d7b64f4e0378bb6c3c4eca259091,train_04521.png,335.92,0,eval_01913.png,145.4,169.48,True,50.215576171875,0.15330687390565947,rot180,0.7690400749041348
c7ed1e76d62d4a64b2e2923d649dc4f66252b197a022f6dab78babbf43a1ac92,train_03248.png,342.22,0,eval_01291.png,261.93,80.29000000000002,True,53.55650329589844,0.040483791284429464,hflip,0.24494903553181568
c7f2a0ce507a0b8651d62e6ae0ddd26128e9be15c43a71de8f774bb1fde4162a,train_01409.png,44.36,1,eval_00670.png,157.64,113.27999999999999,True,56.686065673828125,0.04487960479995368,vflip,0.5344102775192349
c801d7e270478090de08a275724e19d43f4187b17a76c85212bd955adc8e28d8,train_07299.png,342.19,0,eval_01754.png,128.78,146.59,True,33.2685546875,0.40995745530399236,rot180,0.5899371406561515
c81e83582af43b76e4860bd5ab22a14296feb4af23125db08c281a3e513b7355,train_06642.png,6.34,1,eval_01307.png,171.56,165.22,True,45.53617858886719,0.3528266286406586,rot180,0.4497203206437638
c8a5b07767c1de64b52a97b19f970ec84f52a2255230b5951eafca7c3c9dd3e4,train_01477.png,267.22,0,eval_00208.png,172.79,94.43000000000004,True,91.65776062011719,-0.10125302272665265,vflip,0.16526641913999288
c8c8887cf20985a67c066048fe9a9d2464ca1b183873531cc010f6f9958b3cf1,train_06273.png,192.63,1,eval_00052.png,174.03,18.599999999999994,True,25.140731811523438,0.7024429599008153,identity,0.7024429599008153
c90d3d24adb992d882b660af0b835d7969b424937350ff404e5f358b00150a8f,train_07644.png,147.78,0,eval_00053.png,79.66,68.12,True,49.67936706542969,0.3715899806954729,vflip,0.4649394947848138
c915b7db070b3bcc15768c6967e62403195f6b53df93902aed2e9be35c41326f,train_04178.png,104.94,1,eval_01337.png,168.88,63.94,True,52.047454833984375,0.2989526067737867,identity,0.2989526067737867
c92bc79b5d3623ebcfdbb234d9f1dacbfe83dc01f491a3f029940bf1eabd7572,train_03592.png,315.32,0,eval_01535.png,240.8,74.51999999999998,True,28.809463500976562,0.5671139802912516,vflip,0.6995735862766725
c97d7f33082a8ca29ee7426ef33e3959958cf537e993f3bd6cd36b1c50e264c9,train_01140.png,315.89,0,eval_00578.png,319.93,4.0400000000000205,True,10.228805541992188,0.9216395707828856,identity,0.9216395707828856
c98fb1956de4d70d5148e20dabd6289b5d33e750755864e857dc7cea497f3301,train_00216.png,327.25,0,eval_00995.png,202.75,124.5,True,11.242477416992188,0.02693087630916417,vflip,0.16093922008507563
c9ce6450ddfc9050935c60f782d612bbf38d2302bf302697b3d9b8fb5344c777,train_00082.png,287.59,1,eval_00692.png,122.11,165.47999999999996,True,84.03028869628906,-0.07821273128555839,rot180,0.8078320570680035
c9f28e0fd20d388a016df5563185fa16d7eb9d2ee24f6abcd8fad8fd45da17c9,train_04658.png,261.35,1,eval_01695.png,90.35,171.00000000000003,True,88.59049987792969,-0.12113026797768713,rot180,0.8007299949382989
ca8904c0ac561d2660f022172b7a5351271b30f9c6be2a457be07010ca6726d6,train_03737.png,57.23,1,eval_01816.png,142.01,84.78,True,43.1954345703125,0.4648881318653448,vflip,0.6410900560514976
cabaf8d0314758d77a2ffd25405389eb444d272b6eeaee537c90f0c4f2f71e3f,train_06665.png,8.46,1,eval_00708.png,107.02,98.56,True,42.760009765625,0.20347154097693326,rot180,0.21885206178304872
cabd50951a163e5e65cb5989811de81cf3268fa273f599a2bd416b4fd1aab815,train_02141.png,238.93,1,eval_00833.png,148.23,90.70000000000002,True,13.104782104492188,0.9215153861419811,rot180,0.9215595676205528
cacb05457556795fdaa1b4aeb56456698e6a0415173808e4c349f37a37af1dde,train_04463.png,217.19,1,eval_00691.png,169.62,47.56999999999999,True,50.59539794921875,0.17100613030955483,hflip,0.30310811709359964
cace49d6a32cf8bbc155f11f755045ef09a8ec7960493af9e6d6db3a68a88112,train_04055.png,255.65,1,eval_01053.png,138.18,117.47,True,56.57489013671875,0.1175443104966252,hflip,0.5875071904185206
cae53ac4a66bb341bee242bac041be6c8fcaf81b41492218c929fda66b7e5a99,train_02847.png,247.78,0,eval_01795.png,217.99,29.789999999999992,True,30.208724975585938,0.5694849010619247,identity,0.5694849010619247
cb7bcaff2e5ff9adf7431504edbc962bce5a7a94f81cc8347a68ac1e5b893b92,train_04835.png,155.39,1,eval_01410.png,101.8,53.58999999999999,True,29.428482055664062,0.3820438901522701,vflip,0.5163538328211926
cb868bc5f4a3387253744991b256f836cc961ed6c6ae9b043a5b8889dcbfd415,train_02704.png,49.1,1,eval_00007.png,172.03,122.93,True,80.90003967285156,-0.20338445210540035,vflip,0.8055630068512433
cba0b223c60e97f53654b88eb99f69a0ec443dbf649dffdfd044f6387f46e587,train_02144.png,326.95,1,eval_01079.png,102.54,135.59000000000003,True,103.68408203125,-0.2276149644916168,rot180,0.4721121263539541
cc4576b631b88155dffe8b6fce453302c7f5f382ab15d980489f16c2944a7921,train_05798.png,189.88,1,eval_00043.png,176.56,13.319999999999993,True,19.909683227539062,0.7459537277208882,hflip,0.8647242958088253
cc4e86d2ed4cb4fdedd2bcbd8c476cefa1f6a1adef7f2c88d3f9ac65d940f94b,train_06009.png,219.66,1,eval_00678.png,115.95,103.71,True,54.84454345703125,0.19546868426403965,hflip,0.629427189077757
cc7d4a424ef25afdea2b444aa698f255730b9b8ef9c825f5f5d9e7ae5199dea3,train_01753.png,93.98,1,eval_00110.png,128.56,34.58,True,33.24577331542969,0.5462288462743706,identity,0.5462288462743706
cceeb4b2bc18abeb757920974e88ea3b22a4acc364a5e3ca6d7854c852cc86ca,train_02807.png,339.86,0,eval_01562.png,349.23,9.370000000000005,True,24.903640747070312,0.7067969619348703,identity,0.7067969619348703
cd52116b3d53481a1e88f2ee13e58e603688e10dc573a011a407fe89bf228895,train_05248.png,298.71,0,eval_01778.png,199.81,98.89999999999998,True,50.532318115234375,0.2006442131827379,vflip,0.6667169595201384
ce3655f1faffcecee4cc3c778050615c4b52e7ee9cc517da8089f3e999eee50a,train_02975.png,26.27,1,eval_01259.png,177.09,150.82,True,42.25230407714844,0.07664907181599111,hflip,0.2790453742171497
cef3cd07c5c1ff82979c6781f2842eab344225dc6b639be2baa1dd0de8d63611,train_04526.png,59.95,0,eval_00540.png,237.66,177.70999999999998,True,13.537460327148438,0.9353617082146557,rot180,0.9618353060627163
cfabdd6e869d150f4cedff7122844979b03517272b475300fd583e8b71e9f56f,train_02564.png,270.5,0,eval_01492.png,40.25,129.75,True,94.30307006835938,-0.403037327066196,vflip,0.45738684020330483
cfc48c56753047ecad286dab681e0620200b466d449e75e5790068682fbb1b5d,train_00246.png,28.43,0,eval_01608.png,334.07,54.360000000000014,True,41.832550048828125,0.44493774204229103,hflip,0.9175575404959928
cfcd4ba3342b578fd4b8644e4d2c318c0fac19f28f7837684e8352f1aa554b13,train_06171.png,321.64,1,eval_00342.png,99.68,138.04000000000002,True,45.933990478515625,0.23149965271787565,rot180,0.380405981033035
d07950d3ae16213bce34ed05e45a3f2170d2402bfddcb1ae02346c7f6500d970,train_03718.png,347.98,0,eval_01443.png,109.86,121.88,True,69.07048034667969,0.102270602875917,vflip,0.6010947734571079
d07f4525841bba1631019de6a796e43c883ca36e16ca33f16b50067462f3f765,train_00103.png,250.42,0,eval_00248.png,262.54,12.120000000000033,True,13.095199584960938,0.7302084852687152,identity,0.7302084852687152
d095e8ecaf877b42f172da097d44d4791ab46828a7f6bbaebac40ebc595ca720,train_06284.png,314.52,1,eval_01601.png,107.97,153.45000000000002,True,53.415191650390625,0.2896206690081627,rot180,0.6296121564300449
d0991d0544222393ac559101a1a5032f4e6f76fed0e7721cd0e82986e309e803,train_04399.png,203.3,1,eval_01097.png,107.3,96.00000000000001,True,44.993988037109375,0.09504860620272486,hflip,0.31150992212461276
d0d349dd7b35ff63acefb6b27d4eb3a12fcfc472df4ce63848a847af4da6d7da,train_05047.png,257.71,1,eval_01371.png,155.64,102.07,True,34.62884521484375,0.4896576511508795,hflip,0.663700775446351
d1060ac5d31c4458910146ae519b068f724f504aded5256448810ffc48acfc13,train_00194.png,69.31,1,eval_00030.png,141.87,72.56,True,51.733978271484375,0.4329629719497465,hflip,0.479396106545113
d17ecf94d7232dacea06626d788e07e7468e1a80845b363a059fc8df6644ea64,train_05242.png,154.52,1,eval_01719.png,149.63,4.890000000000015,True,10.761932373046875,0.8791199605459705,identity,0.8791199605459705
d1a17e5be5f749385241ea2802966ab9b0b25e1b1a6a5eda7a298887a057f43e,train_05898.png,306.85,1,eval_01374.png,103.93,157.07999999999998,True,30.110488891601562,0.475003457580363,rot180,0.6474345572677387
d28f4f2eab4f3c7317088a8c6dc97e91f0142602f907ade61d3a2a773638b3d6,train_04659.png,284.89,0,eval_00061.png,222.45,62.44,True,40.45402526855469,0.32316342932353304,vflip,0.769375174883862
d2982ade30dbcd67219eae92e302ca5fb52d2f382571b65f43ff760f4a4a4e1e,train_04719.png,80.27,1,eval_00324.png,172.85,92.58,True,22.875015258789062,0.5950110721407929,identity,0.5950110721407929
d2bab1edb92e00d42466e3b388710be76e95cf1bc7770561bc4cf5811e0d68c8,train_00046.png,282.61,0,eval_01351.png,213.88,68.73000000000002,True,46.73811340332031,0.3419347044364052,hflip,0.3784298820782977
d2d5a9d5cb25dd4758aa4cd9071ff03bf6e45cdae713bde4f22d9e24381e28c7,train_06637.png,352.77,0,eval_00450.png,138.56,145.79000000000002,True,36.78703308105469,0.36459760159477433,rot180,0.4891245039083305
d3a3e1c827738a5ef63817518d9901aefdd8610ca392b95d36dc7180add289d8,train_00614.png,355.44,0,eval_00090.png,154.56,159.12,True,74.90142822265625,-0.353814721456886,vflip,0.8127482305289826
d3f72f130a4b2630a7a9b82cf493d7a3a6756c832bb871e7b5afa3e5d5cfa1c1,train_02286.png,311.97,0,eval_00165.png,50.78,98.80999999999995,True,25.519973754882812,0.5906885907248014,vflip,0.6220726633973632
d4817f4b89b77417d7eaee0009535adc0643e70681dd6e829e8c06bc27565a25,train_06191.png,298.4,0,eval_01445.png,300.53,2.1299999999999955,True,5.991119384765625,0.9303215623784499,identity,0.9303215623784499
d490f7bbafbeb0ca98265ce4c9280bdb8b6857d586ddfdd7396a9efe856b8ad0,train_00077.png,271.92,1,eval_00711.png,110.85,161.07000000000002,True,52.820556640625,0.2638556883431949,rot180,0.5319000867270827
d51f6f08b4d097bf67558b3fbb16c44244ec49ac90bf0400b0d3567b5085dc74,train_05603.png,145.35,1,eval_00584.png,130.46,14.889999999999986,True,20.351608276367188,0.8031924338978798,identity,0.8031924338978798
d557b48c4bdc4d2e4a8f2278a90ab36dcb136c96171518de571dbb9f9dc718dc,train_01122.png,290.46,0,eval_00132.png,82.48,152.02000000000004,True,31.787689208984375,0.43483966405993585,vflip,0.5413603480216619
d61e573f2eba0f91378fcf705bc2ff7eb9e11331d134aaf727a7a38cdf1c9bbd,train_02239.png,278.0,1,eval_00596.png,169.32,108.68,True,43.42887878417969,0.118437708538713,hflip,0.812366073103831
d62f60c75b2060484235adf1f6b992a6968dbed86c7dcab7fb5d3d77488711ae,train_06758.png,155.77,1,eval_01558.png,117.42,38.35000000000001,True,33.04998779296875,0.557366380708757,hflip,0.7494215476365628
d688a56ee2379976f98b0906f6592c8fbe74cf469d14f1b7c66e4c1ec673ff9d,train_07383.png,348.92,1,eval_01951.png,177.6,171.32000000000002,True,48.214691162109375,0.08481437069771755,rot180,0.6416561550751034
d6d67b0ec04c8324e76dca03e7ad5209c279cf996fefa5432f5db6dbba572f47,train_05134.png,127.7,1,eval_01570.png,96.43,31.269999999999996,True,43.26933288574219,0.3917830363962695,identity,0.3917830363962695
d720695dc5ff462b7595415452d43d94f1c5d94eee565e56b7a09c70dfa4e351,train_01039.png,215.75,1,eval_00366.png,133.86,81.88999999999999,True,51.7203369140625,0.32863834694118577,hflip,0.4487492857820335
d807bb720bd20f6e0be8a053e1c3fdf18f6a58ca5ce9cd676566664fae8789fa,train_07097.png,269.83,1,eval_01988.png,119.28,150.54999999999998,True,90.75555419921875,-0.24585781957764374,hflip,0.69824591049427
d88c573f10d4f767cb30c54da05a9e171a236f6a6bfcf0fa41572e2eae801610,train_02110.png,338.22,0,eval_01248.png,127.08,148.85999999999996,True,54.79548645019531,0.004727556413535448,vflip,0.7660378452030437
d8ce3184a7d6fcd499b1fed5352947695b1fafd4de7aad6d51be77c4cb08889a,train_06475.png,127.07,0,eval_01361.png,244.82,117.75,True,32.78230285644531,0.0015228681819448376,vflip,0.20845254068754984
d90d0d8cde6005fb46f4c6a32364304000b103a4acc710079e32fd6bfbfa2a4f,train_04092.png,186.71,1,eval_00846.png,116.8,69.91000000000001,True,51.41168212890625,0.22659698966702135,hflip,0.6225808373103076
d9192f545ac4219243985127487b1e14f4db344c624317167f63c83221d00b99,train_02264.png,325.29,1,eval_00679.png,164.27,161.02,True,16.856643676757812,0.7083650477330429,rot180,0.7126455884526984
d94188cda0b07cfeab443ba1abd7cd3543d532f874cfec183429ffcdcb338edd,train_01692.png,290.94,0,eval_00037.png,69.2,138.26,True,87.93186950683594,-0.11407317025896471,hflip,0.9254215189337353
d9ccaf6505282da22517520e969e514ef5923b0db864471da82924f7a762ade5,train_03400.png,349.58,0,eval_01979.png,283.19,66.38999999999999,True,46.97309875488281,0.25671061628362374,vflip,0.4958771367497663
da3d8b03217e22fb7cf79172a0e71a7c555ca4169563c15d3f2e55d6b19d38b4,train_05568.png,53.27,0,eval_00381.png,180.91,127.63999999999999,True,115.81802368164062,-0.2702113745978054,rot180,0.3573467162941803
da6b1633e9a4d528604735ec801e4f0f8f1fb44630da046f9dc46036894eae09,train_00677.png,293.47,1,eval_01398.png,121.12,172.35000000000002,True,26.660385131835938,0.7018005618068459,rot180,0.876386369916454
da76461c6f957448ce0f64044098146e4828baf0cf629ce8bffedebca8fafc7a,train_04241.png,158.87,1,eval_01450.png,160.84,1.9699999999999989,True,8.036636352539062,0.9363153409669952,identity,0.9363153409669952
da7c03b4fa74da28a04f47553802819a06e7998b5133826183f879c66f6511b2,train_05524.png,77.08,1,eval_01974.png,111.41,34.33,True,38.21034240722656,0.5935309528036409,vflip,0.7226699036251457
daa164ab70aff51a8a537bfb546591ebf1a0a21a72ea7de343fe666e69e2ae50,train_04520.png,295.77,0,eval_00608.png,112.8,177.03000000000003,True,95.37065124511719,-0.2630841579206502,rot180,0.9506759399938397
daafc214aaebff5e17a14eb5f7e890316d842a59ddf7d3b19ca33ec6b7a60358,train_03491.png,331.45,0,eval_01737.png,14.38,42.93000000000001,True,33.62538146972656,0.47890237256324464,hflip,0.7525600266704493
db12498dbab8ee5bc2e3d7945b23166c476ef6b911995496ab70eaa1c08ec5c6,train_05213.png,272.63,0,eval_01007.png,43.83,131.2,True,51.30940246582031,0.27877140947971435,hflip,0.5032789857336689
db463159b283ddaadc06a59a3537c4340dfcd8d5f2bf66ceb4c686c1e2b916f5,train_04322.png,307.42,0,eval_00632.png,255.23,52.190000000000026,True,31.982070922851562,0.4806302531914351,vflip,0.607678519414697
dc24f327ff3232ca838c3f679840f82e24b6a1a1e7ae3a217e608b8a5cb09bdb,train_02188.png,348.77,0,eval_01661.png,154.1,165.33,True,46.372161865234375,0.19571060336228524,rot180,0.6998679562947816
dc41c8a46ff8659466409a684d7a41da1a6a3dc190da9885994b0646ddac34a0,train_06794.png,344.92,1,eval_00011.png,143.46,158.54,True,55.72065734863281,0.157960668328782,vflip,0.8035069876764702
dc862798929e484fe442d49899df785ca247ac5321a00a6446f77d5edc8aa692,train_04758.png,337.87,0,eval_01830.png,105.02,127.14999999999998,True,72.78854370117188,-0.06167291761929884,rot180,0.4250260519639878
dca03758fc7d29bbf3a5b04cb6eca93b815ec8ed4e25b01f76bc5e6f9cbef984,train_00539.png,309.82,1,eval_01707.png,105.2,155.38,True,94.23727416992188,-0.32821704830483817,hflip,0.8546840854579274
dca47b24e462ca9a35ea8d411cd38317539e8d946bea0f2a5f285b4d0307cacc,train_01452.png,298.13,1,eval_00466.png,145.97,152.16,True,50.373504638671875,0.3136433269688586,rot180,0.6958781597809937
dcba4c25dab82652f07df5770295a43525cf43ea4b27b646cec0d1ef7c69aa4a,train_04945.png,57.86,1,eval_00415.png,132.26,74.39999999999999,True,45.97259521484375,0.29930577099138167,vflip,0.39613001494322597
dd188c8ce63eb5fd36b8f00b7c4125eaa6865d63d6ff34eaeee2bd2b5a163f21,train_03751.png,261.63,1,eval_01561.png,139.73,121.9,True,42.38641357421875,0.22354400488239495,hflip,0.4156187880513465
dd415d390e982007fb662fd48f1bcd00d16207898cdcbce9deec0fc4bddbd785,train_04686.png,315.99,1,eval_00106.png,136.94,179.05,True,23.519027709960938,0.7290431201109604,rot180,0.9819473546933676
ddff1a853c8d50add65ae337ccc614d19d3ccaabb36ba0a07c626bf967979c9c,train_01103.png,331.48,0,eval_01196.png,244.64,86.84000000000003,True,23.80419921875,0.7051001947296925,identity,0.7051001947296925
de210b1a4dbaed160e55632af23ef376229b335b4f3b03c7d5ede1b742e251b2,train_04639.png,304.84,1,eval_01465.png,139.74,165.09999999999997,True,35.774627685546875,0.5039774229322357,rot180,0.7484698469411136
de8f0aeb7091f47e9221de732f6197e42811cca51dcdc2f9c8810f94d262d6ec,train_04470.png,73.47,1,eval_00756.png,119.36,45.89,True,38.09922790527344,0.4314986167740997,vflip,0.5345704703723609
df310966c3f9cf3e053ff31d610bfd017f8d3a5cac79334ef2543b371d8125a4,train_02606.png,219.27,1,eval_00325.png,168.99,50.28,True,42.773193359375,0.4292139717967616,hflip,0.6921032930500567
df6cafc8c001d002c8ec8f18ab3bc3244a9a6b001e7171043134e7eb0bd7e085,train_07300.png,12.78,1,eval_01315.png,167.25,154.47,True,103.60777282714844,-0.39070759978860187,rot180,0.5847582232566436
dfe325e8637855186a69d050c354ce4aab2b598a173fa2af2263140413e5f134,train_01508.png,286.03,0,eval_01282.png,40.54,114.51000000000002,True,54.52912902832031,0.2484535612966028,hflip,0.3846578826631911
e01cf7bee3bc97184b9142725b6f094fc9b93fe237742c7aea2298e1f9f20494,train_01374.png,338.93,0,eval_00174.png,83.64,104.70999999999998,True,43.39839172363281,0.24909127603352932,rot180,0.27434413929428825
e134b336313e0c95e8019c32b88f22cffd26bc0e3798512dc55d87a59e08c063,train_05158.png,292.75,0,eval_00317.png,67.09,134.34,True,67.45185852050781,-0.08206104815276381,hflip,0.7975586398706186
e151c12562f9c2d4706b96dbe76f5dc6f7d79e7d4fc1b1c7ae5d4b89f6baa0af,train_00051.png,12.87,1,eval_01655.png,143.46,130.59,True,43.61003112792969,0.2932741355335056,vflip,0.5355807546837772
e15d1c5b38c69ef1b73dee37f82b003c53c19810e0f6afbfc07d41e09cb0ff37,train_01920.png,165.98,1,eval_01204.png,159.88,6.099999999999994,True,19.919097900390625,0.781361863919843,identity,0.781361863919843
e173662803dfc0d92e9e8ba6aa88e20961fe6bc4120fe1f9b715c27753a2cfa9,train_02399.png,239.33,0,eval_01467.png,260.67,21.340000000000003,True,25.956954956054688,0.7150163568195981,vflip,0.7548845318049183
e2669216d3999c29e9c272d79b4edbf869c86439a512b819a72d3455916fa15c,train_02651.png,51.07,1,eval_01790.png,159.45,108.38,True,32.14054870605469,0.11374129866493174,vflip,0.23497679926490792
e274e465c795004c4c89b757bf8d0fbc27ee88a3b0f100b11ccb53fc132f8d7a,train_02868.png,242.5,0,eval_00019.png,319.94,77.44,True,44.15751647949219,0.43118537487433,vflip,0.5659822988232522
e2ccb7ddc6d2445b15c40f69807b24efab8c4594ca2f3ece81015e67686bf2cb,train_05638.png,294.96,1,eval_01636.png,170.72,124.23999999999998,True,53.83270263671875,0.15191222725629366,vflip,0.6902859745273814
e30b7e895b16f510534c6b14d5d13ecdc0f0ffe6b9860954ec1079cc2e617aad,train_03093.png,5.34,1,eval_01040.png,103.37,98.03,True,77.52651977539062,-0.037426978961830906,hflip,0.33704546079415687
e3727a4f6919208ca156b8b94ebe59a374d9af28ddeafbe4161828f31c1c12b4,train_04018.png,84.61,0,eval_00921.png,231.71,147.10000000000002,True,43.199462890625,0.2782454704999953,rot180,0.34407505041136976
e44a293cec26383eca48610608cf2425e3ae4ffd1698c459728bf185b7587b49,train_01916.png,137.22,1,eval_00041.png,144.91,7.689999999999998,True,14.524185180664062,0.8735386614476963,identity,0.8735386614476963
e4be11113fc8910d6c26e2c158aacbcd499479cab3492b22df6c9f39cfb51395,train_06882.png,53.55,1,eval_00097.png,171.06,117.51,True,37.53709411621094,0.363908816595536,identity,0.363908816595536
e4cabb7a87e44944b1881a7f93f9a4c4e72d9da27ddb13dc1ec1185a4ef6fce7,train_07763.png,123.17,1,eval_00564.png,115.8,7.3700000000000045,True,15.414566040039062,0.7236793215524152,identity,0.7236793215524152
e529a549a65587ac60fb7e0d936899a1e88d6498b8bb57bbf3d38945bdef0a7d,train_04842.png,318.05,0,eval_00838.png,241.79,76.26000000000002,True,19.645843505859375,-0.06303980350010722,vflip,0.028452398060570747
e52e640122fc726abdc19019d70df7f13af99ee5d74fd2dd2795a1e99bd06a54,train_06697.png,355.09,1,eval_00159.png,139.74,144.65000000000003,True,47.003204345703125,0.1841381411060095,rot180,0.2254157451194026
e54528643b2f298e19d632e5d37172a5395508e4ca649a1941f3170f866536a5,train_06132.png,357.61,1,eval_01991.png,149.45,151.83999999999997,True,51.26197814941406,0.08977556129928257,rot180,0.5249647983908714
e546eaf0ca3a9cb6167ea90650595de5c4f078d4da81365487f1fb4b3195da2a,train_02957.png,166.82,1,eval_00943.png,122.03,44.78999999999999,True,35.553863525390625,0.3643900732101803,hflip,0.7181894423414449
e55dfbd6d2af75616a5e8f59c556784737648c310db9e86fd9bcc04b7aa5bacd,train_04474.png,296.07,1,eval_00153.png,179.6,116.47,True,82.75401306152344,-0.0464876508929352,rot180,0.24812348054747638
e5693025339f7d1e8f11e3944ab9c673df4706399baf6c65a10f4974513edbb6,train_04137.png,294.45,1,eval_00647.png,148.24,146.20999999999998,True,67.07968139648438,-0.012315936568558826,rot180,0.6359047753311449
e5bc01327fd23eb9100403c93f0cc2269cb37c1a0b5cb3040922db08aaabbeb7,train_02393.png,9.49,1,eval_00203.png,129.18,119.69000000000001,True,59.76066589355469,0.23234205508279532,rot180,0.3866291798209419
e6050ef1b1d00d25561f0280efa87067a46e46a0b05d2041aae85af3c8678a53,train_07131.png,164.2,1,eval_01527.png,97.34,66.85999999999999,True,38.81239318847656,0.13611473437626975,vflip,0.2774492031882711
e686d7e5fda96eb112882931406961a63909646c725428f511e799e0d9a5a3e8,train_03145.png,333.16,1,eval_00305.png,140.92,167.75999999999996,True,46.93949890136719,0.2981498780104573,rot180,0.821033761883819
e79fa8ee45c9ff2460e91661953964f84b974d7e2a0e69be2607681ea7fcb1eb,train_03140.png,285.11,0,eval_01942.png,119.16,165.95000000000002,True,55.43756103515625,0.025790573893975467,rot180,0.6466096223689138
e7e99f2d66de7d82bece21e21a5bcf2fd8962ca7e1612b5877d144d6a016c604,train_00484.png,58.0,1,eval_00215.png,139.14,81.13999999999999,True,9.088973999023438,-0.05828844805505438,hflip,0.3435126993812283
e8075c53ae100d90c153f12fda765aeb6c8cd3f654848b3c35d66c4d0cb67f2a,train_05449.png,102.84,1,eval_01981.png,130.94,28.099999999999994,True,28.918228149414062,0.5930816930710591,identity,0.5930816930710591
e93af99f4b1223e64c5b4c1de309c08df5fa328d6f6ca7e3cf3714b87b00a952,train_05462.png,67.08,1,eval_01314.png,109.22,42.14,True,37.21147155761719,0.4849975246906635,vflip,0.7293157367873687
e96a3ed17c52b98865d52b91492eabf5dc85dcfbb786b3fc4e96805288e699d4,train_02558.png,255.13,1,eval_01555.png,126.84,128.29,True,66.94895935058594,0.052000411519216055,vflip,0.6509792388565024
e9d468ccf93bf0445cf1844a8d4f4a4a3435be4f0646138ddc13fa6cb9e87c48,train_05438.png,181.1,1,eval_01534.png,123.02,58.08,True,53.879669189453125,0.1280507334312377,hflip,0.15386845559031379
ea0e1567b5cb604bac6e0856f6d6101e0ddc3d226123fd84e426baeab5bb1517,train_00998.png,308.89,0,eval_01340.png,303.01,5.8799999999999955,True,12.840255737304688,0.8790455649047303,identity,0.8790455649047303
ea1eddba7944db935ed7e9c475d6b6c98db428acc3e3506221f32d2a74e746d0,train_01185.png,215.06,1,eval_01481.png,161.61,53.44999999999999,True,56.94486999511719,0.3299020354165149,hflip,0.4816333788268034
ea37b126a1fc65deb04de7e25e55a98254df655946c15816a2568854ce4f0977,train_03269.png,332.86,1,eval_00563.png,103.46,130.59999999999997,True,91.66864013671875,-0.29182565987565445,hflip,0.6674243498854174
eabbcf6e5c08c5b6777bef7218e4b565c9edeb7ad0e0158e9b86d5e0ec316dab,train_00997.png,164.56,1,eval_00335.png,178.59,14.030000000000001,True,19.017807006835938,0.7288367937573451,hflip,0.7982551691982636
ead9b586a09ab0591c0a1f4f072e9eaf28ec000939fbd9db7431b99e407697de,train_01099.png,320.07,1,eval_01955.png,170.44,149.63,True,54.4200439453125,0.21169479080045908,vflip,0.7011522454926883
eafb15d56f1b74c373c7fa47e30311ca5821716e70d89041ae6b892693cbc717,train_06179.png,13.6,1,eval_01459.png,98.37,84.77000000000001,True,41.759613037109375,0.3340673311335919,identity,0.3340673311335919
eb26e178ff1cbb6f7a856f983723189a8f02c73c076c12a2d165b27eb23d0613,train_01770.png,358.04,0,eval_00963.png,225.07,132.97000000000003,True,50.84367370605469,0.13954235306225674,vflip,0.5375081773523885
eb47b6229d1d4b036b634e7a78a0c7f8d6a156f8b89c15ccdffc06443c5bcad3,train_05271.png,5.03,1,eval_01540.png,116.24,111.21,True,53.23762512207031,-0.09784604136653045,hflip,0.3620669447299353
eb631d4b009eb0d8f2f23feecf07ee630776c067fb5d356b1c0376ca7eab9d18,train_04854.png,277.35,0,eval_00930.png,88.78,171.42999999999998,True,98.16804504394531,-0.3515492540720131,rot180,0.8181452178043442
ec063823563d3f34d88e342c9dcf2e90f66f0d7de8190c7b29cbb94a2a8bbdd8,train_01495.png,303.8,1,eval_01407.png,135.6,168.20000000000002,True,61.01502990722656,-0.11167427769431185,rot180,0.8172066199703973
ed81fd12a3235dd43583ba7c6c4a3030e0707e82fd701bf6b3ea48a5572cb3cb,train_06275.png,216.5,1,eval_01216.png,135.17,81.33000000000001,True,46.25189208984375,0.2276614065791672,hflip,0.8845772810054063
ed8352bd0ccc2e6830b8171d2ae87d63bf6cd8e0b2717f3ef57026894e619aff,train_04829.png,102.88,0,eval_01549.png,202.0,99.12,True,36.38038635253906,0.3464989204778687,identity,0.3464989204778687
ee166fbd6d8902ce2efe338716ec7769d70b3cab1a4ff04b5f99f188dc1e89a7,train_03775.png,270.0,1,eval_00836.png,144.31,125.69,True,84.63752746582031,-0.139623956739622,hflip,0.25570949233296275
ee2ce8b8f8466bd64d1b0acdd4b79e69326fbc57de4631cfc4cb1e6626c1dba8,train_07794.png,342.61,0,eval_01501.png,8.81,26.19999999999999,True,42.608642578125,0.5876555336750199,identity,0.5876555336750199
ee583945be0a9d3b7dfb80cf4a03aa2f565f8883ccde1b13a3730c60c08ded33,train_01710.png,292.94,0,eval_01027.png,276.61,16.329999999999984,True,24.045562744140625,0.6990370988322717,identity,0.6990370988322717
ee61386339bb9d181c0f66e9aafa434de8ddf3a1ef91c36883cd10a250cfdc15,train_02125.png,19.63,1,eval_00971.png,124.27,104.64,True,47.34991455078125,0.2658146141879801,vflip,0.4330429212666483
ee751cc326c93e7bce2ba83246962e596f144d867376b58203069d7088249f7b,train_02822.png,174.32,1,eval_01930.png,145.07,29.25,True,32.11529541015625,0.3919013794411541,identity,0.3919013794411541
eebb98d6a4c87161985e834580dc30d8945cc6c548d7d6308bbd0f311f34cb34,train_03752.png,303.6,0,eval_00607.png,302.26,1.3400000000000318,True,5.2540435791015625,0.9814248652775138,identity,0.9814248652775138
eeda3fa39012a5f9a499a81413db4ea5ad25302174800e8660fa36b076ba6fca,train_02679.png,287.95,0,eval_00604.png,261.15,26.80000000000001,True,34.85353088378906,0.4324157338398736,vflip,0.5444172410660184
ef93937c8578f1e2d3cc58ee0b0512dbb13a248c0d28371c7a4a6758c86dac0c,train_06678.png,334.69,0,eval_00722.png,199.73,134.96,True,35.72723388671875,-0.10808258580509096,rot180,0.1332506798134501
efd5053466b0039e29e3332b3fe6acbea1b61a5b8a193b89f1d16ad9fc48e060,train_05019.png,30.73,1,eval_01859.png,111.53,80.8,True,63.595550537109375,0.2084184667619555,vflip,0.6184799176424566
f064c0d3469f02326d2f5614a09c1631358b8cbd3799cf88f687c8848953282f,train_05765.png,323.48,0,eval_00085.png,23.99,60.50999999999999,True,41.1009521484375,0.4189558033599163,hflip,0.5096727616176848
f0b8dfead584e65ed74b18241a582f2951d0498caf30b36885bb4f830f23020e,train_07164.png,349.51,0,eval_01440.png,198.68,150.82999999999998,True,60.096099853515625,-0.10494990771422091,vflip,0.8183373251136704
f11874204e6004f87b3afac4512a884e7f1708eab635f956889a15db833bbd5c,train_01943.png,297.16,0,eval_00818.png,7.1,69.94,True,17.62786865234375,0.5330975303396666,rot180,0.5399985669934633
f1dcf4437a6d57257c85a3a2a505ef65ab35e560ddf0cd5d504e038069166bc1,train_04286.png,281.98,0,eval_00725.png,59.96,137.98,True,54.61796569824219,0.34259863154823567,hflip,0.708262729273472
f20a50e7277c15762feb6f1e957930146f360c86f7b0b18488bc8f07ad4164ea,train_02959.png,134.98,1,eval_00834.png,148.35,13.370000000000005,True,9.929718017578125,0.8041268269166337,identity,0.8041268269166337
f231b4792059be7f5db369009ab8e3b90df5bc0c438282f82be5c7f26a99b42d,train_00563.png,292.25,0,eval_00501.png,195.73,96.52000000000001,True,80.14079284667969,0.10310071622723525,vflip,0.27061878661262495
f253e2125c84b69363efa856b5808c0aec8d1edbfec92392cc47efc5e4e790b2,train_04569.png,173.71,1,eval_01402.png,109.18,64.53,True,53.626373291015625,0.2232616925142921,hflip,0.7896935026112483
f26d3e2f4b87c08ac15f91c694014f5aa367abe27299950836aabf099ef1b7db,train_01095.png,295.37,0,eval_00074.png,179.84,115.53,True,66.9879150390625,0.026283300255888077,vflip,0.15414271725279044
f27d5b6d8f52efba93a0743f391d59e2bc14143d46709c2699f84e0b0d922f11,train_06751.png,36.41,1,eval_01539.png,155.78,119.37,True,26.4556884765625,0.6317681674982923,vflip,0.797796635998715
f2ce21469359be206ae628cf533e4124a5f362f7dabaed21ea005c5b36833ffd,train_03788.png,8.03,1,eval_00296.png,92.93,84.9,True,53.44056701660156,0.07657106142885682,hflip,0.10234851914949647
f2cfd4dd73a364d2335a02d952b156dd5a11aec7b83783ecaab397208b1c5355,train_00616.png,306.88,0,eval_01617.png,293.62,13.259999999999991,True,29.324264526367188,0.679819782587348,identity,0.679819782587348
f45e23550ae21eccaac645a5fcfa4de025ed1c578deb29bcfb5334d9082edb5d,train_04860.png,257.04,1,eval_00194.png,150.48,106.56000000000003,True,63.77265930175781,0.16519466061804544,hflip,0.6952269169955273
f4de132ebf146470b9c0df16521856856d5b51c52e652f6e2c1acbf313f28518,train_02003.png,240.21,1,eval_01961.png,113.82,126.39000000000001,True,82.74856567382812,-0.050892473285123106,hflip,0.7064939513497197
f4e7e2881f20e27ef34ca5351f78f90cd0989204a59efcc785e1f6af30b6ae6b,train_03803.png,129.64,1,eval_00161.png,177.77,48.130000000000024,True,32.770111083984375,0.3779725033525606,hflip,0.561029196028536
f5202b9ac090ddc8a076efe81d95c595a96b2a629027c5ff1e447fd80c098261,train_06655.png,54.71,1,eval_01485.png,96.5,41.79,True,38.94964599609375,0.3974482880426816,vflip,0.5824139709665951
f52ee53665cbe471f3968aabf4bab4c4d6b5ca95af2bee0e566f6dca703b67c0,train_03520.png,4.9,1,eval_01565.png,115.51,110.61,True,79.68467712402344,-0.10087169661535368,vflip,0.7220728894037115
f565678bb0d18cb65844e174ba3cea1139bfc1270d6c71a0e9c203f6609e0b08,train_02409.png,47.46,1,eval_00048.png,112.07,64.60999999999999,True,51.68992614746094,0.36837035507941523,vflip,0.6596275508762071
f584e356490a1a53459525955cca87d9e9a7a4c0713d4333dd87f1811958266a,train_04193.png,95.25,1,eval_01850.png,147.94,52.69,True,50.29203796386719,0.3718440385852422,vflip,0.7603538868843315
f689c71259579cae4cbdf62c12f2c5f108eac094c624bd11c677e0461d145dea,train_06887.png,321.15,0,eval_01312.png,254.93,66.21999999999997,True,34.98541259765625,0.4597735567056845,vflip,0.49889802958033286
f7441786d3f094a1d592b19e03eb40c2d3bde0883aa470d5690ad515c936adad,train_05214.png,0.2,1,eval_00643.png,177.12,176.92000000000002,True,53.38763427734375,-0.13756202740146733,rot180,0.87163065879484
f81584b335629b48bd870508b94c877c937b2058aab940a134d1e99022b3d815,train_07252.png,145.45,1,eval_01038.png,169.2,23.75,True,32.84428405761719,0.6281755281354467,identity,0.6281755281354467
f87a914175f9a04769ba83d21138eeee752cdc81c9980b584d2c74ff76eaf07a,train_06283.png,71.13,1,eval_01880.png,173.95,102.82,True,54.80644226074219,0.11009717776573807,vflip,0.2820268504912615
f884079a7918ee63b55639a3af8365130fa3f0d36d9a71a6d782df2d01a8bc01,train_05714.png,24.7,1,eval_01846.png,123.58,98.88,True,28.4169921875,-0.08317110481611935,vflip,0.16742481967129436
f8d0d7ac57ef8b6c651899c76ebdbef7a33292c020e8356489d6b989f28717a9,train_02486.png,188.74,1,eval_00533.png,122.87,65.87,True,54.18409729003906,0.15499103042663664,identity,0.15499103042663664
f8e2503f63b1ab036066e81a0547cb8f7fb0f9d1d02f6129d323548477a64a2e,train_06041.png,240.46,1,eval_00314.png,178.98,61.48000000000002,True,52.427215576171875,0.3430664649569673,hflip,0.35747190822686203
f91510e91fd421791c8727ff2d75f484b1bf6361f5e4537aa3485129f66d5ea2,train_00320.png,161.31,1,eval_01130.png,176.62,15.310000000000002,True,23.557342529296875,0.7595237862147161,identity,0.7595237862147161
f922b9f1274acdb2032b55d5bfbcc30ad8a4d7ca873f81a632d5ff80697ef308,train_06406.png,75.02,1,eval_01998.png,179.41,104.39,True,72.9385986328125,-0.0343038298811023,rot180,0.1001982935480526
f97e997ae0167a420ef30db389c519c392ea8a4172e1c94b714b2c82b9a0e8dc,train_02147.png,304.32,1,eval_01368.png,156.48,147.84,True,45.19012451171875,0.2804334250513053,vflip,0.8509027778216625
f9d1d2aeea8853ac2b1da54875bc7e3fdb0ff32727a4ea786d63c4bfd8740846,train_00555.png,272.32,0,eval_00104.png,184.14,88.18,True,60.21992492675781,-0.027740944239575266,vflip,0.18579911047196349
f9d40dd7720f455ed499745fbb86eb51aed3ab25b046eb134abcd7828f9f0aef,train_07528.png,311.58,0,eval_00761.png,141.93,169.64999999999998,True,25.854705810546875,0.5966891188391258,rot180,0.8570788078663719
f9d964f1c5c0ffd71f3a6a754873e3b7f80f47ece21961a2acc83f95426896fa,train_04794.png,309.64,0,eval_00883.png,332.69,23.05000000000001,True,21.576828002929688,0.7287589722027967,identity,0.7287589722027967
fa0f4d138e7762d56aa23089a1903e41a621f6991e34f584073c80df786ee307,train_00641.png,8.12,1,eval_01128.png,171.72,163.6,True,57.370880126953125,0.00614457494247796,rot180,0.3868175151081598
faa533ae134f9cc3de02f8ea74ed7d65ee379220cfd901d10d7b5d8787557eb0,train_01171.png,292.13,0,eval_01832.png,13.73,81.60000000000002,True,66.96881103515625,0.158000050101102,vflip,0.2911958788379354
fb07e018c1cd3758b9586875d4b9ecf6d10450b825ddbd38bd72e8f2cb16c270,train_02904.png,188.34,0,eval_00057.png,242.1,53.75999999999999,True,36.38450622558594,0.2914270600863052,vflip,0.3835954078658829
fb33cbd05842748ee1d6b75dd5c40d18255fd7f377d1510d13162ca1be6b1cf7,train_07425.png,330.23,1,eval_01069.png,154.79,175.44000000000003,True,35.08457946777344,0.48065511246867354,rot180,0.8666952654281966
fbd10455ad201e6467303cdead04b1eed805fb4abca44f1845d1f1fc1a5e583c,train_02799.png,152.05,1,eval_01089.png,178.65,26.599999999999994,True,28.118911743164062,0.6533816696236071,hflip,0.7291805657961543
fc88f52ff25ffffe7b68bda7beebbcb481a078ee79b61fa9eb72393fc0a0baba,train_02505.png,278.42,1,eval_00444.png,112.34,166.08,True,46.43183898925781,0.2916196729397539,rot180,0.5903822547169912
fd0fd9d2ae2105e84d9088b9e01946f404ac1db48096c5c9029f2e5358521431,train_03946.png,357.47,0,eval_01096.png,171.19,173.71999999999997,True,25.718673706054688,0.3262476079048899,rot180,0.653704018641569
fd84be2c0f3779f67e1952af8b15a747c03ffd7ca0c74e5fb7ba056f00115c55,train_04323.png,276.4,0,eval_00945.png,193.11,83.28999999999996,True,36.05403137207031,0.365606652845043,rot180,0.36939583483820765
fe5f6fcb9388891eadbdd15ebaeb1c016c007378f3bcdadc3fdeefc821eae46c,train_03969.png,320.31,0,eval_01801.png,292.73,27.579999999999984,True,37.32341003417969,0.37041108538159506,identity,0.37041108538159506
fe5fe13bd625864aedad1bcfbabfb950f0151711b6c70747e3cd5c8bd22cb0ad,train_04028.png,285.42,0,eval_01941.png,227.22,58.20000000000002,True,38.84822082519531,0.4745797193888765,identity,0.4745797193888765
feb9778eaf368f7cc0c5d5e19bd081f3bad572bbc76633925eeacb40f73ece42,train_00908.png,211.91,1,eval_00405.png,136.99,74.91999999999999,True,52.303924560546875,0.319642450594438,hflip,0.5783437064083441
fed69d2472d8368449403d5766fc4c1a033e0e58c73f423384cbd09676ac4864,train_04009.png,284.58,0,eval_01516.png,20.88,96.30000000000001,True,66.92526245117188,0.05284992582867648,hflip,0.6172508521510699
fee9ff837dc16e7b56090ebdcc25b733653c04ad3f798ad8ba6e3af616508c52,train_07802.png,296.6,0,eval_00006.png,162.83,133.77,True,48.225555419921875,0.08225583276405384,hflip,0.5304197400052839
ff63efb701ae4dba1f43ab029ec710717e0603f8aba96af470b197cbbd0a3545,train_04044.png,244.84,1,eval_01488.png,166.93,77.91,True,66.84793090820312,0.2313640580050804,hflip,0.569117562854878
ff65feb8c5ce318cd574d2fc29b141d8002f4a81b422880ebbefb7759bfafb06,train_02328.png,357.33,0,eval_01316.png,322.08,35.25,True,30.440902709960938,0.33100426415909545,identity,0.33100426415909545
ff95f9f30c47b7a0c4678c9d4cbc424e46b4006c45e79d7f453c6116b80eb178,train_06718.png,242.18,1,eval_01322.png,92.86,149.32,True,62.53108215332031,0.12142873849787374,hflip,0.48161840756281526
