hash,class0_image_id,class0_azimuth,class1_image_id,class1_azimuth,circular_azimuth_difference,raw_mae,A_mae,A_corr,B_mae,B_corr,C_mae,C_corr,D_mae,D_corr,best_flip_or_rotation,best_similarity
0014f69111dd918f3eb66a67322d776e7639a81d7b20f93930ebd1cf8c34734e,train_03333.png,242.72,train_05451.png,127.14,115.58,0.0,32.0362548828125,0.6214489483230874,31.322174072265625,0.633197284662801,32.0362548828125,0.6214489483230874,31.322174072265625,0.633197284662801,hflip,0.7004267558389434
003311ca15a08af421c076e3499b38d60578202ce5fbe37b3336ccae3b532617,train_00589.png,306.41,train_03920.png,200.86,105.55000000000001,0.0,54.62022399902344,0.27380003751331033,54.124298095703125,0.28220719741147327,54.62022399902344,0.273800037513311,54.124298095703125,0.28220719741147327,identity,0.27380003751331033
0081849a31d70be955fd488a059e055f585a35ad40d0ebe70df8e0c0fe4e4249,train_03083.png,316.4,train_04838.png,51.93,95.53000000000003,0.0,66.89949035644531,0.19914312887755298,66.85586547851562,0.19995073679125944,66.89949035644531,0.199143128877553,66.85586547851562,0.19995073679125944,hflip,0.8787336163980874
00b0911af0e2dbfaafb6bfd74c2d0fea1169ea8010d4ed03b82fac6a983472fa,train_03593.png,312.15,train_07629.png,35.9,83.75,0.0,37.68559265136719,0.32856390484385245,37.32252502441406,0.337117867234858,37.68559265136719,0.32856390484385245,37.32252502441406,0.337117867234858,hflip,0.5982126915097572
00b68fe26d7c6cdcbdc88edccb047beddcea9cf9e589560d643bfd77c7b65dd6,train_04404.png,307.19,train_03672.png,98.4,151.21,0.0,60.10650634765625,0.137274199772794,60.387603759765625,0.13323147563773424,60.10650634765625,0.137274199772794,60.387603759765625,0.13323147563773438,rot180,0.5834696685395901
00f1e1b6bb565297c54547a37fc81c181a2d1f59d80cbc2bb60bf413a90c09c9,train_02459.png,320.64,train_06163.png,88.28,127.64000000000001,0.0,85.97108459472656,-0.13551007949288787,85.9140625,-0.13463454190315738,85.97108459472656,-0.1355100794928882,85.9140625,-0.13463454190315724,rot180,0.3912982255821812
00fc4b6605656822a652380101d1779d5d55409a379251949861d3490b93e503,train_01055.png,296.55,train_04665.png,134.07,162.48000000000002,0.0,23.980804443359375,0.693598596433724,24.344146728515625,0.6801663575386808,23.980804443359375,0.6935985964337243,24.344146728515625,0.6801663575386803,rot180,0.7286858289332763
0111d161bb29c00a7d81310e71c957d1d7d6d480237d4024c01d9ce946dadfab,train_06035.png,285.89,train_06019.png,178.64,107.25,0.0,45.18174743652344,-0.026783738164601237,44.21989440917969,0.016390791116349314,45.18174743652344,-0.026783738164601237,44.21989440917969,0.016390791116349293,vflip,0.43698482167644
01adc1e1121265375a7a1b27e5d3b600a58befac812aed201c79db654e5b4895,train_02954.png,349.17,train_01380.png,323.76,25.410000000000025,0.0,24.90966796875,0.6008448747912327,25.692108154296875,0.5735926112854056,24.90966796875,0.6008448747912327,25.692108154296875,0.5735926112854056,identity,0.6008448747912327
01be017c6e47a95062ae4d71d053cfa22df85e498d98d0e59fda1191b1b21fc6,train_05812.png,271.43,train_04640.png,330.13,58.69999999999999,0.0,37.61383056640625,0.24615341593862877,37.85691833496094,0.23246104687731284,37.61383056640625,0.24615341593862822,37.85691833496094,0.23246104687731314,hflip,0.3015182832633477
01cc7020de4d067664ad9deac1c0cee3dc414dee7e52ab067a9d6ca1b5304d5b,train_01564.png,182.09,train_00645.png,258.73,76.64000000000001,0.0,41.236480712890625,0.045656586801621754,41.53627014160156,0.030231545848476708,41.236480712890625,0.045656586801621754,41.53627014160156,0.030231545848476732,hflip,0.3205720720481138
01f0ea9b2f4d14e7baab2cbc9872714f658088947bd0560622a6318153b28f3a,train_04222.png,292.31,train_05364.png,350.5,58.19,0.0,38.38580322265625,0.3125297137911848,38.14263916015625,0.3220922660512966,38.38580322265625,0.3125297137911848,38.14263916015625,0.3220922660512966,hflip,0.5311216591916372
01f399b0c21f2d46142485973535c4db1138ec8fb66835b2acca02437e27dbab,train_03987.png,151.6,train_02341.png,341.67,169.92999999999998,0.0,43.234283447265625,0.2697244448470375,42.169891357421875,0.2966633884663008,43.234283447265625,0.2697244448470375,42.169891357421875,0.2966633884663008,rot180,0.5601709843117143
02186b8627ee9da9d89f0604f6edc485307486c2e020506b8ec40a8ca364affe,train_05964.png,300.11,train_07305.png,179.01,121.10000000000002,0.0,53.044403076171875,0.0677475213893389,52.49603271484375,0.0882756107415273,53.044403076171875,0.06774752138933868,52.49603271484375,0.0882756107415273,vflip,0.6456615730181023
021d1c0cf0364369b75dd403de300c4caf237e0b38c4b5f1d6e672c58db9f1d0,train_05795.png,311.43,train_03001.png,247.04,64.39000000000001,0.0,44.78450012207031,0.11421919183997692,43.78199768066406,0.1392346338293721,44.78450012207031,0.11421919183997672,43.78199768066406,0.13923463382937182,hflip,0.14414883016482155
02c7bb7f599f107c9dc842ad079d5e04d16b9c4a1719316a2898330442a50ee8,train_06892.png,317.11,train_03062.png,270.05,47.06,0.0,68.28140258789062,0.0013720814832285412,68.53294372558594,-0.006315848602007879,68.28140258789062,0.0013720814832285924,68.53294372558594,-0.006315848602007876,hflip,0.3284865523286887
02c98a1a0d92109f35bfce16119b2a7da79643688ec8b165d13782cd366a0681,train_06905.png,313.47,train_00543.png,183.68,129.79000000000002,0.0,102.83236694335938,-0.30739203988002606,101.59136962890625,-0.28938046850792676,102.83236694335938,-0.307392039880026,101.59136962890625,-0.2893804685079273,vflip,0.6276675254768942
033e65bc472fe22cb21e7a494604ecc44ed5a2e34aa7e7b7521273f81c795982,train_02712.png,263.81,train_00681.png,295.6,31.79000000000002,0.0,32.911956787109375,0.5909526297740065,32.450103759765625,0.5991406710960623,32.911956787109375,0.5909526297740069,32.450103759765625,0.5991406710960623,identity,0.5909526297740065
0397890883a7c87b0d7f5c066e1d5ec903c750ac5bbe905b8eface6563f8bf2b,train_06874.png,309.17,train_00758.png,181.18,127.99000000000001,0.0,78.05171203613281,-0.23301078855825685,77.27914428710938,-0.2168223973053292,78.05171203613281,-0.23301078855825685,77.27914428710938,-0.2168223973053292,vflip,0.673143107574751
039ade76c25e6ef7222f4da4b7dad5ccb2794e7c039eef6bf6aaf0ba0d4492b3,train_04316.png,358.64,train_02072.png,303.47,55.16999999999996,0.0,58.380706787109375,0.3391362891777943,59.371124267578125,0.32068620107620593,58.380706787109375,0.33913628917779437,59.371124267578125,0.32068620107620593,identity,0.3391362891777943
03e3fb7b69b247c2431052eba94ab173a59bad37a61cd193ef6836e974df1595,train_06973.png,13.45,train_05926.png,189.64,176.19,0.0,95.55015563964844,-0.2629351431512628,93.76939392089844,-0.2536105189453667,95.55015563964844,-0.2629351431512625,93.76939392089844,-0.2536105189453665,rot180,0.9232088406832542
03f263a78e0b669379c6612c39434787c0ffee424d09ddf5d03221a214e24e1b,train_04950.png,321.76,train_05067.png,110.55,148.79000000000002,0.0,68.185546875,0.09828577086005137,67.74545288085938,0.10604695626589392,68.185546875,0.09828577086005137,67.74545288085938,0.10604695626589396,rot180,0.657611245345862
03fe8bfd825a1d87bf2b28c13c1696dcd41b15804a7d6798fcd0c4e46f5448a6,train_03585.png,306.22,train_03011.png,18.63,72.40999999999997,0.0,27.803421020507812,0.6375470812485983,27.523590087890625,0.6489519250058022,27.803421020507812,0.6375470812485982,27.523590087890625,0.6489519250058023,identity,0.6375470812485983
040ad73cc76f315d934cc0c90225d381889b3e5fb3e01c9797024d82453a665d,train_01555.png,319.4,train_00797.png,173.3,146.09999999999997,0.0,88.7950439453125,-0.20903256153431785,89.70347595214844,-0.22153242075019233,88.7950439453125,-0.20903256153431785,89.70347595214844,-0.22153242075019214,vflip,0.4242129145418244
0450c3c293884788d5f14b52f58e91ee621d1031b3b7a7396312aa2cd0a536cf,train_03937.png,316.66,train_07571.png,338.07,21.409999999999968,0.0,16.922210693359375,0.7247440145438939,17.441207885742188,0.7095881220004404,16.922210693359375,0.7247440145438939,17.441207885742188,0.7095881220004401,identity,0.7247440145438939
048c37320c4402462ab2995a7994770f83beeceebc71469f031e58f67d05807d,train_00081.png,340.18,train_04985.png,44.95,64.76999999999998,0.0,40.281524658203125,0.5033353241091248,41.85227966308594,0.475941724777345,40.281524658203125,0.5033353241091248,41.85227966308594,0.47594172477734464,identity,0.5033353241091248
048e54a8fa3f566db50237fc5475b71133046e22883c96a4ea54dfcf7433f10c,train_01644.png,303.29,train_04797.png,168.98,134.31000000000003,0.0,78.58450317382812,-0.3293139586118103,78.62841796875,-0.33182268824049554,78.58450317382812,-0.3293139586118103,78.62841796875,-0.33182268824049554,rot180,0.4411183527108827
04a6f7bc787d2e72af47c99d8fb3df283dbaca36918a8a6605fb684853bd1977,train_05112.png,253.77,train_07517.png,7.44,113.66999999999999,0.0,47.026153564453125,-0.038116716763871454,46.63487243652344,-0.020900325959387612,47.026153564453125,-0.038116716763871454,46.63487243652344,-0.020900325959387612,hflip,0.37516368079531437
04bbf26ee374871955471eb56d7f43f86f110010da425358dc168647506bc69b,train_04657.png,277.2,train_00226.png,82.79,165.59000000000003,0.0,54.0797119140625,-0.1455690483486729,54.08253479003906,-0.14557989051085868,54.0797119140625,-0.1455690483486729,54.08253479003906,-0.14557989051085868,hflip,0.6222743080484158
04fc52ddeba4af0eb33f240b1cee9ffbf3fa5960ec649e15e06385a985163db4,train_00389.png,313.47,train_03759.png,77.83,124.35999999999996,0.0,30.234161376953125,0.49345677598023024,31.1558837890625,0.4543732950345864,30.234161376953125,0.49345677598023024,31.1558837890625,0.4543732950345864,rot180,0.5264279963909123
050595d37f96d6199d879d9417305d618cb47d9d99ba1339c543f2ea8149bdc3,train_05971.png,349.94,train_00529.png,197.4,152.54,0.0,80.31698608398438,-0.18859779398101023,80.43832397460938,-0.19152989093781592,80.31698608398438,-0.18859779398101023,80.43832397460938,-0.19152989093781544,vflip,0.8039933099785793
0527411f25466f649289a5c39b6396c9c15e887d0eaf863a18b81ec60b3bed2e,train_06250.png,358.13,train_07584.png,245.87,112.25999999999999,0.0,58.70953369140625,0.026391403523909313,59.947265625,-0.013757446804911913,58.70953369140625,0.026391403523909313,59.947265625,-0.013757446804911913,rot180,0.2451293816782741
05397991cb20b32947f51c957b2e55463a8a8ba319f7907b2bb4273579b33846,train_02544.png,294.05,train_00994.png,316.16,22.110000000000014,0.0,35.31573486328125,0.45231218534714923,34.66529846191406,0.4646867609797099,35.31573486328125,0.45231218534714923,34.66529846191406,0.4646867609797099,vflip,0.4548987407903624
05cc7627a9a68f225827e2c7dd485d4a0efea7ab9cf757e13fec8a553e52f72f,train_04008.png,287.97,train_03874.png,297.7,9.729999999999961,0.0,12.37237548828125,0.8502853117975476,12.168807983398438,0.8496178853408395,12.37237548828125,0.8502853117975476,12.168807983398438,0.8496178853408394,identity,0.8502853117975476
05dfa4e6421b0ad2ba87a9978ff48c8225af4e487201061639d729e123f333de,train_07167.png,287.11,train_06310.png,55.31,128.2,0.0,86.49598693847656,-0.031951316386997164,85.23481750488281,-0.013741664721617657,86.49598693847656,-0.03195131638699708,85.23481750488281,-0.013741664721617657,hflip,0.5796931707261923
06b09e5939c28a3a3f1caea93075b316047e10320ccc893098cda64e35ff44a3,train_03727.png,345.52,train_05347.png,61.03,75.50999999999999,0.0,44.387908935546875,0.08497340895223128,43.28450012207031,0.1045925494825245,44.387908935546875,0.08497340895223134,43.28450012207031,0.10459254948252465,identity,0.08497340895223128
06c04f9e965a5235ec6d8a43e5eebcc6216087edf009f017f26684d29cb23c36,train_01417.png,326.82,train_02137.png,74.17,107.35000000000002,0.0,67.02804565429688,0.09613861925454513,66.06443786621094,0.11365938899295996,67.02804565429688,0.09613861925454534,66.06443786621094,0.11365938899296019,hflip,0.5263761154316168
06efbc4d6dd2b3c5484859788e8a2e78bdb8b958a6f04989e952c14d8ae1fe1e,train_02775.png,312.1,train_04390.png,328.24,16.139999999999986,0.0,26.145187377929688,0.5950945593254942,25.758514404296875,0.6032757541383558,26.145187377929688,0.5950945593254943,25.758514404296875,0.6032757541383557,identity,0.5950945593254942
06f08a214d8ad21b6222f8c0dab8d2a5ad434bde8e2939c0342673933de33fc2,train_01016.png,291.71,train_06870.png,110.32,178.61,0.0,75.00628662109375,-0.5898836404672835,74.35212707519531,-0.5805869591935222,75.00628662109375,-0.5898836404672835,74.35212707519531,-0.5805869591935222,rot180,0.9618525843760877
06fc109fb583d1674800bdfcd03f32d056421ce78e9e2cd7cc55acafa50cd35f,train_01547.png,329.34,train_02913.png,136.33,166.99000000000004,0.0,35.662994384765625,0.36735840967426897,35.52601623535156,0.37175050215992794,35.662994384765625,0.36735840967426897,35.52601623535156,0.37175050215992794,rot180,0.5384100924371152
0705d0ccbe6aada548c1450a727c4794172dfae210c37c6f96697ec55409739e,train_03396.png,354.28,train_01255.png,20.03,25.75,0.0,26.592697143554688,0.6399423209965157,26.269546508789062,0.6468324648973878,26.592697143554688,0.6399423209965142,26.269546508789062,0.6468324648973869,identity,0.6399423209965157
071424ab37a86eb494f77e55ed98f18a787752a9d10ba5a2c48a54062633606c,train_02022.png,312.63,train_07755.png,79.8,127.17000000000002,0.0,65.794189453125,-0.14391310752093692,66.73544311523438,-0.1630164744012782,65.794189453125,-0.14391310752093692,66.73544311523438,-0.1630164744012782,vflip,0.292399274163891
075827dd4dcf7ea1726405968e7b829bd66a89806534bf01f2f2e3fa418ee935,train_07181.png,32.9,train_01071.png,271.85,121.04999999999998,0.0,52.74298095703125,-0.17190623082646878,52.14064025878906,-0.1568502493159046,52.74298095703125,-0.17190623082646878,52.14064025878906,-0.1568502493159046,hflip,0.47096579649066894
0781fc9ab17481222195185d61051bf37f1b1a207118ade1bb7d632739d2fe23,train_03780.png,54.68,train_05947.png,283.03,131.65000000000003,0.0,52.83815002441406,-0.10350212079008293,52.83882141113281,-0.10405213737168406,52.83815002441406,-0.10350212079008293,52.83882141113281,-0.10405213737168406,hflip,0.7313426832275146
07a0d258864648ed20162942eeb81f7632ee6a4a55f5e15af5d8421092c20c1b,train_04913.png,340.82,train_05306.png,53.87,73.05000000000001,0.0,3.9148406982421875,-0.02751782018917093,4.0103912353515625,-0.028070758672299835,3.9148406982421875,-0.02751782018917093,4.0103912353515625,-0.028070758672299835,identity,-0.02751782018917093
0852a195c57ac521621817e232e1d4dee2ced9b58470103fbfb65558c5da2ec6,train_05338.png,331.03,train_02150.png,169.47,161.55999999999997,0.0,60.038116455078125,0.13306264279156216,61.32044982910156,0.09847651779970788,60.038116455078125,0.13306264279156216,61.32044982910156,0.09847651779970781,rot180,0.6522596494939719
087314d5a80669cc5b8ad31cf7979f72da4074fd040eefb9547f4936a2da6546,train_02134.png,201.51,train_03541.png,43.78,157.73,0.0,63.3975830078125,-0.23862782286295228,63.2794189453125,-0.23821126106063226,63.3975830078125,-0.23862782286295228,63.2794189453125,-0.23821126106063226,rot180,0.7501621508558906
0873e33faafdc6fbefc39d2d6432ae876c8beb36bb4c2f1156a1159d07acc7d0,train_07694.png,233.82,train_06976.png,68.31,165.51,0.0,24.8382568359375,0.7563339526201388,24.8206787109375,0.7546698880598659,24.8382568359375,0.7563339526201388,24.8206787109375,0.7546698880598659,rot180,0.7920799260081393
0883835bdc1948036f2f7fe415f408b388aa1cd830563a1090e56c1cb47936c7,train_04802.png,108.44,train_06538.png,50.41,58.03,0.0,45.731109619140625,0.42685684407703234,47.20085144042969,0.40703396510657536,45.731109619140625,0.4268568440770326,47.20085144042969,0.40703396510657536,vflip,0.5909084622175731
08a1e54f8f21f484c5dde3261706b29219b1b8a83854098d8e47fd0b174cab75,train_07655.png,329.91,train_07319.png,201.59,128.32000000000002,0.0,41.496002197265625,0.5103609383863729,41.560821533203125,0.5086270374255492,41.496002197265625,0.5103609383863713,41.560821533203125,0.5086270374255483,hflip,0.629737719216751
096da76a4f776be701e935bb874cfd36484f8a560a99120f1c74d551ca012fc2,train_01745.png,305.03,train_04900.png,296.36,8.669999999999959,0.0,17.555465698242188,0.7193830881713397,17.312088012695312,0.7298580891676385,17.555465698242188,0.7193830881713397,17.312088012695312,0.7298580891676385,identity,0.7193830881713397
09a231c18757f0cb2c5077f0891701ea5e557b3528609cac6535411ad30652fd,train_06813.png,308.86,train_06795.png,266.34,42.52000000000004,0.0,39.7252197265625,0.39963670162445974,39.85662841796875,0.39829982109494877,39.7252197265625,0.39963670162445974,39.85662841796875,0.39829982109494877,identity,0.39963670162445974
09d59b6d77d73e0c16ae10034a05d242b171b31d4f5455a7a9dd8a4161f106cf,train_07798.png,333.76,train_03728.png,204.18,129.57999999999998,0.0,80.69398498535156,0.04496821924105342,80.84056091308594,0.0427758329714864,80.69398498535156,0.04496821924105342,80.84056091308594,0.042775832971486474,hflip,0.5720458813191643
09dcf7826ef35de09a508bcb054933d545279e0c71f515f96d4e7bc675ae7a88,train_01804.png,327.32,train_07200.png,103.66,136.34,0.0,65.47000122070312,-0.066593396675203,65.43423461914062,-0.0662197275197732,65.47000122070312,-0.066593396675203,65.43423461914062,-0.0662197275197732,rot180,0.43842676679340936
09f043831fe8ca932a0084038ff0145e5210ebaccc3ec291643d00fe59940dee,train_01767.png,55.03,train_07072.png,231.04,176.01,0.0,24.992141723632812,0.6617948658007072,24.744598388671875,0.6709294974567376,24.992141723632812,0.6617948658007066,24.744598388671875,0.6709294974567376,rot180,0.8949425938448978
0a0209cdc46be733c2ee918bc5e80d7dc5b4af8341368310c911f102803972a4,train_04325.png,349.75,train_03271.png,272.52,77.23000000000002,0.0,79.08856201171875,0.12927628123841645,78.85475158691406,0.1324236836165134,79.08856201171875,0.1292762812384162,78.85475158691406,0.13242368361651308,vflip,0.29931900516639465
0a0534b446e6c646b3ca2789e85d3334327c8c95620b9c70c309691d01a50881,train_07372.png,139.67,train_01313.png,158.81,19.140000000000015,0.0,20.571762084960938,0.7330892937071145,20.170852661132812,0.7399809531330327,20.571762084960938,0.7330892937071128,20.170852661132812,0.739980953133033,identity,0.7330892937071145
0a808d2ce6ea2eae84719010e953a158879521bcf2af07a2c0e1228d6198d83f,train_05894.png,31.82,train_06205.png,316.2,75.62,0.0,48.557098388671875,0.27847229326558365,48.504547119140625,0.27907707812519417,48.557098388671875,0.27847229326558365,48.504547119140625,0.27907707812519417,hflip,0.8294296436619192
0a9257913dfbfb9f5bdad6a02e12bf16db1e897760fdf9be55aea183ace12d15,train_02816.png,287.44,train_04049.png,115.09,172.35,0.0,84.87844848632812,-0.21943860092408277,83.05789184570312,-0.19417917151675715,84.87844848632812,-0.21943860092408277,83.05789184570312,-0.19417917151675715,rot180,0.7926690262443776
0a989dbe91e187a84ee312d21ad6036a5cb37c144dbba4cc731d3fb830cc72c7,train_03167.png,358.43,train_03719.png,9.37,10.939999999999998,0.0,22.926620483398438,0.7467643037512157,23.66754150390625,0.7326701181562082,22.926620483398438,0.7467643037512157,23.66754150390625,0.7326701181562082,identity,0.7467643037512157
0aadfaac2858dd2ee9d6fd21c1116972e52854bac0c0575c424a6ae55d6a8651,train_00207.png,179.63,train_02492.png,38.52,141.10999999999999,0.0,55.48828125,0.09768160514225697,55.04750061035156,0.11197141629493369,55.48828125,0.09768160514225674,55.04750061035156,0.11197141629493346,vflip,0.41474866648488373
0afd541cd451d9107e098519aa885791fc08d7cfde91d37a4e4c9ce23d93143e,train_00170.png,327.23,train_04515.png,177.92,149.31000000000003,0.0,38.742462158203125,0.1586655755467586,37.945037841796875,0.1895660067591524,38.742462158203125,0.1586655755467586,37.945037841796875,0.1895660067591524,rot180,0.5245332547377909
0b570b0855ff45b3d91661032933a3f53ef96f7a0e3929ffc6f4bd3b6d388ca3,train_04402.png,274.93,train_05245.png,100.8,174.13,0.0,49.42060852050781,0.10430563589599194,49.45689392089844,0.1376922028111985,49.42060852050781,0.10430563589599212,49.45689392089844,0.1376922028111989,rot180,0.8033774685001733
0b64c7518b5aaaa16f2bbfce06817733c05bd06f67586d100bad21696c5681d7,train_05372.png,277.53,train_07335.png,162.39,115.13999999999999,0.0,39.47868347167969,0.2787746313530469,39.291229248046875,0.2866508205685592,39.47868347167969,0.27877463135304653,39.291229248046875,0.2866508205685592,vflip,0.6184570630717041
0b6f56825c7fb324855f3951bc287b884daaba5eaabbfd5e214c9eae98c4b1b7,train_06625.png,344.92,train_01369.png,245.45,99.47000000000003,0.0,39.82374572753906,0.48960413135817343,40.35127258300781,0.48004079402240907,39.82374572753906,0.4896041313581728,40.35127258300781,0.4800407940224089,identity,0.48960413135817343
0b9ad7b28047a6589978b1103a57accd6cbaaf52e22c92b7f746e7ec02a46e87,train_00156.png,305.45,train_04832.png,20.17,74.72000000000003,0.0,29.499954223632812,-0.011442205618938776,28.613082885742188,-0.0030082919378592505,29.499954223632812,-0.011442205618938746,28.613082885742188,-0.0030082919378592505,vflip,0.09640132524484955
0c1483a4beb636f264ea93e556c75056a0d799bcb47e900594127b0885df1b65,train_07547.png,312.14,train_06153.png,17.05,64.91000000000003,0.0,30.799407958984375,0.5259462267744289,30.640609741210938,0.5303413955048539,30.799407958984375,0.5259462267744285,30.640609741210938,0.5303413955048539,rot180,0.5289105900545197
0c3f340b022eb207dbd4493c00927bc44bc0f2729d16dc6b5a711a3095212ecd,train_00990.png,328.24,train_01779.png,69.9,101.65999999999997,0.0,57.20611572265625,0.1479296427074091,56.17018127441406,0.17045267183568927,57.20611572265625,0.1479296427074091,56.17018127441406,0.17045267183568927,hflip,0.7218921319359642
0c40a466539e7fb2db40a3311e76afdaa46fa791d7ccf0dd2ba3a10935794863,train_03666.png,329.45,train_07613.png,284.35,45.099999999999966,0.0,30.680801391601562,0.5427211112544913,31.3333740234375,0.529916764988468,30.680801391601562,0.5427211112544925,31.3333740234375,0.5299167649884691,vflip,0.6176861964647427
0c959de5e2d3cdaf42ebcbedc159f4821be7e04488f8b3542736022964b66dcb,train_00996.png,292.64,train_06993.png,129.27,163.36999999999998,0.0,89.80018615722656,-0.39135651056928294,91.49601745605469,-0.402744137104834,89.80018615722656,-0.3913565105692833,91.49601745605469,-0.4027441371048338,rot180,0.6657357775787156
0d49c7578a3f71710b54e90e2db7dc51eceec1f4e671519c96155c9626b5cd5b,train_06303.png,326.2,train_01764.png,285.56,40.639999999999986,0.0,43.021484375,0.46724115281712375,43.15586853027344,0.4671852000566831,43.021484375,0.46724115281712375,43.15586853027344,0.46718520005668296,vflip,0.5479149143826206
0d89c5b8e7f00ff1fc681fbf8624e8a69f7a982faa59a0903cbe223a31693f51,train_00050.png,123.83,train_01017.png,219.41,95.58,0.0,44.35881042480469,0.1971135804554261,44.528076171875,0.19419057561613523,44.35881042480469,0.1971135804554261,44.528076171875,0.19419057561613523,vflip,0.36552977890077987
0d8aa5f0fdf88b218ae56bb6c45c758b23074ed9e0b33626d2068328ffb5ed12,train_04063.png,358.42,train_04458.png,212.4,146.02,0.0,44.54402160644531,0.2975372818615867,44.413299560546875,0.3040857116928553,44.54402160644531,0.2975372818615857,44.413299560546875,0.3040857116928553,rot180,0.42083347184104203
0dc60cc1c5eeddec8ff7537e58bac3e904bbf6e0599abf6f91300aaa08b9890a,train_07016.png,354.24,train_00904.png,244.62,109.62,0.0,62.46107482910156,0.07070494303351599,64.73593139648438,0.01276329625868252,62.46107482910156,0.07070494303351586,64.73593139648438,0.012763296258682496,rot180,0.24976988709067147
0e2d2e78a3951c28e2f9a5eecb7c4fcc669fe0d78960a5c72d8613dee2f91f0b,train_01806.png,312.88,train_02663.png,26.94,74.06,0.0,48.07981872558594,0.4574456880888327,48.1492919921875,0.4571680571736847,48.07981872558594,0.45744568808883296,48.1492919921875,0.4571680571736847,vflip,0.47356439632569797
0e48eecd1608b32543d4fd9ecb02241e3726c26d85394904ad9de9eec7f33ce3,train_01271.png,325.43,train_02855.png,293.12,32.31,0.0,30.6339111328125,0.6766658197709421,30.914764404296875,0.671845056027463,30.6339111328125,0.6766658197709442,30.914764404296875,0.671845056027463,identity,0.6766658197709421
0e8e2aabe0f1c78d1966bf875d5e7541882dd35d2519b29f610d849ce4373b7a,train_05796.png,291.17,train_00929.png,95.37,164.2,0.0,92.88546752929688,-0.5958217069183175,92.76461791992188,-0.5826216577001732,92.88546752929688,-0.5958217069183175,92.76461791992188,-0.5826216577001732,rot180,0.7370877720858315
0ea40950140fd45b6731716c823ef145f79520b7edf2331be1a096fc8ef41353,train_02193.png,327.88,train_03538.png,161.12,166.76,0.0,33.69047546386719,0.4966549712262611,33.47492980957031,0.5073527485470721,33.69047546386719,0.4966549712262601,33.47492980957031,0.507352748547072,rot180,0.7945511428549664
0f0d9b52ffa73eb80b363ed6ea66b1cf62b85273ba37cd8b6bfeb8b279466fd4,train_03036.png,350.31,train_02706.png,18.6,28.29000000000002,0.0,29.96917724609375,0.43600455531531523,30.160354614257812,0.43372560018717365,29.96917724609375,0.4360045553153138,30.160354614257812,0.43372560018717315,hflip,0.5882302756625966
0f6ef791ba18301ebcb17d097fe24ead64febf94f0176cd012d1a07c18ff72ea,train_00448.png,209.67,train_04614.png,236.24,26.57000000000002,0.0,20.41473388671875,0.6592344706719371,20.393692016601562,0.6601437251198622,20.41473388671875,0.6592344706719371,20.393692016601562,0.6601437251198622,identity,0.6592344706719371
0fb0aaa86500a6592247ae6808923f8a03e773533f6ab4a41f8e5b7ba7a1f90a,train_06682.png,291.43,train_03169.png,307.97,16.54000000000002,0.0,18.77227783203125,0.7880775915609455,18.901870727539062,0.7878447274924713,18.77227783203125,0.7880775915609455,18.901870727539062,0.7878447274924715,identity,0.7880775915609455
0fcc76da05c48d02675408811becb328bef3bb2dc9d906061321e5af14cb5bd7,train_03895.png,347.63,train_05106.png,72.0,84.37,0.0,54.65673828125,0.04444569067769829,53.189697265625,0.061276350031674656,54.65673828125,0.0444456906776983,53.189697265625,0.06127635003167452,vflip,0.552853400660399
0fedbc6a9f2924796ea163151192f89fb30d2389b68b576442540ea98a2ec07b,train_04157.png,303.18,train_05793.png,256.54,46.639999999999986,0.0,52.88066101074219,0.4660650034776289,53.863433837890625,0.45672036322983645,52.88066101074219,0.4660650034776275,53.863433837890625,0.45672036322983645,identity,0.4660650034776289
104259b1815d555ce6d53b323eed5264afc114ae97853e83fe57752de5db2a79,train_04544.png,351.98,train_02542.png,318.3,33.68000000000001,0.0,35.97932434082031,0.5732130274873799,34.92308044433594,0.5889100415899352,35.97932434082031,0.5732130274873805,34.92308044433594,0.5889100415899353,hflip,0.6273578723483129
109cac752788ced0a018b973429a50b5a1eeb9b192bfdb14f0b26da892a2460f,train_02962.png,281.48,train_07848.png,131.0,150.48000000000002,0.0,62.401885986328125,0.10439792470404753,62.32698059082031,0.11134060593007357,62.401885986328125,0.10439792470404743,62.32698059082031,0.11134060593007372,rot180,0.5847212697451221
10bb3c228331aafbba888c64223c5c437ce2086602776a72307837ef8db14dbf,train_05764.png,284.02,train_05782.png,162.48,121.53999999999999,0.0,23.842498779296875,0.31654587868151923,24.000900268554688,0.3086597438418074,23.842498779296875,0.31654587868151907,24.000900268554688,0.30865974384180744,vflip,0.8287556771934967
112c732b9b8208ab45889d784b6f6f5b0b87ab2af4a353c9f9b0d1c65b45769b,train_01274.png,355.17,train_01212.png,146.28,151.10999999999999,0.0,53.8109130859375,-0.029277923663941538,54.41278076171875,-0.04887599778218511,53.8109130859375,-0.029277923663941538,54.41278076171875,-0.04887599778218511,vflip,0.46883341254998356
1131880f06fbc9e28a89fecdbd506dbbc25e6bcba5acec665a51c28f40b1d25b,train_01325.png,359.01,train_07509.png,310.42,48.589999999999975,0.0,49.30397033691406,0.393246498492591,49.56892395019531,0.38747663888644673,49.30397033691406,0.39324649849259186,49.56892395019531,0.3874766388864468,identity,0.393246498492591
11a1e10eb8b978464d354518d602212b6398aa189e3538d901024d6a6a03e197,train_03035.png,339.38,train_01175.png,48.4,69.01999999999998,0.0,35.402496337890625,0.36161985326038204,36.41375732421875,0.3336979491729097,35.402496337890625,0.36161985326038204,36.41375732421875,0.3336979491729097,identity,0.36161985326038204
11a5d7ee2be614e7a635b19ba4cceba8bba9d64e7fad5e177b32ab5e7987df53,train_07310.png,197.95,train_00849.png,34.18,163.76999999999998,0.0,52.37419128417969,0.35314775391676184,51.4093017578125,0.3710068081161787,52.37419128417969,0.3531477539167617,51.4093017578125,0.3710068081161787,rot180,0.7496365404277125
11eb9a859d482e5c154076bdada39e9468cdc5693ae112a4457aef87b5f5c862,train_05122.png,334.45,train_07478.png,178.02,156.42999999999998,0.0,41.08805847167969,0.11779320102307961,42.04512023925781,0.05956699673139205,41.08805847167969,0.11779320102307961,42.04512023925781,0.059566996731392034,rot180,0.352167482689124
11eec725b07f59ed8da2c6a1cb2ae0fe625f17af61cc8ac03f4ac0cf459c6bc4,train_00235.png,309.0,train_06989.png,37.28,88.27999999999997,0.0,48.44195556640625,0.2803198576399397,48.691680908203125,0.27434656431570226,48.44195556640625,0.2803198576399397,48.691680908203125,0.27434656431570226,hflip,0.3576088934692928
11f24571bb99333ac2c466035847d63af80012f39497d6eef27e020cfaf60cea,train_06517.png,95.8,train_06133.png,238.61,142.81,0.0,67.48640441894531,-0.08228090767634691,67.74406433105469,-0.09118127030312088,67.48640441894531,-0.08228090767634699,67.74406433105469,-0.0911812703031211,hflip,0.7505062917511302
11fbfedd0abccb35844540da0dc2b148b1e0c22531c95b71a194c3994d65e697,train_01363.png,316.17,train_01615.png,22.41,66.24000000000001,0.0,50.70436096191406,0.3617721184779327,49.39537048339844,0.38243477535718734,50.70436096191406,0.36177211847793245,49.39537048339844,0.38243477535718673,hflip,0.45100578787490075
1258129f7f56f81d8f7937518d10a7b80c75cc3ceb253d8886028b253caa8b19,train_01222.png,311.24,train_01691.png,197.32,113.92000000000002,0.0,80.70518493652344,-0.05193488917084531,79.76419067382812,-0.03628657807770359,80.70518493652344,-0.051934889170845225,79.76419067382812,-0.03628657807770359,vflip,0.7971374727453912
12832cae033ad0b7aa0e94b8466397963e64c4369634baa525cc0cf446f77b28,train_04868.png,288.95,train_06690.png,345.16,56.210000000000036,0.0,39.50099182128906,0.37336845532402907,39.526275634765625,0.37172907484144674,39.50099182128906,0.373368455324029,39.526275634765625,0.37172907484144674,hflip,0.4854481458161703
12c4d6648d6cfffc8fc87e22b745f0c804b8c9431fa3bc44e7a56ee21fc50486,train_04118.png,26.73,train_01127.png,35.9,9.169999999999998,0.0,15.79168701171875,0.7361340772419924,14.517288208007812,0.7561847814957239,15.79168701171875,0.7361340772419924,14.517288208007812,0.7561847814957228,identity,0.7361340772419924
12db8fd47907b9f1ccd074c6543cc68b231e6ad8cb03b8d26d995883866e25b7,train_01543.png,333.5,train_03117.png,77.01,103.50999999999999,0.0,76.93438720703125,-0.0014627013724500652,77.00144958496094,-0.004983449687508314,76.93438720703125,-0.0014627013724500652,77.00144958496094,-0.0049834496875083125,rot180,0.22898110951200906
12ee54cef06666d1dd191e254bffdaca72e4df40e9ec3c59e1cb4054b9deb65c,train_05970.png,271.74,train_04400.png,294.29,22.55000000000001,0.0,33.029296875,0.6484559048022522,32.06986999511719,0.6592006018616928,33.029296875,0.6484559048022547,32.06986999511719,0.6592006018616929,vflip,0.7576098817861135
13069dfd4c92a58ef62efde3a2d51a07b57f587a595767bd3e88a28d588812ec,train_00330.png,286.24,train_06996.png,287.3,1.0600000000000023,0.0,5.6228485107421875,0.9786271065866887,5.971343994140625,0.975138131896014,5.6228485107421875,0.9786271065866873,5.971343994140625,0.9751381318960134,identity,0.9786271065866887
136760c2020b0adf71393d0a503f77cb44b6deef923b59edea0005badcae0c8a,train_03549.png,306.51,train_07412.png,352.59,46.079999999999984,0.0,46.13276672363281,0.4085687028358945,45.98492431640625,0.4142282534921464,46.13276672363281,0.4085687028358944,45.98492431640625,0.4142282534921464,hflip,0.516911374368454
1449facef698506e1292082a6ef0e53cb18eef1cff4c3d964eb326ef74a27742,train_03031.png,335.72,train_05283.png,176.98,158.74000000000004,0.0,42.082672119140625,0.1751259163403029,41.29045104980469,0.2118454426744948,42.082672119140625,0.1751259163403022,41.29045104980469,0.21184544267449495,rot180,0.5213206213982217
14758257a311344554f3e9eac8f1c4a152270a888e0a00d86863402941acf901,train_04734.png,280.99,train_06444.png,9.95,88.95999999999998,0.0,66.24517822265625,0.15345374068432144,66.30833435058594,0.1509227449793891,66.24517822265625,0.15345374068432144,66.30833435058594,0.15092274497938946,hflip,0.20969072305699615
14830e247b4f61d0c47a9d61b24cc654eede9ad71f48e779de5d94165453c29a,train_03677.png,345.51,train_06104.png,359.97,14.460000000000036,0.0,30.15631103515625,0.1479550412580924,30.121231079101562,0.1521008874660467,30.15631103515625,0.1479550412580924,30.121231079101562,0.15210088746604675,vflip,0.15100500367313774
14baef3eb0dfe7280d75d9ad69b716ff2c3962e986a2aaf1de58c1eef00567dc,train_05340.png,321.31,train_04329.png,111.34,150.03,0.0,79.04890441894531,-0.0009648146987928113,77.95904541015625,0.017062711582878587,79.04890441894531,-0.0009648146987928121,77.95904541015625,0.017062711582878587,rot180,0.5871179630914721
14bc077a175b504c26390ce611875a74956e3a94976c50c65d31fa1f5289d091,train_05289.png,297.19,train_05052.png,92.55,155.36,0.0,48.29487609863281,-0.017311912361528542,48.55763244628906,-0.03132490502316015,48.29487609863281,-0.017311912361528542,48.55763244628906,-0.031324905023160154,rot180,0.33682071758468896
14d7db0fdde2069325b03bb2d0583bb8d140a316d795c6726a071baccf161cf2,train_01717.png,327.44,train_03046.png,206.52,120.91999999999999,0.0,66.77354431152344,0.0400045064335509,66.85859680175781,0.038368700210723215,66.77354431152344,0.040004506433550885,66.85859680175781,0.038368700210723194,vflip,0.7151052893999297
151479f343cac8d43a168fd9ffc3c5b028c498f71fda90c5a3cb44ce90f40e31,train_01734.png,335.53,train_03990.png,61.75,86.22000000000003,0.0,29.303466796875,0.5717687892153942,29.079803466796875,0.5765167005180414,29.303466796875,0.5717687892153942,29.079803466796875,0.5765167005180414,identity,0.5717687892153942
1519f3ba56132848eec0e6de63bf99f97864a49ae1900a87ad89be0c8c6bf44e,train_05904.png,351.37,train_05897.png,11.07,19.69999999999999,0.0,24.753982543945312,0.7329345307041095,24.790939331054688,0.7329198214817425,24.753982543945312,0.7329345307041087,24.790939331054688,0.7329198214817416,hflip,0.8943101375105733
1522bdb59f4c04ef54f98c8f37da4089bf08e6f6f113976748048ac1c082a983,train_07248.png,354.48,train_06598.png,327.87,26.610000000000014,0.0,44.71173095703125,0.1138255643425235,44.76783752441406,0.11164584378217543,44.71173095703125,0.11382556434252351,44.76783752441406,0.11164584378217543,rot180,0.17836695429345129
15335a3b1fa97a0f4674bffa5fd0f5e67c18108eca027b4b684a6dd88f6738d5,train_05859.png,250.57,train_07133.png,109.48,141.08999999999997,0.0,107.44668579101562,-0.34329740142789394,107.44061279296875,-0.3432458459657579,107.44668579101562,-0.34329740142789394,107.44061279296875,-0.34324584596575813,hflip,0.7546086626980455
153941c4d2a89d322bdaff38d2cc097aa575ccafc72ba11c6e601b965db39df4,train_00474.png,328.69,train_02377.png,280.88,47.81,0.0,32.39591979980469,0.4792736159954459,32.63916015625,0.47388428618571227,32.39591979980469,0.47927361599544543,32.63916015625,0.47388428618571227,hflip,0.554039522990748
153c5c5c94fbd22780b0db666f4d34b1286d751cba367ec374ff776ceaa7f2c5,train_03805.png,310.84,train_07130.png,89.09,138.25000000000003,0.0,61.91815185546875,-0.30847888153047964,62.15826416015625,-0.3148255793813408,61.91815185546875,-0.30847888153047964,62.15826416015625,-0.3148255793813408,hflip,0.6352936830147101
159288761e69c14a5ab2ea85ab7136a2d87c3313c14b1910774bf781a22f155c,train_05327.png,259.52,train_07085.png,322.56,63.04000000000002,0.0,34.34077453613281,0.03479718570067733,35.333160400390625,0.0032153120866472242,34.34077453613281,0.03479718570067733,35.333160400390625,0.0032153120866472242,vflip,0.1101294815718595
15b099430e72262f139bce29b4c03300c5e7933a9eedfc06a7d68b8bcf49d161,train_02237.png,280.63,train_05119.png,88.98,168.35000000000002,0.0,41.64479064941406,0.14797247724252147,41.48936462402344,0.15629192742759035,41.64479064941406,0.1479724772425215,41.48936462402344,0.15629192742759024,rot180,0.561792707208111
15de4ce6df33882701b7414bd9147cd8f6d7b9aaac2bdd3a2aa0fb7d07d2c8da,train_05534.png,327.31,train_06215.png,150.82,176.49,0.0,46.58222961425781,0.38868392232239185,46.71723937988281,0.3862650320401599,46.58222961425781,0.38868392232239235,46.71723937988281,0.3862650320401592,rot180,0.9296866765197401
15f7731da6e08ad86214e5bc65c1819038b4bde0733c8da99c1f4c8673d8a2c2,train_02196.png,195.37,train_07239.png,58.52,136.85,0.0,28.239974975585938,0.5192659793373304,27.977890014648438,0.5270968321054005,28.239974975585938,0.5192659793373302,27.977890014648438,0.5270968321054004,vflip,0.7277209492406364
16062bd7885a1ae2ae69925e439cced96b4b6a89ce523cd136cf027fd73c0f5d,train_05138.png,292.98,train_02402.png,259.97,33.00999999999999,0.0,34.841949462890625,0.4221644860977141,34.54930114746094,0.43034884831731834,34.841949462890625,0.4221644860977141,34.54930114746094,0.4303488483173191,vflip,0.668222832182147
16321997048c9801399178ca3e713d393ca56ab21c03553f4fb1b226bd9328ff,train_07389.png,295.86,train_04901.png,8.04,72.18,0.0,54.405670166015625,0.2253042966641361,54.0826416015625,0.22963316349995133,54.405670166015625,0.2253042966641361,54.0826416015625,0.22963316349995133,identity,0.2253042966641361
1658d1f1e9bfda37219653c96c17ff0568810582d6d5ebc39d7d9fc4911ce99b,train_02190.png,276.07,train_01370.png,357.86,81.79000000000002,0.0,39.72087097167969,0.04667438387386249,39.488311767578125,0.06045153968426817,39.72087097167969,0.04667438387386245,39.488311767578125,0.060451539684267246,vflip,0.4753461646904752
16c676378d596076efc319e3b89b60df0bcb7bc539d30b1ac8f4fdd362fa7b35,train_04136.png,329.74,train_01113.png,241.75,87.99000000000001,0.0,45.10795593261719,0.3085203433996395,44.84071350097656,0.31265850169056464,45.10795593261719,0.30852034339963946,44.84071350097656,0.3126585016905647,hflip,0.4053496547536384
16f62e4dceff59a3d86488673e6f788232429041b12bb0c9933d1a1ffe677795,train_06020.png,302.92,train_06254.png,312.91,9.990000000000009,0.0,15.386871337890625,0.8567802852752155,14.716552734375,0.8660832648679561,15.386871337890625,0.8567802852752155,14.716552734375,0.8660832648679556,identity,0.8567802852752155
17126d6be32d6282efc502e0743a5dceb2535a8891ca463ada8c3a881d9e129e,train_02693.png,270.89,train_06276.png,167.27,103.61999999999998,0.0,56.453521728515625,0.08233810522976008,55.738494873046875,0.09949147620833691,56.453521728515625,0.08233810522976008,55.738494873046875,0.09949147620833691,vflip,0.6318964784567076
172872b0219d139a3d934e5d6f78fd16b612d2db30aedc071641996873658ec9,train_04631.png,294.23,train_05088.png,99.68,165.45,0.0,63.20674133300781,0.014997513143105474,63.25492858886719,0.005944942497008008,63.20674133300781,0.0149975131431055,63.25492858886719,0.005944942497008008,rot180,0.7510197422119327
172a0e776ef0511b587101f16b4d4623d39b6a291750a41962699b4be69405b6,train_00530.png,312.77,train_00801.png,321.8,9.03000000000003,0.0,23.257827758789062,0.8025420611985186,23.325408935546875,0.8020192303884652,23.257827758789062,0.8025420611985161,23.325408935546875,0.8020192303884685,identity,0.8025420611985186
178077759f0854d4a040158318cde1b6b6450e45807bc172e965b7a3eadee5ec,train_01378.png,349.0,train_05203.png,153.19,164.19,0.0,84.09664916992188,-0.47237586065156956,86.30755615234375,-0.4873519366297233,84.09664916992188,-0.47237586065156956,86.30755615234375,-0.4873519366297233,rot180,0.780431337128889
17ad6f1e13f7351c6e22981a0c36cfaff2b133e55d9d33a14d567641d0daacf3,train_06619.png,288.51,train_07441.png,17.47,88.96000000000004,0.0,27.681671142578125,0.036712366285156055,28.9404296875,0.052357408117066455,27.681671142578125,0.036712366285156055,28.9404296875,0.052357408117066455,vflip,0.16832525302808288
17c39aee01616c99480a7afbbe7c755ae87463ff24b1252266d44186d0084664,train_02136.png,288.35,train_05684.png,193.77,94.58000000000001,0.0,44.37644958496094,0.31891783921309613,45.15203857421875,0.2847273462609122,44.37644958496094,0.3189178392130952,45.15203857421875,0.2847273462609122,rot180,0.3607790195775106
17e089fc59fa8a951f6529fa8a9ce4738a7499d61ff2395ff2af2013f373964b,train_06260.png,355.77,train_02012.png,185.11,170.65999999999997,0.0,54.41035461425781,-0.21862051431606144,54.37965393066406,-0.2176423485516985,54.41035461425781,-0.21862051431606144,54.37965393066406,-0.2176423485516984,rot180,0.7763944737947858
181c3e4c4e937e2d9df546c62641f45e26d7d322d83e55cc0ddf24636a9504dc,train_01024.png,306.79,train_01890.png,254.01,52.78000000000003,0.0,39.952606201171875,0.5125171895530893,40.44844055175781,0.5022758287602967,39.952606201171875,0.5125171895530893,40.44844055175781,0.5022758287602969,vflip,0.6804824275245521
184ed4ba8ae6ef7d7f0629ff75a559e33f03bc57771d18503459cc0656d32732,train_00881.png,293.77,train_03799.png,167.83,125.93999999999997,0.0,81.71783447265625,-0.0282275626143578,81.90396118164062,-0.03297036372733811,81.71783447265625,-0.028227562614357698,81.90396118164062,-0.03297036372733811,rot180,0.35955485616912797
1869c624a869b9c5fd5207b4223ed788fef9d63143bff6538f4c70ecd81276dc,train_02883.png,273.43,train_07411.png,325.5,52.06999999999999,0.0,55.72828674316406,0.3765553476911423,55.62849426269531,0.37751617697963186,55.72828674316406,0.3765553476911424,55.62849426269531,0.37751617697963125,identity,0.3765553476911423
18bfe0af5e2408533df4e4278bba8120958b70a63f40ac679dfdc05f0ba53298,train_02232.png,350.33,train_05480.png,166.27,175.94000000000003,0.0,68.96124267578125,-0.261786537184742,70.14846801757812,-0.2807780284088563,68.96124267578125,-0.261786537184742,70.14846801757812,-0.2807780284088563,rot180,0.8993000605759348
18eaebf6bb822e43be6e34130f763530ee2460830259b63be2c22e1e6a956778,train_04126.png,321.59,train_06633.png,335.91,14.32000000000005,0.0,16.673431396484375,0.8039075158901215,16.592269897460938,0.8078994714257149,16.673431396484375,0.8039075158901215,16.592269897460938,0.8078994714257148,identity,0.8039075158901215
1902e64f5ac7491cc65ae611a4faa05a20ae601de169332799d9d2e0da8aafcf,train_05732.png,304.21,train_03999.png,335.75,31.54000000000002,0.0,28.55755615234375,0.5835199503017243,29.2021484375,0.5718271119748891,28.55755615234375,0.5835199503017239,29.2021484375,0.5718271119748914,hflip,0.6317010321728914
191cee6968da350cba0ef2bf3530abbefd87e86f6947688e7b540bd71c1f3c2b,train_02182.png,276.84,train_01089.png,295.43,18.590000000000032,0.0,29.388259887695312,0.48653270367281204,28.479263305664062,0.5279305783799298,29.388259887695312,0.4865327036728122,28.479263305664062,0.52793057837993,identity,0.48653270367281204
194bef90bd184e86a1f38cb4a7c3befc53270e87fdd14426c61eff25f9dd88c0,train_04373.png,284.96,train_04083.png,63.75,138.79000000000002,0.0,58.845611572265625,0.08801099718987626,59.12237548828125,0.0834244192825936,58.845611572265625,0.08801099718987622,59.12237548828125,0.08342441928259357,hflip,0.5465629480932329
19a9fa339d46bfd05184242ead88fca17d9e33eb2cdd167b0b2597ad61dac6b0,train_00150.png,82.8,train_03364.png,255.28,172.48000000000002,0.0,62.562469482421875,-0.009437897350870878,62.4329833984375,-0.009211784188528792,62.562469482421875,-0.009437897350870937,62.4329833984375,-0.009211784188528784,rot180,0.7677300570494139
1a2c4e786234a30644e5b22af7e1adf9c8c6a3237a6615e1352ff9bc46f050d4,train_00698.png,338.57,train_03785.png,231.79,106.78,0.0,55.615814208984375,0.20732269844344678,56.03692626953125,0.19255029791604047,55.615814208984375,0.20732269844344658,56.03692626953125,0.1925502979160403,rot180,0.4253068197279293
1a68508675bf8b01c77eba46cafe8debfb1852899453fd9d5d0634e952d475b8,train_00951.png,307.79,train_03314.png,186.59,121.20000000000002,0.0,37.99798583984375,0.4516789245684198,38.07635498046875,0.4468019625771211,37.99798583984375,0.4516789245684198,38.07635498046875,0.4468019625771211,vflip,0.4755295959313342
1aa98a356d56e4982f6c0f57ac26b9faa74297faad376544789e163bd62ab500,train_02966.png,210.02,train_04190.png,210.02,0.0,0.0,0.0,1.0,0.0,1.0,0.0,1.0,0.0,1.0,identity,1.0
1aacd5c10062342d7d6e5f58ca64ac3bb7eb5408f2cb89bfbc7b32161346b7ef,train_03616.png,313.27,train_02050.png,44.31,91.04000000000002,0.0,39.539886474609375,0.22234375879062301,39.5494384765625,0.22186798498888083,39.539886474609375,0.22234375879062301,39.5494384765625,0.22186798498888083,hflip,0.4320094008957956
1ac017eef09fc7721c7e9e4c0f18c38a7e709418953e29fd1371088e8feef279,train_02557.png,302.92,train_00013.png,248.34,54.58000000000001,0.0,25.301071166992188,0.5583250744760673,24.9473876953125,0.5692962971067214,25.301071166992188,0.558325074476067,24.9473876953125,0.5692962971067214,vflip,0.6921207311596536
1add860359c0bfb064d0d9ce58db70d3c6b6fa8c313c2cf2d2504daa27fdf04d,train_04239.png,284.58,train_02909.png,32.61,108.03000000000003,0.0,39.20050048828125,0.19862961443761837,40.63508605957031,0.14882375885890298,39.20050048828125,0.19862961443761837,40.63508605957031,0.14882375885890298,rot180,0.3271220797603134
1b25338dc430e763be14098a8185adf00ba49df1fe46a225ca3aa56099357f72,train_03632.png,106.75,train_02744.png,99.39,7.359999999999999,0.0,19.055938720703125,0.7444845626031981,18.489654541015625,0.7583977719691544,19.055938720703125,0.7444845626031981,18.489654541015625,0.7583977719691578,identity,0.7444845626031981
1b436692a7e46545698ec1a5b35df33e7f52645f94ed45b9ad7d56f587ccda2a,train_07422.png,300.4,train_04101.png,160.32,140.07999999999998,0.0,42.80851745605469,0.40969344783983636,42.870025634765625,0.4110539979331552,42.80851745605469,0.40969344783983663,42.870025634765625,0.4110539979331549,vflip,0.5630833221348055
1b59a1487ecb31ff43fd69f0b5c01d09671d9a563a4e5efa4bae244168a4051d,train_00544.png,292.04,train_03341.png,319.8,27.75999999999999,0.0,25.84625244140625,0.6416148407569203,25.850555419921875,0.6409997092274908,25.84625244140625,0.6416148407569203,25.850555419921875,0.6409997092274908,identity,0.6416148407569203
1b5ba198456e0969ebd3e674ec138ff4502b078b3a0755282d629980f923e368,train_02870.png,340.11,train_01189.png,339.54,0.5699999999999932,0.0,6.5902252197265625,0.965959396783493,6.6461029052734375,0.9666067720005613,6.5902252197265625,0.9659593967834926,6.6461029052734375,0.9666067720005613,identity,0.965959396783493
1b97659b952aec32e504e67fc9923ef58fb510f062915d9a85a7e53ec78f9d46,train_04535.png,329.99,train_02600.png,237.28,92.71000000000001,0.0,56.28523254394531,0.2940647682018443,56.68418884277344,0.281627391990543,56.28523254394531,0.29406476820184474,56.68418884277344,0.2816273919905433,vflip,0.3648662555269851
1ba1b128e642dd2b7d5558939a292e2f2768c0385dbd9c488de8f797a03478c3,train_06525.png,304.88,train_03680.png,346.67,41.79000000000002,0.0,29.513153076171875,0.4878592867037418,29.367630004882812,0.49039784030780775,29.513153076171875,0.48785928670373996,29.367630004882812,0.49039784030780775,hflip,0.5882129626296951
1ba4177ee4ad5a535fb531f23e10da28bf40b47188b45892c892bf1eed23150e,train_05415.png,79.74,train_06392.png,297.71,142.03000000000003,0.0,71.09974670410156,0.009136544688876248,71.71632385253906,-0.004238048912389111,71.09974670410156,0.009136544688876272,71.71632385253906,-0.004238048912389118,hflip,0.516479113157354
1baa042fae7b737b5c593ea7c6f98ca82037e6993062e0807d599ac911edbbc0,train_02571.png,344.86,train_06970.png,238.5,106.36000000000001,0.0,60.205413818359375,0.042032878680007435,61.89122009277344,0.008854031737551924,60.205413818359375,0.042032878680007435,61.89122009277344,0.008854031737551924,rot180,0.22364467413221067
1badc3daaa324dc3d5fd3f9d740056658b0fb79628fcd6c00042be000bf4afed,train_07538.png,267.66,train_04440.png,306.9,39.23999999999995,0.0,35.76225280761719,0.383497166147475,35.02140808105469,0.4126583704284999,35.76225280761719,0.383497166147475,35.02140808105469,0.412658370428501,vflip,0.5447700784465992
1bd04f197109e8cbdecd3e607d03ae53fcb883e4a046bdb7ac3ad1b36587db9b,train_07752.png,288.86,train_06575.png,178.17,110.69000000000003,0.0,60.59423828125,0.06689612844191861,59.742095947265625,0.08942242625814924,60.59423828125,0.06689612844191879,59.742095947265625,0.08942242625814936,vflip,0.35186476257702204
1be07f152312368b99daa981f2046550c231f2a4033fe627d8cbc8f3a35a9277,train_04319.png,277.49,train_03925.png,322.72,45.23000000000002,0.0,39.96455383300781,0.4451271908174992,40.14012145996094,0.4418599766994119,39.96455383300781,0.4451271908174992,40.14012145996094,0.44185997669941185,vflip,0.641316396832336
1c899cd861effd10a25d4cbe1d8bf33e9b299524f829868219231fa4f5e1d7ae,train_04559.png,298.78,train_00697.png,165.78,132.99999999999997,0.0,88.129638671875,-0.14440579180181662,87.69374084472656,-0.1383624265569375,88.129638671875,-0.14440579180181662,87.69374084472656,-0.13836242655693753,hflip,0.5140162886224795
1c9ae77e010a2a2bdc8630a89d6a96fdd6d739d311ad633696c2c26b217fd185,train_02742.png,314.26,train_00124.png,215.05,99.20999999999998,0.0,36.382354736328125,0.4259681651965458,36.68162536621094,0.41982354846630093,36.382354736328125,0.4259681651965456,36.68162536621094,0.4198235484663005,vflip,0.5290354447137459
1cc3f16646b64e797d756da642b10f0dc7747423ec34d8490cd9a15860b3c41b,train_04057.png,324.45,train_01458.png,36.29,71.84000000000003,0.0,35.18562316894531,0.4050154081914775,35.24229431152344,0.4033092204544219,35.18562316894531,0.4050154081914776,35.24229431152344,0.40330922045442164,hflip,0.5762640375184575
1cf6532b53d11e8094ba9b064fb696f42b29dc61cd2551b249d46752ab367731,train_04623.png,346.82,train_05059.png,208.42,138.4,0.0,27.87432861328125,0.44157594024762203,27.2188720703125,0.464347372471079,27.87432861328125,0.44157594024762203,27.2188720703125,0.464347372471079,vflip,0.6556178320747015
1d0cfd5613c6a416f7584d1732dee8372632ffb574d46d4a2fd12e5aa341a49f,train_01284.png,124.21,train_00461.png,300.68,176.47000000000003,0.0,13.76104736328125,0.8869392714773705,12.329727172851562,0.9185862984151671,13.76104736328125,0.88693927147737,12.329727172851562,0.9185862984151673,rot180,0.94773805994458
1d1433dd23c605f3c71bfb4a059e74c2370fbc684c8080f14ce99c1cff1f393b,train_00468.png,286.81,train_00357.png,107.66,179.15,0.0,64.61518859863281,0.1640622143912085,63.6956787109375,0.17795431602300596,64.61518859863281,0.16406221439120852,63.6956787109375,0.1779543160230063,rot180,0.9684513186346602
1d16de488f8954ecf7d51297b58504056c0e172ba15b9ce92d336618b4601444,train_04698.png,301.1,train_05759.png,300.51,0.5900000000000318,0.0,2.8561553955078125,0.9909454714284118,2.8857269287109375,0.9907342720282308,2.8561553955078125,0.9909454714284118,2.8857269287109375,0.9907342720282308,identity,0.9909454714284118
1d281cc1f9a486eb6465649d791e536638210bd504f013cd8f341c85a0b5aaa3,train_02708.png,285.98,train_00974.png,339.63,53.64999999999998,0.0,37.6632080078125,0.3358537942111396,37.72587585449219,0.3336959030441816,37.6632080078125,0.3358537942111396,37.72587585449219,0.3336959030441816,vflip,0.40424319397217046
1d7736e818aec4d607252d066bd7f5b63bd34f3a23927873edc59c99b9706398,train_00134.png,271.19,train_05484.png,106.4,164.79,0.0,102.0684814453125,-0.5427249503519316,102.84187316894531,-0.5516592507882416,102.0684814453125,-0.542724950351932,102.84187316894531,-0.5516592507882417,rot180,0.7098513812666821
1d8d7d1db1c368502a2344f64437516d1a58f9b8635b7aab86343b715a6ae98f,train_07140.png,348.49,train_04484.png,216.64,131.85000000000002,0.0,82.29434204101562,-0.31313807730203214,82.53952026367188,-0.3146300742564782,82.29434204101562,-0.3131380773020321,82.53952026367188,-0.3146300742564782,vflip,0.6505231441083994
1d96f0850ca0735956fe601943738d21d7eab0699c7364794da3e08125125b9f,train_00504.png,293.03,train_04908.png,196.93,96.09999999999997,0.0,45.584808349609375,0.30856515038938553,44.46087646484375,0.3393773708029147,45.584808349609375,0.30856515038938553,44.46087646484375,0.3393773708029147,vflip,0.6035403279669881
1db1a27f5dd953bdcda694e02395249b8c3a7a7d2f9e116c16c302a690c14608,train_05841.png,278.01,train_00505.png,154.47,123.53999999999999,0.0,35.834259033203125,0.39975951750075445,34.604400634765625,0.45767779589353846,35.834259033203125,0.39975951750075445,34.604400634765625,0.45767779589353724,hflip,0.5525469639300155
1de16cccefb030f976584da33d283d0d280a1032509bcd7f46c36d3f9f7cf533,train_03195.png,358.87,train_03234.png,353.01,5.860000000000014,0.0,20.423675537109375,0.755052065922556,19.51153564453125,0.7749329137139448,20.423675537109375,0.7550520659225556,19.51153564453125,0.7749329137139418,identity,0.755052065922556
1e3db2fd24595f60bd4fa458eed0e7b258fd86d352bc9d89ddbfb224fe7819d5,train_06382.png,311.78,train_01789.png,147.43,164.34999999999997,0.0,53.660980224609375,0.3600840881055842,53.676544189453125,0.35778723432601095,53.660980224609375,0.3600840881055842,53.676544189453125,0.35778723432601095,rot180,0.7667189164470443
1ea5becc13aca501ce7f0f2ed9f424736edd3ce2491dd2bc526f215c4d75eef8,train_04692.png,339.02,train_04105.png,260.19,78.82999999999998,0.0,30.112152099609375,0.21878092894985793,31.098831176757812,0.19067899865048069,30.112152099609375,0.21878092894985793,31.098831176757812,0.19067899865048069,hflip,0.25653917370493684
1eb6e4c0ca6b65a98c81b6136ed18f283bf28ffacb77f3ddcd82ed38d2f5ecd6,train_00039.png,161.59,train_03049.png,206.12,44.53,0.0,32.41554260253906,0.3490477960688799,31.988723754882812,0.36896822790866896,32.41554260253906,0.3490477960688799,31.988723754882812,0.36896822790866907,hflip,0.6377630457637925
1ed15f2655ad75b7129df5006f51363104e7918577c024e8a825cfb14a7b6bce,train_07506.png,313.41,train_02253.png,319.22,5.810000000000002,0.0,11.789642333984375,0.9083347777397384,11.94879150390625,0.9063407934392029,11.789642333984375,0.9083347777397384,11.94879150390625,0.9063407934391978,identity,0.9083347777397384
1f23f5cf8fd81d47bff93dcb85c197b8de308be41709d1ad0a7cacc682025b65,train_02818.png,344.73,train_02096.png,168.5,176.23000000000002,0.0,67.45248413085938,-0.27161330322775207,68.47843933105469,-0.284593624229949,67.45248413085938,-0.27161330322775207,68.47843933105469,-0.284593624229949,rot180,0.8605761112851261
1f45d67a7c3e71d053be6ba95cf4f8afa25fbb3a76835b71ac2fb7b950b05eea,train_01123.png,287.26,train_03162.png,156.94,130.32,0.0,58.19972229003906,0.06613575205170132,58.22819519042969,0.06446850982017287,58.19972229003906,0.06613575205170132,58.22819519042969,0.06446850982017287,vflip,0.29200617323094474
1fbd4ba32ec8d46013c1b01927ec1667c3d2f90fd9f1f08ef384dcf2c4abbd81,train_06184.png,281.52,train_06389.png,206.89,74.63,0.0,30.074554443359375,0.5571381074577118,30.5233154296875,0.5406576032875344,30.074554443359375,0.5571381074577124,30.5233154296875,0.5406576032875335,identity,0.5571381074577118
1ff6b488e3bb1e9845d74eb930e532367531d70959c953186abf3a9b4a2614b9,train_01362.png,338.68,train_00445.png,102.64,123.95999999999998,0.0,22.705337524414062,0.034286965510197394,22.518646240234375,0.03714457004093617,22.705337524414062,0.034286965510197394,22.518646240234375,0.037144570040936194,hflip,0.24292983415788036
1ffce4daa0a332236db536075c01ce6dd4c206bb584e8828a7b58f06a5168f8b,train_01919.png,324.7,train_01910.png,185.38,139.32,0.0,47.005126953125,0.14321652124063922,45.916046142578125,0.1830926180102707,47.005126953125,0.14321652124063922,45.916046142578125,0.1830926180102705,hflip,0.18337927096734288
205a20e6e6d275b480d9daf826f3f085603b6a14cf219ec4aef4eef03daaa8da,train_07405.png,240.2,train_01251.png,150.0,90.19999999999999,0.0,33.11712646484375,0.5375323122387297,32.812164306640625,0.539342505514544,33.11712646484375,0.5375323122387302,32.812164306640625,0.5393425055145437,hflip,0.5805699916991921
2083617cc00f998bf8df3b011776bd249002b493d090bc7c73739ae951d6d05f,train_03859.png,81.37,train_02217.png,116.49,35.11999999999999,0.0,26.926406860351562,0.4495887039913949,26.965744018554688,0.4462443196073754,26.926406860351562,0.4495887039913949,26.965744018554688,0.4462443196073754,identity,0.4495887039913949
20b4bd14816536bc830a9ce596eaaca4ce0236fde26204ef458b70c30b4c7be3,train_02027.png,344.03,train_05857.png,294.92,49.10999999999996,0.0,52.01612854003906,0.2981596556682276,51.779327392578125,0.30165390046961266,52.01612854003906,0.29815965566822755,51.779327392578125,0.30165390046961266,identity,0.2981596556682276
20c6b1deafedf4546a3965c91ed3ca3e8623a68fe80382abaff84a782b67aae9,train_01389.png,284.01,train_01935.png,44.0,119.99000000000001,0.0,82.00848388671875,-0.1398728789815169,81.15132141113281,-0.12520696939792716,82.00848388671875,-0.13987287898151685,81.15132141113281,-0.1252069693979274,hflip,0.779172216427173
20ef7c41ba2f11c7c598a50fce8876a7ef226847e5a1179dc995c08d5b273a13,train_02426.png,228.63,train_07385.png,177.16,51.47,0.0,38.30877685546875,0.4404971598756027,37.96751403808594,0.4481411798412969,38.30877685546875,0.4404971598756027,37.96751403808594,0.4481411798412969,hflip,0.4976388150545296
212492aa6a3aa165aed29ddc3d8a0f83f0bc5d6f56535a5394c8c3c728d34f17,train_01379.png,289.1,train_04523.png,76.84,147.73999999999998,0.0,36.76982116699219,0.1782335944812252,37.17567443847656,0.16220051361700497,36.76982116699219,0.1782335944812252,37.17567443847656,0.16220051361700497,vflip,0.2834426423939758
21506a83d2a9d4cec058dbe4ac59987d3a9282285040646f90aeb3501a255c22,train_07726.png,336.19,train_05472.png,306.34,29.850000000000023,0.0,31.102447509765625,0.6773157183671771,30.4500732421875,0.6837239275183312,31.102447509765625,0.6773157183671786,30.4500732421875,0.6837239275183282,identity,0.6773157183671771
216f3a907646ed6e0eab8838923a007f209c41bdb9e67ae817507d2b31d98ea9,train_03370.png,61.86,train_06566.png,66.68,4.820000000000007,0.0,20.284255981445312,0.8354200226499471,20.701461791992188,0.8270500153952706,20.284255981445312,0.8354200226499469,20.701461791992188,0.8270500153952713,identity,0.8354200226499471
217a9a1fc50725262ad36abd3d932f2fe004d5bb5b7a74af60821b295090fd98,train_07143.png,285.85,train_02963.png,256.14,29.710000000000036,0.0,29.857925415039062,0.6002866785728015,29.904449462890625,0.5994596125493047,29.857925415039062,0.600286678572802,29.904449462890625,0.5994596125493047,vflip,0.6755021041201943
218ed46cccbcb45d176f90a47b1803c58598650de9b2343863ca86a44b09075c,train_06558.png,278.02,train_01413.png,183.74,94.27999999999997,0.0,38.75825500488281,0.18268443187828282,37.91276550292969,0.23051979645900686,38.75825500488281,0.18268443187828293,37.91276550292969,0.23051979645900636,vflip,0.586226872501717
21d2b581a534a7b16bbea597e02b720b1c7d8ef60557e01d4140e2a0d4c51f22,train_01589.png,308.53,train_05314.png,284.37,24.159999999999968,0.0,25.68475341796875,0.6328901746556145,25.349746704101562,0.6425386862017288,25.68475341796875,0.6328901746556145,25.349746704101562,0.642538686201729,vflip,0.7026846897285766
21d2db616e7c205236ecc05a0be21820b618072c81c6b90d6a99e4bfbe5b503d,train_06032.png,357.94,train_04132.png,338.2,19.74000000000001,0.0,31.7435302734375,0.5222131447829761,31.538864135742188,0.5338379579657724,31.7435302734375,0.5222131447829761,31.538864135742188,0.533837957965772,identity,0.5222131447829761
21e9a6182583ad32717184df923c7b63c34e4009304807a7181ab040fa774652,train_06116.png,356.22,train_00883.png,10.95,14.729999999999961,0.0,21.097335815429688,0.5361864227819415,21.198684692382812,0.5308751748265585,21.097335815429688,0.5361864227819416,21.198684692382812,0.5308751748265581,identity,0.5361864227819415
21ed3331f4a8909b820bec5a7cc46f51278d2dee9c3aa446f13c1e12b5b5e623,train_01463.png,272.54,train_04330.png,213.36,59.18000000000001,0.0,41.17961120605469,0.30443761408676306,40.82508850097656,0.31346956415076027,41.17961120605469,0.30443761408676306,40.82508850097656,0.313469564150761,vflip,0.34200715300810186
222670c98ae39793360940e2f82ec8738b1d497b35b6f1eeca6c22a4a303eb87,train_03790.png,18.31,train_00361.png,234.06,144.25,0.0,52.31611633300781,0.15405869861908408,51.460601806640625,0.17264154981617127,52.31611633300781,0.15405869861908408,51.460601806640625,0.17264154981617127,rot180,0.4476673250725873
225494e359c83a19748b1c997f739adbe38b1b6d46ad52a19fc589481578702a,train_05290.png,202.09,train_03416.png,157.99,44.099999999999994,0.0,32.78126525878906,0.49770580722356295,32.78565979003906,0.4975679958869366,32.78126525878906,0.4977058072235624,32.78565979003906,0.4975679958869361,hflip,0.5776670261922144
22cc0777efb00680953da87706a994ba48211052233a7efe045c772c00c2bd02,train_07365.png,342.21,train_04859.png,232.23,109.97999999999999,0.0,19.839920043945312,0.6847012450398838,19.913909912109375,0.6815468522758872,19.839920043945312,0.6847012450398838,19.913909912109375,0.6815468522758872,identity,0.6847012450398838
232ba03650c05858e441a9f7579538fb2b278cb414f78228ce0eb828a2d6548b,train_01684.png,318.13,train_03710.png,133.6,175.47,0.0,96.09623718261719,-0.16175635831974022,96.0902099609375,-0.1617000613574748,96.09623718261719,-0.16175635831974036,96.0902099609375,-0.1617000613574748,rot180,0.9445743470722433
2398c10c36d96c282cffaf0bce3f117c30f5219ccc8fc41d3f634757918af1bb,train_03433.png,314.91,train_01420.png,236.11,78.80000000000001,0.0,26.53955078125,0.6009918373089813,26.370925903320312,0.6032151961612868,26.53955078125,0.6009918373089813,26.370925903320312,0.6032151961612866,vflip,0.7911435105922976
246797e164843d8c010e2518b3c84d01e281b7109eb13a426be9c26cb5f9fd72,train_02903.png,340.59,train_00663.png,101.27,120.68,0.0,27.955337524414062,0.34251218363134905,27.912216186523438,0.34531299869311494,27.955337524414062,0.34251218363134894,27.912216186523438,0.34531299869311494,hflip,0.77343911660245
24a5c056e9b760ea432a1ccdf98bddc1e91a869ab68ac1655ff3fdd8e74d785f,train_07402.png,252.99,train_07264.png,258.02,5.029999999999973,0.0,15.62164306640625,0.8350640683294535,16.354400634765625,0.8236354124249406,15.62164306640625,0.8350640683294533,16.354400634765625,0.8236354124249406,identity,0.8350640683294535
24ce34a5c23a6d558bb673411f734e56795c77356a0309e625a8a514a4bb54c5,train_01494.png,309.16,train_06333.png,116.35,167.18999999999997,0.0,78.4952392578125,-0.28524378394320893,78.65409851074219,-0.287383444230971,78.4952392578125,-0.28524378394320893,78.65409851074219,-0.287383444230971,rot180,0.8666614732495115
2513b8de67ee94b9dd7660d9206a0cacb0167ddd6b2fa57bccd59db7883ea0c2,train_06746.png,305.32,train_01550.png,55.96,110.64000000000001,0.0,32.42890930175781,0.6078411301408143,32.34893798828125,0.6096311450096298,32.42890930175781,0.6078411301408141,32.34893798828125,0.6096311450096307,hflip,0.888604358705352
252287d616b1932d6e6c8292a4ccdf2a3820d5b9e5b0940d9f9a4b6bb8675317,train_06669.png,317.2,train_03879.png,23.37,66.17000000000002,0.0,42.30799865722656,0.42693810909998525,42.13398742675781,0.4310311471603485,42.30799865722656,0.4269381090999847,42.13398742675781,0.4310311471603483,hflip,0.7705574039817736
25574312ab5ad39a3e5fb236d0bd2d1c0efe76490e23a108e2f59c1466a22f3d,train_04245.png,350.31,train_05551.png,0.48,10.170000000000016,0.0,22.262908935546875,0.5041758177338542,22.756988525390625,0.4738006600663456,22.262908935546875,0.5041758177338542,22.756988525390625,0.4738006600663456,identity,0.5041758177338542
25630363cd82cda43bee88074a5a3f203c5192f0de295b73b47363f84a3a72e8,train_02186.png,301.36,train_07562.png,130.98,170.38000000000002,0.0,99.28141784667969,-0.1145559216158512,98.97807312011719,-0.11126927270427127,99.28141784667969,-0.11455592161585099,98.97807312011719,-0.11126927270427141,rot180,0.8745541348235941
25763a22b756b31c00b840ef43b00cdc7bb5037e77bca22232145a1523c1adc9,train_03462.png,320.75,train_07820.png,136.49,175.74,0.0,62.03242492675781,0.32259438809295826,62.35166931152344,0.3197401588455043,62.03242492675781,0.32259438809295804,62.35166931152344,0.31974015884550344,rot180,0.9189391368929666
25a2a9d3045283750dcd622c437152ebc8d1c15097acc4e487559bb064ab62df,train_00475.png,48.31,train_01810.png,299.7,108.61000000000001,0.0,37.96916198730469,0.4925624158677889,38.18846130371094,0.4882472856973111,37.96916198730469,0.49256241586778915,38.18846130371094,0.48824728569731113,vflip,0.5661053988556346
25d48cb5e4e54b2a153b5e6ac2027e624f185f1fd8e690d7e9d60e4e6986242a,train_02025.png,273.19,train_00611.png,218.99,54.19999999999999,0.0,50.32316589355469,0.2635714814423839,51.67926025390625,0.22865557002137113,50.32316589355469,0.26357148144238435,51.67926025390625,0.22865557002137227,identity,0.2635714814423839
267ddba80849d1ad8370d7b4efea833e1ca41385229d2412b99d3d25f6d3ea64,train_06542.png,313.09,train_04572.png,175.51,137.57999999999998,0.0,28.35943603515625,0.5893021253771186,29.359344482421875,0.5604172486656477,28.35943603515625,0.589302125377116,29.359344482421875,0.5604172486656486,vflip,0.6076121889091285
26cd23f447438191cc4156a512310d553a4e1aeedc8afe6764b422cfcb525cc6,train_01454.png,294.23,train_03109.png,358.61,64.38,0.0,56.44523620605469,0.14502233889199867,56.746063232421875,0.13812465182111291,56.44523620605469,0.14502233889199867,56.746063232421875,0.13812465182111291,hflip,0.2876670244036199
26cf76fbfcd2e1515bb1490d3e3ff63ea606482c41e121c0dac520b9a4ebfffe,train_04326.png,277.65,train_06180.png,188.78,88.86999999999998,0.0,48.444915771484375,0.2122177404078172,48.05561828613281,0.2130028956896705,48.444915771484375,0.2122177404078172,48.05561828613281,0.21300289568967037,vflip,0.4262543088040903
26eeea4199f023a312553f104a861fc7dde91ee438bf323fc988488f1e237dbe,train_06501.png,225.25,train_00293.png,321.55,96.30000000000001,0.0,49.85227966308594,0.2862134630125138,49.721343994140625,0.2899026360768941,49.85227966308594,0.28621346301251366,49.721343994140625,0.2899026360768941,vflip,0.7619218561869662
27263d07929c549177ee24152e4430d2c9223e0c39d5596fc1f33ab9fe555852,train_02450.png,336.03,train_03192.png,87.64,111.61000000000001,0.0,48.15594482421875,0.1866940968046877,47.00035095214844,0.22657308871174645,48.15594482421875,0.1866940968046877,47.00035095214844,0.22657308871174708,hflip,0.5003682919322899
278a657e8e29a319fc42aec52d0122fad580c7f3c9f275ae74cf66ed9d67a100,train_01242.png,323.27,train_01319.png,351.77,28.5,0.0,36.14060974121094,0.20811212925310268,36.044647216796875,0.2108008049761849,36.14060974121094,0.20811212925310268,36.044647216796875,0.2108008049761849,identity,0.20811212925310268
279d16bc542a6385413e9a78572d07361ece79169caf5a425d953a47a541b727,train_03978.png,8.78,train_00922.png,254.02,114.75999999999999,0.0,41.737030029296875,0.30109135638070883,41.77552795410156,0.299112400141878,41.737030029296875,0.301091356380709,41.77552795410156,0.29911240014187773,vflip,0.6009696830089603
27a9cc517701306778a4df0866fb0a18a1980fee3ad536497168eda8ced3a09a,train_02023.png,333.43,train_05346.png,236.21,97.22,0.0,43.718170166015625,0.41797649748916466,43.82353210449219,0.4116027461935988,43.718170166015625,0.41797649748916504,43.82353210449219,0.41160274619359893,vflip,0.6094802304700002
27b3587c0f414ce6fad8ef0e9351240953b6f29692583707b8e8f89a88671a7e,train_01686.png,47.62,train_00168.png,251.73,155.89000000000001,0.0,53.53179931640625,0.3013629546372479,53.470550537109375,0.30020736331715925,53.53179931640625,0.3013629546372479,53.470550537109375,0.30020736331715925,rot180,0.686405483771271
27b8808761c954ae72279177f7c249dcb33f172573ff453c43d5ff399ac91427,train_03182.png,294.08,train_04217.png,225.31,68.76999999999998,0.0,53.241790771484375,0.34361838029299385,52.22834777832031,0.35997425573234604,53.241790771484375,0.3436183802929933,52.22834777832031,0.3599742557323457,vflip,0.7320722330779595
27f4c4d96c5495145095f81fa6f40ffbbca76eff1c9ad89bcb2021786f7c2670,train_01829.png,354.54,train_04278.png,324.66,29.879999999999995,0.0,43.4541015625,0.39679374438193493,43.80488586425781,0.38798030061626615,43.4541015625,0.39679374438193493,43.80488586425781,0.3879803006162657,identity,0.39679374438193493
2829aceb8bfa570cbcd6150b31e6e03835da7d2ae3728d7ca2805ad73645d93f,train_03657.png,97.34,train_05395.png,82.14,15.200000000000003,0.0,17.787384033203125,0.7632625862992676,17.799148559570312,0.7628112170144292,17.787384033203125,0.7632625862992676,17.799148559570312,0.7628112170144292,vflip,0.8584140077902496
294922f7795a071f6143503394e1ae551174cb3d872894cee70d06560525fc47,train_05057.png,348.8,train_02567.png,320.92,27.879999999999995,0.0,5.9070281982421875,0.12930430266101983,5.995697021484375,0.12323639493079601,5.9070281982421875,0.12930430266101983,5.995697021484375,0.12323639493079601,identity,0.12930430266101983
299baf5b1bbd0fce80d7a14c71b071067de185db012a441eff2983ca1dbbaaca,train_04678.png,278.25,train_05017.png,78.36,160.11,0.0,96.02423095703125,-0.4540487123511714,96.03268432617188,-0.4540958859883242,96.02423095703125,-0.45404871235117333,96.03268432617188,-0.4540958859883264,hflip,0.9069734938214247
29c8d303dcbf7861c165ed66c058d58f35b2f8dd825de7816fd44f7cdaeb0e64,train_03323.png,326.07,train_01803.png,113.88,147.81,0.0,41.70988464355469,-0.14364923146562378,41.95231628417969,-0.1438454802323094,41.70988464355469,-0.14364923146562378,41.95231628417969,-0.1438454802323094,vflip,0.2847765894062175
29cbe1be0ff3390619d703ca1f49f4850adb329acf7917c0b55942d2ca863298,train_01384.png,272.0,train_06144.png,215.68,56.31999999999999,0.0,57.212127685546875,0.2641184789798119,55.60252380371094,0.29651463945966433,57.212127685546875,0.26411847897981083,55.60252380371094,0.29651463945966505,vflip,0.677784366951544
29ceee543232eb6705b6df419fcaff11e750a9b352fd5bd7dabe9510701de894,train_00401.png,338.65,train_06715.png,207.13,131.51999999999998,0.0,25.103912353515625,0.5456718484383588,25.11700439453125,0.5437838126729566,25.103912353515625,0.5456718484383588,25.11700439453125,0.5437838126729563,hflip,0.7197911351432137
29e0e6239591d18de4ab530c6e4edb86f5412717b01600be29b408a991948c2c,train_01533.png,273.24,train_05682.png,60.34,147.1,0.0,96.33845520019531,-0.46402784675789555,96.47296142578125,-0.46667174394317756,96.33845520019531,-0.46402784675789555,96.47296142578125,-0.46667174394317756,hflip,0.7777265159082105
2a4ea2a1e0159d2120c7ef3aaf9a1157ea1e6cd32e9dafc1a3f41bc6cc22f2ad,train_05797.png,283.46,train_00404.png,179.94,103.51999999999998,0.0,41.69281005859375,0.049366720169252976,40.901275634765625,0.09472862042768326,41.69281005859375,0.049366720169252976,40.901275634765625,0.09472862042768326,hflip,0.23143430614745933
2a529f35255238d0ea90e584326cda0d2c11ed531ca9e21d08b20764cffa42e1,train_05269.png,292.24,train_02406.png,301.13,8.889999999999986,0.0,15.607162475585938,0.8462293951854104,15.862869262695312,0.8391229422010799,15.607162475585938,0.84622939518541,15.862869262695312,0.8391229422010801,identity,0.8462293951854104
2a52da3e800d501b72acf6605afc03cf3b4bff0fce1a15e20c58fb44badc1e56,train_06940.png,328.77,train_03321.png,331.9,3.1299999999999955,0.0,9.717575073242188,0.9070389812694192,10.315841674804688,0.896829067085624,9.717575073242188,0.9070389812694192,10.315841674804688,0.896829067085624,identity,0.9070389812694192
2a68508db571a51841f9e81d755dc4fd63dbf6a6d81f3de85417b9bfec92b40a,train_06051.png,347.05,train_02103.png,120.14,133.08999999999997,0.0,65.9036865234375,-0.06768586580628112,65.82118225097656,-0.06611585531909335,65.9036865234375,-0.06768586580628118,65.82118225097656,-0.06611585531909327,hflip,0.5278554062980477
2a6ab9e09614f5daf9fdbea2dfd031c6a7b7d804e33f49801be0600bac4a6dc8,train_00843.png,271.85,train_05747.png,87.23,175.38,0.0,124.78250122070312,-0.6439622202754657,124.66192626953125,-0.6417362664735644,124.78250122070312,-0.6439622202754643,124.66192626953125,-0.6417362664735644,rot180,0.8349142183990246
2a87ddb8a840f6bee85f53800a151384008386d6aed47584717db84993503cbb,train_00542.png,333.53,train_01032.png,79.17,105.64000000000004,0.0,18.3377685546875,-0.053068808729584194,18.16314697265625,-0.05619395923508162,18.3377685546875,-0.053068808729584194,18.16314697265625,-0.05619395923508162,vflip,0.16117597535900013
2aa7205f39f1ace7f3637bd2b875069470175d65f958c6457eed8b889797d187,train_02026.png,121.99,train_01775.png,119.3,2.6899999999999977,0.0,11.04815673828125,0.9400998070968227,11.388824462890625,0.9355579318254635,11.04815673828125,0.9400998070968232,11.388824462890625,0.9355579318254647,identity,0.9400998070968227
2ac3650d2f9060f1811287a55033c73346c3959cd420c98f6161f81ee3edcc86,train_03807.png,275.51,train_05036.png,139.82,135.69,0.0,30.746658325195312,0.3753204172454952,30.91168212890625,0.3691275355111411,30.746658325195312,0.37532041724549525,30.91168212890625,0.3691275355111411,hflip,0.46939892906032005
2aebe56e2ad19b0aa817a64e13d36a9d08f7d318ec66bd0fcbe23e5adbdede67,train_07666.png,200.54,train_01740.png,268.4,67.85999999999999,0.0,50.932037353515625,0.1871076943803137,49.95341491699219,0.20944202691287245,50.932037353515625,0.1871076943803137,49.95341491699219,0.20944202691287245,vflip,0.3830204181014377
2af33065a28f6a8f38d14c652428d6199168ce67842b255e139141818e0fcc9c,train_04430.png,321.51,train_01482.png,266.69,54.81999999999999,0.0,53.30577087402344,0.3746003222051639,53.042816162109375,0.37995502071957793,53.30577087402344,0.3746003222051643,53.042816162109375,0.37995502071957793,vflip,0.494308058268485
2b18fc345677f827444cdb57d2f3f617b1c46cbd77f2decfe1bb968f3916418a,train_07364.png,94.42,train_05111.png,82.44,11.980000000000004,0.0,0.987060546875,0.17260512674874837,1.0344390869140625,0.1650172333697343,0.987060546875,0.17260512674874837,1.0344390869140625,0.1650172333697343,identity,0.17260512674874837
2b5d2d361c2e0217c80fa10ef8c8a52d6ff8cb8337fea648fbf02e5d59591ab8,train_06862.png,318.99,train_00172.png,209.23,109.76000000000002,0.0,73.03994750976562,-0.08168188901381093,72.92848205566406,-0.0823682143251858,73.03994750976562,-0.08168188901381093,72.92848205566406,-0.08236821432518572,vflip,0.7490962181451973
2b8f0466659eac4d8315106763740d4a59c51112cd8232538f34c00498763852,train_06647.png,307.58,train_01776.png,130.04,177.54,0.0,36.746490478515625,0.2901053775614059,37.00067138671875,0.2881238123723241,36.746490478515625,0.2901053775614059,37.00067138671875,0.2881238123723241,rot180,0.8561806348903775
2bae64758629cb1c19948f03c60f20f04ea8433fee587047d39fbc13a0a36d78,train_00068.png,346.16,train_07610.png,155.76,169.59999999999997,0.0,46.93449401855469,0.3568006080041673,47.03306579589844,0.33478354546218214,46.93449401855469,0.35680060800416696,47.03306579589844,0.3347835454621819,rot180,0.8339736857922441
2bc65dd395d4cb0251a75eb6dbce64dc19cbfd63a2adb8aaa215f368178a0293,train_00403.png,270.63,train_00298.png,61.14,150.51,0.0,95.59288024902344,-0.3547500618721342,94.93907165527344,-0.3369711849786919,95.59288024902344,-0.35475006187213504,94.93907165527344,-0.3369711849786929,rot180,0.5257774732960747
2c291c1871a2ff5552559ba72c60a5d7f3b5c88fd6dd923e00e0ce95b0ed1e2c,train_02668.png,354.45,train_01882.png,273.5,80.94999999999999,0.0,63.46107482910156,0.09914256143642489,63.44248962402344,0.09973395509445451,63.46107482910156,0.09914256143642473,63.44248962402344,0.09973395509445428,identity,0.09914256143642489
2c3e13212fc514474a1d54b88e8801d184519ec62c768bc1a018033c3194404a,train_01028.png,270.46,train_03581.png,254.35,16.109999999999985,0.0,29.0465087890625,0.6286805048255389,27.29876708984375,0.6708556298993081,29.0465087890625,0.6286805048255389,27.29876708984375,0.6708556298993141,identity,0.6286805048255389
2c40722dd9516b0811180364da2fae18baac4f57faf8c4e6537667e8581808a7,train_01326.png,343.99,train_04537.png,274.09,69.90000000000003,0.0,36.73521423339844,0.1545150845390604,36.63453674316406,0.16269941961089604,36.73521423339844,0.1545150845390604,36.63453674316406,0.16269941961089604,vflip,0.5025705272880189
2c6e0effbf1c832a7f11f6569ea217c170af52c32e4ce3894d7027fb9278c3d1,train_04916.png,301.65,train_05130.png,293.4,8.25,0.0,18.234390258789062,0.8293242381427207,18.589523315429688,0.8233126354258098,18.234390258789062,0.8293242381427219,18.589523315429688,0.8233126354258093,identity,0.8293242381427207
2ca90f764f161a300cf0f15c7dbe4d3b1c40a303880cfb153dc14abe976d232f,train_01483.png,348.39,train_07191.png,79.18,90.79000000000002,0.0,40.040191650390625,0.22395120682336178,39.87013244628906,0.23472353104044477,40.040191650390625,0.22395120682336186,39.87013244628906,0.23472353104044433,hflip,0.5105555699810005
2cd7697e58a221f1ae10586196aad479a1c2d646801936fadfbfded8fcc4043d,train_01731.png,270.98,train_04354.png,83.69,172.70999999999998,0.0,40.93104553222656,-0.05174734048480296,41.01177978515625,-0.059186636898116436,40.93104553222656,-0.05174734048480306,41.01177978515625,-0.059186636898116436,rot180,0.5717720037230184
2d11e5548f4e0ee76bb0620cd02f4c0fd9bb8e6fb881f24fd3803b19e2d73e4e,train_01078.png,306.68,train_02731.png,258.94,47.74000000000001,0.0,24.494659423828125,0.5025927439108062,24.666519165039062,0.49956083072396684,24.494659423828125,0.5025927439108062,24.666519165039062,0.49956083072396684,vflip,0.6280349124013054
2d9909a1e68d76d598ee3f5992e10fb40688f03da2013b251728b656fed7095c,train_05726.png,278.22,train_05777.png,313.25,35.02999999999997,0.0,40.97053527832031,0.2860395809274861,40.349273681640625,0.30263172499853475,40.97053527832031,0.2860395809274861,40.349273681640625,0.30263172499853475,vflip,0.29994483708825476
2d9b600975c778ae01d76d54e75c65bce942fd484f0988f3418be86c47067072,train_02515.png,342.52,train_04306.png,359.06,16.54000000000002,0.0,34.31883239746094,0.46900791326541114,33.44233703613281,0.5056720008032906,34.31883239746094,0.4690079132654111,33.44233703613281,0.5056720008032902,identity,0.46900791326541114
2ddb3f51a4a28cc68518ab9271f74f4c033a11023216e5ed8ccd1b4bed36aa95,train_05077.png,280.04,train_00249.png,100.39,179.65000000000003,0.0,68.65257263183594,-0.07576660926184232,66.88369750976562,-0.05388605511060212,68.65257263183594,-0.07576660926184245,66.88369750976562,-0.05388605511060215,rot180,0.9881256471278616
2dffe7beaa3c03bc48b601584e1267e482b9570e17ecf16d7ce2d7b9d0e22614,train_04585.png,310.21,train_00442.png,251.36,58.849999999999966,0.0,38.23515319824219,0.27778569975758943,37.85276794433594,0.2938374982531094,38.23515319824219,0.27778569975758943,37.85276794433594,0.2938374982531094,hflip,0.34137166704133926
2e10bce0bbc01193b78ff041ee3af86f3170fcb4c0a938226f5c3dfbb451918c,train_04965.png,300.57,train_02192.png,261.86,38.70999999999998,0.0,39.50617980957031,0.4793898307913815,40.06999206542969,0.4641866589189637,39.50617980957031,0.4793898307913826,40.06999206542969,0.46418665891896443,vflip,0.6264056203567179
2e13f5ca1cad28112a8b97ba8f33f90d095b1839ad98e26ffc25313ab49188f7,train_02040.png,348.07,train_04371.png,134.63,146.56,0.0,76.11531066894531,0.0613707352697982,74.34794616699219,0.09190065510799697,76.11531066894531,0.06137073526979833,74.34794616699219,0.09190065510799716,rot180,0.5655951040061961
2e1c880af0aac837920c4c68db2f6003963b8a6681e8b959fabbcaea98553444,train_05216.png,350.09,train_01698.png,129.28,139.19000000000003,0.0,34.98504638671875,-0.03123482428123298,34.715423583984375,-0.025657645166789995,34.98504638671875,-0.03123482428123298,34.715423583984375,-0.025657645166789995,vflip,0.27284781861802054
2e42e6bdde6a9363dbd54f205bb34f8c6d5540de0f8d146b43d864e1cf04dbd3,train_00026.png,289.84,train_04762.png,154.13,135.70999999999998,0.0,70.53678894042969,-0.18981544084159596,70.39520263671875,-0.18688016718961564,70.53678894042969,-0.18981544084159602,70.39520263671875,-0.1868801671896156,hflip,0.413658143159249
2e591245bf2822973329c009f60a22e3c29dd9985dfe8d6202ae7225cddc6980,train_00099.png,319.61,train_01130.png,108.86,149.25,0.0,50.60331726074219,0.08048530921742085,51.061004638671875,0.06941680412702304,50.60331726074219,0.08048530921742085,51.061004638671875,0.06941680412702304,rot180,0.4898693466172528
2e7171ebb19bf396e9636f6349fe140f0812022c4402e32c673eea067767d7db,train_06282.png,282.05,train_00094.png,213.46,68.59,0.0,34.23057556152344,0.5111141814294895,35.52978515625,0.45640646769273674,34.23057556152344,0.5111141814294894,35.52978515625,0.45640646769273674,identity,0.5111141814294895
2ec08a61bf855ae5c0ef736615a741b0fae8fe85409398c8a767a7d3981eb187,train_03164.png,197.59,train_07203.png,212.92,15.329999999999984,0.0,21.592636108398438,0.7871343873005597,23.227584838867188,0.7604339514409821,21.592636108398438,0.7871343873005585,23.227584838867188,0.7604339514409816,identity,0.7871343873005597
2ed5d3af1ac84eb42a7774ec053b91a7d38b011e38e6ed89b382d9d16d11faeb,train_07254.png,280.09,train_02168.png,137.53,142.55999999999997,0.0,30.3719482421875,0.43581664931885206,30.2117919921875,0.4428451000754401,30.3719482421875,0.4358166493188511,30.2117919921875,0.44284510007544126,rot180,0.4929624414511158
2efbfc2d2b75eadff33dd1767f0362eb03b5435da4d0a30f3fc34d2763c90ee8,train_06721.png,342.51,train_03483.png,275.24,67.26999999999998,0.0,54.163299560546875,0.16339992114665206,53.63433837890625,0.17956818239065586,54.163299560546875,0.16339992114665206,53.63433837890625,0.17956818239065586,hflip,0.4864299342903787
2f0802daa61c4f1943a387ea3dccd668cdef11ef450636dfdbec24c7459c45dc,train_03353.png,297.38,train_05128.png,90.29,152.91000000000003,0.0,39.30583190917969,0.13605879690524866,39.998016357421875,0.07474341154642837,39.30583190917969,0.13605879690524866,39.998016357421875,0.0747434115464284,rot180,0.1941625151315405
2f1322b29f831519349a0950bc076b56b0e676f43d73b2f81ea9fb53b217b959,train_05303.png,295.06,train_05488.png,280.56,14.5,0.0,28.712326049804688,0.5635204900461652,29.1119384765625,0.5533484114514535,28.712326049804688,0.5635204900461652,29.1119384765625,0.5533484114514535,identity,0.5635204900461652
2f29252373a7ebc3b8b67f578d5912202d47ea12fef80d08ef0113c30289e0a3,train_06302.png,271.25,train_06181.png,144.69,126.56,0.0,50.215240478515625,-0.16159396832468723,49.92814636230469,-0.15647107528789242,50.215240478515625,-0.16159396832468723,49.92814636230469,-0.15647107528789242,rot180,0.11281181008781405
2f9cfbb5044d9595ba13126ee9e1248afcbdc8b5a7aa12f858ee4f0b8cdd3c67,train_06055.png,311.2,train_01966.png,305.99,5.2099999999999795,0.0,14.910919189453125,0.8576623393286174,14.903228759765625,0.8597423587281,14.910919189453125,0.8576623393286145,14.903228759765625,0.8597423587281,identity,0.8576623393286174
2fa63ade92ee8014f251b0a36aa3be12eb59e2fb12a064aafef9908b47f70ca9,train_05553.png,287.03,train_00887.png,220.5,66.52999999999997,0.0,35.59918212890625,0.431083895631313,36.03436279296875,0.4141769421423133,35.59918212890625,0.431083895631313,36.03436279296875,0.4141769421423133,vflip,0.4334408881922746
2ff5a243d1db8fdd3a4454f3cb4149f11f2b6a031094a0aa8e292b6450c87a58,train_02373.png,288.05,train_04145.png,125.59,162.46,0.0,52.17051696777344,-0.3190107103472951,49.95281982421875,-0.2866387877083489,52.17051696777344,-0.3190107103472951,49.95281982421875,-0.2866387877083489,rot180,0.530417494111776
30083134bb36d7220c55c225603e122db8a2eeb72d16d93f34d395a637a660eb,train_07486.png,323.49,train_06999.png,280.32,43.170000000000016,0.0,34.8126220703125,0.43582859313516537,34.029632568359375,0.44921880432765215,34.8126220703125,0.43582859313516537,34.029632568359375,0.44921880432765215,identity,0.43582859313516537
3019337ebf048a142738e2ffa8f28661c152883a8dd7f292b1ba1e51c6f74b6f,train_04534.png,325.5,train_03203.png,283.09,42.410000000000025,0.0,33.74110412597656,0.3657600182280972,33.56190490722656,0.3729233750591082,33.74110412597656,0.3657600182280972,33.56190490722656,0.37292337505910833,identity,0.3657600182280972
301b25a31d7355e55e19bd283523fab73930dbe5d33620e8bdfe82c59b47cc59,train_05962.png,280.27,train_01876.png,212.91,67.35999999999999,0.0,45.16575622558594,0.21212620807822738,45.46141052246094,0.20177006360055044,45.16575622558594,0.21212620807822738,45.46141052246094,0.20177006360055044,identity,0.21212620807822738
3072f8cdaf712308036bdd197996d5fbd90d51c532ba0504ca90e2a56508d983,train_07524.png,282.06,train_02469.png,222.39,59.670000000000016,0.0,51.99967956542969,0.37646609762295125,52.456787109375,0.36884714114360967,51.99967956542969,0.3764660976229511,52.456787109375,0.36884714114360934,vflip,0.42742944327560556
317459f6d3f06a7cf8156f0ae429b8d70ae93d3119fdf924b205e07d1bb6f964,train_06053.png,321.87,train_05439.png,291.84,30.03000000000003,0.0,18.788253784179688,0.21729015396806753,19.033523559570312,0.2069475143876735,18.788253784179688,0.21729015396806753,19.033523559570312,0.2069475143876735,identity,0.21729015396806753
3199fe7159e755ff9ae8e2862135840d5aac04f5fffceb5f21be99a38eb9edad,train_02665.png,358.35,train_03014.png,20.58,22.22999999999996,0.0,27.0040283203125,0.6493114971139154,26.472808837890625,0.6595509491692566,27.0040283203125,0.6493114971139154,26.472808837890625,0.659550949169249,identity,0.6493114971139154
31fbbcaafcb629872ce023d3a0d4035cb9150239f10cc8250798e04c2738797d,train_03338.png,334.21,train_07673.png,210.41,123.79999999999998,0.0,69.82183837890625,0.08622184037300608,69.75306701660156,0.08729511398194502,69.82183837890625,0.08622184037300631,69.75306701660156,0.08729511398194505,vflip,0.9008407312777185
32217d36a6192022a801a429290de501b16d022eb365d3df92047c2c7d5d1b45,train_06926.png,300.81,train_02595.png,155.31,145.5,0.0,41.51287841796875,-0.0736937890438859,41.801055908203125,-0.07748999706822245,41.51287841796875,-0.0736937890438859,41.801055908203125,-0.0774899970682225,rot180,0.35412621363488045
3248272fe0bd8eb8f3f9a36e39a82f2b0c858a73034d03ed7a8a240276b54be0,train_01901.png,339.73,train_01580.png,46.87,67.13999999999999,0.0,45.223846435546875,0.4515051760465517,45.85664367675781,0.4423717362251293,45.223846435546875,0.4515051760465517,45.85664367675781,0.44237173622512926,hflip,0.6818263106345475
325b0d5f916db51df5c594e68c84eeb3c1b34ac54b8c518a2de469a689ce0d4a,train_06082.png,310.39,train_06628.png,308.29,2.099999999999966,0.0,10.384628295898438,0.949836501332575,10.330108642578125,0.9510270710094527,10.384628295898438,0.949836501332575,10.330108642578125,0.951027071009452,identity,0.949836501332575
32768ee0169ed4d65f25653b10633cd83eabeefea4b19de8e13bbc0bb036dc88,train_07762.png,314.09,train_06589.png,287.21,26.879999999999995,0.0,34.28826904296875,0.6426658663474831,36.23490905761719,0.6121708058400473,34.28826904296875,0.6426658663474862,36.23490905761719,0.612170805840048,vflip,0.7031967433411239
327b2cee34dcc496904ac5350536a0538d00393c9358be9c89de98172130ecf8,train_02133.png,273.54,train_04624.png,60.52,146.98,0.0,64.23464965820312,0.13157406565983665,64.29505920410156,0.13134001877147986,64.23464965820312,0.13157406565983665,64.29505920410156,0.13134001877147988,rot180,0.4704932247646597
3280596cdbfcdedfd516f5a779c6a66cd74bf11bc4ef4c47c6c780cfad8c8b5a,train_05430.png,47.36,train_02572.png,348.16,59.19999999999999,0.0,26.3148193359375,0.4603574571377102,24.985092163085938,0.5146058110861699,26.3148193359375,0.46035745713771,24.985092163085938,0.5146058110861695,identity,0.4603574571377102
32b6c3ef1b63dd3b88461b857928ce5ab66ad45737be104f2a9bd07f03add71a,train_02011.png,349.01,train_06398.png,257.79,91.21999999999997,0.0,45.312042236328125,0.23779414601265492,45.806488037109375,0.20368193837493742,45.312042236328125,0.23779414601265492,45.806488037109375,0.20368193837493742,rot180,0.25168947765272487
32f5d580752ff29c6163c9364b1e08a7790878ef490c008ccb352f781bdbc609,train_04110.png,265.64,train_01441.png,213.3,52.339999999999975,0.0,44.110260009765625,0.38932489226317696,44.131561279296875,0.38884502442837326,44.110260009765625,0.38932489226317696,44.131561279296875,0.38884502442837326,vflip,0.432827412214263
33215eb687f244f1da2395cec5e215281b084e3d248ac6511f9f0692cca9cf5f,train_03873.png,28.84,train_03572.png,168.18,139.34,0.0,34.90840148925781,0.4116364462508509,33.73573303222656,0.4477897602336516,34.90840148925781,0.4116364462508506,33.73573303222656,0.4477897602336517,vflip,0.738850688612206
3325b1c11577c7a687047eeb8ade4b0acab09cdb012af46932d7a7c178337d4a,train_06278.png,93.39,train_05180.png,277.85,175.53999999999996,0.0,68.45849609375,-0.04170984650267112,68.96826171875,-0.047519591349971316,68.45849609375,-0.04170984650267112,68.96826171875,-0.04751959134997151,rot180,0.7678659039700579
333c1902d8451b095d1f794a8174d1f76a8ef867923553208dc4383f54b2b93a,train_03629.png,280.75,train_03721.png,279.11,1.6399999999999864,0.0,7.673797607421875,0.9452724709049195,7.7012939453125,0.9425790965675586,7.673797607421875,0.945272470904926,7.7012939453125,0.9425790965675586,identity,0.9452724709049195
33968fbd576d0e21724f98b1f909929ac6fcddc2643abe1947f63ca7e8602999,train_04524.png,319.17,train_07845.png,288.42,30.75,0.0,30.262557983398438,0.591185649846331,31.075836181640625,0.5719055251072361,30.262557983398438,0.5911856498463309,31.075836181640625,0.5719055251072361,hflip,0.654080981319974
33e82edf6c06c6aed737747e9c9f8705c220056fc0c8562018077e0f0c19bbf2,train_00760.png,290.15,train_04817.png,94.29,164.14000000000004,0.0,66.33224487304688,0.0041677142677117515,67.776611328125,-0.04106703773649952,66.33224487304688,0.00416771426771177,67.776611328125,-0.04106703773649954,rot180,0.7130507045905379
33eb3ccb3c75b587c18dc30ac6e00a126aef167f203941ef6f6db21039911e80,train_06370.png,296.57,train_06079.png,96.93,160.36,0.0,41.90266418457031,0.14793405704938614,40.80865478515625,0.19587773192413974,41.90266418457031,0.1479340570493862,40.80865478515625,0.19587773192414037,rot180,0.6489188960675221
33ee8fa7688eefc182772ffb7008a3b9a76fc72bf7c8dc9260cc31e4a6feefe4,train_01139.png,126.26,train_04744.png,236.69,110.42999999999999,0.0,63.37513732910156,0.03671210610328939,63.16258239746094,0.04077182357813853,63.37513732910156,0.03671210610328939,63.16258239746094,0.04077182357813853,hflip,0.4760270387955569
3419c3fec55d48b93c64df53860ff96c776192eff64f527b11aa4f73940ff912,train_00737.png,349.53,train_03073.png,138.65,149.12000000000003,0.0,78.09004211425781,0.039183899281246236,77.17854309082031,0.05558841320964601,78.09004211425781,0.03918389928124618,77.17854309082031,0.055588413209645846,rot180,0.5558175718997429
3483e504a6a74a3dfcb8e7958f6b75d2033384353e1fac31759cddfc07c55bbe,train_05920.png,198.47,train_00034.png,6.6,168.13,0.0,57.50569152832031,0.17392749668927432,57.493133544921875,0.15574556289171534,57.50569152832031,0.17392749668927415,57.493133544921875,0.15574556289171534,rot180,0.7756870320931349
3493b035f99339491ca8854b5b6dab9002250741b9bbc233df68fac32b01965a,train_04475.png,331.5,train_02918.png,147.54,176.04,0.0,88.21115112304688,-0.1062043914051666,88.22059631347656,-0.1043931730186425,88.21115112304688,-0.1062043914051666,88.22059631347656,-0.10439317301864257,rot180,0.9235548848470226
349afb546f4ca3dc98d1e8da67c8ec6c856bf6d74d4a9ba953afa8a1024eeb7c,train_02265.png,334.63,train_00030.png,277.01,57.620000000000005,0.0,40.67778015136719,0.3403403248962893,40.64891052246094,0.3460659810191929,40.67778015136719,0.34034032489629,40.64891052246094,0.3460659810191934,vflip,0.6037693675096756
34a77c12ac819b92e557a3280495a53811fa5dbab3e552db7a80c3724fa3f4d4,train_05446.png,324.33,train_01559.png,202.78,121.54999999999998,0.0,22.87646484375,0.6246129412994255,22.9317626953125,0.6286279309675725,22.87646484375,0.6246129412994257,22.9317626953125,0.6286279309675725,vflip,0.6840688229928553
34ca2250b097a7a60cb7dbddfe648eeae572bb2d352217936bbe077142aeabf6,train_01990.png,177.43,train_03427.png,53.88,123.55000000000001,0.0,39.520294189453125,0.3492791045673399,39.383148193359375,0.35618164841244554,39.520294189453125,0.34927910456733774,39.383148193359375,0.35618164841244554,rot180,0.3936995899486905
351316bf32dce231d5934890ebed43cda58a77d227eb22986d614f3d2fde1562,train_04321.png,354.94,train_02644.png,337.6,17.339999999999975,0.0,25.633621215820312,0.3354058682630282,26.085784912109375,0.3047293549623861,25.633621215820312,0.3354058682630282,26.085784912109375,0.3047293549623861,identity,0.3354058682630282
35281dba65114f80c4129c949f63b33300b6abae46e9f8cbe1d3d88f182d2613,train_04840.png,341.43,train_02119.png,30.43,49.0,0.0,48.522796630859375,0.43759237002063,48.5533447265625,0.4371008168861539,48.522796630859375,0.4375923700206294,48.5533447265625,0.4371008168861539,hflip,0.7121022926418966
355a3b00d9994f686b7712e10ec598ca09bb10139c98fa425a62aaf048428aa8,train_02227.png,308.83,train_01640.png,290.63,18.19999999999999,0.0,20.412979125976562,0.7174750277782154,20.83282470703125,0.7095427476614982,20.412979125976562,0.7174750277782154,20.83282470703125,0.7095427476614982,identity,0.7174750277782154
357f1a754d7f4b58a2bdbe8f03465a229832f8d878844c5c91746876126e2b51,train_03324.png,341.07,train_05801.png,114.15,133.08,0.0,52.07563781738281,0.3142609045414522,52.34236145019531,0.30992405944779605,52.07563781738281,0.3142609045414531,52.34236145019531,0.3099240594477954,vflip,0.542042099693806
35b5776060ad94ee986d8a97b033d2444eb2471076287be860e51ff33607dedd,train_07078.png,150.39,train_01279.png,242.88,92.49000000000001,0.0,22.420791625976562,0.6964961771827715,22.203765869140625,0.698764787394978,22.420791625976562,0.6964961771827706,22.203765869140625,0.6987647873949778,identity,0.6964961771827715
35be9c0cb8c4a41257eb558a31a527cf851f768a65e8602fcb205f5eceaa48e6,train_01287.png,272.22,train_05636.png,247.67,24.55000000000004,0.0,52.64617919921875,0.33721966114329066,51.7869873046875,0.358604047811565,52.64617919921875,0.33721966114328883,51.7869873046875,0.3586040478115634,identity,0.33721966114329066
35eb75cac9b72d6965b4c11b4665e185b5e6a2521f7b27107a890d4fb72ff879,train_05508.png,334.26,train_03954.png,331.96,2.3000000000000114,0.0,10.445068359375,0.9311006498157753,10.641983032226562,0.9270717486928814,10.445068359375,0.9311006498157751,10.641983032226562,0.9270717486928811,identity,0.9311006498157753
360d3f26d33f68ae671fe3b6971aad385f9464f569e7e340f00c2e2cc758cbad,train_06935.png,345.7,train_00741.png,82.75,97.05000000000001,0.0,73.55311584472656,0.0013388529676941446,73.64421081542969,0.0006939615661081742,73.55311584472656,0.0013388529676941448,73.64421081542969,0.0006939615661081749,hflip,0.3763703792729854
363c423009165b6d25b7e78d36f0b0c1b7108a2f9e504752a2e0ef47f86ee522,train_03855.png,318.36,train_07452.png,272.99,45.370000000000005,0.0,41.42372131347656,0.4293171948544506,41.41786193847656,0.42616386736268097,41.42372131347656,0.4293171948544507,41.41786193847656,0.4261638673626807,vflip,0.5546305226720647
3650ab6ec8b6c8a44a1b900633a0a17f96ce8c427007f5f0cf41c3274a15b778,train_00981.png,317.82,train_04789.png,336.27,18.44999999999999,0.0,32.925689697265625,0.5391545689403248,32.6619873046875,0.5424624184438062,32.925689697265625,0.5391545689403248,32.6619873046875,0.5424624184438062,identity,0.5391545689403248
368015b144fc75d0c14228d81c0f3dce242678de195f1f967442a078d261e22d,train_02732.png,108.33,train_00113.png,265.42,157.09000000000003,0.0,38.537200927734375,0.0566122107608984,38.44480895996094,0.05788419164334349,38.537200927734375,0.0566122107608984,38.44480895996094,0.0578841916433435,vflip,0.49429178289652465
36bab81072b83853f4412bd87ac88c6ef742e4365a01eeaf19e0dcce218f847c,train_06253.png,288.49,train_05658.png,84.57,156.07999999999998,0.0,28.855941772460938,0.3128429796313086,29.004440307617188,0.2929997840937129,28.855941772460938,0.3128429796313086,29.004440307617188,0.29299978409371297,hflip,0.5230252842373676
36e8e57096f98dafeadd19f7c3aee0931efcf5c9a0b08198de8a1303a9251008,train_07041.png,353.3,train_07396.png,60.11,66.81,0.0,57.84864807128906,0.047380822729524485,56.01924133300781,0.09049704944190898,57.84864807128906,0.047380822729524485,56.01924133300781,0.09049704944190898,vflip,0.2764186621162511
37470a3ec08f90ed68dc57641fc2e33ebeb24a8274130b8c93b88054e3395f84,train_01986.png,297.44,train_06167.png,260.59,36.85000000000002,0.0,35.63533020019531,0.42980066873897427,35.124725341796875,0.4380871502325412,35.63533020019531,0.42980066873897466,35.124725341796875,0.4380871502325412,vflip,0.5126882709042613
3764d4e550c03fc013077eee20edec53a4309d33172e9abadd38eec916026b3d,train_01118.png,324.01,train_06749.png,350.11,26.100000000000023,0.0,29.254592895507812,0.5754455186437716,28.52288818359375,0.5903937590834503,29.254592895507812,0.5754455186437704,28.52288818359375,0.5903937590834503,identity,0.5754455186437716
3797f4c9e61fecddfe236cef851bdd05163864db0d2ce865b368e7ca616ca49c,train_02014.png,317.42,train_02685.png,66.66,109.23999999999998,0.0,27.322052001953125,0.6034012737526436,27.59259033203125,0.5941287470949156,27.322052001953125,0.6034012737526436,27.59259033203125,0.5941287470949156,hflip,0.6462744409182126
37a1b023a3b755105bc3149574bec27a55e1bb8c02201a14816ecf719bdb3dde,train_05728.png,339.94,train_02398.png,122.02,142.07999999999998,0.0,79.82612609863281,-0.2823616457958706,80.05976867675781,-0.28597017914964656,79.82612609863281,-0.2823616457958706,80.05976867675781,-0.28597017914964656,rot180,0.593366611493074
37bbf34f9dd3652b9bc218a2ba1f173cf8d443b3eac939f799f5e8499f938a95,train_01058.png,274.42,train_00515.png,67.38,152.95999999999998,0.0,50.06596374511719,0.2166310961171047,50.13047790527344,0.21599476710513377,50.06596374511719,0.21663109611710485,50.13047790527344,0.2159947671051337,hflip,0.5359437705952547
37d29785adbcbdcf4869b44639b106dfec22a1bf8916e254019f64c3bd73ba19,train_01673.png,328.17,train_05599.png,289.28,38.89000000000004,0.0,40.850921630859375,0.2975571236278475,41.519744873046875,0.2776211558747253,40.850921630859375,0.2975571236278475,41.519744873046875,0.27762115587472547,hflip,0.4538121328637804
37da55486a8e109f9d41a2a30d90bb9983ed721e158e28763af263bd858bc389,train_04021.png,277.66,train_07636.png,255.69,21.970000000000027,0.0,36.32151794433594,0.34395597448622284,36.53900146484375,0.33292350836561346,36.32151794433594,0.3439559744862229,36.53900146484375,0.3329235083656134,identity,0.34395597448622284
37ff1cd540b5b120cf1a0aff1c52441dc3eea51c60d4457740973d60ca3e4f28,train_03310.png,338.34,train_07595.png,266.33,72.00999999999999,0.0,53.28684997558594,0.21069031365065521,51.10908508300781,0.2643791825532831,53.28684997558594,0.21069031365065505,51.10908508300781,0.26437918255328247,vflip,0.5918897410069348
38064814e47a592d068259aaaac988c6c48fba128689c5afad399cb0d2236278,train_06809.png,312.23,train_01861.png,38.3,86.07,0.0,49.55375671386719,0.4360638796415514,49.434417724609375,0.4393639109499055,49.55375671386719,0.43606387964155163,49.434417724609375,0.4393639109499055,hflip,0.68604107461456
381e0cf99567a6e6e3a51060f250bfe026e124299d6de218d234134e9de77fb7,train_00012.png,286.2,train_02593.png,356.24,70.04000000000002,0.0,26.504470825195312,0.2832764722426745,25.306594848632812,0.374211635483746,26.504470825195312,0.28327647224267444,25.306594848632812,0.3742116354837454,vflip,0.5321195677486941
3820f37300bb688d7bca89cc59a007ea3e56c47699565110fa116cf8079b1da2,train_05705.png,305.99,train_07451.png,236.42,69.57000000000002,0.0,37.983154296875,-0.0542995247757202,37.93559265136719,-0.054657034882646796,37.983154296875,-0.0542995247757202,37.93559265136719,-0.054657034882646796,vflip,0.19515181926955766
38348fb6265c34344bda7aa21cab7f0c545492a80944c362fd13d69a884146ea,train_01096.png,322.24,train_07573.png,244.6,77.64000000000001,0.0,48.29534912109375,0.26681338821979467,47.42999267578125,0.29135632780113935,48.29534912109375,0.26681338821979467,47.42999267578125,0.29135632780113935,vflip,0.5945631161587495
3873ce443b2a2a400828c47b6c53b9539739b5e630c605031377b58ff6b7ab27,train_00618.png,279.05,train_01414.png,131.19,147.86,0.0,21.330459594726562,-0.1096069218717102,20.363067626953125,-0.1045612708677578,21.330459594726562,-0.1096069218717101,20.363067626953125,-0.1045612708677579,rot180,0.13009031597831447
38966c2f013b23c44fd6c85b3ede717f0b2a1d2a0eeb6f8b8107371faad511dd,train_03281.png,303.06,train_07197.png,84.77,141.70999999999998,0.0,90.89772033691406,-0.28862030163369873,91.58682250976562,-0.29836724920795143,90.89772033691406,-0.2886203016336982,91.58682250976562,-0.2983672492079511,hflip,0.5369595961088856
38d5982f21731c512dc729ada7f3fb91122ffe068a61706c571265f75f651f9e,train_04869.png,305.35,train_00736.png,312.48,7.1299999999999955,0.0,12.781906127929688,0.8846700600071594,12.815399169921875,0.8831886376556344,12.781906127929688,0.8846700600071604,12.815399169921875,0.8831886376556344,identity,0.8846700600071594
38f0def14811dcdc806795e99f6683f25340f5ea257599afae31a25f8c3663c6,train_02324.png,249.09,train_07330.png,284.88,35.78999999999999,0.0,34.71928405761719,0.4052115588886894,34.7872314453125,0.40388745807006277,34.71928405761719,0.4052115588886895,34.7872314453125,0.40388745807006277,vflip,0.6961304739877229
3905720ff5d7ecd11e80226e757a96c0f47ae97e3a8d3413abb37442b780c1b1,train_06017.png,89.0,train_03146.png,339.11,109.88999999999999,0.0,24.602569580078125,0.43218349034704623,25.306671142578125,0.3687526347125986,24.602569580078125,0.4321834903470466,25.306671142578125,0.3687526347125986,hflip,0.5128785369103045
39ab629b7fc7b46dc10cb761d11f5b159b786f989d914c1f8deae4ff0bfa6a05,train_04308.png,324.64,train_01172.png,211.23,113.41,0.0,38.17327880859375,0.2805656984394492,38.129547119140625,0.2826583289024324,38.17327880859375,0.2805656984394492,38.129547119140625,0.2826583289024324,vflip,0.531794616337853
39b8ef8cdffb742d8596a6d15235880ea8a9c74d42da2f7766f8e78706eea8a9,train_00513.png,288.55,train_05977.png,77.84,149.29,0.0,55.85649108886719,0.14535733282208418,56.2108154296875,0.13643439198463425,55.85649108886719,0.14535733282208416,56.2108154296875,0.13643439198463425,vflip,0.33591780592433346
39c298c6e886852fcd8126ed52fa21e0c27445318f0353794a97f79d77aa9f4f,train_03723.png,346.44,train_02780.png,81.53,95.09000000000003,0.0,36.987518310546875,0.3759766310722827,37.37855529785156,0.35560045821405356,36.987518310546875,0.3759766310722827,37.37855529785156,0.35560045821405384,rot180,0.4273795084337073
39fc3ae7444d7691a34a009baa95247c20df89831dd7fac9fe485fced61cdc67,train_06520.png,340.66,train_00631.png,352.97,12.310000000000002,0.0,9.9788818359375,0.7617972689021338,9.535537719726562,0.7719927385052486,9.9788818359375,0.7617972689021338,9.535537719726562,0.7719927385052483,identity,0.7617972689021338
3a1c9e624162ba6a5ec2eff3708f37df875e65c2b4eed4dc831bd5a1b29e36a5,train_00918.png,302.09,train_07055.png,184.08,118.00999999999996,0.0,62.48095703125,-0.12097522069688409,62.48095703125,-0.12037892997477498,62.48095703125,-0.1209752206968839,62.48095703125,-0.12037892997477484,vflip,0.22296560275242078
3a4f0cee915103154bcc80d24eed3be0438eaab7fe2d248c5c18e809b7e162d6,train_06886.png,314.37,train_05402.png,129.02,174.65,0.0,22.205703735351562,0.7792472837540799,22.098281860351562,0.7818733618641541,22.205703735351562,0.7792472837540799,22.098281860351562,0.7818733618641539,rot180,0.8482562553922143
3a7374210e3001141a3909fe7a230d2f29241b5c3d0aebc2fd9d40405f573dc2,train_05220.png,352.27,train_00745.png,78.41,86.13999999999999,0.0,46.34703063964844,-0.03314132351136161,46.76585388183594,-0.022103281595988185,46.34703063964844,-0.03314132351136161,46.76585388183594,-0.02210328159598818,hflip,0.21280787089187353
3b0c37f0409439a85ad33d31fdba2134f9c77674195b2b0971fc7b9124271ad3,train_00528.png,4.78,train_03071.png,96.05,91.27,0.0,73.82630920410156,0.013984411605085243,74.11393737792969,-0.0019721973287553612,73.82630920410156,0.013984411605085246,74.11393737792969,-0.0019721973287553578,hflip,0.3757748796111907
3b32d679a10216289481c2467e74e19ee50b51616dd11e174bd80cd40d2bf220,train_05166.png,182.54,train_06061.png,235.74,53.20000000000002,0.0,30.406829833984375,0.34749113265121867,29.436843872070312,0.4104486436112394,30.406829833984375,0.3474911326512183,29.436843872070312,0.41044864361123895,hflip,0.45406178582184087
3b51f1f9d03ac665cb553020d611350320ed4881ba837502e3e6ccf72c225f23,train_02967.png,324.1,train_04555.png,275.18,48.920000000000016,0.0,30.494033813476562,0.4037815046399555,30.8682861328125,0.392402935621845,30.494033813476562,0.4037815046399555,30.8682861328125,0.392402935621845,vflip,0.49771401960174005
3b5d5090280a15fb4329c8f2c8f0df668497cba8ec336c6f475e72a26a43105f,train_01500.png,295.98,train_02017.png,167.75,128.23000000000002,0.0,34.4920654296875,-0.1537434700272162,35.020355224609375,-0.15446297971539713,34.4920654296875,-0.15374347002721658,35.020355224609375,-0.15446297971539658,hflip,0.3658375450868449
3b94d224f254e29d6a063dd8e00877170a0d0479de9e1472e6b238b835f9a5f4,train_04574.png,103.49,train_02941.png,52.87,50.62,0.0,46.0081787109375,0.4544493671484601,46.08845520019531,0.45257563738301543,46.0081787109375,0.4544493671484601,46.08845520019531,0.4525756373830151,vflip,0.8646509635302907
3ba5244757a6f89750acdeb0d2935ef9305190bbdd148b426d962297a921c34d,train_04909.png,350.12,train_02437.png,319.37,30.75,0.0,31.714752197265625,0.32543552894983435,32.51637268066406,0.3089430157998485,31.714752197265625,0.32543552894983435,32.51637268066406,0.3089430157998485,identity,0.32543552894983435
3bae3ee2d517e72994c0c9afaa89c35b8958ffb9e06a3b160a079195822ce7f3,train_00864.png,286.27,train_07061.png,98.69,172.42000000000002,0.0,17.479324340820312,0.6550987497983657,17.776657104492188,0.6560328131871488,17.479324340820312,0.6550987497983662,17.776657104492188,0.6560328131871483,rot180,0.7532669992013125
3bc13382c403cc5eef2f97db47da4cca0952ff87c1efaf080edf36ca36f5a2b4,train_06744.png,222.56,train_03460.png,84.31,138.25,0.0,75.83247375488281,-0.19546444381054395,75.35908508300781,-0.18623058634606154,75.83247375488281,-0.19546444381054395,75.35908508300781,-0.18623058634606154,hflip,0.601798324474021
3bc9916a46e31ba2c590aac74b822f528fda83427270a943220d44824add9242,train_05298.png,324.87,train_00493.png,300.33,24.54000000000002,0.0,27.656585693359375,0.5983899955860068,28.064743041992188,0.5909798959931704,27.656585693359375,0.5983899955860068,28.064743041992188,0.5909798959931704,identity,0.5983899955860068
3c14bbd70fca4a9939ce57d3c144e47ae0fd17f312e38360702893289b086865,train_01645.png,307.84,train_07490.png,344.7,36.860000000000014,0.0,42.12553405761719,0.5014271492325905,41.63017272949219,0.5096470372217601,42.12553405761719,0.501427149232591,41.63017272949219,0.5096470372217607,identity,0.5014271492325905
3c16664467939fe3cb521e0b93a16094ec1d7600bf982e6d0b89d6e859acc6cc,train_01999.png,343.64,train_03787.png,188.63,155.01,0.0,105.79096984863281,-0.5366724698544756,105.77212524414062,-0.5370850531355593,105.79096984863281,-0.5366724698544756,105.77212524414062,-0.5370850531355593,vflip,0.604945289298508
3c79a569c757b76f1aa6b8f6fad3bb7a16714631b7f565271dfa4874bd0566de,train_03627.png,316.27,train_04680.png,85.13,128.86,0.0,57.75813293457031,-0.07786315108451786,58.43620300292969,-0.09347609135128437,57.75813293457031,-0.07786315108451786,58.43620300292969,-0.09347609135128437,rot180,0.4223935249831534
3cc1eb9e2c63884f8bf2a4c62ca8c43eacdef101aa3fc6a6f82af66d529b40e1,train_05417.png,58.09,train_02991.png,31.17,26.92,0.0,29.142990112304688,0.5937221370445099,29.151168823242188,0.593540539361271,29.142990112304688,0.5937221370445099,29.151168823242188,0.593540539361271,identity,0.5937221370445099
3ccf9577851897257f6a0795bbfc235c2f786d51f8eff37651561ec3dfb41ef8,train_04528.png,281.66,train_02986.png,132.47,149.19000000000003,0.0,76.56112670898438,-0.047121444166875595,76.29693603515625,-0.04379266027732133,76.56112670898438,-0.047121444166875595,76.29693603515625,-0.04379266027732134,rot180,0.5866729402638973
3d3296301f1dd52a6da43678e2c737c53944568eedf883d9dc120abe34cd38a3,train_02207.png,284.03,train_06928.png,170.56,113.46999999999997,0.0,20.305618286132812,-0.036718797352764426,20.239471435546875,-0.03601103367902835,20.305618286132812,-0.036718797352764426,20.239471435546875,-0.036011033679028345,hflip,0.20278497230506334
3d4139b70ba1d2704cb67cca2a69f0743f9ca6d361c5b5171ca9114f8c801295,train_02287.png,304.94,train_01381.png,76.15,131.21,0.0,49.463592529296875,0.1481460450118446,49.33241271972656,0.1539805749741015,49.463592529296875,0.1481460450118446,49.33241271972656,0.1539805749741015,vflip,0.40463292838723364
3d4f6478af8837d28f48a0d1f447ab133af107d27d0ded4003de03f0f462b9e0,train_07813.png,177.31,train_06562.png,134.51,42.80000000000001,0.0,44.28611755371094,0.4587295457449458,43.76109313964844,0.46688529398719986,44.28611755371094,0.4587295457449435,43.76109313964844,0.4668852939872019,identity,0.4587295457449458
3d7742e533e88ff7cd4e798427eb4e5613f7b683c74c55a79b91c6855f6fdc42,train_07309.png,209.97,train_00525.png,122.48,87.49,0.0,49.92271423339844,0.2731475786983717,49.65045166015625,0.2814281191227557,49.92271423339844,0.27314757869837186,49.65045166015625,0.2814281191227561,hflip,0.7382911487327962
3d848616fd411fbef9c33ec21c4021e467561e51dccd1b8e62595ce563c2963c,train_05546.png,351.22,train_06405.png,96.62,105.39999999999998,0.0,26.4190673828125,0.26743857645391517,26.269760131835938,0.28007427288093517,26.4190673828125,0.26743857645391395,26.269760131835938,0.2800742728809352,hflip,0.8390942123472724
3dc979d23dcf7cf186c4c3f1a58e5ee048270ca6053e29f1a0d348298a70a65f,train_04035.png,30.17,train_05342.png,259.8,130.37,0.0,66.01052856445312,-0.11573782338899065,66.64337158203125,-0.12839856454162005,66.01052856445312,-0.11573782338899065,66.64337158203125,-0.12839856454162005,hflip,0.569405756756382
3dcd358061a32691c4d97797341a8e3b6c2c7323a3455110cab995ee5ff9c1c4,train_07652.png,342.21,train_03287.png,159.8,177.59000000000003,0.0,71.54165649414062,-0.04556008532792393,68.63650512695312,-0.01582269185268429,71.54165649414062,-0.04556008532792393,68.63650512695312,-0.01582269185268429,rot180,0.9517201510208904
3debba0a77be8a2d486d5019576d45265b88d97ac785fbf364d3c51fa82d660b,train_07626.png,338.24,train_01041.png,287.53,50.710000000000036,0.0,51.64302062988281,0.30821724134351514,51.63850402832031,0.3097018916295626,51.64302062988281,0.30821724134351486,51.63850402832031,0.30970189162956274,vflip,0.31964282319191173
3df0775c7fd7b61c215cbb558af9309fe47226a1cccf0c8ba9f43254c2ce3f29,train_06209.png,321.91,train_05787.png,151.08,170.83,0.0,24.039718627929688,0.6903535817429514,22.354171752929688,0.7286077971716575,24.039718627929688,0.6903535817429504,22.354171752929688,0.7286077971716578,rot180,0.7896620601226646
3e7aa8370ab67bbf1f11061a270f31a71dc5480847bd0d98f1d2503fd983ba6a,train_06767.png,329.4,train_04903.png,25.88,56.48000000000002,0.0,42.501739501953125,0.42626675763538985,42.45576477050781,0.42778559015080203,42.501739501953125,0.42626675763538985,42.45576477050781,0.4277855901508019,hflip,0.7219826146734506
3ea1dd3a2a640c78810da039828645ee02eabcc6bcb3c5fb4e9df0e64bff3f5c,train_03832.png,295.86,train_03936.png,27.58,91.71999999999997,0.0,37.61509704589844,0.5158837842964888,37.58470153808594,0.5207441885534247,37.61509704589844,0.5158837842964885,37.58470153808594,0.5207441885534243,hflip,0.6651112564587799
3f0cbf2430f8837e48ffbf2304b2a33a447d637f2773c8a063556c4f958a0add,train_01021.png,308.26,train_03540.png,99.35,151.09,0.0,45.632354736328125,0.3520148104589082,46.226715087890625,0.3360806821305982,45.632354736328125,0.35201481045890853,46.226715087890625,0.3360806821305982,rot180,0.6661858303239941
3f168921f7d7a10970e2e89dc62f90d0dabe280976c2207cf9fca447069cde29,train_03389.png,247.08,train_00368.png,149.79,97.29000000000002,0.0,52.6793212890625,0.09709943743129901,51.93867492675781,0.1040767581321254,52.6793212890625,0.09709943743129901,51.93867492675781,0.10407675813212539,hflip,0.5907465556932296
3f18a24fbddb406888163c3de93e416f0593b1c40ac4ff84ace9720b4ea716a1,train_07738.png,354.07,train_03943.png,289.12,64.94999999999999,0.0,59.90887451171875,0.18432197011862775,59.80500793457031,0.18600778571681734,59.90887451171875,0.18432197011862775,59.80500793457031,0.18600778571681725,hflip,0.3281695631959232
3f1a27929ec7640ef414f198a7351ec0d8b1c70fd9acaf491ab250f199b33155,train_01824.png,348.0,train_05571.png,181.16,166.84,0.0,44.734588623046875,0.09238020659447205,45.644683837890625,0.0550500089024088,44.734588623046875,0.09238020659447205,45.644683837890625,0.0550500089024088,vflip,0.688733561534477
3f1b1ccbdde392cac1fa4441b1b104fb8d17605fa6baf34c7d183d60994c4c0c,train_02621.png,342.02,train_05071.png,225.59,116.42999999999998,0.0,46.87892150878906,0.4258769118704801,45.84391784667969,0.45495795158475677,46.87892150878906,0.42587691187048005,45.84391784667969,0.4549579515847568,rot180,0.4818909484935471
3f28021355839a23ecec7fe3e3af3cc20daf9e1071408f21ddf4e2971d7fbc9b,train_05012.png,315.26,train_04983.png,161.26,154.0,0.0,25.552963256835938,0.5788438041191125,26.394622802734375,0.555975639198536,25.552963256835938,0.5788438041191125,26.394622802734375,0.5559756391985358,rot180,0.5986470731594048
3f4fda37f198ef30b04fc6946d0f1e1b8289ed9991e0717d44f91e19acbfdf3d,train_05469.png,354.57,train_04161.png,288.15,66.42000000000002,0.0,59.054656982421875,0.28228708678952824,60.03843688964844,0.2665087148317324,59.054656982421875,0.28228708678952824,60.03843688964844,0.2665087148317331,vflip,0.387637335672726
3f6fe464630fafcadfe75f3dbeb13ea36c7a62a5fe9829447a0f41e9d4e107d9,train_07741.png,293.18,train_01971.png,202.57,90.61000000000001,0.0,55.103973388671875,0.17800492495768847,55.66455078125,0.17312202612433145,55.103973388671875,0.17800492495768847,55.66455078125,0.17312202612433145,vflip,0.633572250780821
3f75d060e5f1491ddb0b434d98872848b60cdb079152f17ae4471601e2af1381,train_01057.png,323.0,train_07600.png,240.09,82.91,0.0,23.63775634765625,0.5498459825387901,22.807281494140625,0.5793539572916764,23.63775634765625,0.5498459825387901,22.807281494140625,0.5793539572916764,vflip,0.7551823981519452
3fb3621177d659e5cff8234bcc7a7d66219fa97c6f9a67b0c417d2d9ddc7b27e,train_07502.png,280.76,train_00882.png,257.58,23.180000000000007,0.0,40.388885498046875,0.23804222354601204,40.50831604003906,0.23310881293070745,40.388885498046875,0.23804222354601204,40.50831604003906,0.23310881293070757,vflip,0.5013460470688422
3fd96dcb53065df6046f4880fef18cea14da88974ec5324f4de2b35ea8573522,train_04039.png,278.64,train_06424.png,88.13,169.49,0.0,132.80880737304688,-0.6550774608074783,132.66371154785156,-0.6527918176728317,132.80880737304688,-0.6550774608074779,132.66371154785156,-0.6527918176728296,rot180,0.8384996362016008
3fe8cd08d7d2addd48fd7dd040b3ba63131c32a80222726b6f5292b29679453e,train_01151.png,282.02,train_00143.png,346.35,64.33000000000004,0.0,41.248291015625,0.31268222920495725,41.209075927734375,0.3132031110938965,41.248291015625,0.3126822292049586,41.209075927734375,0.3132031110938965,hflip,0.6318094806826674
405562d8f59b6c0b6e997a477d522b8c736dae3793770fb28123f66d2cc775bf,train_04858.png,335.04,train_05359.png,337.41,2.3700000000000045,0.0,8.380462646484375,0.9449686683627391,8.530288696289062,0.9420927438338944,8.380462646484375,0.9449686683627391,8.530288696289062,0.9420927438338925,identity,0.9449686683627391
4082e6372504fa2b5084b4ad9d0112401f96dcbae34392d4f4793431f74664af,train_02537.png,209.29,train_02347.png,99.27,110.02,0.0,56.5125732421875,-0.06536746689899,56.246002197265625,-0.06018660395619173,56.5125732421875,-0.06536746689899,56.246002197265625,-0.06018660395619173,hflip,0.5697732504929082
410c44732c9f161b2b9eddea3ed277cbf6b10bf70be57855d566634e9784883b,train_01801.png,339.49,train_04560.png,19.78,40.289999999999964,0.0,32.41410827636719,0.46225679686905646,32.428985595703125,0.4617275454739386,32.41410827636719,0.46225679686905646,32.428985595703125,0.4617275454739386,hflip,0.4904433545446438
4116a8765d1183b3d3c7486977e8db636a54179cb44d4ca6b7c0049f64629749,train_02279.png,343.46,train_07611.png,84.85,101.38999999999999,0.0,43.86747741699219,0.2544603837159305,44.16841125488281,0.24652962127101227,43.86747741699219,0.2544603837159311,44.16841125488281,0.2465296212710129,rot180,0.28853201271421575
419d18fc985c7446df606bf260b16188f62ba3ec238c44a006a11bdea349faae,train_00329.png,297.02,train_02998.png,53.42,116.40000000000003,0.0,67.98286437988281,0.12861929521703988,67.69895935058594,0.13299334269492746,67.98286437988281,0.12861929521704013,67.69895935058594,0.1329933426949277,hflip,0.853649377092045
419e1b2084990bbed86df6e3eae4f7b0b6c72471ad393e9b379016dacca279fa,train_02978.png,300.71,train_01234.png,81.88,141.17000000000002,0.0,34.873931884765625,0.26354675955877266,34.97235107421875,0.2601824609185611,34.873931884765625,0.26354675955877266,34.97235107421875,0.2601824609185611,vflip,0.30541628210749716
4229cc7e81b33fa0c6ecc49c777fe1ebe756b3e8dbedc2d2b10466298e32039d,train_07555.png,329.42,train_06257.png,310.16,19.25999999999999,0.0,23.8055419921875,0.6563944786938682,23.47149658203125,0.6619564162288475,23.8055419921875,0.6563944786938682,23.47149658203125,0.6619564162288475,identity,0.6563944786938682
4256b4f193859eabe626c9f2c0fd7b5706cbf98af6e5c255009af91dbb51e46e,train_03274.png,231.41,train_01107.png,11.95,140.54,0.0,48.08705139160156,0.19872227211109364,48.437744140625,0.19290772597437136,48.08705139160156,0.1987222721110932,48.437744140625,0.19290772597437136,vflip,0.5795297303177936
42a0191609d5011c194d535485cc3b104e1b968f315265a160a47a0e381f4ee0,train_02126.png,272.49,train_02172.png,120.64,151.85000000000002,0.0,78.54412841796875,-0.01934734124721498,76.891845703125,-0.005487195045751694,78.54412841796875,-0.01934734124721486,76.891845703125,-0.005487195045751694,rot180,0.41504450969908213
42ebd48dc0c133ccb9a255a362a4433d84619cc86796d27a16ce477ecb95cc64,train_03711.png,336.44,train_07507.png,152.47,176.03,0.0,35.17864990234375,0.39001581604232616,35.81022644042969,0.37264467909945453,35.17864990234375,0.39001581604232616,35.81022644042969,0.37264467909945453,rot180,0.7108069327317649
433cc32d585a2ddd1af7f0ed63a78102289ba6fee9531320387e9c2c209c5e87,train_05329.png,342.74,train_03268.png,274.06,68.68,0.0,44.897796630859375,0.3334908383121092,46.20367431640625,0.2947162358545199,44.897796630859375,0.3334908383121091,46.20367431640625,0.2947162358545181,hflip,0.35694618983488796
43a9df55a87ad1f4f0ebb74d735e467f45b82061db2b7baa516492e6bfd8cd49,train_00771.png,291.65,train_06860.png,86.6,154.95000000000002,0.0,63.45379638671875,-0.2420341066711942,63.208251953125,-0.23592193663350502,63.45379638671875,-0.2420341066711942,63.208251953125,-0.23592193663350502,hflip,0.4813307529195554
43ba990889ce5ea3f0728484cdbe0c149ed8da916869abdda634e3a58e89b240,train_05545.png,350.55,train_05753.png,150.93,160.38,0.0,94.94308471679688,-0.5982318577415927,94.8892822265625,-0.59774332693362,94.94308471679688,-0.5982318577415927,94.8892822265625,-0.59774332693362,rot180,0.7518961024001248
445f7660bf4dda6f583311a7eef17a52c3a393430c2e75ddbe0adba8dfa296b1,train_01954.png,285.37,train_03574.png,315.47,30.100000000000023,0.0,26.478179931640625,0.5915810856007808,26.97021484375,0.5823771718907824,26.478179931640625,0.5915810856007808,26.97021484375,0.5823771718907824,vflip,0.6298596175818706
44945b89acba9869ae9de44af1facf89c7803d60e6a4a8fadaff76dd6b7b7562,train_02410.png,272.69,train_07623.png,127.67,145.01999999999998,0.0,30.135101318359375,0.4653356253583778,30.036453247070312,0.48043167949763205,30.135101318359375,0.4653356253583778,30.036453247070312,0.4804316794976321,rot180,0.4733665327804034
4495ef1a62f857f174e581d6828bd6b66d9314d3edfafb2aac88612431004acf,train_01241.png,306.55,train_04850.png,91.25,144.7,0.0,84.94644165039062,-0.19447252036892948,85.79850769042969,-0.21234982563983176,84.94644165039062,-0.19447252036893004,85.79850769042969,-0.21234982563983204,hflip,0.7789051486188225
44c14c60f9fd89d55034bbeb2739fdfcee81b0048c12cebbebb30b6f7abc98cc,train_03644.png,337.85,train_00214.png,173.86,163.99,0.0,27.315414428710938,0.5459057604290628,28.102783203125,0.48195251295723335,27.315414428710938,0.5459057604290624,28.102783203125,0.48195251295723335,rot180,0.6279641016819655
44df80b8b2337ceb3e17be8d9468dfd0f40ed0e238809f6bd51e0580dc928d6c,train_05152.png,284.87,train_01196.png,270.37,14.5,0.0,14.26416015625,0.7673867665774524,14.850204467773438,0.7495499643373866,14.26416015625,0.7673867665774524,14.850204467773438,0.7495499643373867,identity,0.7673867665774524
44e5b6dc6e044739433a073d53578db1065082c79161a1632913ee70de804317,train_04289.png,314.41,train_00196.png,18.13,63.71999999999997,0.0,33.263153076171875,0.28917629852535287,33.53532409667969,0.281431931552409,33.263153076171875,0.28917629852535287,33.53532409667969,0.281431931552409,hflip,0.3916462300988228
46a4a340b529a9b82c596f3a7bda275b3ea41dc2c414813969b0cf0415645253,train_07668.png,318.61,train_04103.png,95.93,137.32,0.0,84.72332763671875,-0.1711822044785728,84.45054626464844,-0.16787643357459847,84.72332763671875,-0.17118220447857238,84.45054626464844,-0.16787643357459855,vflip,0.3607323973796307
46b140c6fe9a47433e7c8acdf8357b40ca6d20638cc1cc1c0faaccbf7ebd33d2,train_00964.png,345.45,train_07658.png,25.01,39.56,0.0,37.23876953125,0.4983039079842572,37.189605712890625,0.5024645195998234,37.23876953125,0.4983039079842572,37.189605712890625,0.5024645195998234,hflip,0.6907012369177076
46d51136c35b01eabae0c545bd586eeeb65fd48b5f14327ddad132ceafe48e5c,train_01471.png,348.51,train_01570.png,30.68,42.170000000000016,0.0,53.42741394042969,0.20344562294929108,52.62153625488281,0.2141240463014055,53.42741394042969,0.20344562294929108,52.62153625488281,0.21412404630140558,hflip,0.3428196857355689
4707b519d41a39cc638629ad87700ac2dc9c506f51224443fb019b5cc9d52508,train_07380.png,332.0,train_02494.png,231.71,100.28999999999999,0.0,57.382080078125,0.16340311711928823,59.1949462890625,0.14241375702186088,57.382080078125,0.16340311711928823,59.1949462890625,0.14241375702186082,hflip,0.5888766577661252
471d5fa6bdde264ed46b7c6382cc4923b4bc0e23ac73bfe5613b60c10936981c,train_03684.png,343.23,train_02985.png,237.42,105.81000000000003,0.0,67.63139343261719,0.10689462323308159,67.5267333984375,0.10858376384023274,67.63139343261719,0.10689462323308165,67.5267333984375,0.10858376384023274,vflip,0.5790207606912198
47cf58890a1e883aa7b99af5c9a5d9e0b59bea4aede3f542757510cc7b8f512c,train_01566.png,313.21,train_04154.png,220.78,92.42999999999998,0.0,54.85546875,0.1129161978947757,54.92167663574219,0.11172002124605128,54.85546875,0.1129161978947757,54.92167663574219,0.11172002124605128,vflip,0.5705956337210545
47d3b535f3331d83b80ced7d7e142f0e6c61955d2030e0e8f8fdef78e1defb61,train_07852.png,312.13,train_02331.png,190.37,121.75999999999999,0.0,71.50125122070312,0.0030712574593969623,69.49691772460938,0.04197006689639214,71.50125122070312,0.0030712574593969597,69.49691772460938,0.04197006689639214,vflip,0.5724768410754861
47f5e144c78c00c25f476825ddcc914e3e1682cf7dbc270384185f804c17204a,train_07619.png,115.39,train_00169.png,180.36,64.97000000000001,0.0,30.414443969726562,0.29459425838810205,30.297012329101562,0.30661735694068976,30.414443969726562,0.294594258388102,30.297012329101562,0.30661735694068964,hflip,0.2989133205223669
4801423faca1f5b579267e87f37817a936dc6a53b19be124a913befe9d4dac11,train_00131.png,273.97,train_00961.png,243.27,30.700000000000017,0.0,37.60148620605469,0.4849228571088067,37.01426696777344,0.5005203802164595,37.60148620605469,0.48492285710880684,37.01426696777344,0.5005203802164603,identity,0.4849228571088067
48187496d834b53530dfbcd8a78e58f3e6dff9ef212e96ce3e51fa59f82987cb,train_05146.png,344.24,train_06022.png,35.47,51.23000000000002,0.0,42.3651123046875,0.31986262297594853,41.783050537109375,0.3319592361809592,42.3651123046875,0.31986262297594853,41.783050537109375,0.3319592361809592,hflip,0.3796259820881999
4819c7dc35536923e0a671b47b9782e7cd8eae44551efcea740301a792074c57,train_05413.png,289.01,train_01511.png,53.38,124.37,0.0,36.044647216796875,0.2557390849836563,36.32685852050781,0.2437273149805392,36.044647216796875,0.2557390849836563,36.32685852050781,0.2437273149805392,vflip,0.3451813484527747
483cb758d010453473c9379e9b803c23ed9dfc8f4913e8f53c1818f6070aa3bf,train_04682.png,312.45,train_05252.png,300.69,11.759999999999991,0.0,19.069778442382812,0.8050371059418691,18.678451538085938,0.8167589466307966,19.069778442382812,0.8050371059418692,18.678451538085938,0.8167589466307966,identity,0.8050371059418691
4841543f153ddff2ba248bd32e114c342f359c2a176733c5be240528634da7fb,train_00100.png,321.88,train_07615.png,61.2,99.32,0.0,42.68524169921875,0.39410018442058625,43.09400939941406,0.3817447367921494,42.68524169921875,0.3941001844205863,43.09400939941406,0.3817447367921496,hflip,0.6386922939032038
484e5628ebb1d448083694d3503ed67cc703038a7d55967dd178b9e8d7e73a55,train_00450.png,357.01,train_05399.png,172.5,175.49,0.0,63.84626770019531,-0.08376722094342369,63.80738830566406,-0.09526038664149669,63.84626770019531,-0.08376722094342348,63.80738830566406,-0.09526038664149657,rot180,0.899285819210622
48561d51bb38fc5d4cdf5117fd1297098a7cc2ebbe180c00e9140d9b17bbe875,train_04034.png,298.32,train_05095.png,63.8,125.48000000000002,0.0,6.6170806884765625,-0.06573711317222496,6.6231536865234375,-0.06602239776606683,6.6170806884765625,-0.06573711317222496,6.6231536865234375,-0.06602239776606683,hflip,0.1193422037391078
486255b8a7f0830c13e171bdcca9de30f33481b9faf2291b1c90065c5f9efe59,train_03536.png,287.52,train_03225.png,45.55,118.03000000000003,0.0,31.26910400390625,0.5166633844739031,31.008285522460938,0.5239667924587684,31.26910400390625,0.5166633844739031,31.008285522460938,0.5239667924587681,hflip,0.568913286145683
486b1c377744febf0954125bd6e12df09d78a48cc67257184ea0daf9ab9bdb99,train_06449.png,348.6,train_00454.png,343.29,5.310000000000002,0.0,15.907882690429688,0.6297837783579895,15.742431640625,0.6367765681230607,15.907882690429688,0.6297837783579895,15.742431640625,0.6367765681230607,identity,0.6297837783579895
48700eaaef0b27b08571ccb6e67dff676136d83aedd5e24505a7ec22b8e69551,train_03139.png,306.21,train_03443.png,91.53,145.32000000000002,0.0,55.91871643066406,0.029499187632045513,56.855438232421875,0.004063814090945385,55.91871643066406,0.029499187632045513,56.855438232421875,0.004063814090945385,hflip,0.68466072459945
487383ae7aa1141304a519b4994f9f1228c7a04b69a71398c31333193391f171,train_07568.png,188.82,train_02701.png,249.75,60.93000000000001,0.0,37.20037841796875,0.2749936452725601,37.10572814941406,0.2771596663714485,37.20037841796875,0.2749936452725601,37.10572814941406,0.27715966637144845,vflip,0.6135606136552761
48c0ed5773a58814b7d6b7be6c27cc2ad37c4b4508e9eb5988904d5a52d67ce6,train_01025.png,107.33,train_06590.png,18.93,88.4,0.0,50.35649108886719,0.17067979456488006,50.18440246582031,0.17441577089099666,50.35649108886719,0.17067979456488006,50.18440246582031,0.17441577089099666,vflip,0.7747623668799779
48fd4273525107accc6ad88ba183950c8d99913ad33395e93724aa834f33eea4,train_03413.png,57.73,train_00755.png,12.66,45.06999999999999,0.0,41.4710693359375,0.5011777220322288,41.73158264160156,0.498957424365245,41.4710693359375,0.5011777220322288,41.73158264160156,0.49895742436524476,vflip,0.7272801075484175
493b7f4941310e04db3fd37aa0d5d9186de5ece7b54366840317b1105b719d58,train_04873.png,75.89,train_00820.png,316.46,119.43,0.0,25.541519165039062,0.5549183976378618,25.883712768554688,0.5396388736494591,25.541519165039062,0.5549183976378619,25.883712768554688,0.539638873649459,hflip,0.6162326753518653
4958810ac628b3974bef873f7871a96a066e862a90a2832b1f669f57e840422f,train_01823.png,320.7,train_07663.png,298.49,22.20999999999998,0.0,24.28155517578125,0.6817431435231665,24.30792236328125,0.6824185701430712,24.28155517578125,0.6817431435231665,24.30792236328125,0.6824185701430712,identity,0.6817431435231665
495c2a4aa3fbfb587dd0f8fcdb250bdaf95414dfb5e19e89dacaf6a2ee946d15,train_02444.png,273.16,train_04750.png,258.76,14.400000000000034,0.0,26.941360473632812,0.10795319551721577,26.773849487304688,0.12821437868368002,26.941360473632812,0.10795319551721577,26.773849487304688,0.12821437868368002,vflip,0.3539124634489872
4993ce48e86a65b128e27ad3e7dd16a7d979e449936ef4256b3835fabda3bac1,train_00208.png,277.64,train_03070.png,344.98,67.34000000000003,0.0,36.0546875,0.28478498922895135,36.10905456542969,0.2818966614446547,36.0546875,0.2847849892289525,36.10905456542969,0.28189666144465503,hflip,0.6266042552612976
49f4e55bffcef74dcde6462bcab36202e85c3a60392658656ba589efce68127b,train_05155.png,277.12,train_04660.png,218.22,58.900000000000006,0.0,47.555633544921875,0.23438684742366034,46.69390869140625,0.2521674405334088,47.555633544921875,0.23438684742366034,46.69390869140625,0.2521674405334088,identity,0.23438684742366034
49f65b07bd1f522642115a5d6d8450e6d910e2a5ed1b5f26989c75ac2887700d,train_04685.png,322.59,train_07352.png,66.25,103.66000000000003,0.0,39.59956359863281,0.4865112839548965,39.000946044921875,0.49457944630039713,39.59956359863281,0.4865112839548963,39.000946044921875,0.4945794463003959,hflip,0.5598797983198052
4a0809798160caf4d5c55e0519823eb02a255049cc3387da89dc07ec273d1002,train_03054.png,332.54,train_05393.png,146.74,174.2,0.0,48.32391357421875,0.2704148051875758,49.781829833984375,0.250617427305748,48.32391357421875,0.27041480518757616,49.781829833984375,0.250617427305748,rot180,0.8679209674214698
4aa6eef4923cc6b31c3a624c8147f0931f2444a54d8e47df5b9e11f45f1690b6,train_02107.png,353.16,train_06688.png,279.41,73.75,0.0,41.43135070800781,0.13809205793877402,41.31591796875,0.14333704058449212,41.43135070800781,0.13809205793877405,41.31591796875,0.14333704058449212,hflip,0.6634885316575941
4b1455782505c5d63d62833a819517cac341457c763013f8c9af55251113a22f,train_07375.png,346.76,train_04775.png,278.31,68.44999999999999,0.0,55.13789367675781,0.2702855790715205,54.666259765625,0.27962222980179163,55.13789367675781,0.27028557907152045,54.666259765625,0.27962222980179163,vflip,0.5205734850425036
4b2d57338cd41e11afaa96386327f81ac4fca66f81f6cc56bd77228d059c71bf,train_06570.png,322.49,train_01209.png,212.48,110.01000000000002,0.0,71.35162353515625,0.16600351529607793,71.03868103027344,0.17132341846401128,71.35162353515625,0.16600351529607793,71.03868103027344,0.17132341846401114,vflip,0.6002124236524515
4b3718cda81ba3d7acfcb3fac8ff9b52ee674b27b4fcfaaafbf836ebb56f01ff,train_03539.png,354.96,train_00209.png,301.22,53.73999999999995,0.0,46.95025634765625,0.23134405992407747,46.115570068359375,0.24899322119241782,46.95025634765625,0.23134405992407747,46.115570068359375,0.24899322119241782,identity,0.23134405992407747
4be53730045069040214b4f0b7a0b09792c0b1dc47a7092dbffe3f0d7ded1d21,train_00706.png,346.03,train_00949.png,165.72,179.69000000000003,0.0,72.33883666992188,-0.11496789279738914,73.86747741699219,-0.13041245058266454,72.33883666992188,-0.11496789279738914,73.86747741699219,-0.13041245058266424,rot180,0.9955438418649509
4c3dc5756dc20b63248296dbb5ebfcd7d73f2ea5f590affba41f4ac8981d1cbf,train_04108.png,318.45,train_01960.png,168.12,150.32999999999998,0.0,55.47633361816406,-0.015524052809506868,55.57786560058594,-0.018480966290809323,55.47633361816406,-0.015524052809506868,55.57786560058594,-0.018480966290809323,rot180,0.32262440568803574
4c8d9aa4e41084846b3e9905c7789094d85addcadf5b76bdd356f34b17ed9933,train_06616.png,16.11,train_07141.png,333.7,42.410000000000025,0.0,36.74272155761719,0.35101389626685114,37.07783508300781,0.34314419764140186,36.74272155761719,0.35101389626685114,37.07783508300781,0.34314419764140186,hflip,0.36959748890465627
4caa9ee19e646caa3b737f4c7680380e44a6de6438cd36fb01d488bb81a9ce3e,train_06959.png,177.57,train_01945.png,87.64,89.92999999999999,0.0,29.382034301757812,0.20828224309227344,29.6639404296875,0.1989727337135877,29.382034301757812,0.2082822430922735,29.6639404296875,0.1989727337135877,hflip,0.27239374372082903
4d48546b4a6df8d6d2ced7f5f01f467c982e713bb82948aa162d6e1968108dc0,train_00621.png,313.68,train_05380.png,193.43,120.25,0.0,35.09989929199219,0.48816839651273797,34.88824462890625,0.4942740042058916,35.09989929199219,0.48816839651273786,34.88824462890625,0.4942740042058916,rot180,0.5321082351823934
4d5ca8d64fc58305cec46e3bd4ccb42e0fc4082e135cf88f158d6bd0874413ff,train_04505.png,321.66,train_03559.png,257.56,64.10000000000002,0.0,44.965576171875,0.3910237618860128,45.547393798828125,0.3817425050226045,44.965576171875,0.3910237618860127,45.547393798828125,0.3817425050226045,vflip,0.4974733927917131
4d5d6fb65e6710e0b4cb6fabed3319bdd9c909642cac9b297bfbab74ff41bb98,train_04711.png,326.19,train_02243.png,135.41,169.22,0.0,56.165924072265625,0.3206845257226377,55.99420166015625,0.3197224823833527,56.165924072265625,0.3206845257226377,55.99420166015625,0.3197224823833527,rot180,0.8701396338596951
4d61eb5a9b1cb92203eb4fc25d726c4711230c928cb00428ce9c0b590797c16b,train_04864.png,337.79,train_03687.png,17.75,39.95999999999998,0.0,34.47608947753906,0.4462805907691731,34.46673583984375,0.44728226160670076,34.47608947753906,0.4462805907691732,34.46673583984375,0.44728226160669987,hflip,0.6690129210236604
4daa05fa1332bb1c30d3374079dd2181e35413f66ef1cc6973f5fc18a745da05,train_04870.png,322.83,train_02041.png,150.67,172.16,0.0,60.0272216796875,0.25636547816597893,59.771636962890625,0.25599463261492905,60.0272216796875,0.25636547816597893,59.771636962890625,0.2559946326149293,rot180,0.8673143629523867
4de8ca5755815ce0b0948ad646d93a3c7d352d703e46a1f1fb6197ffcd68c6fc,train_05589.png,279.52,train_07009.png,174.8,104.71999999999997,0.0,65.24478149414062,-0.09408077232635426,64.53935241699219,-0.07681939387257132,65.24478149414062,-0.09408077232635426,64.53935241699219,-0.07681939387257132,vflip,0.5138204917618363
4e26a47da17f4eaa9110300ea1147f09b30470b2a31a78e0d3db377f5389dff8,train_06117.png,130.75,train_06368.png,205.97,75.22,0.0,31.167709350585938,0.41907980699409997,30.966323852539062,0.4228911867824711,31.167709350585938,0.41907980699409997,30.966323852539062,0.4228911867824711,hflip,0.6158647272054212
4e2f138ea86748ba488df3bf16deef4300eb573a56c4853e212ee0199736d28c,train_01868.png,299.8,train_06972.png,196.56,103.24000000000001,0.0,52.46064758300781,0.16061606968430392,54.20631408691406,0.1184223685558969,52.46064758300781,0.16061606968430392,54.20631408691406,0.1184223685558969,hflip,0.3494965135908672
4e36849631d9cd2a5ba281929b0c821e71785daffa732e6bcfc02625c04a6003,train_00954.png,357.89,train_01507.png,247.91,109.97999999999999,0.0,26.24554443359375,0.4695950203964109,27.079330444335938,0.4082013647473197,26.24554443359375,0.4695950203964109,27.079330444335938,0.4082013647473202,identity,0.4695950203964109
4e41b1963e63c1ffbdc7f81a82183d0315ee4e6d4664c29d0f596fe48a67658f,train_06240.png,278.64,train_06169.png,306.19,27.55000000000001,0.0,39.07017517089844,0.6058120806220143,37.13653564453125,0.6324114502899318,39.07017517089844,0.605812080622014,37.13653564453125,0.6324114502899318,identity,0.6058120806220143
4e6c675bc23b4dc1ca6b84efa80cd7bd698e99248f8e5f8a6783c04d5493e12a,train_06000.png,350.3,train_04265.png,74.99,84.69,0.0,39.97283935546875,0.07594747283884312,39.65818786621094,0.08395280686240562,39.97283935546875,0.07594747283884312,39.65818786621094,0.08395280686240562,hflip,0.1344239803061066
4e739d7acea1c00d485588ef39d60044e82b1d7ea69acbd2b7ab32a055e66dfc,train_06047.png,340.53,train_04546.png,199.06,141.46999999999997,0.0,34.076202392578125,0.30170341840539533,34.0811767578125,0.30162628789254176,34.076202392578125,0.30170341840539533,34.0811767578125,0.3016262878925416,vflip,0.6176293876781764
4eb73ce595f2d983419b93b2f9d6c27d65aaae2831bf63cb6045e88440fc7c15,train_07245.png,205.42,train_02773.png,23.63,178.21,0.0,44.0946044921875,0.2814381880665123,43.9912109375,0.2862357747101985,44.0946044921875,0.2814381880665123,43.9912109375,0.2862357747101985,rot180,0.8841841312671649
4ee8f8205ef3a5f9cffca5abc76441738b52b412cd60c18ae7260c8d31d604fc,train_04466.png,338.67,train_02770.png,185.24,153.43,0.0,34.95709228515625,0.10036844772364163,35.55894470214844,0.06866891911361518,34.95709228515625,0.10036844772364163,35.55894470214844,0.06866891911361518,hflip,0.17299672330005575
4eea31545910ea74e184952f067e3a67d279550e2f4b7abe674343d1338ad625,train_03634.png,359.5,train_05882.png,46.47,46.97000000000003,0.0,49.66889953613281,0.21491030618442147,49.34956359863281,0.22312282951573303,49.66889953613281,0.21491030618442147,49.34956359863281,0.22312282951573298,hflip,0.32201403214196817
4f52176ee26bec1cb2648bfca04649c47fa4bc072b0eeab77d3b78278804424b,train_02063.png,339.12,train_00789.png,99.84,120.72,0.0,77.60421752929688,0.03303763709898908,77.44406127929688,0.035678459693908586,77.60421752929688,0.03303763709898908,77.44406127929688,0.035678459693908746,vflip,0.42755467459832486
4f6c8cd7ddeddf7098aac68523e74c19aeebed6a369d66d978b7e5cf97f150f2,train_02841.png,339.76,train_00826.png,60.44,80.68,0.0,51.08857727050781,0.23040938522187324,53.08534240722656,0.20542549013768915,51.08857727050781,0.23040938522187324,53.08534240722656,0.20542549013768915,vflip,0.42463059400785125
4f7e473dbbdca61d2248b53595b04779e51250e9fa441bedda2dcae9f7742154,train_01898.png,219.09,train_03753.png,186.0,33.09,0.0,46.39430236816406,0.40406012127852153,45.73011779785156,0.4219708766812693,46.39430236816406,0.4040601212785208,45.73011779785156,0.4219708766812689,hflip,0.4476649883194595
5054c7c601ef8f7daadeeb4a46e254856293f5990d51e465427c2c1bb293897a,train_06838.png,307.63,train_00703.png,61.79,114.16,0.0,29.677520751953125,0.6262219389612558,29.567001342773438,0.6286440923906712,29.677520751953125,0.6262219389612558,29.567001342773438,0.6286440923906705,vflip,0.7182518874020541
50680adb69df63975786d0afdd35e60df9a31be88e3c631eadfa2f7647b24a85,train_01672.png,73.46,train_07488.png,335.06,98.39999999999998,0.0,34.6883544921875,0.5113589653414656,35.097686767578125,0.49090801702404907,34.6883544921875,0.5113589653414655,35.097686767578125,0.49090801702404907,rot180,0.5526913262509411
509c9e5af03c43fdede7da4619b5a84e05edbcba2d23c5de6c32ce849e9304cf,train_07785.png,359.71,train_03019.png,227.5,132.20999999999998,0.0,102.07513427734375,-0.4081886041503327,102.07862854003906,-0.40830281443890337,102.07513427734375,-0.40818860415033154,102.07862854003906,-0.4083028144389037,vflip,0.5810478532249813
50b8cb6b1e5c55da1cc23d93fe5ac76960685bd9fcb167b909d6c93ee47cb919,train_06173.png,280.93,train_02127.png,244.21,36.72,0.0,31.790252685546875,0.37150107836139923,31.791671752929688,0.37112487925192694,31.790252685546875,0.37150107836139906,31.791671752929688,0.37112487925192694,hflip,0.6318888371935271
5100b6a6df8b343b0e490e4bf71acfb2db1922b817814779fcb5ebc058772f9c,train_03368.png,297.78,train_05724.png,302.84,5.060000000000002,0.0,12.17181396484375,0.8190910310635363,12.523223876953125,0.8176319369550613,12.17181396484375,0.8190910310635363,12.523223876953125,0.8176319369550613,identity,0.8190910310635363
5112e8a707e31b016f06042f9473474fc3f0fe0f26df3e633cd76f1aacabc15f,train_05610.png,289.53,train_05954.png,103.46,173.93,0.0,43.925567626953125,0.3248705727294569,44.427978515625,0.2954010860566941,43.925567626953125,0.32487057272945835,44.427978515625,0.2954010860566941,rot180,0.8129552906612384
5184d32bad41790d3ab6da6a9a9fb7a85821bcf6b31704cb28d0df3bc5f17189,train_05076.png,300.45,train_06158.png,85.43,144.98000000000002,0.0,84.95318603515625,-0.10147562621241989,84.19938659667969,-0.08611351388545165,84.95318603515625,-0.10147562621241986,84.19938659667969,-0.08611351388545155,rot180,0.5208483892753152
51bcf6245521ad6e684b17195ec24ce2794a335cf140f5c64ddf06ce0c8f533d,train_03885.png,124.43,train_03891.png,253.48,129.04999999999998,0.0,41.21392822265625,0.17993328466818184,41.229766845703125,0.17929499983445063,41.21392822265625,0.17993328466818184,41.229766845703125,0.17929499983445063,hflip,0.646015259846878
51be819371d1538095f47ac69694083aabb8b9a74a301f83b30e1d920eea2b70,train_01940.png,326.72,train_07225.png,186.06,140.66000000000003,0.0,39.99147033691406,0.07653721326881867,39.75053405761719,0.08199638214270073,39.99147033691406,0.07653721326881867,39.75053405761719,0.08199638214270073,rot180,0.12690040611804648
51de588050c8bdacfae97cf7413c05040309980a7187806a63ece16b3a4a19b3,train_02578.png,339.63,train_03853.png,67.78,88.14999999999998,0.0,49.67573547363281,0.3259131117429077,50.548553466796875,0.2933736547972731,49.67573547363281,0.32591311174290816,50.548553466796875,0.2933736547972731,identity,0.3259131117429077
52512362e41fa75ffdf621bf1b02a76b452ce1142cfe70c18103c96830fb5410,train_03468.png,307.31,train_01349.png,335.11,27.80000000000001,0.0,39.70924377441406,0.5261554542114785,40.98844909667969,0.5040219343064959,39.70924377441406,0.526155454211478,40.98844909667969,0.5040219343064964,identity,0.5261554542114785
527d8df75276eaf416efe4ca270e1d544b7e81e276926a583c69ff0fff624831,train_03297.png,312.5,train_01031.png,282.89,29.610000000000014,0.0,37.16468811035156,0.41268749497476304,36.5623779296875,0.43593807030676196,37.16468811035156,0.41268749497476304,36.5623779296875,0.43593807030676196,identity,0.41268749497476304
52a7de39a96b37e21a8b554a5edb7ed4867dbfe89fb095dc61a1bd876bfb101a,train_04433.png,224.19,train_02271.png,46.49,177.7,0.0,69.9071044921875,0.06462181504611947,69.88008117675781,0.06496921899934545,69.9071044921875,0.06462181504611957,69.88008117675781,0.06496921899934541,rot180,0.9446970211447872
52c28d31daa6babac6f53de2f654157bac9a8a2652b23665653d96e624ea3cb4,train_00130.png,346.34,train_03236.png,241.17,105.16999999999999,0.0,74.3363037109375,0.0009218753707712118,74.21217346191406,0.0027028019288605227,74.3363037109375,0.0009218753707712118,74.21217346191406,0.0027028019288605205,vflip,0.628851295063117
52cc683faffb5bb70e8c11740d2b103d38c8ffa6e4c7fb3cd4f8429bb9107e85,train_01003.png,318.57,train_04139.png,182.22,136.35,0.0,103.06364440917969,-0.3101111648857302,103.09059143066406,-0.31057095003582114,103.06364440917969,-0.3101111648857301,103.09059143066406,-0.310570950035821,vflip,0.4767721386880924
52e56f0f51da21db31ee0851f13d9c8df1534a766e78c9a748816cfa36e39e68,train_04928.png,354.48,train_06943.png,202.06,152.42000000000002,0.0,78.86067199707031,-0.1973623351041243,78.02162170410156,-0.17856847271398613,78.86067199707031,-0.19736233510412393,78.02162170410156,-0.17856847271398588,vflip,0.6350932886080208
5304ef4e70d082a93b0bccb9d8d2e5e135bc02ec722bb0cb791fe77945058724,train_03726.png,205.27,train_03612.png,41.93,163.34,0.0,44.28071594238281,0.4245944630735322,43.85826110839844,0.43520186263840716,44.28071594238281,0.42459446307353155,43.85826110839844,0.43520186263840743,rot180,0.6881821126291631
534ab7ecad620aab1a6a55dae0a2e5c94d9df637186a238a8feabe7a3b73e21c,train_07531.png,339.47,train_06071.png,211.0,128.47000000000003,0.0,70.86776733398438,-0.21277221694701434,70.74580383300781,-0.2107608961793122,70.86776733398438,-0.21277221694701434,70.74580383300781,-0.2107608961793122,vflip,0.8392473554649708
53965beac939c8919931833916b4756c7bbd8982b43be8f5ea1f0633f562d82d,train_06067.png,310.88,train_00972.png,287.1,23.779999999999973,0.0,31.332809448242188,0.517453652191282,31.098831176757812,0.5233673265683739,31.332809448242188,0.5174536521912819,31.098831176757812,0.5233673265683744,identity,0.517453652191282
53bfbf4ce9016417b851159089153237c521fdf90ecb55c0e15b7d66db514cf8,train_00036.png,312.04,train_06097.png,329.28,17.239999999999952,0.0,22.156051635742188,0.5390937099342157,22.393753051757812,0.5318899512865455,22.156051635742188,0.5390937099342157,22.393753051757812,0.5318899512865455,identity,0.5390937099342157
53e715f94973464715df28528b64ef32791f617ff7e66da3c304ff917f702a48,train_03068.png,274.38,train_02131.png,182.16,92.22,0.0,49.56939697265625,0.03502265457917686,49.65673828125,0.024665216902190618,49.56939697265625,0.03502265457917686,49.65673828125,0.024665216902190618,hflip,0.20521889009907074
53e8165b3804e1a96f0eb95d296699963720a34aa0604184055a1331e0be307f,train_07112.png,221.87,train_01145.png,248.1,26.22999999999999,0.0,20.885101318359375,0.6704554762330243,20.350189208984375,0.6841885880539752,20.885101318359375,0.6704554762330243,20.350189208984375,0.6841885880539755,hflip,0.7052295996787721
543d1cdf18069dbe6dab9dccf41ed5170b59966683e7a74de5ed38d3b2fb43a7,train_05713.png,294.28,train_05291.png,178.5,115.77999999999997,0.0,45.11273193359375,0.034836658649364624,45.95344543457031,-0.011400894436100976,45.11273193359375,0.034836658649364624,45.95344543457031,-0.011400894436100976,vflip,0.20541681126880149
54558647c0bcc584276e4bb187f58df05053b4dda420c5b20d4b017b87b76ab9,train_01345.png,300.3,train_02771.png,303.25,2.9499999999999886,0.0,17.817840576171875,0.8560894899914634,17.739425659179688,0.8556356823027188,17.817840576171875,0.8560894899914637,17.739425659179688,0.8556356823027178,identity,0.8560894899914634
54749fccfbd928f0e54dbb245cda466a066149d5d841217e9801080717abc408,train_01240.png,344.45,train_03058.png,175.06,169.39,0.0,40.107330322265625,0.1676936098041486,40.32403564453125,0.15447404829209216,40.107330322265625,0.16769360980414824,40.32403564453125,0.15447404829209196,rot180,0.6170745486557894
5475c2aa54caf1c6a2d7130fefe0a3c532c0fbcd4f46db21cdaba39c0fdcfea2,train_02278.png,328.49,train_02078.png,96.85,128.35999999999999,0.0,80.41433715820312,-0.01571605261993515,80.068603515625,-0.009725300755314118,80.41433715820312,-0.01571605261993515,80.068603515625,-0.009725300755314118,rot180,0.3537785498829615
54f7f1696299bcb12a042aa256867cb91b1d1b5ee88c355cca408ea8415e5aac,train_07487.png,289.33,train_07690.png,231.39,57.94,0.0,54.87232971191406,0.4111333162458154,54.83598327636719,0.41178776233619496,54.87232971191406,0.4111333162458156,54.83598327636719,0.41178776233619463,vflip,0.7931646173880134
5502cdd0ed8754c85cf6ee88170c344d356206f03044970a724108ddc0b5ed97,train_04668.png,334.77,train_00989.png,136.08,161.31000000000003,0.0,34.8663330078125,0.5402358839481224,35.24928283691406,0.5281628187688423,34.8663330078125,0.540235883948123,35.24928283691406,0.5281628187688417,rot180,0.6411379501841327
5537c29096c83fe0cd1e08ec69cca68f3cda7323659f4e55fd2b6a352d4cfe42,train_03967.png,278.03,train_06950.png,172.04,105.98999999999998,0.0,55.822662353515625,0.11636697359622455,55.80973815917969,0.11670108232731304,55.822662353515625,0.11636697359622455,55.80973815917969,0.11670108232731334,vflip,0.4047216735368785
556685ad8e7e2ba4309b51d83bc37e7bfea26019293cc5b0ce709e5bcf9cb0c8,train_04054.png,301.99,train_01521.png,330.99,29.0,0.0,26.544509887695312,0.5261846722580275,26.669830322265625,0.5231391114329266,26.544509887695312,0.5261846722580275,26.669830322265625,0.5231391114329266,identity,0.5261846722580275
55994cf985537037777edcf02004ba752da3162407f3f147a377cd85e751f687,train_02626.png,295.22,train_03092.png,93.06,157.83999999999997,0.0,117.51292419433594,-0.6149182800525282,117.716552734375,-0.6165230337922747,117.51292419433594,-0.6149182800525268,117.716552734375,-0.6165230337922727,hflip,0.749645565532545
55aebe66cddb39468a8f2a965d0834881f0ec91d4a187c3a9fdbb4b7e0dbaf5e,train_04553.png,298.81,train_00153.png,329.45,30.639999999999986,0.0,26.558425903320312,0.644299978173801,26.528564453125,0.6447859868570309,26.558425903320312,0.6442999781738018,26.528564453125,0.6447859868570309,vflip,0.7167019724250141
55c068372633e25094718080b3199a6d978308561c5dc234e287386de135e205,train_02262.png,315.47,train_02945.png,68.12,112.64999999999998,0.0,42.05168151855469,0.03274984176060944,42.054931640625,0.03755066695004917,42.05168151855469,0.03274984176060944,42.054931640625,0.03755066695004917,hflip,0.25102917912353717
56294af55010c940dff3e765e8ab56bda509189304a49a3419619bd1b6a73ddd,train_06702.png,274.48,train_01309.png,7.32,92.83999999999997,0.0,44.12693786621094,0.18386767947719318,44.66267395019531,0.14218262122308334,44.12693786621094,0.18386767947719365,44.66267395019531,0.14218262122308356,vflip,0.2693801201664112
5635a7d4a4e344dbf4dabe738c599d23d7aff53e560b51493e30cef84fe48184,train_04186.png,308.13,train_07633.png,104.38,156.25,0.0,33.45173645019531,0.46328141240871024,33.38743591308594,0.46339640147397065,33.45173645019531,0.46328141240870996,33.38743591308594,0.4633964014739712,rot180,0.6668885459226797
5660900b61870dc729ea6eb55fdab4c3d93aebe8a66f8552639a9e62eaf1526c,train_03142.png,352.78,train_07031.png,167.46,174.68000000000004,0.0,73.89765930175781,-0.05905112592622419,73.724853515625,-0.0708740046577032,73.89765930175781,-0.059051125926224156,73.724853515625,-0.07087400465770304,rot180,0.9014247499685479
56e2a6cd3e9fc36f0dca43dbb15b24fe0ed3c26e535c226c83ae3f62083e8e0c,train_03682.png,344.93,train_04313.png,283.0,61.93000000000001,0.0,34.117340087890625,0.34654690801419247,34.24357604980469,0.3397622193425,34.117340087890625,0.34654690801419247,34.24357604980469,0.33976221934249995,vflip,0.5777419004237144
57061fc90ed971f7a70dbd39ab63f1c82b952dda48888a9bf6daf9cf007c2c83,train_06531.png,7.97,train_06083.png,15.95,7.9799999999999995,0.0,24.905609130859375,0.6232814845378482,24.81390380859375,0.6247092226833807,24.905609130859375,0.6232814845378482,24.81390380859375,0.6247092226833807,identity,0.6232814845378482
5724fae8c04db9e233d5f80dcd15e22e54e113d7b1c3fdc87ef44bab792c855f,train_04519.png,201.56,train_01867.png,285.16,83.60000000000002,0.0,48.27215576171875,0.21974121522858545,48.19828796386719,0.22196640475963975,48.27215576171875,0.21974121522858545,48.19828796386719,0.22196640475963975,vflip,0.4077616839022615
578414412287af1e6fadb8cf08fec6feec529ce4e0cb90edd1d1bebd1c1517fe,train_06428.png,353.25,train_06814.png,137.21,143.96,0.0,70.19338989257812,-0.1289778827878459,70.06089782714844,-0.12511396672412078,70.19338989257812,-0.12897788278784575,70.06089782714844,-0.12511396672412078,vflip,0.4175145871806682
57bdf0e9b2c6218967cba6c4a99f248f0933ac48d25db1eb25d97b15ac53d4de,train_02008.png,112.22,train_00823.png,279.83,167.60999999999999,0.0,45.50169372558594,0.08913064536906859,45.55549621582031,0.09728514269131167,45.50169372558594,0.08913064536906859,45.55549621582031,0.09728514269131167,rot180,0.5971015404704465
57bf40304a6554c122cc49cfd689c7512e776b078866ddc2c2723dae1d8ea401,train_01529.png,315.33,train_00910.png,306.28,9.050000000000011,0.0,19.62255859375,0.5264610450526341,19.69873046875,0.5246094810207065,19.62255859375,0.5264610450526341,19.69873046875,0.5246094810207065,identity,0.5264610450526341
57fc4be68a53d40b8962bc15e22e04984a85e163d86dcc28c887c33fe2e1b281,train_06881.png,299.44,train_06285.png,215.56,83.88,0.0,41.922821044921875,0.26649798397125374,40.7191162109375,0.30154944176138065,41.922821044921875,0.26649798397125374,40.7191162109375,0.30154944176138065,vflip,0.4412347305562785
58196e259c4eaf3d7ddb0b6d6d901dd23370d4d90d33bd605f6fbb17e13d5828,train_04960.png,297.94,train_05109.png,172.33,125.60999999999999,0.0,55.1346435546875,0.04934050540066683,55.0390625,0.055769394281797696,55.1346435546875,0.04934050540066683,55.0390625,0.055769394281797696,vflip,0.6787421034101185
5824fad4d6e75002ff3a5a4a3e2fb6d40d0cf2dfd935ff983a307d53cac44c02,train_07323.png,354.96,train_02709.png,205.34,149.61999999999998,0.0,94.43218994140625,-0.37420254627887123,94.72349548339844,-0.3807715448612703,94.43218994140625,-0.3742025462788714,94.72349548339844,-0.3807715448612703,vflip,0.7482026544754099
5860a6d6ce8418e0ac0892fdbf1c75af2e371ee35f36e6184096d5dd69593dea,train_05110.png,64.45,train_01614.png,25.05,39.400000000000006,0.0,35.17768859863281,0.5554378402233379,35.19602966308594,0.5552827475730936,35.17768859863281,0.5554378402233379,35.19602966308594,0.5552827475730944,identity,0.5554378402233379
5878cd9518a2c3f12f2672433bad49f5d27ea8e4a3c7e757496b55be71286974,train_06484.png,273.96,train_07696.png,7.62,93.66000000000003,0.0,63.99601745605469,0.02616995957481909,63.70521545410156,0.03448082138081634,63.99601745605469,0.026169959574819077,63.70521545410156,0.034480821380816415,hflip,0.5048573170320941
5895228e1c4ab1507b5ec99f4a1da1034fbd87266cebabe963998bf832b9d604,train_05353.png,292.43,train_03218.png,331.88,39.44999999999999,0.0,21.452880859375,0.6119443181347981,21.231094360351562,0.616009564084153,21.452880859375,0.6119443181347981,21.231094360351562,0.6160095640841527,vflip,0.8599346663099048
58ad867266c49636523d13bd418733a30cfcac271b20dfffdcdce80807d91434,train_04164.png,332.77,train_04227.png,206.55,126.21999999999997,0.0,30.45831298828125,0.49915486464411957,30.481048583984375,0.4986116154433271,30.45831298828125,0.49915486464411957,30.481048583984375,0.4986116154433267,vflip,0.6418392504828779
58c8b5ac8df1e74a77b7f4d682c10cf0285f1f618acae8700967ea43c18780f3,train_02155.png,287.79,train_03778.png,293.05,5.259999999999991,0.0,15.234390258789062,0.8537868608945268,15.0531005859375,0.8534881305119747,15.234390258789062,0.8537868608945268,15.0531005859375,0.8534881305119747,identity,0.8537868608945268
58e55cfbed0105550f4e38d448246f34fbd6a1f8a48d54312f1b137a535ddcf0,train_02852.png,287.67,train_04427.png,105.0,177.32999999999998,0.0,43.58992004394531,-0.04320996307658021,44.41236877441406,-0.05571523536613086,43.58992004394531,-0.04320996307658021,44.41236877441406,-0.05571523536613086,rot180,0.7638448649865376
59201dd9bc669256ebcc4d19fca3a9a8aad199949a1526319bfbb0d03811b95d,train_05209.png,356.39,train_07098.png,290.13,66.25999999999999,0.0,32.782684326171875,0.2612709712640995,33.54388427734375,0.22041545684511946,32.782684326171875,0.2612709712640995,33.54388427734375,0.22041545684511946,hflip,0.3922829528480945
5952030148e2daa05d5ed6700deda4e111b8d32f2b62b11d8cd158ef789a26d6,train_03804.png,163.5,train_04899.png,245.22,81.72,0.0,20.95330810546875,0.6584230211945621,21.422805786132812,0.6527787127726887,20.95330810546875,0.6584230211945621,21.422805786132812,0.6527787127726884,rot180,0.6648693502011681
595b353ff2379720ecba38150d35c6652577eecc4d3626c181ab976d12cec64f,train_05885.png,33.72,train_02500.png,293.7,100.01999999999998,0.0,60.74217224121094,0.048569004897201166,60.65997314453125,0.05111257942041397,60.74217224121094,0.048569004897201166,60.65997314453125,0.05111257942041397,hflip,0.6327760887927983
59626bc5d4e87630626702aa4650c40c45063f2bcb6614a7943fc1a99bf73566,train_01367.png,319.57,train_05085.png,81.68,122.11000000000001,0.0,68.46128845214844,0.12048155574234556,66.36520385742188,0.15936622784610152,68.46128845214844,0.12048155574234566,66.36520385742188,0.15936622784610152,hflip,0.625756457494849
597b27b9dac4b40f31cbbbb20fc0b5d026bcc73195aca354d946ac43c81eb951,train_03086.png,341.68,train_07260.png,71.14,89.45999999999998,0.0,56.05158996582031,0.2776863882469198,58.02398681640625,0.24630560976638896,56.05158996582031,0.2776863882469196,58.02398681640625,0.2463056097663891,vflip,0.32359315572374475
599b9c6878c6c2a842934c71ae1c714b17ecced0807eb2275412cd59fc0e8246,train_03266.png,274.43,train_06917.png,345.21,70.77999999999997,0.0,68.08705139160156,0.06457685489927278,67.16357421875,0.07501238744563439,68.08705139160156,0.06457685489927262,67.16357421875,0.07501238744563439,hflip,0.496241549342808
59a1cb67dd72826abf08639e3a517be4bfa34c9dcd849f95718ac43d73c6ba12,train_02642.png,315.6,train_06094.png,91.17,135.57,0.0,23.699020385742188,-0.10772984842283832,23.75494384765625,-0.10784798745028631,23.699020385742188,-0.10772984842283807,23.75494384765625,-0.10784798745028613,vflip,0.801136852603031
59aedf7c72f193e2c4ec68e8bf5d3252f28f7da0b445a0a7a2696ee0c9b4fc67,train_00186.png,358.99,train_05486.png,329.29,29.69999999999999,0.0,39.52922058105469,0.5088255226743522,38.33146667480469,0.5340123365528908,39.52922058105469,0.5088255226743515,38.33146667480469,0.5340123365528894,identity,0.5088255226743522
5a079c4eebce250d26ae578be9de36cd29346e7f8690e64006f184a045f16841,train_05716.png,310.38,train_03291.png,126.06,175.68,0.0,92.9141845703125,-0.17771987454778818,92.83990478515625,-0.17684080103840252,92.9141845703125,-0.17771987454778854,92.83990478515625,-0.17684080103840252,rot180,0.936386744828569
5a07fc0db5831c1037dd18d2bb9cfdf2bfdc502c214a03ce6f465d77ad8838d4,train_05192.png,356.09,train_03107.png,270.03,86.06,0.0,35.45440673828125,0.02877803501854444,35.392242431640625,0.02948522409912959,35.45440673828125,0.02877803501854444,35.392242431640625,0.02948522409912959,vflip,0.2891439966565716
5a2f35b07178619bc8f75640e6cea753ac687a9f0c4966c779f4efabbde8ef7d,train_04298.png,337.84,train_04853.png,213.16,124.67999999999998,0.0,43.033294677734375,0.39783007649425056,42.33580017089844,0.4146307994933168,43.033294677734375,0.39783007649425084,42.33580017089844,0.4146307994933167,hflip,0.5662201618297397
5a74f0e83ce945fa931655eb79630003db15a35926e99bdfc6f38a8bdb207dd5,train_05780.png,341.01,train_04725.png,42.72,61.710000000000036,0.0,32.46174621582031,0.4900603195321134,33.670166015625,0.4641417561460065,32.46174621582031,0.4900603195321125,33.670166015625,0.46414175614600606,vflip,0.5012150766174974
5ab41a4257e0747a07b576b71ad911f83d39c7a934c6330da4e1d122921bf651,train_06852.png,123.52,train_00889.png,122.28,1.2399999999999949,0.0,6.2573394775390625,0.9767935870894632,6.374969482421875,0.9748877804684706,6.2573394775390625,0.9767935870894622,6.374969482421875,0.9748877804684706,identity,0.9767935870894632
5b1a54088812601b82189a9072845554f712f54a4159d06ed0864aedaed501b5,train_06550.png,277.97,train_06639.png,39.72,121.74999999999997,0.0,84.94131469726562,-0.026222277188882447,86.7711181640625,-0.05743082045661789,84.94131469726562,-0.026222277188882447,86.7711181640625,-0.05743082045661789,rot180,0.41653714408147646
5b1ddebc02d0c6f5d4117fbf02eab0cf132586ec49ae52f8592bc141a687cad2,train_06396.png,319.03,train_04702.png,97.62,138.59000000000003,0.0,95.02131652832031,-0.26335311832815406,94.7596435546875,-0.25871311536186625,95.02131652832031,-0.2633531183281544,94.7596435546875,-0.258713115361866,hflip,0.634902241899917
5b68c2ebdda7722825cda0a54504aa05f9048ca123364ba41e486f2950cea867,train_00297.png,342.28,train_05992.png,25.82,43.54000000000002,0.0,37.02714538574219,0.2715996857241594,36.94264221191406,0.27350596591089565,37.02714538574219,0.2715996857241594,36.94264221191406,0.27350596591089565,hflip,0.42478939352717104
5b83e2202dbbd6bcf2bcc4b172ded979101461e7e39d4e33347e24be52e05d60,train_01265.png,319.72,train_00548.png,50.5,90.77999999999997,0.0,23.182083129882812,0.6367982353691377,23.156585693359375,0.6372601738641209,23.182083129882812,0.6367982353691382,23.156585693359375,0.6372601738641209,vflip,0.6427151510635223
5bf77dfe70a3121322264359e3c03324449de341b8c01c2867f6e8a8555542a6,train_04491.png,40.95,train_00127.png,348.88,52.06999999999999,0.0,41.07292175292969,0.3838384324564125,42.020477294921875,0.3671916820489258,41.07292175292969,0.38383843245641175,42.020477294921875,0.3671916820489258,identity,0.3838384324564125
5c1c9029ec49b39430a2cae1da67f9d71c595b5e848863b446ab6d76a5d7869f,train_00534.png,13.2,train_06039.png,30.95,17.75,0.0,22.099746704101562,0.7735887408931459,24.035675048828125,0.7497306083139561,22.099746704101562,0.7735887408931461,24.035675048828125,0.7497306083139571,hflip,0.8265002005373461
5c1ddd94e8d660f84000b91911b9f2ed4120ac8e23e1a462cd005853bcb196a0,train_03029.png,241.81,train_05208.png,351.51,109.69999999999999,0.0,50.15138244628906,0.17888054333678968,50.918975830078125,0.15108781540041852,50.15138244628906,0.1788805433367892,50.918975830078125,0.15108781540041852,rot180,0.322394512722697
5c2d70e41db794c76c6f7dcfb8219f5ab450ff41d56bee10cabd7dd4f5a1ac22,train_00939.png,284.97,train_02942.png,314.89,29.91999999999996,0.0,36.10783386230469,0.5171848219178788,35.34368896484375,0.525314582667205,36.10783386230469,0.5171848219178788,35.34368896484375,0.525314582667205,hflip,0.5702728979955386
5c6939c2b31ee7c8e0e10bf72bdce01a91cef2e6dc19e87ab976f0e75b3ab91a,train_05392.png,347.62,train_02152.png,339.54,8.079999999999984,0.0,13.73028564453125,0.7107886715137299,12.787002563476562,0.7631105932762682,13.73028564453125,0.7107886715137298,12.787002563476562,0.7631105932762684,identity,0.7107886715137299
5c96953e4acdbecc9dde081795182ab2bdaddecc460263abb0bd08053c435dd4,train_01149.png,357.57,train_02553.png,139.83,142.26000000000002,0.0,39.03874206542969,0.20332612800651328,39.14002990722656,0.19847594014063122,39.03874206542969,0.20332612800651323,39.14002990722656,0.19847594014063133,rot180,0.3274552290726679
5d007d4e97fe8b7af5c18a597ade35a186f37b6eabc6eb2407a8cf1056d59581,train_04566.png,294.42,train_00340.png,126.41,168.01000000000002,0.0,14.193695068359375,0.7868596741810643,14.542266845703125,0.780933285177707,14.193695068359375,0.7868596741810657,14.542266845703125,0.780933285177707,rot180,0.8142087919700648
5d1ccd0a2839c6f8291360dadbbdf039ac54011db0c43ce4874d3819d909e7cc,train_00413.png,141.52,train_02504.png,170.36,28.840000000000003,0.0,20.286056518554688,0.5534834073336728,19.565887451171875,0.5932390029125751,20.286056518554688,0.5534834073336728,19.565887451171875,0.5932390029125751,identity,0.5534834073336728
5d6e1b06c896017bed0a01460133a126b1b791cbd4206c8659586fba9e9baed7,train_03201.png,287.7,train_04115.png,139.97,147.73,0.0,44.83897399902344,0.25103827102349807,44.798919677734375,0.2515113980868229,44.83897399902344,0.25103827102349807,44.798919677734375,0.2515113980868232,rot180,0.6169262904941882
5d770bc314fd10f731ca35f4101ccec96fd83b9d2f1062a2423a32858ec73a43,train_06691.png,294.98,train_04196.png,134.72,160.26000000000002,0.0,65.41818237304688,0.08381643190922096,65.47390747070312,0.08296455313385945,65.41818237304688,0.08381643190922096,65.47390747070312,0.08296455313385945,rot180,0.7169165747575771
5d80f3a549789d5cd5c9e97bf5e59ebc398ab4b6e1da1cbf732fdaa6109999ff,train_05416.png,137.5,train_05800.png,265.1,127.60000000000002,0.0,42.195953369140625,0.346563303641877,42.97673034667969,0.3097947600564488,42.195953369140625,0.346563303641877,42.97673034667969,0.30979476005644896,vflip,0.3796641836599803
5dd3ff1a3dddbfc729e65d373e8a283c9992e4c42f5c3a713ef6cfe4937cdfb9,train_04780.png,328.89,train_01991.png,121.7,152.81,0.0,88.63871765136719,-0.3609300137732225,88.63888549804688,-0.3609623374622611,88.63871765136719,-0.3609300137732225,88.63888549804688,-0.3609623374622611,rot180,0.6460890280576379
5e172a3296984a024c9b4f9f6dfd1e19103384099552d15eff2e3200c0415f17,train_05452.png,29.39,train_07161.png,141.13,111.74,0.0,38.19636535644531,0.5805033069852625,38.17008972167969,0.5806571032659424,38.19636535644531,0.5805033069852621,38.17008972167969,0.5806571032659421,vflip,0.6919577145772902
5e3fb2227704389c5c5e5f8db7403c660fab6b2d012c6d30e88d137dc6e7e6e2,train_05559.png,354.55,train_03395.png,259.98,94.57,0.0,60.8912353515625,0.10611211478894915,61.202392578125,0.09763245688384127,60.8912353515625,0.10611211478894915,61.202392578125,0.09763245688384103,vflip,0.27162000682730825
5ed52f9de60d281fcf5022b482ddad31d40f37b5e29605a2fbc1bec80f3af23c,train_07057.png,295.79,train_00774.png,73.14,137.34999999999997,0.0,49.09039306640625,-0.042222939011923026,49.48236083984375,-0.04865724030284703,49.09039306640625,-0.042222939011923026,49.48236083984375,-0.04865724030284703,hflip,0.4248898249995426
5efad0261d94b4fa9c79ebf081ad8567658ab6820b54c2e5815ff043f01b1e19,train_01933.png,327.33,train_05644.png,280.67,46.65999999999997,0.0,29.402511596679688,0.4841216674759894,29.072463989257812,0.4919166942906946,29.402511596679688,0.48412166747598945,29.072463989257812,0.49191669429069457,vflip,0.6216518267920199
5f26e9f74a5d40450ceef6136ebb275e75a6115f8d159541725fbd1ce7039e95,train_01372.png,273.7,train_06995.png,225.97,47.72999999999999,0.0,37.73936462402344,0.40961726195797604,38.16949462890625,0.4000616218595177,37.73936462402344,0.40961726195797604,38.16949462890625,0.4000616218595177,identity,0.40961726195797604
5f3e9bd7812bd022fb0c3d182f49c8024151b125099bfc9e2eeaf1f1735abd9e,train_01558.png,298.64,train_03360.png,162.75,135.89,0.0,35.01426696777344,0.5237535627467887,34.39469909667969,0.5405413471041738,35.01426696777344,0.5237535627467885,34.39469909667969,0.540541347104174,hflip,0.7213561806900224
5f6baef9ad254ea157debedfa21b3593097a9ddb1b294f08e3465d321eeacb5a,train_03358.png,271.42,train_05191.png,195.59,75.83000000000001,0.0,52.122406005859375,0.216124703358202,53.397796630859375,0.18684114151312267,52.122406005859375,0.216124703358202,53.397796630859375,0.18684114151312267,hflip,0.2936950184293055
5f960dfb7c21c2520869f7863d8d30bafa9af211dabf51f0ee154ee353046aa7,train_02993.png,327.93,train_06695.png,31.91,63.98000000000002,0.0,43.56416320800781,0.1722353654660293,43.5579833984375,0.17228331993767218,43.56416320800781,0.1722353654660293,43.5579833984375,0.17228331993767218,vflip,0.29381675987247813
5f9f0dcb32ecc425e9efaaf28c769ab0042fc5bf39cc8861d7d477dd1735ebab,train_03793.png,329.44,train_04346.png,281.88,47.56,0.0,30.55841064453125,0.4034831708056596,30.0933837890625,0.42163448643679563,30.55841064453125,0.4034831708056598,30.0933837890625,0.42163448643679563,vflip,0.6106532891879836
5fd5b8bd6b9e2c607a66984378e2f438c9506f67fde203a1b49ae4e8cf61b3b9,train_05499.png,30.06,train_00609.png,224.11,165.95,0.0,67.60195922851562,0.1508584020800703,67.36773681640625,0.15426780082327865,67.60195922851562,0.15085840208007015,67.36773681640625,0.15426780082327873,rot180,0.7583908408401946
60168c01ce2e622b8cbba3d0ebb93a6b26fb855430676ad2a2929fe84074de36,train_01302.png,133.37,train_07579.png,321.57,171.8,0.0,24.3841552734375,0.7586284947871184,24.374404907226562,0.7596765000840009,24.3841552734375,0.7586284947871187,24.374404907226562,0.7596765000840009,rot180,0.8826423086897165
6023fd10d1acc79356a49bf7fef9c9eca946afb2d95d0aadf39272b41579e201,train_03769.png,219.8,train_01542.png,22.48,162.67999999999998,0.0,50.63099670410156,0.26652002464399094,50.75299072265625,0.26484194239336706,50.63099670410156,0.2665200246439909,50.75299072265625,0.2648419423933668,rot180,0.7764452235714534
6026aa6b72100e74553faf3e04351332ba27a816e66d32e3ee970a4fdd1b49c1,train_05046.png,222.9,train_04674.png,207.86,15.039999999999992,0.0,18.00958251953125,0.7914408773128843,17.945175170898438,0.7893968807623633,18.00958251953125,0.7914408773128875,17.945175170898438,0.789396880762362,identity,0.7914408773128843
603c7313c6e8d82937c7160c441226a5c28e42f9f032c2a00e69fe9482bbf720,train_07649.png,347.51,train_07439.png,317.6,29.909999999999968,0.0,25.27716064453125,0.5663076796789555,25.399017333984375,0.5635628893202306,25.27716064453125,0.5663076796789555,25.399017333984375,0.5635628893202306,identity,0.5663076796789555
606ca1ca35a25fbbc8c3552ebbab54b57b55ffcc48910291463520d59e9e1d3c,train_03052.png,314.67,train_06155.png,22.98,68.31,0.0,53.95686340332031,0.3731591193357979,54.121734619140625,0.37010327573740975,53.95686340332031,0.3731591193357974,54.121734619140625,0.37010327573740975,hflip,0.8798728752314212
607956f7ea076b1a396cb01e35ec59c30d91c5617d61b5ceba556cb44e7b9700,train_01465.png,292.65,train_03226.png,319.05,26.400000000000034,0.0,29.303955078125,0.545473258830824,28.238906860351562,0.5704627895190767,29.303955078125,0.545473258830824,28.238906860351562,0.5704627895190767,identity,0.545473258830824
60cdd5b7464e97d1330d69aa95c6e2023cd133c8856278b14f3cdf34d04d171e,train_07719.png,123.49,train_00155.png,51.59,71.89999999999999,0.0,52.5799560546875,0.3541510088798479,52.56465148925781,0.3546371975961037,52.5799560546875,0.35415100887984874,52.56465148925781,0.3546371975961036,vflip,0.8807175673031712
60e2c206de781fb449d7cf92a101601db36705ee9c1344a0c5b485f891959388,train_00341.png,341.17,train_01037.png,155.41,174.23999999999998,0.0,12.260482788085938,-0.08631666824380035,11.03564453125,-0.07839297468662479,12.260482788085938,-0.08631666824380035,11.03564453125,-0.07839297468662479,rot180,0.6647570750870282
60f89e06689e0daba295fda2bb1b0a2fde1a4f34f5571a9cc8ce8d055420e3c0,train_06627.png,354.12,train_02512.png,144.98,150.85999999999999,0.0,48.4586181640625,0.24164654505780686,49.95884704589844,0.20120551577585832,48.4586181640625,0.24164654505780686,49.95884704589844,0.20120551577585838,vflip,0.5990993179064674
611a5a752fa9599a0bb5aa33f4628e601b365886740e9e9ed23fa1e5eb30dbcc,train_04348.png,123.14,train_01086.png,251.61,128.47000000000003,0.0,95.96708679199219,-0.1991921378876123,96.19943237304688,-0.20204834529463184,95.96708679199219,-0.19919213788761253,96.19943237304688,-0.20204834529463184,hflip,0.6467067146227609
618c8d0ac419098c7411f37d70e374613d5c77d3807f60ed5e8161bb9f219e81,train_04149.png,292.02,train_05041.png,187.14,104.88,0.0,68.41044616699219,0.038547012440250286,68.77386474609375,0.02106372341583707,68.41044616699219,0.038547012440250265,68.77386474609375,0.021063723415837062,rot180,0.15597948595235722
61ee9e96829e15cfd7663467d9c28c0e7caaf3cf33c59d62c7b4e55dbdc2228d,train_05951.png,290.77,train_07401.png,245.77,44.99999999999997,0.0,38.520477294921875,0.35498552791227517,38.48236083984375,0.35542019256527607,38.520477294921875,0.35498552791227517,38.48236083984375,0.35542019256527607,vflip,0.6155075439149902
6200d333bdf4ada9eee117563f6e0d1182fb157db6a4baf307775a79a2044de2,train_01464.png,81.41,train_03492.png,121.29,39.88000000000001,0.0,39.40324401855469,0.42342056751812485,39.847930908203125,0.40813461954904123,39.40324401855469,0.4234205675181245,39.847930908203125,0.40813461954904123,vflip,0.4428662113677031
6206ca29b31fd15dccb4aba4cd46b5b650d2b7e770b0487d4433939f82d99ba1,train_00685.png,87.52,train_06894.png,16.12,71.39999999999999,0.0,21.953628540039062,0.4130941910482415,22.907546997070312,0.31904688136252746,21.953628540039062,0.4130941910482419,22.907546997070312,0.3190468813625274,vflip,0.512755098450897
6207613b2334bdb406519f191c805537e0ebdd744f749f5b2a3de0e4ca874b95,train_01556.png,284.14,train_05863.png,85.2,161.06,0.0,63.34259033203125,-0.08698758503470652,64.31819152832031,-0.11414138755615114,63.34259033203125,-0.08698758503470652,64.31819152832031,-0.11414138755615133,rot180,0.5909021710662018
621522829e1e2d082db17e05a9e067f2d1517d1c65b4dfc38860e89c15311d09,train_07052.png,291.85,train_06683.png,150.88,140.97000000000003,0.0,47.81312561035156,0.055275602431986696,47.76655578613281,0.05593156605210015,47.81312561035156,0.055275602431986696,47.76655578613281,0.05593156605210013,rot180,0.34553438133015096
6230df86ea9cd66b0e5fc4eb395d2ec8c4e174b105c557492b987f23113f5004,train_02570.png,347.7,train_02004.png,285.02,62.68000000000001,0.0,24.02783203125,0.4084037952903201,24.088775634765625,0.40470066740723626,24.02783203125,0.4084037952903201,24.088775634765625,0.40470066740723626,hflip,0.7980449806672842
627f83ad310f74baee47b1207e0bf8a5401d5b7491e13bbe070c11d5f8cbdf89,train_03512.png,314.4,train_06131.png,5.95,51.55000000000001,0.0,48.047210693359375,0.3446536786037641,48.751861572265625,0.3316960322048861,48.047210693359375,0.3446536786037629,48.751861572265625,0.3316960322048861,identity,0.3446536786037641
628832d55b3ec79d18268d945268cbc4029d144eea161fe988d3b1bf4cc5900c,train_01938.png,306.05,train_00215.png,145.32,160.73000000000002,0.0,27.183914184570312,0.6078374096729422,27.139602661132812,0.6089864042780629,27.183914184570312,0.6078374096729429,27.139602661132812,0.6089864042780624,vflip,0.7181129356819099
6289d0aec5322b7ffbd66a841158aed230302c3bb2146949cec0444e96a04a06,train_06606.png,275.07,train_04343.png,190.53,84.53999999999999,0.0,68.51876831054688,0.11288132843296464,68.89973449707031,0.105497893446566,68.51876831054688,0.11288132843296464,68.89973449707031,0.10549789344656603,hflip,0.23119886970155742
62edaf1adc4d1ae495349f745ff5d9d974138dccb9f79382869d0d40ec3aae9c,train_02843.png,336.4,train_02774.png,175.8,160.59999999999997,0.0,77.03227233886719,-0.23182576509592906,77.54754638671875,-0.24394862607555673,77.03227233886719,-0.23182576509592906,77.54754638671875,-0.24394862607555673,rot180,0.6911052669875873
62ef353b93f0be28d7dabe5aa4ba1393f857428ccf01455c27b913604759160d,train_00599.png,297.61,train_02390.png,105.42,167.81,0.0,48.08161926269531,0.3926089491029869,47.16326904296875,0.4143572025265185,48.08161926269531,0.3926089491029869,47.16326904296875,0.4143572025265189,rot180,0.6168691773959981
63139e9dadeba4e4464f7f715b085b01822aa8b7d17610aa6506422921e50a25,train_01997.png,357.0,train_04130.png,265.66,91.33999999999997,0.0,72.19674682617188,-0.07871819201807591,71.02835083007812,-0.05327140689845162,72.19674682617188,-0.07871819201807591,71.02835083007812,-0.053271406898451626,vflip,0.4802553465145432
6324ac9a8ed45c6edcc093a28f75ba6db1f5b7195cbf06840e6c4a745caae376,train_05634.png,342.65,train_01161.png,46.16,63.50999999999999,0.0,38.809112548828125,0.3841530619266027,38.25732421875,0.3967172384602772,38.809112548828125,0.3841530619266028,38.25732421875,0.39671723846027673,hflip,0.7298718481577732
63a524fbac3c4dd8c0a3c3a34adfa36a8ca7483cbcfe4b2c4947ef25064c86e5,train_02563.png,327.9,train_00683.png,52.52,84.62,0.0,19.411453247070312,0.6814139659813007,18.69781494140625,0.7039015701643652,19.411453247070312,0.6814139659813007,18.69781494140625,0.7039015701643653,hflip,0.7761774392127095
63b4d65f79aa096d4708532e5d25f899d2acb4260848da7223435d172c426bf8,train_07238.png,270.42,train_00836.png,106.95,163.47000000000003,0.0,57.877716064453125,-0.2894718194578946,56.70118713378906,-0.2475614534350995,57.877716064453125,-0.2894718194578946,56.70118713378906,-0.2475614534350995,rot180,0.5038474720570809
63bf02fba7a265e671e9b3f9c54f3669cbfd43255b4e589d2b9a72723520eb10,train_02674.png,356.14,train_03476.png,186.0,170.14,0.0,37.47442626953125,0.10402347703544154,37.3394775390625,0.11135450676658888,37.47442626953125,0.10402347703544154,37.3394775390625,0.11135450676658874,rot180,0.6277275295966511
63c8ba1b76a41ea4ecf3bc08067c19abd310e82c2731fe5169c425fd16df4610,train_00335.png,330.63,train_02840.png,320.55,10.079999999999984,0.0,14.48138427734375,0.8425093452723504,14.475128173828125,0.8434546461873567,14.48138427734375,0.8425093452723504,14.475128173828125,0.8434546461873602,identity,0.8425093452723504
63eb3d6eac32ddf58abf350ad2057d1a93aaf12785a4bddbecc61adfccdaed1b,train_04117.png,355.69,train_00783.png,107.53,111.84,0.0,71.82264709472656,-0.12498971359319816,71.56826782226562,-0.12022668966305135,71.82264709472656,-0.12498971359319815,71.56826782226562,-0.12022668966305135,rot180,0.20568056486457506
641924bd8d6c0ae2bb5d1763b2bfaf46b81aa3f6e73527af302bec199a9e99c2,train_03482.png,303.9,train_01907.png,249.65,54.24999999999997,0.0,43.08009338378906,0.3389722357151707,43.80574035644531,0.3254050290913094,43.08009338378906,0.3389722357151707,43.80574035644531,0.3254050290913094,identity,0.3389722357151707
641b49e9e63ba76b3447a81525593ddaad978a99d355d3dcd767e7b0265f57ec,train_00794.png,287.21,train_07450.png,189.28,97.92999999999998,0.0,67.16746520996094,0.04326896308564943,67.08352661132812,0.043699815215252145,67.16746520996094,0.043268963085649426,67.08352661132812,0.04369981521525214,vflip,0.22669977470301622
642ab5da6c41b8e311be93692423e6e10b9abb392458ea9d86700f2c9060407d,train_05411.png,322.4,train_04068.png,269.74,52.65999999999997,0.0,50.96363830566406,0.34335156425042895,50.40966796875,0.35321944981266823,50.96363830566406,0.34335156425042895,50.40966796875,0.3532194498126692,vflip,0.7980020466218056
643e7a20139930e716cf8079a1216a1ad0d7ac2d92799d943394cb4ec1b9b5ac,train_05117.png,293.74,train_00188.png,330.41,36.670000000000016,0.0,20.42779541015625,0.6095720460687141,20.372100830078125,0.6114039662928161,20.42779541015625,0.6095720460687141,20.372100830078125,0.6114039662928161,vflip,0.8675051917064708
64665912721d056c9bb9b8c1b8953ccda3dda44b902c30911ffc0f4219f5e7e4,train_04603.png,314.18,train_00285.png,59.28,105.1,0.0,57.86128234863281,0.07908552710645002,57.51771545410156,0.08368735983316718,57.86128234863281,0.07908552710645002,57.51771545410156,0.08368735983316718,hflip,0.6859148288488521
64762108c3341e9dc7cf3e5f20fc7f8fc97004277dacb645e76a0e435a867404,train_00019.png,265.65,train_05198.png,343.52,77.87,0.0,59.549530029296875,0.21104525892847406,59.096771240234375,0.2221028190043351,59.549530029296875,0.2110452589284751,59.096771240234375,0.2221028190043351,vflip,0.36378712292696325
64a73500a372fbf794bd2b5c8261cc35ff86199ca6f481de637705b2d4b472b6,train_01391.png,171.58,train_07312.png,269.86,98.28,0.0,40.742034912109375,-0.0175733718456456,40.587646484375,-0.008666831205697017,40.742034912109375,-0.0175733718456456,40.587646484375,-0.008666831205697017,hflip,0.5412582750353317
64a99ee96cc58cd3451a0907aa34933c288c1a4eb91d72fb6e9a476a81898075,train_03815.png,350.53,train_02495.png,221.7,128.82999999999998,0.0,98.32614135742188,-0.30911804887928424,97.97984313964844,-0.3064868362751047,98.32614135742188,-0.30911804887928424,97.97984313964844,-0.30648683627510476,rot180,0.3804179722102142
64b7d4448ffa14e166bf5330733fa678f058d8e79172a3d8eb1df822ccf68b94,train_02268.png,313.86,train_00872.png,77.31,123.44999999999999,0.0,88.43367004394531,-0.15049173843841201,88.80233764648438,-0.15596522740798868,88.43367004394531,-0.15049173843841188,88.80233764648438,-0.15596522740798868,hflip,0.5090264118010539
64db93eff9f5e949316f4ee5a4d9d50307ad770cca9e9012845a49a09096be21,train_01475.png,285.43,train_03494.png,291.28,5.849999999999966,0.0,12.577560424804688,0.8985844179393354,13.8421630859375,0.8824290364613157,12.577560424804688,0.898584417939338,13.8421630859375,0.8824290364613186,identity,0.8985844179393354
64ff373835998373f92be7425fc07bf66bbe43c5fefa794ea2ad5394c4ad3fc8,train_05628.png,335.95,train_04249.png,70.5,94.55000000000001,0.0,61.844451904296875,0.16045581652137125,60.962188720703125,0.1762299228725575,61.844451904296875,0.16045581652137192,60.962188720703125,0.1762299228725575,hflip,0.6951800860686115
656cd0b11ae716d8912c8aa81410d5d2470301532cc272f7957db3383930f655,train_01822.png,315.75,train_05135.png,75.39,119.63999999999999,0.0,63.86708068847656,0.06544754510474644,63.308624267578125,0.07578041122531799,63.86708068847656,0.06544754510474651,63.308624267578125,0.07578041122531806,hflip,0.6107457824951243
6593dca6b3bca135d32952d698f00f53c90aca96796e64a379d5645a05aaef0b,train_04414.png,297.53,train_06772.png,175.5,122.02999999999997,0.0,73.76402282714844,0.03078683808953207,72.88529968261719,0.05097059997115584,73.76402282714844,0.030786838089532087,72.88529968261719,0.050970599971155744,rot180,0.31997216938337075
65a0fe4478b6178a47821e2e98648bb52acf727c42c5ffb9bde85be58a33ee87,train_05160.png,341.3,train_00316.png,79.43,98.13,0.0,47.728973388671875,-0.03256048826005682,50.613616943359375,-0.08536881576609008,47.728973388671875,-0.03256048826005682,50.613616943359375,-0.08536881576609008,hflip,0.19103366946549075
65b21a4253177e54baf2b9f62ea9c391c35bdbeea54cc369d7ae932f324f2e92,train_04556.png,346.39,train_04189.png,278.63,67.75999999999999,0.0,40.72563171386719,0.3059797080672184,40.40513610839844,0.31824937033129197,40.72563171386719,0.30597970806721864,40.40513610839844,0.3182493703312917,vflip,0.4696646786322987
65eb9da67c99f22be7bfd26b548af60c41122a1a751716420a63363add809ef5,train_05838.png,303.63,train_03499.png,224.93,78.69999999999999,0.0,30.991592407226562,0.6289501448382779,31.138275146484375,0.6232099026604117,30.991592407226562,0.6289501448382786,31.138275146484375,0.6232099026604117,hflip,0.6602532763128398
661d03d2274530d162366928d63ac27b8370ac4e4ca26832f1012c4e93a1f80b,train_07682.png,240.71,train_03207.png,262.4,21.68999999999997,0.0,24.190353393554688,0.7018216845887796,23.273193359375,0.7155957650507084,24.190353393554688,0.7018216845887802,23.273193359375,0.7155957650507084,identity,0.7018216845887796
66642f32d925b19af8213c6fa22a741f83410f61f4b67ecd5838038b788b3350,train_00237.png,45.59,train_05867.png,12.63,32.96,0.0,37.052520751953125,0.4617200367281584,37.023223876953125,0.4590472777969808,37.052520751953125,0.4617200367281575,37.023223876953125,0.4590472777969814,identity,0.4617200367281584
66a5e2251940cf51ebb07bb38f178dcb00ab81f8d84e9082dfdd23f16d76b081,train_05236.png,337.89,train_02376.png,147.03,169.14000000000001,0.0,65.20407104492188,-0.34625540662775,64.80787658691406,-0.34554598246401047,65.20407104492188,-0.34625540662775,64.80787658691406,-0.34554598246401047,rot180,0.750899673876383
67115655bb96cf1f37e560571f0067b820a80093965f73c3ce39c51fa2d02873,train_06190.png,294.47,train_03209.png,78.27,143.79999999999995,0.0,43.986724853515625,0.30685578981122213,43.74229431152344,0.3136611363066973,43.986724853515625,0.30685578981122336,43.74229431152344,0.3136611363066977,hflip,0.6694328711871648
67563741c82a87e7a463303c0bfb0f92d618f894b6de9ca0b7f79c9b87303134,train_06696.png,304.16,train_00659.png,143.13,161.03000000000003,0.0,39.45722961425781,0.4618231185463305,39.4527587890625,0.46188593176871867,39.45722961425781,0.46182311854633024,39.4527587890625,0.46188593176871867,rot180,0.7450542914820545
6799a867333a0bff5cdda6dc56808a7a43c24a2af9fdc4113822f60a40ae1c65,train_07844.png,327.04,train_01194.png,112.1,145.05999999999997,0.0,45.835296630859375,0.40273892836318775,45.83692932128906,0.40148572700000384,45.835296630859375,0.40273892836318775,45.83692932128906,0.401485727000004,rot180,0.6574570280256622
680d05d900b5d29a00a82a7acb50de0e6252a31f2161efed69482f37df8ee286,train_07540.png,315.05,train_00568.png,67.38,112.32999999999998,0.0,63.858642578125,0.16570554142859387,64.97334289550781,0.14406768190542718,63.858642578125,0.16570554142859387,64.97334289550781,0.14406768190542718,rot180,0.33455921147734385
683d08621c690a19bc0b0db16042adf617cd28b1ef1f3fefcf1395ed60a79386,train_01746.png,352.97,train_01061.png,346.0,6.970000000000027,0.0,28.373825073242188,0.5545877941861891,27.802474975585938,0.5762484279938426,28.373825073242188,0.5545877941861891,27.802474975585938,0.5762484279938426,identity,0.5545877941861891
68790e63a3fdaf3afa6b4dfbeb0583476172b51ea68660b9b455349a3177e733,train_05485.png,270.28,train_06218.png,207.44,62.839999999999975,0.0,55.66326904296875,0.2433125870589544,57.42893981933594,0.2070160941312229,55.66326904296875,0.2433125870589544,57.42893981933594,0.2070160941312229,identity,0.2433125870589544
6880b30dc584646ae60e7fa6640e3cb058ea69f737060783a77faf144a2d214e,train_04898.png,65.24,train_05388.png,225.94,160.7,0.0,55.40122985839844,0.1875633858887536,55.607666015625,0.1784201320703386,55.40122985839844,0.187563385888754,55.607666015625,0.1784201320703386,hflip,0.7923391339754365
68b2f2f6e0e85eb52c6961db90b3a17caa59481ef0345a9df6b5bf00aa8c0979,train_01116.png,298.17,train_05822.png,314.66,16.49000000000001,0.0,27.388320922851562,0.6355905430571739,26.584442138671875,0.6577801955291872,27.388320922851562,0.6355905430571739,26.584442138671875,0.6577801955291875,identity,0.6355905430571739
68d6bbf823c8f5572f8ad6a347c21f2b4960cc64ec872ef9348980e8eb270fb3,train_07406.png,309.13,train_07493.png,293.22,15.909999999999968,0.0,21.328048706054688,0.7678829379729585,20.71844482421875,0.778445452328929,21.328048706054688,0.7678829379729586,20.71844482421875,0.7784454523289296,identity,0.7678829379729585
68e96ecfdac9153ffe28c1dff450583c33e973358bd361d5523dbf9ef2d7335d,train_02867.png,263.78,train_03696.png,257.5,6.279999999999973,0.0,17.757675170898438,0.7074980408570146,17.665115356445312,0.7040401041622225,17.757675170898438,0.7074980408570153,17.665115356445312,0.7040401041622225,identity,0.7074980408570146
6915d06c754c2a45ec2f176e96d1e7f2c625a108b61243953439ffdff0414568,train_03877.png,335.57,train_02696.png,61.99,86.42000000000002,0.0,59.61427307128906,0.25500747756184816,59.15144348144531,0.2700199279625918,59.61427307128906,0.25500747756184844,59.15144348144531,0.2700199279625912,hflip,0.757618423465033
693ad47b214aaa6448fabd6bf2e641abc03d3e39dc1b813db85d739c560788d1,train_05464.png,277.79,train_04011.png,272.37,5.420000000000016,0.0,17.571212768554688,0.8118576904413993,16.212753295898438,0.8424084792619888,17.571212768554688,0.8118576904413993,16.212753295898438,0.8424084792619888,identity,0.8118576904413993
69465aa2b5653038c68d67047e9be79709f78560bab565e027730037d6e5bf6d,train_06485.png,294.61,train_05153.png,111.36,176.75,0.0,62.145172119140625,0.16903062134091137,61.5836181640625,0.17446877265718302,62.145172119140625,0.16903062134091182,61.5836181640625,0.17446877265718347,rot180,0.9437483971096858
696130cbe5c29d47f5e7e3c3095df7f3de9f063aa41695ff38b79ee5aad26677,train_01198.png,326.69,train_00302.png,201.67,125.02000000000001,0.0,56.290496826171875,0.16269326691380862,56.062347412109375,0.16751500077819134,56.290496826171875,0.16269326691380862,56.062347412109375,0.1675150007781913,vflip,0.5775925311469019
6961af327e3528e42a306c32928e6f0f68f5c3865a604ecb4ac280a2b5c18ff0,train_04504.png,319.9,train_00067.png,306.51,13.389999999999986,0.0,28.15399169921875,0.7161778367443905,28.33935546875,0.7131492232207872,28.15399169921875,0.7161778367443906,28.33935546875,0.7131492232207872,identity,0.7161778367443905
696644c3a99ebc7dcf9999523fb5b54238d012b77196625d3d38c2afa996609d,train_00243.png,112.81,train_02809.png,272.06,159.25,0.0,43.96928405761719,0.1543899199946337,42.97520446777344,0.1947778780645351,43.96928405761719,0.1543899199946337,42.97520446777344,0.19477787806453542,rot180,0.5688451317383844
69c0690d19fd056f2781fc5562692b1ce801cebda519884682b26c927b8618a1,train_02158.png,351.28,train_00064.png,70.21,78.93,0.0,48.484893798828125,0.2846354738047115,48.74534606933594,0.2729137319210395,48.484893798828125,0.2846354738047113,48.74534606933594,0.272913731921039,identity,0.2846354738047115
69ce74ac8bf42b03a4a0a7a5e4e1ebc03af825251a47e732922a3654a68a6052,train_01633.png,345.73,train_05963.png,13.65,27.91999999999996,0.0,34.383209228515625,0.6447751171000548,34.39875793457031,0.6444303188238854,34.383209228515625,0.6447751171000525,34.39875793457031,0.6444303188238854,hflip,0.895168814080276
69e7a5520d74383c7aaa0d0488ca20fc2274334c946ed5e5e7b915b7bea18d4f,train_02548.png,309.42,train_03796.png,305.52,3.900000000000034,0.0,11.908767700195312,0.9260476784373632,11.891311645507812,0.9278278384153883,11.908767700195312,0.9260476784373632,11.891311645507812,0.9278278384153881,identity,0.9260476784373632
69ec2a76392695bdaef0ccf0cc80e2b04a40e352733236ddfc0f052dd3d0a0f2,train_00138.png,320.09,train_07593.png,264.35,55.73999999999995,0.0,45.07933044433594,0.19220032844355178,44.05540466308594,0.22327746909154758,45.07933044433594,0.19220032844355203,44.05540466308594,0.2232774690915475,hflip,0.2383982445617017
6a22840031409c230da627c49981391502c259e90c532d51a15c81577021b16a,train_02928.png,274.49,train_01699.png,19.49,105.0,0.0,51.69929504394531,0.07876112698516696,53.4534912109375,0.019149966479742066,51.69929504394531,0.07876112698516691,53.4534912109375,0.019149966479742066,vflip,0.1978365848100576
6a4208fa90e829ebd3e2075b4df5c31d5b84866711ae5839f8d57ae88209a742,train_06666.png,337.26,train_01611.png,80.91,103.64999999999998,0.0,37.254547119140625,0.42478351275778076,37.269134521484375,0.4197252166460568,37.254547119140625,0.42478351275778076,37.269134521484375,0.4197252166460568,rot180,0.4541928273429961
6a607d50c5b660672e5d3be6d4ccedaff1521ddcf82a6c809012e7cd6874c2e6,train_03116.png,301.12,train_02764.png,35.81,94.69,0.0,49.26161193847656,0.3463568561980519,48.936920166015625,0.3550906421504654,49.26161193847656,0.34635685619805195,48.936920166015625,0.35509064215046443,hflip,0.7123051557757347
6a650a2d87e79296f060d39fe1f7e3335903615e2593ae3a619a03a937a04305,train_02488.png,342.17,train_04510.png,265.75,76.42000000000002,0.0,36.90052795410156,0.3428516069306874,37.21141052246094,0.32235915781202656,36.90052795410156,0.34285160693068745,37.21141052246094,0.32235915781202723,vflip,0.5478154467708822
6abfbfd2d43d2500c91c84742916594e2dc13ab6d75840f3b6685c3fbe365052,train_00165.png,279.32,train_04810.png,331.31,51.99000000000001,0.0,50.89788818359375,0.3614908936346793,51.0679931640625,0.3577880635639279,50.89788818359375,0.3614908936346793,51.0679931640625,0.35778806356392784,hflip,0.4390933623344958
6b029062bb47288c7d594dd46b4af68617bd5eae9956aa39a5604a03d29c649b,train_07207.png,58.29,train_06059.png,99.33,41.04,0.0,30.716522216796875,0.5183051674969368,30.453826904296875,0.5160670974188218,30.716522216796875,0.5183051674969368,30.453826904296875,0.5160670974188223,vflip,0.6173103099276064
6b04fcacee28b23e402b9d012c5da17591d1ce9ac012c355b0badc99771ad34d,train_00480.png,330.16,train_06723.png,173.21,156.95000000000002,0.0,74.49575805664062,-0.09227810759477549,72.45216369628906,-0.0434703752506912,74.49575805664062,-0.09227810759477545,72.45216369628906,-0.04347037525069116,rot180,0.6419267340956227
6b443642fbe0a7287df11752cee0cc8d090c1fbc1ac97b3761544fe016184d36,train_01816.png,301.62,train_05142.png,340.79,39.170000000000016,0.0,31.482284545898438,0.5210298374857386,30.83843994140625,0.538575683386891,31.482284545898438,0.5210298374857391,30.83843994140625,0.538575683386891,identity,0.5210298374857386
6c0a65becce35b52c1f17a6c496c99e620a466c7facadfceae5b2bbcab7e61e9,train_04310.png,267.86,train_02835.png,156.0,111.86000000000001,0.0,29.080337524414062,0.01661546325608446,29.664459228515625,0.005583560839923818,29.080337524414062,0.01661546325608446,29.664459228515625,0.005583560839923818,hflip,0.2808142375131162
6c232db8429705011d70f573108acfea54e9a8e6d7620237900a04c287a69b27,train_07160.png,274.23,train_00884.png,180.25,93.98000000000002,0.0,45.04351806640625,-0.017348562417770153,45.3231201171875,-0.02682074191541293,45.04351806640625,-0.017348562417770153,45.3231201171875,-0.02682074191541293,vflip,0.06221502870703242
6cb3d8f923e0de051c7be2cea259ae4a57b722769aa19d86a53dce3648276558,train_01227.png,340.89,train_05945.png,323.77,17.120000000000005,0.0,40.05842590332031,0.3777220710882141,40.81864929199219,0.3641110741465611,40.05842590332031,0.3777220710882141,40.81864929199219,0.3641110741465611,identity,0.3777220710882141
6d3b955e093ca7e9af3060b9896de7df9fdd610e0a2d44554e395bac003c426a,train_04431.png,342.86,train_02069.png,22.71,39.849999999999966,0.0,43.07879638671875,0.5124041380645669,43.067108154296875,0.5125726352119855,43.07879638671875,0.5124041380645669,43.067108154296875,0.5125726352119857,hflip,0.7391286935506411
6d6b3585f6191f41cdb5fe1f2e4660b21ee4f6c89b4ee3d3b5917aea86d5ca26,train_00588.png,90.09,train_03222.png,257.82,167.73,0.0,53.165008544921875,-0.1518109057544323,54.14405822753906,-0.15659595891169414,53.165008544921875,-0.1518109057544323,54.14405822753906,-0.15659595891169364,rot180,0.7448723121885024
6d942dbbb0bc32d6838fc0d5a12921f0195e9cb9b33cc890696156ee696afba6,train_06577.png,236.33,train_01865.png,341.98,105.65,0.0,61.34898376464844,0.026249893869078257,60.07177734375,0.05055361799923386,61.34898376464844,0.026249893869078257,60.07177734375,0.05055361799923386,vflip,0.5166369077449889
6decd31eb1508aca51634c1a0daf5089366a8c4d1e47ddcb9b3c79fd6c92f78e,train_03402.png,334.94,train_06885.png,89.6,114.66,0.0,26.38568115234375,-0.014068122795657787,27.023147583007812,-0.021642464610023362,26.38568115234375,-0.014068122795657787,27.023147583007812,-0.02164246461002338,hflip,0.057569682863215406
6e0bb9b94c5c6ab5fccc0968193256c685bd8e79d7e8e22cfdd049e6fb5dd82d,train_02539.png,322.11,train_03584.png,203.57,118.54000000000002,0.0,84.4288330078125,-0.05480953839889158,84.45111083984375,-0.055064425213469215,84.4288330078125,-0.05480953839889158,84.45111083984375,-0.055064425213469215,vflip,0.8458967161199529
6e4ed8b555162d673a3b4bb3a467aa66c47746a38930af97edffae3f04e1014b,train_00806.png,348.43,train_04761.png,37.44,49.00999999999999,0.0,30.176071166992188,0.16693112388676887,29.786636352539062,0.1718242266987943,30.176071166992188,0.16693112388676834,29.786636352539062,0.17182422669879452,hflip,0.23156938806476143
6e8c7d68b1ee2a2c23a37a37374113331c9cf6578b9f2e898673fca8bc4a9c92,train_06709.png,60.79,train_02625.png,321.07,99.72000000000003,0.0,77.51921081542969,0.1498255894178981,76.39999389648438,0.16689463517457306,77.51921081542969,0.14982558941789786,76.39999389648438,0.16689463517457306,hflip,0.7766612448536828
6f082462d0f21efd9ba35414484d085ffa5e8752c3cb5c03947866636448252c,train_01648.png,317.72,train_04582.png,333.95,16.22999999999996,0.0,3.043701171875,0.16976675760533438,2.3528900146484375,0.10749162125110295,3.043701171875,0.16976675760533438,2.3528900146484375,0.10749162125110295,identity,0.16976675760533438
6f25a7b2b3e08021f0362972559ed5fdc8f1408509f9c19ad2eeb0d260bc2577,train_03650.png,357.54,train_04345.png,233.58,123.96000000000001,0.0,70.35820007324219,-0.02028099084843842,70.83506774902344,-0.03049472906808474,70.35820007324219,-0.020280990848438363,70.83506774902344,-0.030494729068084755,rot180,0.3332230220752824
6f38bf01a9fff5953d4d29f797e9ed96051b78414a381ce2214e779248fa5952,train_07096.png,331.13,train_00660.png,22.01,50.879999999999995,0.0,37.65159606933594,0.42665376479400785,38.0347900390625,0.4198380238650228,37.65159606933594,0.42665376479400796,38.0347900390625,0.4198380238650228,hflip,0.4500881491471573
6f809d9d1a5d1af69736653a292254991a5f0113041a5131185e73fa94449ee0,train_07056.png,285.85,train_02203.png,314.48,28.629999999999995,0.0,31.82061767578125,0.5690688482691191,31.948165893554688,0.5698059114150411,31.82061767578125,0.5690688482691191,31.948165893554688,0.5698059114150408,vflip,0.7833629618873934
6fdf3202ad353453c4779900b3cc68c70c04741b12affc4e8775ddaef866e1d2,train_00321.png,355.45,train_00027.png,70.81,75.36000000000001,0.0,64.45591735839844,0.17384105697689223,64.2921142578125,0.17731180342696945,64.45591735839844,0.173841056976892,64.2921142578125,0.17731180342696945,hflip,0.29791340384907566
6fe36bf19ec0f50918ccc20bbb20e060f0bef1e932a402a07cfcab063d685aaa,train_00898.png,340.12,train_03745.png,46.06,65.94,0.0,24.63055419921875,0.5652815648743955,25.571990966796875,0.5363420099625061,24.63055419921875,0.5652815648743948,25.571990966796875,0.536342009962506,vflip,0.5690809921716787
6fe45555ea899f1e9d981ac5ad1ad7171317b7ca508709762b84d8d258c86c7a,train_02405.png,315.51,train_04119.png,303.4,12.110000000000014,0.0,18.522369384765625,0.8139047911324856,18.22100830078125,0.8195515058038699,18.522369384765625,0.8139047911324856,18.22100830078125,0.8195515058038699,identity,0.8139047911324856
6ff392a44ff243c4e744e57f90e58edcd803b35b1e31359b0af3d903c96c2978,train_07156.png,273.66,train_02225.png,68.66,154.99999999999997,0.0,48.885894775390625,-0.03728579022288941,48.94654846191406,-0.03750435542620516,48.885894775390625,-0.03728579022288941,48.94654846191406,-0.03750435542620516,rot180,0.3342127758845664
705fd6b1e9701f65441d664f58583d3bd17ddb29d906bf4e69d1fc9057c2b7dc,train_07823.png,354.27,train_03552.png,229.87,124.39999999999998,0.0,42.075653076171875,0.08900861461090663,40.680084228515625,0.13312079008063452,42.075653076171875,0.08900861461090663,40.680084228515625,0.13312079008063452,vflip,0.5636023757813361
70a895d4195fd303dd3004101ac40c2e090dbf4d3d95fdeb3c5efd52e56eb518,train_06872.png,358.92,train_05688.png,209.06,149.86,0.0,89.54327392578125,-0.25064182167444987,90.80691528320312,-0.27475527094483765,89.54327392578125,-0.2506418216744497,90.80691528320312,-0.27475527094483765,vflip,0.5748273103931192
70cfde9cf83dc0d7d81fe071d4f2e0facef89e56633d4c5d98751dca2bf282a0,train_07289.png,270.66,train_04549.png,10.45,99.78999999999996,0.0,93.96757507324219,-0.08697427812454017,94.94830322265625,-0.10002044908674664,93.96757507324219,-0.08697427812454009,94.94830322265625,-0.10002044908674664,hflip,0.20033845300501169
718669c0a4ccf6e2fe0afb666dbe4860f71803ace41a0a15ccbd93cfb6425d62,train_04897.png,41.02,train_01574.png,180.19,139.17,0.0,41.18659973144531,0.14133127811645047,41.50434875488281,0.1285691896703557,41.18659973144531,0.14133127811645047,41.50434875488281,0.1285691896703557,vflip,0.37115528668926184
71c4737ef83b5fab815b7a4c90d28795c374726ef6a38ac1bd6b3256b4cdeb27,train_07533.png,340.45,train_05139.png,331.97,8.479999999999961,0.0,17.151748657226562,0.8080600172704424,16.751922607421875,0.8153292615125092,17.151748657226562,0.8080600172704423,16.751922607421875,0.8153292615125092,identity,0.8080600172704424
71c8c8e8b1ac56ea871436015b55d169e03326ef66a530e19884233466add2eb,train_05697.png,297.35,train_01070.png,296.29,1.0600000000000023,0.0,4.1891326904296875,0.9807066169805851,4.5354156494140625,0.9771416209316288,4.1891326904296875,0.9807066169805851,4.5354156494140625,0.9771416209316288,identity,0.9807066169805851
71d5170d5bb65d65810d8efeb28f5f54b42049a7552795995a4711000185f91b,train_06730.png,357.13,train_06078.png,53.99,56.860000000000014,0.0,61.07098388671875,0.3402237491764086,61.00047302246094,0.34185728881493443,61.07098388671875,0.3402237491764074,61.00047302246094,0.34185728881493577,hflip,0.47568389151225327
71e96f78478c37e70fcd460d037b42396175ced7f3f502395ccfdffb5282add7,train_06971.png,287.25,train_06847.png,46.87,119.62,0.0,43.990936279296875,0.4178597526199126,44.01556396484375,0.41378897697475453,43.990936279296875,0.4178597526199126,44.01556396484375,0.41378897697475414,hflip,0.5003382033833699
722046e3ab561dd68bad3714f8bc7b9a070d59275b9fc51c84a0bcad161aa17c,train_04937.png,303.46,train_06329.png,142.76,160.7,0.0,68.46580505371094,-0.05715757117202423,68.453125,-0.057434224578762516,68.46580505371094,-0.057157571172024246,68.453125,-0.057434224578762516,rot180,0.7352953795813072
722c1dcdf84319f4a397c3018ffe505181a4513b0bfa10d2d64d74e0ba91d794,train_04921.png,318.33,train_02862.png,198.55,119.77999999999997,0.0,69.75578308105469,-0.012415887474659187,70.29615783691406,-0.022070047066691016,69.75578308105469,-0.01241588747465917,70.29615783691406,-0.022070047066691,vflip,0.5937494008558228
724a8cd8ba37284f87ec45ca2bf8a8d9c968816293337c486de957614493d3c6,train_00905.png,278.23,train_04974.png,244.14,34.09000000000003,0.0,41.99082946777344,0.5339617571655547,41.696502685546875,0.5414145216503193,41.99082946777344,0.5339617571655543,41.696502685546875,0.5414145216503228,identity,0.5339617571655547
724de837935d730003938bc08d5015e56ef3a440c67c48d5d67d3f33d86d25b1,train_06293.png,296.14,train_06565.png,114.02,177.88,0.0,77.47230529785156,-0.2696134767069078,78.19349670410156,-0.2823816412807539,77.47230529785156,-0.2696134767069078,78.19349670410156,-0.2823816412807539,rot180,0.9655711841263392
7254978534a08929e8fe4a4a785a5294c02d6a8240f45d295c160def0ecb407a,train_05034.png,305.3,train_00388.png,139.56,165.74,0.0,47.97920227050781,0.1253770650947406,48.074066162109375,0.12323103593699061,47.97920227050781,0.1253770650947406,48.074066162109375,0.12323103593699061,rot180,0.4487241427958259
7260e37b229a24a3cba0c78bce73163555ecf147e45e884d350e8622cdadbf74,train_03524.png,352.93,train_05687.png,294.15,58.78000000000003,0.0,48.63710021972656,0.34911662050094827,48.650146484375,0.3486972795232403,48.63710021972656,0.34911662050094777,48.650146484375,0.34869727952324037,identity,0.34911662050094827
7274520113bee75f70c661b90aaa428f821cf0ffd1304997ef6a0cd2fdc97070,train_03346.png,308.84,train_06234.png,307.97,0.8699999999999477,0.0,7.42633056640625,0.8685754164030624,7.41253662109375,0.8722643931897006,7.42633056640625,0.8685754164030624,7.41253662109375,0.8722643931897006,identity,0.8685754164030624
727e09ba18806274e6cecb48b2ff339d057da6fd5845298b8889b3d7bc87abac,train_04638.png,293.98,train_04374.png,286.67,7.310000000000002,0.0,5.0756378173828125,0.8219819134491189,5.0456695556640625,0.8252224216882941,5.0756378173828125,0.8219819134491197,5.0456695556640625,0.8252224216882951,identity,0.8219819134491189
728fffb07f9abaf579c792f7c09181f07b221c30e90790740cbc1a9a81b451d3,train_04781.png,290.04,train_03857.png,338.54,48.5,0.0,51.51258850097656,0.09452313260174142,51.43260192871094,0.09544809702098608,51.51258850097656,0.09452313260174137,51.43260192871094,0.0954480970209861,vflip,0.4311487481245271
72f05325989f73250a4e97e4dd07302a94907f5a021d1d9cebe7a3439334f3d4,train_05648.png,296.27,train_00256.png,319.42,23.150000000000034,0.0,31.434127807617188,0.5522258622187919,31.630172729492188,0.5447676552916778,31.434127807617188,0.5522258622187919,31.630172729492188,0.5447676552916778,identity,0.5522258622187919
734a916eee1809b65ed7fb75db6a6ea630477834bae860dff5c0925d7940b3b7,train_00559.png,314.43,train_07306.png,133.58,179.15,0.0,78.95631408691406,-0.29743005475293177,79.03010559082031,-0.29843024524542194,78.95631408691406,-0.29743005475293177,79.03010559082031,-0.29843024524542194,rot180,0.9823341798642097
736e07ba3ca774ff9cd273f1ecf6ff9725b4436c64c4cbd5c4249900720e3007,train_07467.png,337.26,train_03698.png,230.97,106.28999999999999,0.0,56.847930908203125,0.1338186982511566,55.789642333984375,0.15979727986142522,56.847930908203125,0.1338186982511566,55.789642333984375,0.15979727986142508,vflip,0.6773071358260396
7379e91133c5bf20729df7d83b49c27214443aecb3fbe35e5e34f309e9706979,train_04099.png,346.68,train_01027.png,334.48,12.199999999999989,0.0,31.30535888671875,0.4579919440202698,30.769943237304688,0.4793874401538876,31.30535888671875,0.4579919440202698,30.769943237304688,0.4793874401538876,identity,0.4579919440202698
73ea9e956de5cfff84616a70de9f5babb27ad8ec697295ed1ba2ae4b9de292c7,train_00040.png,256.77,train_06539.png,119.55,137.21999999999997,0.0,63.31230163574219,0.14005754042339433,62.85676574707031,0.14552534712429865,63.31230163574219,0.14005754042339433,62.85676574707031,0.1455253471242986,vflip,0.39318109264409096
73f7245c9d9c34267460cdaa61266ef72512300ffdb58ace63612c3366413515,train_03148.png,291.25,train_01453.png,335.48,44.23000000000002,0.0,39.74653625488281,0.4537104371165033,39.70292663574219,0.4550660216128149,39.74653625488281,0.4537104371165027,39.70292663574219,0.45506602161281556,identity,0.4537104371165033
7419eb8bbbee2c9c7ee20cde7c6cc6e499590c94deeb6f0829d2e51f006425d6,train_04025.png,165.35,train_02721.png,303.13,137.78,0.0,52.73541259765625,0.2656395682108234,53.0958251953125,0.26092859479242564,52.73541259765625,0.2656395682108234,53.0958251953125,0.26092859479242514,hflip,0.6705711822934519
746511023a08eb41c82f16ad39352bfc9ce5f97d9f20fea1ca849e6b86858738,train_07011.png,341.17,train_06115.png,73.88,92.70999999999998,0.0,49.07688903808594,0.2967601808457717,49.105743408203125,0.2928695485755217,49.07688903808594,0.29676018084577177,49.105743408203125,0.2928695485755217,identity,0.2967601808457717
746d6f44111c338df9f57d161ff00477d03c094cbeecbc51db7478754ced7990,train_04366.png,347.21,train_07408.png,285.2,62.00999999999999,0.0,39.51853942871094,0.28080842049415533,39.5145263671875,0.2809948560948174,39.51853942871094,0.2808084204941551,39.5145263671875,0.2809948560948174,hflip,0.8584463454709258
748bcb745206bc5a280296e54ff133b3224bd75c8ee6c932a5a0127ec65b7f51,train_07449.png,335.83,train_04496.png,249.28,86.54999999999998,0.0,55.368927001953125,0.15867142781226806,55.67155456542969,0.1545024657025704,55.368927001953125,0.1586714278122681,55.67155456542969,0.15450246570257034,vflip,0.6245746935305281
74bac480ef485beb4a096e85de502f70ea33e98675e19c421d0dba3e559d5a09,train_06261.png,178.64,train_06075.png,160.13,18.50999999999999,0.0,29.7705078125,0.5040900773228123,28.815780639648438,0.547452445639606,29.7705078125,0.5040900773228123,28.815780639648438,0.5474524456396042,identity,0.5040900773228123
74d52637025e1483267b716b14702994456cc1339d25be06dc545d2a617a8707,train_00308.png,280.82,train_04907.png,192.48,88.34,0.0,68.24507141113281,0.19529837886942794,68.50372314453125,0.18820490179574653,68.24507141113281,0.19529837886942805,68.50372314453125,0.18820490179574598,hflip,0.34309911731677434
74d82d5fd6a10a2293888035294f5695368b04750e9b375025fad523e74ea6c7,train_06544.png,22.48,train_05102.png,216.53,165.95,0.0,42.76698303222656,0.39945501371871556,41.034576416015625,0.44021644789090936,42.76698303222656,0.39945501371871556,41.034576416015625,0.44021644789090925,rot180,0.6630772939261211
74f57d40df68910a140b7c28eef74e8904b6f2569ecdc282d52a84883474786c,train_06025.png,351.31,train_01386.png,6.44,15.129999999999995,0.0,34.68675231933594,0.579052973208501,35.14176940917969,0.5703777690700137,34.68675231933594,0.5790529732085014,35.14176940917969,0.5703777690700135,identity,0.579052973208501
74fe336d63471609292ba56ef76452b482c659c223d9de734e0f44151ac27c96,train_06840.png,270.98,train_07525.png,116.94,154.04000000000002,0.0,49.47666931152344,0.06452866092863671,51.45133972167969,-0.004121569332842648,49.47666931152344,0.06452866092863671,51.45133972167969,-0.004121569332842648,rot180,0.48212147308182707
7549778945fd23cc78d4159886d67cee964835e108345260a1bc67f0609949bc,train_04284.png,331.72,train_00412.png,320.14,11.580000000000041,0.0,0.852294921875,0.17852398344032408,0.8057861328125,0.18784607812263118,0.852294921875,0.17852398344032408,0.8057861328125,0.18784607812263118,identity,0.17852398344032408
755472d1dbd9d0445460fc9e506fdc2ac02d53d9768a706c65721baeea0640ee,train_03308.png,242.43,train_06480.png,102.69,139.74,0.0,109.88200378417969,-0.3224427426065374,109.82862854003906,-0.3225625330141503,109.88200378417969,-0.3224427426065379,109.82862854003906,-0.32256253301415033,hflip,0.5876199489508445
759c5e3488ed063c8a5f31e84370049f57763ff2c433092fd3a734c54b11a626,train_00020.png,106.18,train_03487.png,258.03,151.84999999999997,0.0,44.60780334472656,0.10833990214602904,44.61688232421875,0.10839993352096822,44.60780334472656,0.10833990214602904,44.61688232421875,0.10839993352096822,rot180,0.36816015976985494
75b587cd9b7dc93f6ffdc911cb8ed3edf3c0b9dc8487aececc6a12daee440b24,train_04805.png,335.78,train_02707.png,3.95,28.170000000000016,0.0,35.17352294921875,0.5172539988477619,33.658843994140625,0.5591138837453182,35.17352294921875,0.5172539988477619,33.658843994140625,0.5591138837453182,identity,0.5172539988477619
75c295e56613f6015164b8c3a6beecf2a8efe76894606c8bf7dbbcccca397dcc,train_00696.png,329.26,train_00811.png,27.63,58.370000000000005,0.0,37.001861572265625,0.48099111300724584,37.06629943847656,0.4799334636981789,37.001861572265625,0.48099111300724584,37.06629943847656,0.479933463698178,hflip,0.7348651958504814
75cc2cf2f72fb4ea654159a4b9c94bd561f12e1cbd40b9f95aa2360da65a8db1,train_05550.png,329.36,train_01641.png,136.09,166.73,0.0,68.06866455078125,0.004488039296491793,67.72151184082031,0.008622876819102388,68.06866455078125,0.004488039296491789,67.72151184082031,0.00862287681910239,rot180,0.8469772760756992
76513c5a82a55e333a96eadc1f3ef8a30ede62432ee96568bf5677e5da7b34de,train_01054.png,109.24,train_06825.png,251.89,142.64999999999998,0.0,31.962692260742188,0.44090988919522617,31.937118530273438,0.442616508966528,31.962692260742188,0.4409098891952263,31.937118530273438,0.44261650896652777,vflip,0.7526043395927546
76822f102b57fa1d9c0efae6a4daded8874c9d6838f6c053f20d1781d07bb627,train_01760.png,282.63,train_05643.png,40.26,117.63,0.0,21.347061157226562,-0.09435095575886082,22.56591796875,-0.11311470110896825,21.347061157226562,-0.09435095575886082,22.56591796875,-0.11311470110896825,rot180,0.01321888774031671
768bb88afe8f235f5c6728f62c4948a8d3f52c3eb905d26c0bef1054d1f95c67,train_07194.png,41.79,train_04040.png,349.95,51.84000000000003,0.0,47.196868896484375,0.4228912162024568,46.41973876953125,0.43473203336668137,47.196868896484375,0.4228912162024573,46.41973876953125,0.43473203336668137,hflip,0.5563912756099978
76ae8f8f08ed96a8d70c7f18a23ebf7530013059154182acae70e66e4708375c,train_00919.png,314.91,train_06555.png,55.99,101.07999999999998,0.0,26.641281127929688,0.7331408815656826,26.471466064453125,0.7347653420880952,26.641281127929688,0.7331408815656822,26.471466064453125,0.7347653420880956,hflip,0.7422195479634561
76d259531b223339a9c16407ff9985d5c6b9028c97538339dbaa6f3669df2f5e,train_01035.png,301.33,train_00140.png,86.26,144.93,0.0,83.29100036621094,-0.48278441282097667,83.19749450683594,-0.4816386399210896,83.29100036621094,-0.48278441282097667,83.19749450683594,-0.4816386399210896,hflip,0.6754180105283971
76d815a36f36a15b8150287a82a479a7117ff3b0329d1bf72cb5fa51ef389454,train_04932.png,293.57,train_04456.png,309.24,15.670000000000016,0.0,20.548080444335938,0.7539373248551957,19.593902587890625,0.7671444763267908,20.548080444335938,0.7539373248551962,19.593902587890625,0.7671444763267941,identity,0.7539373248551957
76f13e15ac39b9270a4a46e69c8677ffe56f9a34a7bb9c98e26ae11e8421ab6e,train_01765.png,299.57,train_06390.png,279.05,20.519999999999982,0.0,24.093704223632812,0.7030022692260472,24.463638305664062,0.6900822625366106,24.093704223632812,0.70300226922605,24.463638305664062,0.6900822625366099,identity,0.7030022692260472
7712e6bc8047c72d20b97555e59d44c384067ce86692a21fe0afa442d3a27181,train_00419.png,346.63,train_01551.png,48.74,62.110000000000014,0.0,37.05157470703125,0.12586017798292717,35.64927673339844,0.1474707307592846,37.05157470703125,0.12586017798292717,35.64927673339844,0.14747073075928463,identity,0.12586017798292717
771b9b6076e9487ff16c1af00e4f0147b243f49903da3416c2b8c3fbe3846715,train_04351.png,347.44,train_01608.png,74.43,86.99000000000001,0.0,43.065521240234375,0.2933216915814473,41.799102783203125,0.34771654701395277,43.065521240234375,0.2933216915814474,41.799102783203125,0.3477165470139528,hflip,0.539385396267242
774c35c9c548320599eac52c0d2801cb677ab61bdc25a8c9f8d4a83653070484,train_00764.png,286.7,train_05906.png,347.98,61.28000000000003,0.0,50.30241394042969,0.29745192279817406,50.60530090332031,0.28979266348344823,50.30241394042969,0.2974519227981747,50.60530090332031,0.2897926634834481,vflip,0.36090591155489077
774d9a90796e979277b40153f8f33a2c06b9e9315a82590dc4c8a4306517afc1,train_04542.png,42.14,train_00746.png,258.28,143.86,0.0,73.24655151367188,-0.20584225589751123,71.23085021972656,-0.16744903426727498,73.24655151367188,-0.20584225589751123,71.23085021972656,-0.16744903426727498,rot180,0.49919073808410586
77678d4bb02e4c415614cb84db3986a59d52cfeb45fb12d2110a805828624077,train_01085.png,336.2,train_01007.png,32.64,56.44,0.0,49.23646545410156,0.4679971701288406,49.26560974121094,0.4681095228573493,49.23646545410156,0.46799717012884223,49.26560974121094,0.4681095228573503,hflip,0.7442132086386102
77751914c0fe3c0cf72cbb50864ba28fcd0e771113c82761a67a022d8a40c3eb,train_05540.png,183.09,train_00345.png,102.98,80.11,0.0,61.83941650390625,0.10935494637790108,60.5931396484375,0.14070210188313476,61.83941650390625,0.10935494637790007,60.5931396484375,0.14070210188313476,hflip,0.5697507264606142
77867fe721e46baaface2d310645c23407ae485748848b5b3bc18a1b22c3735a,train_07730.png,308.22,train_00121.png,345.36,37.139999999999986,0.0,30.321502685546875,0.5705883748792344,30.256027221679688,0.5721625574300383,30.321502685546875,0.5705883748792346,30.256027221679688,0.5721625574300383,identity,0.5705883748792344
7792a6e3e50e88b9b3af96befcafc6a25a67e1e4dc2a68ca7a8677b6fd5e8d94,train_01459.png,218.55,train_06295.png,342.58,124.02999999999997,0.0,24.4544677734375,0.6418290349025516,25.59271240234375,0.6118189791203983,24.4544677734375,0.6418290349025516,25.59271240234375,0.6118189791203986,vflip,0.7504790220105285
77ac19bae183ba6f0cf4337af7e6dee6152372dff1e6071d0cc98f842872a021,train_00005.png,109.42,train_07435.png,357.61,111.81,0.0,54.148895263671875,-0.0636580974518131,53.21192932128906,-0.042041965258199615,54.148895263671875,-0.0636580974518131,53.21192932128906,-0.042041965258199615,hflip,0.08140220033228833
77e39947d677e22b9f9f5c8b04c6525ffb53c4fee5c29009ad77efaba6c8d468,train_03523.png,320.37,train_03961.png,86.96,126.58999999999997,0.0,63.806671142578125,-0.14408186325438246,64.53181457519531,-0.16198184761890094,63.806671142578125,-0.14408186325438246,64.53181457519531,-0.16198184761890094,rot180,0.38043476527377457
77ff5c623b753501c22598be48dbc1d78d7b7c16b3f89cb4211c0eff2f6f49f6,train_07542.png,205.63,train_07837.png,245.0,39.370000000000005,0.0,39.070220947265625,0.4730459523365468,39.090362548828125,0.47277942451051735,39.070220947265625,0.4730459523365468,39.090362548828125,0.47277942451051735,vflip,0.6627065151479562
7887db5281b72a25ef31f5d584ce81e0709907f18464edaf8cc15fe1e5cd7bf0,train_07545.png,309.23,train_06668.png,348.13,38.89999999999998,0.0,20.869598388671875,0.565625673045244,20.334884643554688,0.5817214823645085,20.869598388671875,0.565625673045245,20.334884643554688,0.5817214823645085,hflip,0.6203489511670816
78af50d72a35c192d3e64830e50d74009f4eab0151f1c2d1115665d3275e3407,train_02874.png,305.43,train_03051.png,187.66,117.77000000000001,0.0,66.01101684570312,0.019035749193631615,65.54620361328125,0.028064960711666108,66.01101684570312,0.019035749193631615,65.54620361328125,0.028064960711666108,vflip,0.5704135689183804
79068450aa38817d801f38cfc1af79b26cb119516cf46ca8ad4b843812c51a8d,train_06149.png,242.27,train_03363.png,345.91,103.64000000000001,0.0,35.19294738769531,0.3618616211978952,34.46150207519531,0.38826382931131337,35.19294738769531,0.3618616211978952,34.46150207519531,0.3882638293113133,vflip,0.4108527419341898
7909356d5f5e18335b057fb069689afda90d8b03a45add5f0d75dd259af7480d,train_00943.png,358.87,train_02273.png,140.24,141.37,0.0,84.3624267578125,-0.3249846280234619,84.31790161132812,-0.32431385249359274,84.3624267578125,-0.3249846280234614,84.31790161132812,-0.3243138524935922,vflip,0.5339065308466744
790d5950630bbc7c7fce7ee65b842df32fcd45aa1beff6ef8efecd8ebc3758f8,train_05723.png,357.41,train_00319.png,225.21,132.20000000000002,0.0,55.90910339355469,0.009340449021912165,55.39825439453125,0.018952965418978843,55.90910339355469,0.009340449021912165,55.39825439453125,0.018952965418978843,vflip,0.5280180780712669
793c20508e162a8ffa9f2d31d659306e54e6aa9265fa6ec6b890f8fa5f1da8be,train_02850.png,31.35,train_06286.png,344.81,46.54000000000002,0.0,44.43070983886719,0.18027906252232478,44.272735595703125,0.18594004556354726,44.43070983886719,0.18027906252232478,44.272735595703125,0.18594004556354726,hflip,0.29780560042958604
79769c39ceedaefb3711d94cf64c41b6ce4aef1ff974aab8b42f5ec69cb4c8f0,train_01430.png,170.61,train_06271.png,189.23,18.619999999999976,0.0,20.966781616210938,0.5565872124398471,20.986465454101562,0.5561020222516244,20.966781616210938,0.5565872124398464,20.986465454101562,0.5561020222516245,identity,0.5565872124398471
79863c81e51b22cb9c4e77051a485e5f69a501a39448aa27fec742b73f446f5e,train_02164.png,336.39,train_00282.png,207.79,128.6,0.0,66.37245178222656,-0.24629016172064627,66.20530700683594,-0.24545021685021062,66.37245178222656,-0.24629016172064627,66.20530700683594,-0.24545021685021062,vflip,0.5411480925677096
7991339f285340ce6f6c4d1f82f4ea725967d522c8c57283d3df542cbf5fd0d2,train_02551.png,341.67,train_07634.png,354.74,13.069999999999993,0.0,31.602249145507812,0.41627142804725853,29.463516235351562,0.515278613258622,31.602249145507812,0.41627142804725853,29.463516235351562,0.515278613258622,identity,0.41627142804725853
799fb818e6030c768b196b5e3c95eb042c0c0197063a3d43741cc0fd2409714b,train_06256.png,48.79,train_01905.png,267.8,140.98999999999998,0.0,44.66532897949219,0.16875732981805405,44.900543212890625,0.15639131487896496,44.66532897949219,0.16875732981805402,44.900543212890625,0.15639131487896496,hflip,0.2200024413044182
7a1041bbe299ceb3837d3c601c2c10be7d72a70cd2fe1194d96b41524899b0ca,train_02897.png,335.35,train_03033.png,73.0,97.64999999999998,0.0,28.358856201171875,0.6149381376697255,27.835479736328125,0.6155992786126931,28.358856201171875,0.6149381376697255,27.835479736328125,0.6155992786126934,rot180,0.625176210700977
7a4ff20afd955173c87a68131ce45d169eb5cc225c958f093b833b53f1a2eb84,train_01160.png,306.92,train_02951.png,23.28,76.36000000000001,0.0,35.019744873046875,0.15789563050042232,34.44627380371094,0.17039068477637748,35.019744873046875,0.15789563050042232,34.44627380371094,0.17039068477637748,hflip,0.4014590914060779
7a50ff01d4185c9fc3d99e32c82c0ba5c2cd52e5a6a520a97a174d31b2987e93,train_02340.png,313.75,train_00277.png,174.73,139.02,0.0,36.79698181152344,0.30347935053157754,36.79864501953125,0.3032460329689939,36.79698181152344,0.30347935053157754,36.79864501953125,0.3032460329689939,hflip,0.32742526117193843
7a5c50cb437a70427499ec668611ef886fe334dd9045c345294b5c5efde436f7,train_02357.png,51.21,train_03849.png,144.32,93.10999999999999,0.0,55.65510559082031,0.21723029725276785,55.41654968261719,0.22167683205106725,55.65510559082031,0.21723029725276785,55.41654968261719,0.22167683205106725,vflip,0.7271396031516036
7a6d9a9ef2f372bda05b5a32ff9005f87dfe5a53c08ba7c8fd7cdc63a43aefff,train_05840.png,220.61,train_04670.png,12.08,151.47,0.0,23.61334228515625,0.572956862333822,24.270294189453125,0.5531919310656537,23.61334228515625,0.5729568623338214,24.270294189453125,0.5531919310656537,rot180,0.5765685988124005
7a7fe7c07993bdefe4229d455a74fcb8d97aae256b4d4bb96b115629a3740ad5,train_05940.png,316.07,train_03021.png,320.39,4.319999999999993,0.0,14.534774780273438,0.8606201885622126,14.574417114257812,0.8597142847771627,14.534774780273438,0.8606201885622126,14.574417114257812,0.8597142847771627,identity,0.8606201885622126
7a989a6b67445c00f779954712894b423f64431cf4079ec182ec6b17c92e64d9,train_03456.png,297.91,train_04386.png,57.74,119.82999999999998,0.0,69.26838684082031,0.09322946535017335,69.282958984375,0.09288258670273582,69.26838684082031,0.09322946535017339,69.282958984375,0.09288258670273578,hflip,0.41082607650901254
7aa0cb43811894263c2780ca2552a832659a2f3cb7ce8be3bfce481452be3962,train_02037.png,333.78,train_03566.png,162.92,170.85999999999999,0.0,29.271163940429688,0.493842699950064,28.716217041015625,0.5197511474628868,29.271163940429688,0.4938426999500638,28.716217041015625,0.5197511474628869,rot180,0.7213333994199835
7aa6a4e37328406db93de5288d3113893c516be351d48f763bc70c3c41eace8b,train_03053.png,130.04,train_00579.png,255.01,124.97,0.0,63.617431640625,0.06227343250186219,62.744781494140625,0.07913078007789769,63.617431640625,0.06227343250186219,62.744781494140625,0.07913078007789784,hflip,0.6836347040934643
7b1ee03211c29d6f39ac62b96725b415845ca39424a4fac094e948c0569286fa,train_05049.png,346.11,train_05621.png,203.63,142.48000000000002,0.0,75.38876342773438,-0.05681928871639509,75.99861145019531,-0.06902371844110748,75.38876342773438,-0.05681928871639509,75.99861145019531,-0.06902371844110747,vflip,0.3264698608920496
7b9535cb7bceeec9433ee1d96fb11dc560188507029595a2f9648f6ad5fade13,train_06663.png,120.4,train_02935.png,159.58,39.18000000000001,0.0,21.119888305664062,0.5971135980384045,21.075698852539062,0.5984611473962116,21.119888305664062,0.5971135980384039,21.075698852539062,0.5984611473962118,hflip,0.778473236926768
7bef729b37401eb088f3b2f21bcfc2de624872ea05669f84a0ca3a1cf932971f,train_03881.png,327.44,train_04836.png,36.7,69.25999999999999,0.0,45.384033203125,0.3294227921416954,45.38092041015625,0.32962662896545675,45.384033203125,0.3294227921416954,45.38092041015625,0.32962662896545675,hflip,0.8752770127954199
7bf1fe66c53604e1e2111bdcb07ce1bc650e09cd016e63d4bc5c6af0b8a0e8ae,train_03349.png,311.28,train_03184.png,165.45,145.82999999999998,0.0,79.38409423828125,-0.18221055461226876,79.27215576171875,-0.18124026132924131,79.38409423828125,-0.18221055461226876,79.27215576171875,-0.18124026132924131,rot180,0.5028752768256624
7c4db7e391753db17d0f5b39369ba5be058b5eaa2f03085ae1f2ab824f029513,train_02151.png,312.25,train_05222.png,244.7,67.55000000000001,0.0,47.47076416015625,0.42834402952763184,48.60395812988281,0.40809271255958973,47.47076416015625,0.4283440295276322,48.60395812988281,0.40809271255958957,vflip,0.5274265402252641
7c5b4d91ff86c3f01c93fc0ebf91b571318e4703f4dbc356f4ce794fe62cc297,train_05875.png,313.39,train_01432.png,229.95,83.44,0.0,61.34077453613281,0.2908339786634969,61.35780334472656,0.2905879769382195,61.34077453613281,0.2908339786634964,61.35780334472656,0.2905879769382193,vflip,0.9494591262822559
7c7fdb15a6405b7393522d855a3256886a27de6940991f9ced6732d2c63aa6cf,train_00911.png,224.89,train_03647.png,168.54,56.349999999999994,0.0,30.544113159179688,0.47479750125135606,32.3369140625,0.4208819580628409,30.544113159179688,0.4747975012513551,32.3369140625,0.4208819580628409,identity,0.47479750125135606
7c864bc7ebdb66cc5576b552dba8ecdeaee07080ebb9ad5fab729b615db9b853,train_04424.png,302.33,train_07331.png,37.39,95.06,0.0,67.6378173828125,0.21559064328715505,68.21978759765625,0.20282021405205197,67.6378173828125,0.21559064328715505,68.21978759765625,0.2028202140520526,hflip,0.3344327962123359
7c8de3320185d2c0cad8025c05718c648732b4c5731a08458cb18d439215ad1c,train_06760.png,284.66,train_01924.png,279.5,5.160000000000025,0.0,13.883926391601562,0.8397633698130749,13.968917846679688,0.8392869497638975,13.883926391601562,0.8397633698130751,13.968917846679688,0.8392869497638996,identity,0.8397633698130749
7c91e556286c5d78c154c1a430e65168e0518611df5c19e6a9dea6326a0de81a,train_01670.png,336.74,train_02969.png,205.69,131.05,0.0,45.76789855957031,0.1844040894695482,45.77598571777344,0.184024856912761,45.76789855957031,0.1844040894695482,45.77598571777344,0.184024856912761,hflip,0.4240287428612296
7caeb6464b8827e75f8e331d82d591c95e90c9ad48bffdf7be4dee8ce76b4fa7,train_04786.png,132.39,train_05078.png,302.59,170.2,0.0,53.95649719238281,0.2933717241204766,54.34239196777344,0.29268140551949884,53.95649719238281,0.2933717241204764,54.34239196777344,0.29268140551949906,rot180,0.8391488994228372
7cf100af76f1b082693d6d2b85ebc80cc01f63ece679d0dbf1ebe06228e6979f,train_01366.png,270.22,train_02747.png,150.14,120.08000000000004,0.0,48.54084777832031,0.23248243446896807,47.6671142578125,0.26468492697751916,48.54084777832031,0.23248243446896855,47.6671142578125,0.26468492697751916,hflip,0.3966873417089814
7d035657c574710aab8db117c3bc6373a9db99602f3959bf1c16c7c78dbbdb4f,train_02061.png,358.96,train_04417.png,337.51,21.44999999999999,0.0,28.659393310546875,0.6367118296595448,30.052642822265625,0.6112646378689544,28.659393310546875,0.6367118296595389,30.052642822265625,0.6112646378689542,identity,0.6367118296595448
7d1e148e86788c453301e1577a1ca94b16980f1af2ab5e718184f69c899cd2d4,train_03839.png,325.91,train_01598.png,92.52,126.60999999999996,0.0,84.36582946777344,-0.22497383404325486,83.78912353515625,-0.21225523841279254,84.36582946777344,-0.22497383404325505,83.78912353515625,-0.21225523841279298,hflip,0.7460682861716944
7d1e1f7e2d3406db0a8710ab646c9afe9133ae13466219d62503fba12463e439,train_06752.png,311.4,train_02247.png,262.28,49.120000000000005,0.0,42.79840087890625,0.3851107864824997,43.393402099609375,0.36998787715222575,42.79840087890625,0.3851107864824997,43.393402099609375,0.36998787715222575,rot180,0.38655021944703855
7d5652bc1820a8ec449afea036c6b3b552f39159c1e1b81df86305abb181bdf9,train_03567.png,350.97,train_06654.png,198.64,152.33000000000004,0.0,74.89707946777344,-0.29380095942618173,74.77230834960938,-0.29159568183708295,74.89707946777344,-0.29380095942618184,74.77230834960938,-0.29159568183708295,rot180,0.4316635242754601
7d6c6ba27cab735432121ff0654ee80e114ebd3556f032b2287b3ff553523329,train_04964.png,326.33,train_00031.png,177.89,148.44,0.0,77.83749389648438,-0.39589165994248793,77.87956237792969,-0.3959795193131663,77.83749389648438,-0.39589165994248793,77.87956237792969,-0.3959795193131663,vflip,0.6901491387834884
7d7f130cb15eae2054abf0462d61dd26b5158eb9fef7121c32f5396ff3d18f01,train_00231.png,315.77,train_05178.png,235.38,80.38999999999999,0.0,28.360565185546875,0.6646412791025733,28.698348999023438,0.6564527697368577,28.360565185546875,0.6646412791025733,28.698348999023438,0.6564527697368571,rot180,0.6729623561186858
7dc4db3476b2e5b1412f3f68d4c8d0668c2bbaa0317b6693278c2b23be2c1213,train_05647.png,332.38,train_07179.png,80.41,108.03,0.0,58.60401916503906,0.03824515922453187,57.35791015625,0.06462130383875246,58.60401916503906,0.03824515922453187,57.35791015625,0.06462130383875246,hflip,0.5031074862675688
7dcb5974604f85aaf10cf771e8590eee9833f70ff63473b5123c28e34c0bec36,train_05576.png,304.28,train_00283.png,317.48,13.200000000000045,0.0,25.210205078125,0.7020728493625885,25.477020263671875,0.6998655927361803,25.210205078125,0.7020728493625885,25.477020263671875,0.6998655927361803,identity,0.7020728493625885
7e1414b0797f59f33d92d8392e697d674fdad78bc796a34bdcd0aa6cf023f925,train_02705.png,295.43,train_03012.png,356.25,60.81999999999999,0.0,30.993148803710938,0.3584301643334982,31.250595092773438,0.34096411119215625,30.993148803710938,0.3584301643334982,31.250595092773438,0.34096411119215625,hflip,0.5891038848480408
7e2f1fc257da59324f76ecdef2a8c0bc01d0d266cbe66a329dec146aaa368394,train_00803.png,305.12,train_03906.png,300.89,4.230000000000018,0.0,8.763519287109375,0.9448386823520214,8.734420776367188,0.9452259594205425,8.763519287109375,0.9448386823520202,8.734420776367188,0.9452259594205414,identity,0.9448386823520214
7e57e4728414d6bd5fa0306b3c8809c1037586b70a30b81451c1ed587d849ed4,train_05721.png,348.88,train_00203.png,189.04,159.84,0.0,129.29061889648438,-0.6152653902091741,129.255859375,-0.6150303053567879,129.29061889648438,-0.6152653902091743,129.255859375,-0.615030305356788,vflip,0.7932860194615038
7e5a4c94a6da1d31a32fdc842c25f39538df9140c046eef513394ae6d48cfded,train_01814.png,289.14,train_04595.png,321.27,32.129999999999995,0.0,29.326004028320312,0.6040062467488354,29.172622680664062,0.6076470769533188,29.326004028320312,0.6040062467488354,29.172622680664062,0.6076470769533188,identity,0.6040062467488354
7e60582b80541fcb52b2b19ff6e0f396142914027afd7986f532217d6f8b2f28,train_07183.png,313.45,train_02283.png,118.12,164.67000000000002,0.0,81.72090148925781,0.015564170265358892,81.40959167480469,0.020675980421684673,81.72090148925781,0.01556417026535887,81.40959167480469,0.02067598042168472,rot180,0.776246334602997
7e613c2184c288ae73981ac5c792c9d97a25bf874f94c92a33c291b949c68e36,train_00590.png,341.18,train_00225.png,346.74,5.560000000000002,0.0,16.677947998046875,0.8276239483542565,16.0020751953125,0.8407160302900705,16.677947998046875,0.8276239483542565,16.0020751953125,0.8407160302900705,identity,0.8276239483542565
7e66d24d4dc9464bacf17fb060d0477c5082f7ca01aaffe819deeff526c9dd4a,train_00123.png,302.08,train_03907.png,87.89,145.81,0.0,47.43260192871094,-0.17342979253938748,47.52677917480469,-0.17448710067954548,47.43260192871094,-0.17342979253938748,47.52677917480469,-0.17448710067954548,hflip,0.35857775721086466
7e78ea7fab55870dfba38a83218f685bdae16b04b31b3808f6dbc9eb3982382d,train_02109.png,299.65,train_03772.png,244.23,55.41999999999999,0.0,36.880615234375,0.4486402844800153,36.55122375488281,0.4556436925190719,36.880615234375,0.4486402844800153,36.55122375488281,0.45564369251907194,vflip,0.7228828714394256
7eae615f40d8be979cb8b9a71edb92f0555769077b93703b3fdabf9a7c68e582,train_03484.png,338.64,train_06496.png,110.69,132.05,0.0,28.642562866210938,0.4679118328048585,28.639434814453125,0.468060952601607,28.642562866210938,0.4679118328048585,28.639434814453125,0.468060952601607,hflip,0.9622400706924642
7eb2e450e19027c037cdb678de0b5db76700c8312b4941ac3a5e7284c6bd9753,train_02820.png,25.39,train_03898.png,277.67,107.71999999999997,0.0,28.279510498046875,0.4926335794683326,26.681777954101562,0.5718211287220787,28.279510498046875,0.4926335794683326,26.681777954101562,0.5718211287220782,rot180,0.49282664153086736
7ecb30e2d337b0302532f6842afda2dba36ce3408856603461af662f87f4690d,train_07750.png,310.11,train_02384.png,13.74,63.629999999999995,0.0,36.0521240234375,0.46615837812352595,35.97967529296875,0.4688245535401219,36.0521240234375,0.46615837812352595,35.97967529296875,0.46882455354012237,vflip,0.5810529123451182
7ed6224a97ba0309e1d3cfe79693f4e5df3a8aa6590684290223a385bbe4a6bf,train_04156.png,207.95,train_02745.png,73.54,134.40999999999997,0.0,59.604248046875,0.00932039916866154,59.75382995605469,0.006237800573199168,59.604248046875,0.009320399168661548,59.75382995605469,0.006237800573199168,hflip,0.6211227125418887
7ed9dab3ca52927bc3c2a0b1bed2d67d3316992353be76b803cf0713c9db7434,train_01891.png,258.7,train_07295.png,327.44,68.74000000000001,0.0,51.25018310546875,0.3259970747365434,51.1033935546875,0.3320562371800173,51.25018310546875,0.3259970747365434,51.1033935546875,0.33205623718001737,vflip,0.6791164357690856
7edd3b4c4373dabfca35ec8f980c9f6bbe3d7473295a94b903988aececf86935,train_01359.png,312.53,train_00890.png,255.74,56.789999999999964,0.0,30.034866333007812,0.4987302396068999,29.849884033203125,0.5064559567966999,30.034866333007812,0.4987302396068998,29.849884033203125,0.5064559567966999,vflip,0.6381479342872085
7eff6757af4423921e1bab4cb07b05082ef4d2359d1b694ea250001015f2c23e,train_04550.png,355.83,train_02429.png,347.73,8.099999999999966,0.0,22.2410888671875,0.4683616440871635,21.748764038085938,0.5003263231311105,22.2410888671875,0.4683616440871635,21.748764038085938,0.5003263231311105,identity,0.4683616440871635
7f43abc1c09c1ae434aa920719cee2710be7e8556a05811881b62886a56e4d30,train_02391.png,311.6,train_00079.png,49.28,97.67999999999995,0.0,42.98504638671875,0.23938220978154717,42.97319030761719,0.23987055793029002,42.98504638671875,0.23938220978154717,42.97319030761719,0.23987055793029002,hflip,0.6177663731634199
7f857658ad148a0f09176921adc9fd253ca191c46da2d22fc051ee54b8f1fee4,train_00802.png,218.25,train_00899.png,36.25,178.0,0.0,119.47525024414062,-0.5025920363078925,119.46176147460938,-0.5024072984931393,119.47525024414062,-0.5025920363078925,119.46176147460938,-0.5024072984931396,rot180,0.9754232906550359
7fdc2b2c472246f386236b6304f96ae2ed35942e06482ae4fb03fea073d72d1f,train_05659.png,287.56,train_05656.png,177.86,109.69999999999999,0.0,51.62641906738281,0.007759412439855535,51.25279235839844,0.014735996592730177,51.62641906738281,0.007759412439855535,51.25279235839844,0.014735996592730177,vflip,0.19209408332706077
8000150fa6fed549aaaf7f88f1451177a3a80e76e87882175924e1c8110152dd,train_07566.png,279.12,train_02064.png,227.92,51.20000000000002,0.0,44.97900390625,0.3804752552742226,45.231842041015625,0.3749134621832691,44.97900390625,0.38047525527422227,45.231842041015625,0.37491346218326915,hflip,0.47415242602199836
80423d53316752f6f6ad72f27677d2730801d976ddfa456f4cda6d3903c64881,train_02288.png,355.2,train_05521.png,132.61,137.41000000000003,0.0,29.196578979492188,0.36385207069947817,29.14117431640625,0.3662061984275253,29.196578979492188,0.3638520706994781,29.14117431640625,0.3662061984275253,vflip,0.3788174946923777
80463fbb9987b841ebded940e3033f720b8cbf98b1d864186c56af2a776f2ddb,train_03405.png,352.43,train_01206.png,238.29,114.14000000000001,0.0,78.45223999023438,0.016644563025353686,79.13298034667969,0.005347602779853084,78.45223999023438,0.016644563025353835,79.13298034667969,0.005347602779853086,rot180,0.3147388929481455
8047f119a7b1812e4ae3354f76c5559a7e5477da103e7e37dc100c2f4099046d,train_01073.png,229.06,train_03739.png,293.33,64.26999999999998,0.0,36.0595703125,0.4964301425339562,37.71440124511719,0.45958236343008235,36.0595703125,0.4964301425339568,37.71440124511719,0.45958236343008274,vflip,0.6084172826755947
804c88595e1caab9c8c3e023f1aec0d1f1180adc3d898cb433d4182fbfd66721,train_03550.png,312.12,train_03260.png,103.85,151.73,0.0,89.68405151367188,-0.10632660716553677,90.02239990234375,-0.11490017039790415,89.68405151367188,-0.10632660716553667,90.02239990234375,-0.11490017039790415,hflip,0.7162700921647913
8053575013feaeffc673d830b264f3723b465adf940e2798ca6644f21b9b2704,train_06810.png,337.95,train_05232.png,312.71,25.24000000000001,0.0,27.04107666015625,0.6444958304425908,25.935226440429688,0.6658987660320853,27.04107666015625,0.6444958304425908,25.935226440429688,0.6658987660320853,identity,0.6444958304425908
8074d025ae28eb78bf98e911a2edd016a42c203abf2dc800061d4b3383207fba,train_07718.png,317.42,train_00921.png,5.77,48.349999999999966,0.0,39.29356384277344,0.35958000569251836,38.916015625,0.3692582076788852,39.29356384277344,0.35958000569251825,38.916015625,0.3692582076788852,hflip,0.5170049592181819
80b0f8758bb86b438d8384ac0ce10d5aa3b122acf3071d68e3ceaa53230a596d,train_03454.png,307.58,train_06162.png,354.95,47.370000000000005,0.0,37.120147705078125,0.506848100848032,36.8402099609375,0.5110811661467252,37.120147705078125,0.5068481008480317,36.8402099609375,0.5110811661467252,identity,0.506848100848032
8120058abdaad1fc9c971e2d09b2b021b4846f0cfa0e57b11bfecbd915482adf,train_05003.png,89.98,train_03599.png,159.98,69.99999999999999,0.0,56.32427978515625,0.17030406581529284,56.64630126953125,0.16335943045537066,56.32427978515625,0.17030406581529284,56.64630126953125,0.16335943045537066,identity,0.17030406581529284
81366a94b74c6f1a495118eaff3e5deaf4ade7a6202cb0d10a80a2eb6e21bb5b,train_00478.png,22.52,train_04264.png,194.77,172.25,0.0,79.54167175292969,-0.3802844971170379,79.95002746582031,-0.3858134675162776,79.54167175292969,-0.3802844971170379,79.95002746582031,-0.3858134675162776,rot180,0.887752270498605
81467dccf61cbb6409febe99a9aeba37963f8c46d2707d0a52d9807482acd0fa,train_00009.png,177.07,train_00265.png,239.59,62.52000000000001,0.0,54.57615661621094,0.15861095797238686,54.95967102050781,0.14915086763553512,54.57615661621094,0.1586109579723865,54.95967102050781,0.14915086763553492,vflip,0.19130481237852165
817fb81defaf8c8f207b5549265123c225aa6a635471d64cfbf3cde363f7874e,train_04690.png,158.71,train_01285.png,358.97,159.73999999999998,0.0,27.784835815429688,0.22226234695509078,27.669097900390625,0.23944108129079197,27.784835815429688,0.22226234695509078,27.669097900390625,0.23944108129079197,rot180,0.22451698764910946
818c286958a27b846296bd2c32d2569d5b4f9a52e8a5840d948642fb8ff7c78d,train_03551.png,332.39,train_07639.png,308.41,23.97999999999996,0.0,26.610336303710938,0.6914739961493402,26.751373291015625,0.6892409371245072,26.610336303710938,0.69147399614934,26.751373291015625,0.6892409371245071,identity,0.6914739961493402
81a0399df77eeead8e05a98b96150e8d10bd24e99742a4941e54c298b28ae870,train_07272.png,277.35,train_07843.png,85.49,168.14,0.0,35.84175109863281,0.17123340776448517,36.15275573730469,0.15277714248912352,35.84175109863281,0.17123340776448548,36.15275573730469,0.15277714248912375,rot180,0.5441395624412246
81befe63360baf0be59cb4ece3a13bffb13a071803a7f7a823e15a0470be81ad,train_02566.png,304.15,train_01689.png,114.77,170.62,0.0,76.92031860351562,-0.19048160904550512,76.53974914550781,-0.18388377042328544,76.92031860351562,-0.19048160904550512,76.53974914550781,-0.18388377042328544,rot180,0.7831998190961906
826e868968799f83f2a8f54e54e1bc2fbdace92c3fee72e8b283412567983ea7,train_07198.png,303.31,train_00647.png,75.67,132.36,0.0,60.60090637207031,0.06546787045778181,61.271240234375,0.05258883064060288,60.60090637207031,0.06546787045778181,61.271240234375,0.05258883064060288,rot180,0.2805115098649653
8275a8b29b58ce8202c3fc61a91a3f1e4c586003ee7c6c2088c3d53f96d499e6,train_05654.png,332.78,train_04779.png,124.0,151.22000000000003,0.0,75.98417663574219,-0.12598307948358778,75.94898986816406,-0.12596448414420733,75.98417663574219,-0.12598307948358783,75.94898986816406,-0.1259644841442072,rot180,0.6667554029670513
8277043caa24434cb7978adeac57885750b1c946b156479b4122d9ee8c5accdd,train_05031.png,295.31,train_04760.png,174.11,121.19999999999999,0.0,66.53587341308594,0.06721667647703415,65.55693054199219,0.0910501050092522,66.53587341308594,0.06721667647703403,65.55693054199219,0.09105010500925223,vflip,0.5044973813947142
82a0bdf6dc5a0d4a8e291fb4091a6d7fde6dba97ede81ac90e8cab21b404ba61,train_01937.png,270.65,train_04188.png,288.06,17.410000000000025,0.0,23.957763671875,0.6032950158546427,22.374481201171875,0.6482418575465867,23.957763671875,0.6032950158546427,22.374481201171875,0.6482418575465867,identity,0.6032950158546427
82ac9e2c28beb707c0f813cd3d0080f54246d056b6630942cbce2adfc503e0b1,train_05663.png,328.97,train_00224.png,32.78,63.809999999999945,0.0,36.0189208984375,0.4485811358977989,35.88215637207031,0.4516358898780535,36.0189208984375,0.4485811358977986,35.88215637207031,0.45163588987805364,hflip,0.6979953324701317
82cd6d28e791eadd364ab03d2522339c73bcbd8893cbb7c073b3c87a7ce58024,train_05668.png,290.03,train_03516.png,262.83,27.19999999999999,0.0,35.42486572265625,0.5511370714757996,36.281646728515625,0.5315729381042369,35.42486572265625,0.5511370714757996,36.281646728515625,0.5315729381042369,vflip,0.5649350917340834
831a06de52ff87d776d8ca0413babadca714c3165cfc70fd96dd98ecdf5f247c,train_01478.png,274.3,train_02925.png,246.16,28.140000000000015,0.0,29.204986572265625,0.6034572651306731,28.70867919921875,0.6156909760840114,29.204986572265625,0.6034572651306731,28.70867919921875,0.6156909760840114,identity,0.6034572651306731
8346712a9206f8123d0773b9db6ab7fbbdcb359dd4711f342339862dbe9f141d,train_00865.png,319.35,train_07147.png,203.56,115.79000000000002,0.0,25.682205200195312,0.6300929206359784,25.450302124023438,0.6375815382578431,25.682205200195312,0.6300929206359781,25.450302124023438,0.6375815382578429,vflip,0.8154478122134515
835cddab2b276ec0765736220825fcd71e263330a29abc439c94cd8a85d47a0c,train_06170.png,316.74,train_06214.png,266.24,50.5,0.0,45.57868957519531,0.18572437367485053,45.904998779296875,0.17619469284313205,45.57868957519531,0.18572437367485053,45.904998779296875,0.17619469284313205,vflip,0.2025546434150824
837cc751f3fb8e3b6e9d256fc7b60595219eeb241a62062636108a4b0b2eb647,train_01540.png,308.37,train_07797.png,56.68,108.31,0.0,35.31141662597656,0.5084095589738986,35.168914794921875,0.5123836075505179,35.31141662597656,0.5084095589738984,35.168914794921875,0.5123836075505179,vflip,0.6050675054769485
8387a2ff9cc4e6fd5cd176e817aa006fdb11352b380dff274f1c9654eeaf4ed6,train_05933.png,43.62,train_04489.png,188.36,144.74,0.0,37.69374084472656,0.3037497043130326,37.35636901855469,0.31660739674346544,37.69374084472656,0.30374970431303316,37.35636901855469,0.31660739674346483,rot180,0.5106465282160744
83e43c58ec3e279af6c859d0e612706bf51e5934e8c8e18b880ebbeb8be20dbd,train_03003.png,196.36,train_05050.png,122.3,74.06000000000002,0.0,60.077972412109375,0.2617927898353185,60.276580810546875,0.2582553582334022,60.077972412109375,0.26179278983531923,60.276580810546875,0.2582553582334022,hflip,0.8014253858411132
83ee658d60c2e0d54727be3a3e99cdfea3ae50b073cb786e5deee9cf5a62c430,train_02680.png,336.35,train_03892.png,0.51,24.159999999999968,0.0,43.41645812988281,0.4442249111189169,42.131500244140625,0.4726128944884947,43.41645812988281,0.4442249111189169,42.131500244140625,0.47261289448849475,identity,0.4442249111189169
83ef217c005be56843681b258d01e5d3cc8e6f68c3888e1370431fbd93c16680,train_05784.png,359.43,train_07470.png,194.17,165.26000000000002,0.0,44.253509521484375,0.33171195789704266,43.13983154296875,0.35203723532290193,44.253509521484375,0.3317119578970425,43.13983154296875,0.3520372353229017,rot180,0.5451971976572672
83fb25c7421f664dc4d573353c8c98c0925ab1750bfdf5f325702a897c1358a5,train_03376.png,275.53,train_00073.png,168.74,106.78999999999996,0.0,41.406036376953125,-0.2019847478689169,41.590301513671875,-0.20432560996952576,41.406036376953125,-0.2019847478689169,41.590301513671875,-0.20432560996952576,rot180,-0.1551329217095953
840a44b940c6a6009afe644b034d0ba3e3b8422cccd02b43d61478d5a384ad94,train_04262.png,275.88,train_01238.png,92.72,176.84,0.0,41.324493408203125,0.09628174521123846,41.13786315917969,0.10724853173591715,41.324493408203125,0.09628174521123846,41.13786315917969,0.10724853173591728,rot180,0.8262275040528015
8456d0a13883326d43c340369ee62740975dfe638b82d9f39e89cb0b25dfe2c4,train_07079.png,304.91,train_07646.png,140.67,164.24000000000004,0.0,59.175811767578125,0.2174742690298858,59.23052978515625,0.2161703413327174,59.175811767578125,0.2174742690298858,59.23052978515625,0.2161703413327174,rot180,0.7344065129986949
8488209ad33c71e32e7926c758282c68e863afe889e005ca263a5f36f5e1c557,train_00790.png,356.95,train_01536.png,183.52,173.42999999999998,0.0,50.496063232421875,0.05250455404518552,50.46295166015625,0.053355842411338075,50.496063232421875,0.05250455404518524,50.46295166015625,0.053355842411338075,vflip,0.8487015592598535
84b14c36ad40634e245131d9ba4c01707ded67ee6bb752c6e06b1a8be3567b45,train_06880.png,275.36,train_02999.png,101.4,173.96,0.0,30.901901245117188,0.3411297845781615,31.004653930664062,0.34801560560723344,30.901901245117188,0.34112978457816207,31.004653930664062,0.3480156056072334,rot180,0.7086942658993265
84faf3026c8aa4581a9c96c42479f49caaec6542e397c3b14d9d6a50217e47ad,train_05514.png,189.72,train_00148.png,212.16,22.439999999999998,0.0,26.618377685546875,0.562282662743099,26.282546997070312,0.5744030985978098,26.618377685546875,0.562282662743099,26.282546997070312,0.5744030985978098,identity,0.562282662743099
853563fa5d02221f592cfdc0e2ff72a3a9c7e195a6c5e38d2509a6b4e6851b68,train_02467.png,352.39,train_01534.png,226.52,125.86999999999998,0.0,60.84172058105469,0.18507350571215223,62.012725830078125,0.160629661303661,60.84172058105469,0.18507350571215184,62.012725830078125,0.16062966130366074,rot180,0.38879370541382063
853ddbdbeedf67914b8a9dbfe341d0275c0ca2824dee3c99fa78b42f927ec3e5,train_04004.png,141.28,train_00184.png,322.39,178.89000000000001,0.0,48.625640869140625,0.1834161708071411,48.49748229980469,0.19368673307589623,48.625640869140625,0.1834161708071411,48.49748229980469,0.1936867330758962,rot180,0.9359974612968691
855dcbd0b9353f765eb4a5537dcdfbc51fd1ba405f0f5d1f1b0f390fd03397a4,train_02514.png,343.67,train_05706.png,119.51,135.83999999999997,0.0,29.807220458984375,0.518907848004626,29.042617797851562,0.5419063822628757,29.807220458984375,0.518907848004626,29.042617797851562,0.5419063822628758,vflip,0.7214402605432712
856145097c43d593257a178cdca649f46afddbe12be249fbfd450401366ab19c,train_03513.png,345.99,train_06800.png,193.16,152.83,0.0,60.14369201660156,0.013479070161179578,60.164459228515625,0.012774951825040798,60.14369201660156,0.013479070161179565,60.164459228515625,0.012774951825040798,vflip,0.5619456250029247
856b6dfd194bbf34f8d0a6e2abb8b9297b7fa7fee703806a02e2781a24372578,train_03237.png,346.45,train_04996.png,296.13,50.31999999999999,0.0,35.81028747558594,0.48558519851910315,36.04450988769531,0.4815236830177882,35.81028747558594,0.48558519851910253,36.04450988769531,0.4815236830177888,hflip,0.5358506274797309
8596b01bc3c4962a26824d8eb9b1463fb7a9f196ae07711e8d1ff8fcd47ec833,train_05029.png,333.43,train_05371.png,275.42,58.00999999999999,0.0,36.94618225097656,0.3637242249843512,36.97352600097656,0.36230083457483553,36.94618225097656,0.3637242249843521,36.97352600097656,0.3623008345748356,hflip,0.5142785330021498
85b575f8f81c8cf10db14082759dc5cd50ebb02d1d2d9f879852915a5b145839,train_03953.png,127.36,train_05853.png,151.47,24.11,0.0,19.760772705078125,0.685115339087877,20.079544067382812,0.6742092211162914,19.760772705078125,0.685115339087877,20.079544067382812,0.6742092211162914,identity,0.685115339087877
85eaf021fc21c85ea9f153f85fec2812815d3fec60fe9fd8887428bf3ffd76a3,train_02968.png,297.11,train_04231.png,46.01,108.89999999999998,0.0,58.58624267578125,0.20847878558521005,59.454803466796875,0.1889418286015908,58.58624267578125,0.20847878558521005,59.454803466796875,0.18894182860159076,hflip,0.5134267177621684
8612ab050ec69b4db57bf68e1ae8baaa97e3dd85aedb7466fe9ba3db2f5bde7f,train_03339.png,271.85,train_05995.png,75.83,163.97999999999996,0.0,60.588531494140625,-0.011417599524488288,61.86419677734375,-0.049670967058685664,60.588531494140625,-0.011417599524488288,61.86419677734375,-0.04967096705868583,hflip,0.7726997521554252
8691fddf2ebf032a271209446f9bf1975c789f81ef37b1aa1f20c63e67bf3e39,train_00006.png,303.84,train_04407.png,248.48,55.359999999999985,0.0,43.09635925292969,0.16091630589338468,43.448974609375,0.1523152387827975,43.09635925292969,0.16091630589338468,43.448974609375,0.1523152387827975,hflip,0.26578714309616747
86d3a070ac159fea50328fdb8370be65fd2a9e9a7e5e0baac50e9fc56a50d8eb,train_05219.png,340.55,train_01042.png,33.33,52.77999999999997,0.0,47.56730651855469,0.4468378569093267,47.75358581542969,0.4443906815843134,47.56730651855469,0.44683785690932687,47.75358581542969,0.44439068158431366,hflip,0.669016064660477
86f32d1281b6fab8c72b51e2baec375e1c6d22a4f2e48f240e22fe5fa374dc57,train_00829.png,327.47,train_02453.png,62.84,95.37,0.0,37.831512451171875,0.19991713949557605,38.294830322265625,0.1951862083523171,37.831512451171875,0.19991713949557605,38.294830322265625,0.1951862083523171,rot180,0.26482548024543795
87287350f7e44e855a0fb271a0e508d6d738e727f21984a8051526d05426ab70,train_00381.png,286.08,train_03110.png,87.93,161.85000000000002,0.0,38.510955810546875,0.11229470351379854,39.563629150390625,0.041348597347974816,38.510955810546875,0.11229470351379854,39.563629150390625,0.041348597347974816,rot180,0.4063444325642167
879494c636ccf812e15940bc57f33020f610e1e762e10021738182715cd95fde,train_00354.png,337.52,train_05923.png,184.53,152.98999999999998,0.0,52.60234069824219,0.1762758187400429,52.82548522949219,0.16742402709728518,52.60234069824219,0.17627581874004264,52.82548522949219,0.1674240270972849,rot180,0.5214152759049067
884892d863a74d6c21a85b5f9c5ba029d474c27b222e70f88949712353282eb0,train_03399.png,358.49,train_05028.png,273.95,84.54000000000002,0.0,53.49671936035156,0.13145984274240335,53.111053466796875,0.14175849207976668,53.49671936035156,0.13145984274240316,53.111053466796875,0.14175849207976668,vflip,0.2783359008993027
884d0286124f64af8cefd478e0bd2e9bed033f55a01b371b7b818e2ca008a35f,train_01153.png,138.46,train_05058.png,67.21,71.25000000000001,0.0,51.55400085449219,0.2808326949239082,50.86711120605469,0.2969328823944458,51.55400085449219,0.2808326949239084,50.86711120605469,0.2969328823944458,vflip,0.6932098783482262
886cd1c95c0c4b0be3f2b94144bb70cea3ac142807b1e8b318bd13ef19fbf667,train_04453.png,168.37,train_01005.png,44.37,124.0,0.0,76.082275390625,-0.03847898488578564,76.58113098144531,-0.04756226332224809,76.082275390625,-0.03847898488578558,76.58113098144531,-0.04756226332224808,vflip,0.3743824998554421
88f7680c4516803a8e3a619db3365fb3a381dee7a8b6d04c5dbbe39bd6837b07,train_05665.png,316.77,train_02908.png,87.61,130.84000000000003,0.0,63.67738342285156,-0.055242531513134595,64.23625183105469,-0.06844545558234431,63.67738342285156,-0.055242531513134595,64.23625183105469,-0.06844545558234434,rot180,0.3551396343951132
89622cf1ba941494ad1d3a7610a5b7a253b2393b4807802c2c2c59d6493183e0,train_03276.png,327.39,train_06194.png,148.14,179.25,0.0,109.59677124023438,-0.46940560495195466,109.24674987792969,-0.46112897948507253,109.59677124023438,-0.46940560495195466,109.24674987792969,-0.46112897948507164,rot180,0.9900364116258941
896600e91e3c569c2a96300ddb8d0481dea95b1d45ec2d2aa1189ad6eafea582,train_06183.png,315.84,train_01490.png,184.47,131.36999999999998,0.0,71.01954650878906,-0.3281287139984583,71.10507202148438,-0.33063813504983214,71.01954650878906,-0.3281287139984583,71.10507202148438,-0.33063813504983214,rot180,0.39875705643927334
8972787274e66c422776b289b4d05c9081263bac38131c70d25229c09fd72796,train_02724.png,326.25,train_02531.png,7.98,41.73000000000002,0.0,29.807479858398438,0.4376532121879425,28.698562622070312,0.48212817287967824,29.807479858398438,0.4376532121879424,28.698562622070312,0.4821281728796778,vflip,0.5517530318424296
89972f0fcbd5c17062908af41de0ee4a11e38a42a97b22632561327a3a63ec42,train_05333.png,18.84,train_00658.png,191.53,172.69,0.0,54.50669860839844,0.14633439563092815,54.3948974609375,0.13935349518641715,54.50669860839844,0.14633439563092815,54.3948974609375,0.13935349518641715,rot180,0.629790682715988
89bed56c9cc2233e4bba0917e5979cafeeab02921a92cdf58abff871145f9d11,train_02754.png,96.13,train_01846.png,234.48,138.35,0.0,44.92805480957031,0.14445450304182195,45.01625061035156,0.13509888529826133,44.92805480957031,0.14445450304182206,45.01625061035156,0.13509888529826133,vflip,0.31536630880895417
89c021212391b2811fc4667b208adbed1ba727bc27c93c72a02eddb80c8be980,train_05999.png,304.76,train_03403.png,121.08,176.32,0.0,83.27627563476562,-0.036643787791664204,81.44773864746094,-0.01657014240105934,83.27627563476562,-0.03664378779166416,81.44773864746094,-0.01657014240105935,rot180,0.9456661860605081
89f5f170610f7df2d7829c9eab93d25df1c4823475a7dc6832c5dfee76e20596,train_02859.png,190.15,train_03223.png,27.39,162.76,0.0,19.792739868164062,0.6248352290208768,20.127105712890625,0.6018213946559924,19.792739868164062,0.6248352290208772,20.127105712890625,0.6018213946559919,rot180,0.6418565049519999
89fabbdaf4e55563c3858d85654139cc1d37307bcb0154d791b9e3895a9b5458,train_01248.png,281.79,train_03561.png,21.44,99.64999999999998,0.0,45.056488037109375,0.08269189185889951,46.30194091796875,0.060297975874798466,45.056488037109375,0.08269189185889951,46.30194091796875,0.060297975874798466,vflip,0.20338772431377256
8a5ad9181257e03aa7c308243643ae23edc3c1b6d63fed2720e8fb0bc259d375,train_01169.png,53.73,train_07114.png,293.12,120.60999999999999,0.0,69.61557006835938,0.030948466376502563,68.58279418945312,0.050626962315355274,69.61557006835938,0.030948466376502563,68.58279418945312,0.050626962315355295,hflip,0.6289521922687024
8a60c478a0c2514e41627ec9a816b6039f6b128d680f8fc561920e89523f0d70,train_07054.png,274.87,train_02425.png,318.68,43.81,0.0,26.41571044921875,0.41855918187013913,26.564804077148438,0.4129301872795195,26.41571044921875,0.41855918187013913,26.564804077148438,0.41293018727951974,hflip,0.43901653387523015
8a874b70c6e3bdc6df909ad9434bd5f29bbabc1d78f4cadd42030976cec91411,train_02208.png,304.38,train_06042.png,228.6,75.78,0.0,20.996780395507812,0.772999475394155,21.197052001953125,0.7683943353524846,20.996780395507812,0.7729994753941547,21.197052001953125,0.7683943353524851,hflip,0.8158144046388836
8b24743ad9aff96f48e17e23616680b9a9281466a1c2347995c6464d90d81452,train_00393.png,302.56,train_01050.png,197.06,105.5,0.0,19.175949096679688,0.5996154070017531,19.631759643554688,0.5827349398120271,19.175949096679688,0.5996154070017534,19.631759643554688,0.5827349398120271,rot180,0.6356730688105948
8b3f6694be03424dc40ac621a8e694c8ffd9da35e22cf7f44106b6e132b32b20,train_02946.png,116.26,train_07400.png,353.86,122.39999999999998,0.0,55.28497314453125,-0.13048717817849378,54.642852783203125,-0.11465454219301434,55.28497314453125,-0.13048717817849378,54.642852783203125,-0.11465454219301434,vflip,0.4720940584134723
8b4665951ffe123543a04bf84a59e87a4426466d61c710eaa0d022e3ae7a9d0c,train_05535.png,324.42,train_02084.png,14.58,50.15999999999997,0.0,37.509857177734375,0.47602660216322085,36.95220947265625,0.4874347587490035,37.509857177734375,0.47602660216322085,36.95220947265625,0.4874347587490035,hflip,0.7015815729548888
8bae12e6a35f7769ecd11319e001f3a43c3340a28a64931515dea748cf977860,train_05742.png,294.79,train_00815.png,118.46,176.33000000000004,0.0,70.85699462890625,-0.13427976807692496,69.90493774414062,-0.13473129257208935,70.85699462890625,-0.13427976807692474,69.90493774414062,-0.13473129257208946,rot180,0.8223855690065142
8bb86f134894ebb73ae0f00f4ae28bbadc97ec018213fb9fd50e7090b39c6ed0,train_00414.png,291.92,train_07748.png,84.09,152.17,0.0,85.28054809570312,-0.12535012696561612,84.29643249511719,-0.10508134939977176,85.28054809570312,-0.12535012696561626,84.29643249511719,-0.10508134939977193,rot180,0.5270092742486747
8be4641c186d45a7d17bc1e30f8090574c1e61bf6d97f8e4858a9e1ba4e88ba7,train_02990.png,61.11,train_02983.png,241.96,179.14999999999998,0.0,48.052154541015625,0.2042095717050384,48.17814636230469,0.1993006348108877,48.052154541015625,0.2042095717050384,48.17814636230469,0.19930063481088778,rot180,0.981734313621213
8c4b2a4841a498cba7ef2f4e7f4dc0382b2b1a2ac2143b5828df71873f46f851,train_05400.png,276.2,train_01486.png,129.07,147.13,0.0,37.91499328613281,0.29762946346618563,38.29969787597656,0.28392318458566146,37.91499328613281,0.29762946346618563,38.29969787597656,0.2839231845856615,rot180,0.4125353526938464
8cd3f1edc81a35a4017055d3c0162992f82b032820933f0381d7f214de01a8a3,train_07469.png,238.92,train_00416.png,175.11,63.809999999999974,0.0,41.68701171875,0.2850813155039712,42.35563659667969,0.2586990064774192,41.68701171875,0.28508131550397114,42.35563659667969,0.25869900647741934,hflip,0.34347073476047557
8ce529b21aabc22c0e4f9b49aef1aa73210e68d2bdba462b1b2ca74d48eb5817,train_04125.png,299.68,train_01004.png,221.54,78.14000000000001,0.0,51.64530944824219,0.2695093115045739,51.73661804199219,0.26770791985879394,51.64530944824219,0.2695093115045739,51.73661804199219,0.26770791985879394,vflip,0.8436845863784893
8cfade088d10dd97794ab64c40ca4b503d61c3e5bb9ee6c4b66957a622279b6c,train_01250.png,321.23,train_01652.png,278.52,42.710000000000036,0.0,34.40440368652344,0.383591677260902,34.00483703613281,0.39215792674591426,34.40440368652344,0.383591677260902,34.00483703613281,0.39215792674591426,identity,0.383591677260902
8d1c631bfa8c5d311070e37c836f56577863fddafc3db9eaa444ca27c5a24c85,train_06477.png,273.35,train_06495.png,116.59,156.76000000000002,0.0,31.824554443359375,0.3487568115176983,31.609420776367188,0.3648001045324224,31.824554443359375,0.34875681151769816,31.609420776367188,0.36480010453242256,rot180,0.3739684990146811
8dc9159f6d68112f5201b4618ebb19bfcef82341a45ea60826698bdbe9bb4b54,train_00241.png,297.29,train_06790.png,151.3,145.99,0.0,52.40785217285156,0.128757361043056,52.39375305175781,0.12913779749216084,52.40785217285156,0.12875736104305616,52.39375305175781,0.12913779749216073,rot180,0.6606059738871324
8dd5078f50f67aa938b819d83b94b235e90b8eff2227b4ece44313899b0c6370,train_07270.png,286.58,train_03878.png,205.29,81.28999999999999,0.0,50.70671081542969,0.183967665289243,50.9381103515625,0.1839022382700915,50.70671081542969,0.183967665289243,50.9381103515625,0.1839022382700915,vflip,0.5339268001515141
8de8f9ace7f4d26c43926f71e5f3723c78eec7c522411b7ef3fcc7136dbeaa4c,train_01401.png,329.55,train_03709.png,50.7,81.14999999999998,0.0,19.663238525390625,0.8223959748906341,19.57470703125,0.8272857070957794,19.663238525390625,0.8223959748906341,19.57470703125,0.8272857070957793,identity,0.8223959748906341
8defe3e465782c9fd852ff72aa28f81123d322c526aac08cf05ebbff9605b1e5,train_06873.png,317.33,train_03633.png,223.67,93.66,0.0,63.913726806640625,0.24186988003002735,63.95465087890625,0.24106941418060113,63.913726806640625,0.24186988003002802,63.95465087890625,0.24106941418060093,vflip,0.538040650994986
8e373e79dd89afe8942f69c823fa791c9b001a17863156df9fc9ff03e9e548bc,train_07587.png,322.24,train_06503.png,292.41,29.829999999999984,0.0,32.45355224609375,0.6402991899368962,31.776809692382812,0.647711419948285,32.45355224609375,0.640299189936896,31.776809692382812,0.6477114199482845,identity,0.6402991899368962
8e4bfc8482a28514a67b9ae417b69600d7fa4eb9aa248c7e59de83d8080f7e21,train_07039.png,294.2,train_02789.png,90.47,156.27,0.0,53.01959228515625,0.06593749247407803,54.384765625,0.02004828667710038,53.01959228515625,0.06593749247407803,54.384765625,0.020048286677100412,hflip,0.6399907200880414
8e6853d42c86f8c607b430b860efac7d98e79d6457737e15d0f2155f6c8f8248,train_06528.png,310.96,train_06474.png,154.11,156.84999999999997,0.0,59.05451965332031,0.17241168533388687,59.12245178222656,0.17181673377051385,59.05451965332031,0.17241168533388654,59.12245178222656,0.17181673377051393,vflip,0.7021233417181718
8e87ae332cc29d75a88d27b18cf2c85a0e8b4f8746814296bcbcac8cdc5f8e26,train_04575.png,91.58,train_02922.png,353.97,97.60999999999996,0.0,53.60798645019531,0.0587393795964748,53.42012023925781,0.06090206636874584,53.60798645019531,0.05873937959647478,53.42012023925781,0.06090206636874584,vflip,0.10670671105272866
8e8bc06471827f9b4d89801efb956ed0e94a93b71be775e47aa2e3d373093192,train_00022.png,276.76,train_01439.png,351.57,74.81,0.0,54.341796875,0.17578059681630473,54.20625305175781,0.17841708924184488,54.341796875,0.17578059681630473,54.20625305175781,0.17841708924184488,vflip,0.48314348824048126
8e9042ac3705085407067dc1da6b3307e532111b94b3ba3461aa4eafaf71c1a9,train_06248.png,276.86,train_02202.png,278.41,1.5500000000000114,0.0,5.8407745361328125,0.9624228951078563,5.5197296142578125,0.9682190532942386,5.8407745361328125,0.9624228951078571,5.5197296142578125,0.9682190532942416,identity,0.9624228951078563
8eff008ceb50238b4373c392ac14941b7c53d5f13451e6b6ba983ecbf9a3307f,train_04450.png,331.56,train_03381.png,30.48,58.920000000000016,0.0,29.060501098632812,0.507921669469459,29.082931518554688,0.5072550821014233,29.060501098632812,0.507921669469459,29.082931518554688,0.5072550821014233,hflip,0.6939263692183685
8f0fdd08c82950fe34a214f03bb20152583f91e53fc5c8843c99a93162231182,train_03016.png,291.52,train_02106.png,229.19,62.329999999999984,0.0,52.849151611328125,0.20150849468390322,52.514739990234375,0.21139295879713,52.849151611328125,0.20150849468390322,52.514739990234375,0.21139295879713,vflip,0.3547458211983845
8f4c643e743934145773ba74c095c55d40161bb8058559267b91db5378d76d53,train_05873.png,340.1,train_04350.png,134.99,154.89,0.0,48.07672119140625,0.1698360351860646,48.3929443359375,0.15859800296247148,48.07672119140625,0.1698360351860646,48.3929443359375,0.15859800296247148,rot180,0.41362387770492315
8fd4e4a54e419f25dea362fcf39e436f13e73809efd5153acb405a569faa8a68,train_01950.png,328.41,train_07594.png,106.8,138.39,0.0,54.29954528808594,-0.062342221931868294,54.36927795410156,-0.0627274499577245,54.29954528808594,-0.062342221931868294,54.36927795410156,-0.0627274499577245,vflip,0.34445091398095945
90186a051368c6dc62e2f279dea2ec620e924e0a599b3ae14afaee2a9d9061ac,train_01737.png,321.82,train_00481.png,15.56,53.74000000000001,0.0,40.762481689453125,0.45210269534505415,40.754364013671875,0.4524620176129722,40.762481689453125,0.45210269534505415,40.754364013671875,0.4524620176129722,identity,0.45210269534505415
901dd5ee0887ea54372e5524c8867845cc11c6997aec9ce3fe3d29dd3f7cbd08,train_01000.png,340.43,train_00592.png,76.28,95.85000000000002,0.0,71.69992065429688,-0.047034761038381376,70.70265197753906,-0.03308242736131474,71.69992065429688,-0.04703476103838137,70.70265197753906,-0.03308242736131473,hflip,0.46420057795264524
902c892c554f540e45ed9ac6d059e4242abdee0d50762ee6582640dc352735fa,train_04828.png,313.71,train_05418.png,225.95,87.75999999999999,0.0,18.40960693359375,0.7578946202788832,18.42578125,0.7574922152148652,18.40960693359375,0.7578946202788832,18.42578125,0.7574922152148652,vflip,0.8981202867757283
906ae9f67317f5aeb2d7b3ac7002d713ebb6cdf2d5b9af438d116a9dfe900504,train_06672.png,294.04,train_02849.png,153.79,140.25000000000003,0.0,46.58979797363281,0.2731024363634426,46.55378723144531,0.2739448442066146,46.58979797363281,0.27310243636344256,46.55378723144531,0.2739448442066148,vflip,0.8154453496610626
906d3cadcbf7d27d200fa6da603000eeb129912c9b1e8064ecd9a68153453b78,train_03334.png,316.12,train_01594.png,181.47,134.65,0.0,75.61094665527344,-0.0280201026492546,76.01370239257812,-0.03657740526602265,75.61094665527344,-0.02802010264925452,76.01370239257812,-0.03657740526602274,rot180,0.24029040759385406
912c3dd829d02b7dd1f1d441229dabf31e583009c1ba5ca9043edfb9d8d63f70,train_05056.png,289.83,train_00146.png,314.64,24.810000000000002,0.0,21.784088134765625,0.7100405548021421,21.993392944335938,0.7110594390702757,21.784088134765625,0.7100405548021421,21.993392944335938,0.7110594390702769,identity,0.7100405548021421
91c472d7919153479b3f67c8181c986dd29c5776bc98c4f9480f1857f37deab2,train_05010.png,334.52,train_05790.png,67.8,93.28000000000003,0.0,36.4556884765625,0.37639577904609917,36.85920715332031,0.35644180074306997,36.4556884765625,0.3763957790460992,36.85920715332031,0.35644180074306986,rot180,0.40192390213298435
91db3f9e1698ee7880d29d456829ac77925691cd46e7dc40ea750482a6659d83,train_00715.png,38.38,train_01497.png,5.53,32.85,0.0,21.943679809570312,0.35031985034535856,21.729293823242188,0.3523593823767816,21.943679809570312,0.35031985034535695,21.729293823242188,0.35235938237678255,hflip,0.35528822384383296
9214a6e49c59fb3ab323beeb09c02a944d6f3c1927b621c5dd336ecfe0ff394d,train_05729.png,302.11,train_07851.png,62.66,120.54999999999998,0.0,29.907394409179688,0.5151918928490772,29.833236694335938,0.5174915838280462,29.907394409179688,0.5151918928490772,29.833236694335938,0.5174915838280462,hflip,0.8959619520206856
926b7f4682fca88787b50066d9565fc08f58d27183a80bfab465a06cfb041ec9,train_00029.png,278.81,train_00424.png,54.58,135.76999999999998,0.0,56.160491943359375,0.0840154555484189,57.41911315917969,0.0547151705518292,56.160491943359375,0.0840154555484189,57.41911315917969,0.0547151705518292,rot180,0.32249923125125946
929693f9c2723c265fb3a4db1c873d0c4a014504c299fb025ff5c491e4680205,train_05669.png,281.94,train_06661.png,162.44,119.5,0.0,55.825042724609375,0.048526527703155686,55.98149108886719,0.0427945757898935,55.825042724609375,0.048526527703155686,55.98149108886719,0.042794575789893534,vflip,0.48472662446885534
92a128ffa8072b8299c159889018929b9a57bee8b8e2b98144d1dc42cc196ed7,train_01680.png,287.07,train_07661.png,74.84,147.77,0.0,61.02436828613281,0.010743526769206401,61.09857177734375,0.008590957694828255,61.02436828613281,0.010743526769206417,61.09857177734375,0.008590957694828255,hflip,0.7772529666334832
92c1bf2160b36281bcb64902bd3943a79565497faf6c5377389c15247ac669a5,train_01084.png,290.23,train_02212.png,69.89,139.65999999999997,0.0,28.417221069335938,0.07674383794618755,28.41925048828125,0.07669874545570045,28.417221069335938,0.07674383794618776,28.41925048828125,0.07669874545570045,vflip,0.5252050174408611
92cddcbd6f597041646837173776dea956690aaf317153c449293ea1dbb34bbd,train_02965.png,357.31,train_00471.png,231.38,125.93,0.0,46.238006591796875,0.278688308555939,46.280364990234375,0.2787264128755406,46.238006591796875,0.2786883085559386,46.280364990234375,0.2787264128755401,rot180,0.3090326545353804
92d8f4d90ac5fd66f122ecc606aaffc7981f7e2a6a3b352b61e30e4d77d65a90,train_06379.png,332.36,train_03375.png,297.72,34.639999999999986,0.0,28.941375732421875,0.522577952695479,28.942474365234375,0.522687514078961,28.941375732421875,0.522577952695479,28.942474365234375,0.522687514078961,identity,0.522577952695479
932fdeb324a58aa641309354b869fa8083d3162d940ab150a9d2c2b2e11809ba,train_06050.png,289.37,train_01472.png,219.59,69.78,0.0,31.392807006835938,0.228961044079671,31.014419555664062,0.23663447485674305,31.392807006835938,0.228961044079671,31.014419555664062,0.23663447485674305,vflip,0.49828201767887204
933d8d6dd51f2c72ff495b38f763c5afcd641b96f66ffc33b3bae352bec45695,train_02443.png,326.51,train_04589.png,264.94,61.56999999999999,0.0,50.334075927734375,0.2985985410439248,50.40003967285156,0.2980415833996021,50.334075927734375,0.2985985410439248,50.40003967285156,0.2980415833996021,identity,0.2985985410439248
934740000f54cc66cf7621db5bc012d231dd7d396a60c3f0bb396d7a124f80f2,train_07084.png,299.58,train_07187.png,132.81,166.76999999999998,0.0,62.18748474121094,0.11824716519134078,61.81504821777344,0.12732052406773575,62.18748474121094,0.11824716519134072,61.81504821777344,0.1273205240677358,rot180,0.7558621227082374
93a611b9c2a6ead5ca5fa8772e748bef2b192e687753db481e5016383efb72ef,train_04143.png,359.84,train_02892.png,27.96,28.120000000000005,0.0,49.13026428222656,0.3209697216307271,47.98744201660156,0.3426482886866823,49.13026428222656,0.3209697216307271,47.98744201660156,0.3426482886866823,vflip,0.5151315789132028
93d13cae0897a8c295511eb45df41667b3845690b8a85e25a36388875fafbe58,train_07353.png,331.21,train_05080.png,268.91,62.299999999999955,0.0,46.544219970703125,0.17158258266954804,47.62078857421875,0.11893960618091061,46.544219970703125,0.17158258266954804,47.62078857421875,0.1189396061809107,vflip,0.3189794850224274
93f03dbf7e8c0026f17b4193253f5ccb6cacea4ee26211785d0cca869aba3f87,train_03749.png,325.04,train_06288.png,114.1,149.05999999999997,0.0,38.28187561035156,0.3041519888347384,37.98695373535156,0.31011103188268635,38.28187561035156,0.3041519888347384,37.98695373535156,0.3101110318826865,rot180,0.5249378219117175
947c7b19498401f101657b4d71174ef1b08a54fa98b9a16347c4a2d26f001cad,train_02632.png,274.9,train_03197.png,147.71,127.18999999999997,0.0,44.66050720214844,0.25491307866672924,44.093475341796875,0.28277168405050157,44.66050720214844,0.2549130786667289,44.093475341796875,0.2827716840505019,hflip,0.4665092114687171
9480d2757b6031ecad21eda92befbb1e5db76770cf696c1ba8ebf636be3e84f1,train_04159.png,287.89,train_07512.png,322.51,34.620000000000005,0.0,34.084136962890625,0.621519816879054,34.52915954589844,0.6153882839559709,34.084136962890625,0.6215198168790517,34.52915954589844,0.6153882839559699,vflip,0.7645556955685966
94e48c71bb38e28f1a8cd9ed7c67ea20557fd38bccee9b2d0c629e58b29f250b,train_06064.png,278.81,train_06982.png,264.76,14.050000000000011,0.0,20.384735107421875,0.5783883945561785,20.45159912109375,0.5749591766287071,20.384735107421875,0.5783883945561771,20.45159912109375,0.5749591766287055,vflip,0.8112924925840116
94ecc7ffcaea948a25aa899d8e479201fb9adc334d35d9f964d0b315d1ddb340,train_06325.png,23.96,train_03220.png,69.96,45.99999999999999,0.0,25.990753173828125,0.5519669713755264,25.918182373046875,0.552007636584206,25.990753173828125,0.551966971375528,25.918182373046875,0.552007636584206,vflip,0.8569466916427535
94fa4c55949a5ca40b41d75b16062a2efb29ba0c6f9a1914082d461624e04f5a,train_06196.png,309.98,train_02056.png,168.55,141.43,0.0,37.5985107421875,0.42374092342332104,37.476654052734375,0.4259850664238463,37.5985107421875,0.42374092342332104,37.476654052734375,0.4259850664238463,vflip,0.6866533032156849
953a9c44e42978933f37d087e4488d5caa82ddc6a1d4c2671c3d1a8aee78f8b9,train_03111.png,27.79,train_00491.png,178.69,150.9,0.0,35.143829345703125,0.14824180365402714,35.25267028808594,0.14021842035202173,35.143829345703125,0.14824180365402712,35.25267028808594,0.14021842035202173,vflip,0.20922005100049024
95480f61942e589abb267546b9149ff68a458e8172e587148b10daa21fc6fac3,train_05419.png,334.15,train_02396.png,329.93,4.21999999999997,0.0,17.328170776367188,0.8705860926901219,17.1319580078125,0.8764566937791062,17.328170776367188,0.8705860926901215,17.1319580078125,0.8764566937791062,identity,0.8705860926901219
9577ff5bf2f4f8e63b8239bb6f9418d210333634094f0f8626696f868e1722c6,train_02666.png,313.84,train_00425.png,232.8,81.03999999999996,0.0,25.608230590820312,0.7752336212154977,25.65643310546875,0.7742146743284863,25.608230590820312,0.7752336212154973,25.65643310546875,0.7742146743284863,vflip,0.8640476401114663
958034027d670118b69529b194b6d840ba6a9a8437a236e530fedd40d96106ab,train_01941.png,304.47,train_04337.png,113.33,168.85999999999996,0.0,27.539306640625,0.7055924634981824,27.570266723632812,0.7063832401466521,27.539306640625,0.7055924634981834,27.570266723632812,0.7063832401466514,rot180,0.8233575698452162
95b0a030911f81abd6398357480d12e808b56b4b83889d519ae4e06fe50597f4,train_01545.png,316.43,train_06811.png,207.69,108.74000000000001,0.0,59.203826904296875,0.22975313860813876,59.65296936035156,0.2228700994053994,59.203826904296875,0.22975313860813878,59.65296936035156,0.2228700994053994,vflip,0.7207376262099493
95ef849b480385d2caab799657c6fb88fa4d0c82c707432f0bb9800e94c4a963,train_04749.png,354.38,train_00301.png,133.46,139.08,0.0,34.94142150878906,0.31949380648901726,35.48516845703125,0.2984247759878853,34.94142150878906,0.3194938064890176,35.48516845703125,0.2984247759878853,hflip,0.3849875686531581
9614c4c7d6615e3b91d70157d7527da192b5b3854279821335020d755fbec8fb,train_02143.png,290.58,train_07659.png,105.24,174.66000000000003,0.0,42.91595458984375,0.3288839960394045,44.725616455078125,0.3180547988481759,42.91595458984375,0.3288839960394045,44.725616455078125,0.3180547988481759,rot180,0.8980644379505976
9627bd8f7fadd21d7e345132358f386456576ecc69f5a82bef75fcb4b0427c5e,train_07815.png,295.51,train_07068.png,270.47,25.039999999999964,0.0,40.3717041015625,0.24773691683298765,40.868896484375,0.22729081626549597,40.3717041015625,0.24773691683298915,40.868896484375,0.2272908162654975,identity,0.24773691683298765
96c13807dc92c50df914472489f310dec3a95e77f090bd4d2f4866727f725927,train_01815.png,306.11,train_07570.png,323.53,17.41999999999996,0.0,22.950057983398438,0.6933798042193269,22.95635986328125,0.6931916309878984,22.950057983398438,0.6933798042193268,22.95635986328125,0.6931916309878984,identity,0.6933798042193269
96e0dc7cba571bbe9cd69dc2c33d9c4b80fff7ccc0cbaf2a85f80a0b043ef610,train_04912.png,130.43,train_02720.png,81.97,48.46000000000001,0.0,32.05926513671875,0.4427080526427016,32.969207763671875,0.4238759412758522,32.05926513671875,0.442708052642702,32.969207763671875,0.423875941275854,identity,0.4427080526427016
96ed32801b59fe733bb7ed469926e42a35bfb39d721135f648d36b019ec747a9,train_00777.png,290.86,train_07530.png,161.69,129.17000000000002,0.0,83.01824951171875,-0.07774911038125525,83.01321411132812,-0.07746837465102736,83.01824951171875,-0.07774911038125525,83.01321411132812,-0.07746837465102727,rot180,0.42732276824777926
970cf3e067f5ac83c8e6b2caef1fc81e9eb31df1a1babf92a49c71255ef77791,train_06013.png,284.26,train_07549.png,61.4,137.14000000000001,0.0,111.66065979003906,-0.2622492116499257,111.64877319335938,-0.26288833035616743,111.66065979003906,-0.2622492116499257,111.64877319335938,-0.26288833035616743,hflip,0.6255853724603689
97281af0d53312e7874d60d2e3e27b231a21cc8e8f8dc4ed70632a803188c96d,train_02204.png,289.8,train_00769.png,38.38,108.57999999999998,0.0,39.628875732421875,0.45607803940350494,40.19500732421875,0.4452417984034265,39.628875732421875,0.45607803940350533,40.19500732421875,0.4452417984034266,hflip,0.520439116877667
979c278cd26d30dc5845b65b593bb079e452a72198cc67fea1bd2c7c5fdc002e,train_01988.png,296.15,train_03966.png,204.44,91.70999999999998,0.0,12.679092407226562,0.9303185971516043,12.475677490234375,0.9344564900920979,12.679092407226562,0.9303185971516041,12.475677490234375,0.9344564900920979,identity,0.9303185971516043
97a610f59c0a07e988bdc959ffc83749b9d256203086e7df88049356ea323788,train_06523.png,334.49,train_05837.png,61.91,87.41999999999996,0.0,46.31292724609375,0.20586795376903438,46.3963623046875,0.2041533902807306,46.31292724609375,0.20586795376903438,46.3963623046875,0.2041533902807306,hflip,0.5644667852929116
97dcf3fc36596810429864e8ec7884d9af4808ca1c74b02a89935871d76da4fa,train_05677.png,289.25,train_01487.png,100.88,171.63,0.0,44.40977478027344,0.34879495168634284,45.27265930175781,0.3395328105416783,44.40977478027344,0.3487949516863434,45.27265930175781,0.3395328105416787,rot180,0.8042265084712128
985c40ba47151153cdfb7083a0648b97a13cc378ede64f08c484303c05c18e04,train_03123.png,346.23,train_06355.png,179.28,166.95000000000002,0.0,23.297805786132812,0.24561094338941655,23.384750366210938,0.23619127037371768,23.297805786132812,0.2456109433894166,23.384750366210938,0.23619127037371765,rot180,0.414942505694415
9875623638cbda2cf1d18dea810994ffbf8d7aa687d1aa4db5e5543ca6f45fda,train_04946.png,301.86,train_06365.png,177.77,124.09,0.0,70.48713684082031,0.04540097769700317,69.83961486816406,0.062327884515768546,70.48713684082031,0.045400977697003055,69.83961486816406,0.0623278845157684,rot180,0.35500505393009996
9896d08c7eeb25a2ea766615ad6d248002983e89f09c129c97b641ef474942d0,train_05847.png,279.65,train_05633.png,185.11,94.53999999999996,0.0,72.64553833007812,0.0003489192542830514,72.9140625,-0.0034908177272385487,72.64553833007812,0.0003489192542830514,72.9140625,-0.0034908177272385452,hflip,0.3486329661516678
98a5e05ddedff16da7c5973861f5125149124df02e842fc19f9ba44c9ba491be,train_01794.png,307.2,train_05432.png,129.54,177.66,0.0,28.934066772460938,0.6877346150146018,28.054458618164062,0.7046001654644362,28.934066772460938,0.6877346150146014,28.054458618164062,0.7046001654644365,rot180,0.9338933569064792
98ae16949d0956e4b5c7268e0a845ad25a481774436a6fbd0952f9706cddbb26,train_01773.png,340.98,train_04773.png,141.57,160.58999999999997,0.0,48.46788024902344,0.33222619653820523,48.93626403808594,0.3209797191749016,48.46788024902344,0.33222619653820523,48.93626403808594,0.3209797191749016,rot180,0.45020604189939223
9936941caa71adf71c4c457b07204d2bb0c71417cc5f8871ff25ad3c33497877,train_02360.png,296.64,train_07684.png,317.25,20.610000000000014,0.0,22.733627319335938,0.648291430887122,23.068084716796875,0.6372301242525286,22.733627319335938,0.648291430887122,23.068084716796875,0.6372301242525286,identity,0.648291430887122
993ebd174aadcd0995f8438763f97adfcf68ac1d38aff87a615df8a3d769116d,train_01996.png,328.39,train_02397.png,162.67,165.72,0.0,18.177627563476562,0.7545278318554384,18.377899169921875,0.735416024963927,18.177627563476562,0.754527831855439,18.377899169921875,0.7354160249639259,rot180,0.7892624524891393
99df6098fc4d50474649b4fd3dc65400b68a62cd9b8ed7da3d1b777bfcb6ea39,train_01065.png,296.9,train_01231.png,183.56,113.33999999999997,0.0,77.44868469238281,-0.15671908706917287,75.4705810546875,-0.11526915752326869,77.44868469238281,-0.15671908706917267,75.4705810546875,-0.11526915752326854,vflip,0.6399605409643201
99fd0a2d3151bb78ac93674272a718d5e991b04294b69adc79bb4314adecadee,train_04667.png,358.62,train_00603.png,195.66,162.96,0.0,33.47944641113281,-0.11619575878010868,33.88749694824219,-0.12607512002933363,33.47944641113281,-0.11619575878010868,33.88749694824219,-0.12607512002933363,rot180,0.22555704659374481
9ab0f19d3315a2143226a2c83be321397add5964df619bbf0204c5a050863dcf,train_02776.png,320.81,train_01052.png,196.6,124.21000000000001,0.0,52.30674743652344,0.28792225517666165,53.102630615234375,0.2667134944092093,52.30674743652344,0.28792225517666187,53.102630615234375,0.2667134944092097,vflip,0.5639938861908098
9aba1aeee77a5fc969dd93c590e588e8550bf11ccdf62a55cce4c8d58b6cdee7,train_04297.png,311.51,train_07695.png,151.15,160.35999999999999,0.0,43.63691711425781,0.15845213725788462,43.90690612792969,0.14963600251466738,43.63691711425781,0.15845213725788462,43.90690612792969,0.14963600251466738,rot180,0.6690493651029261
9b03ce11d6001bc8af9b786ce4bf9f002f62a36d33b632238cd1cf8210d3a4c8,train_01180.png,69.74,train_01624.png,230.26,160.51999999999998,0.0,49.14222717285156,0.3506817523165814,49.28973388671875,0.3436033952906245,49.14222717285156,0.3506817523165819,49.28973388671875,0.3436033952906245,rot180,0.6154916950245004
9b09af857d6807906ee20e6a81f88f3e4318fab122e0dd4fea0f79d0d7239076,train_02804.png,14.16,train_04823.png,210.18,163.98,0.0,96.9287109375,-0.3810691235036483,96.842529296875,-0.379096645654209,96.9287109375,-0.3810691235036483,96.842529296875,-0.37909664565420886,rot180,0.7346548229817952
9b356ccf9fc96f66a924e5a6c4d101647f970fa6db73953b8ad65a22bcda11ed,train_03194.png,336.54,train_07106.png,65.87,89.32999999999998,0.0,57.0872802734375,0.26999293907784094,57.66841125488281,0.25336023974018057,57.0872802734375,0.26999293907784094,57.66841125488281,0.25336023974018046,identity,0.26999293907784094
9b4314b8f6fa0a1348bc9b855cf478c083e43116609a1a55a1e477ca04f8227c,train_02657.png,304.24,train_04599.png,160.55,143.69,0.0,104.67880249023438,-0.24430261239552814,104.969970703125,-0.24822798404588545,104.67880249023438,-0.24430261239552814,104.969970703125,-0.2482279840458855,rot180,0.5677652870096556
9b810c52189b257e690c00921b0ae97069c096bb84dcea1d98b7f38717ae3867,train_01985.png,309.36,train_01211.png,33.45,84.08999999999997,0.0,55.52569580078125,0.3932316463221382,55.71940612792969,0.39040130944542595,55.52569580078125,0.3932316463221382,55.71940612792969,0.39040130944542534,hflip,0.6489170543203485
9b901bffbdad2edc0408a0422fae12b466753f077cb721e3459beda4b6d64fb4,train_07724.png,312.81,train_02655.png,158.86,153.95,0.0,90.46652221679688,-0.22989711414174033,90.71641540527344,-0.23460822080804572,90.46652221679688,-0.22989711414174038,90.71641540527344,-0.23460822080804616,rot180,0.6808603705104999
9c095f563605e924d8f3d94a0325eb7e998985acdebd6bd45626f0c94ff946d2,train_07363.png,296.09,train_04893.png,62.74,126.65000000000003,0.0,75.73939514160156,0.01766677736246646,75.77516174316406,0.017089680580943952,75.73939514160156,0.017666777362466458,75.77516174316406,0.017089680580943963,hflip,0.5094766098493703
9c0c9cfb4dc4727fd6b26a715d4ceedb7eb26699fe30c959058abb7ba67f203f,train_02130.png,305.43,train_05444.png,59.45,114.01999999999998,0.0,32.30204772949219,0.5151561585723762,32.12174987792969,0.5208099877419213,32.30204772949219,0.5151561585723756,32.12174987792969,0.5208099877419209,vflip,0.6169018078474139
9c21e2cb9e428425bed7464a67f02541f4778524c1afc4988715e304798b2899,train_03537.png,273.88,train_07148.png,55.78,141.9,0.0,40.073883056640625,0.29782150876319297,39.78254699707031,0.3135416913487972,40.073883056640625,0.29782150876319224,39.78254699707031,0.3135416913487973,hflip,0.4092908976648939
9c46b73c055c18a297b15c6ff3dd33e568f8571c4775103331b49386f352a5ed,train_01665.png,273.96,train_03951.png,327.84,53.879999999999995,0.0,44.75559997558594,0.23183777221750396,44.96185302734375,0.22352529025828446,44.75559997558594,0.23183777221750398,44.96185302734375,0.22352529025828446,vflip,0.3700174889950421
9c6bde556837e37584869c64265e3f16a9b699ff08a27dc1e5c7a8b2f93fb24c,train_06560.png,308.42,train_03441.png,82.55,134.13,0.0,94.21490478515625,-0.14542533529169657,94.3798828125,-0.1476557918356155,94.21490478515625,-0.1454253352916963,94.3798828125,-0.1476557918356155,rot180,0.5012169733600595
9c6d1ca4312bb7a48e619ff2e6fbab4b2b77f0656fd9d68d718361c07a4d9972,train_00833.png,290.75,train_07073.png,334.0,43.25,0.0,48.34669494628906,0.41701071513443566,48.4197998046875,0.415005680190764,48.34669494628906,0.4170107151344361,48.4197998046875,0.415005680190764,identity,0.41701071513443566
9c8256d87880dcda5d06005aed1ef38faaf9c861ebc3075e55f26e8d814a7cd0,train_04312.png,338.37,train_06060.png,209.74,128.63,0.0,71.42291259765625,-0.19867587416226917,71.16300964355469,-0.1972599551876752,71.42291259765625,-0.19867587416226917,71.16300964355469,-0.19725995518767547,vflip,0.3621117567327957
9c933ca7df8cd02f5ef2e4b4f3337c858a4dbbc357bb244fa30999c4786cc010,train_00326.png,310.67,train_03851.png,299.54,11.129999999999995,0.0,22.629806518554688,0.6695644361571805,23.58612060546875,0.647977238108517,22.629806518554688,0.6695644361571805,23.58612060546875,0.647977238108517,identity,0.6695644361571805
9cb1734bcdca6db6a0608e3211ba17d6840ba74296a6b53fac898d155120a695,train_01877.png,317.67,train_01064.png,87.78,130.10999999999999,0.0,60.57246398925781,0.08812165232275446,59.926605224609375,0.10357118863949247,60.57246398925781,0.08812165232275453,59.926605224609375,0.10357118863949247,hflip,0.46906102750595813
9d73f20524ee6fd9c58a99a920ee347ff73547f8f16f56975a3ee984b8f1df0c,train_07810.png,182.6,train_01720.png,102.02,80.58,0.0,69.64506530761719,0.07263297984125588,70.77418518066406,0.05759217041514777,69.64506530761719,0.07263297984125595,70.77418518066406,0.057592170415147824,vflip,0.07383269456960816
9d9f2df18d3277a47588ef8d9300d7ca234d8d5665690728f33ab82c4035629f,train_07834.png,285.36,train_02577.png,210.1,75.26000000000002,0.0,34.05439758300781,0.11954660422126308,35.60736083984375,0.09657644461337117,34.05439758300781,0.11954660422126308,35.60736083984375,0.09657644461337117,identity,0.11954660422126308
9e3196d03ffcd02348e533d8a31896726472beb5908d9b4c8bb574d5da0874f3,train_04255.png,145.92,train_05390.png,166.62,20.700000000000017,0.0,25.366241455078125,0.7336881243073949,27.302047729492188,0.7040647198351218,25.366241455078125,0.7336881243073915,27.302047729492188,0.7040647198351209,identity,0.7336881243073949
9e4f9ff9af2b0f8ef5991a722596bd45ae526a66964dc769382eb89b7afa88cd,train_06561.png,309.4,train_05763.png,357.1,47.700000000000045,0.0,28.377639770507812,0.4214091561878681,28.217315673828125,0.43560743161714427,28.377639770507812,0.42140915618786773,28.217315673828125,0.43560743161714427,vflip,0.4405650391523598
9e713ace7ad726fb64c7b0d7358057c1fb79655612008f351b6a31f0c8e56a85,train_07409.png,356.2,train_00317.png,299.83,56.370000000000005,0.0,51.403411865234375,0.28122165698570856,50.49102783203125,0.30371016316933974,51.403411865234375,0.28122165698570856,50.49102783203125,0.3037101631693394,hflip,0.7643977676392866
9f035345f4909747db38c5beb9d89a024169b351586859a09df6707b1e20b017,train_04746.png,274.0,train_06267.png,129.31,144.69,0.0,42.57707214355469,0.18527261669093273,42.86131286621094,0.17397007332034356,42.57707214355469,0.18527261669093273,42.86131286621094,0.17397007332034356,rot180,0.2594930431919186
9f052784836cd54d72ef12bbd33bf1e414c561902168eb544bc78ccfb9d98401,train_02370.png,353.07,train_06812.png,133.71,140.64000000000001,0.0,41.15888977050781,0.0707303047910623,40.766998291015625,0.08073254740059163,41.15888977050781,0.0707303047910623,40.766998291015625,0.08073254740059162,vflip,0.20736388484727905
9f4e623fbf747e977221bb8a486932af709c7efa8b78c462180532f7db22e700,train_00300.png,276.19,train_07546.png,46.29,130.1,0.0,32.202484130859375,0.3505199862198797,32.36102294921875,0.34418990328636717,32.202484130859375,0.3505199862198789,32.36102294921875,0.3441899032863683,hflip,0.3851157826981686
9f6130d43fce8a843515ea999315652fbb0c69cf11ac5e4bf8a0c2267cb08804,train_00342.png,132.42,train_05751.png,182.3,49.880000000000024,0.0,38.52197265625,0.2974229974140325,38.589752197265625,0.29182875445813466,38.52197265625,0.2974229974140325,38.589752197265625,0.2918287544581346,identity,0.2974229974140325
9f7d94bbe553228214497170850b1b5e9592620229fe6fb190fe21570e1e4342,train_03263.png,333.99,train_00597.png,23.7,49.70999999999998,0.0,41.901580810546875,0.2592501998169518,41.96696472167969,0.2579901636406628,41.901580810546875,0.2592501998169518,41.96696472167969,0.25799016364066274,hflip,0.6455442175582148
9fbb11d7fe82c39cfea7955d399df9bef6dd77c8de08a309210a2807cfb2271a,train_04058.png,288.29,train_03401.png,90.69,162.39999999999998,0.0,70.56790161132812,-0.05895767719376209,73.16508483886719,-0.12791954056260602,70.56790161132812,-0.05895767719376231,73.16508483886719,-0.12791954056260624,rot180,0.6495780807525146
9fbfeefef4a766018eeaae6d61b60f24f65d980f9646c55a5ae3b50113903afb,train_01843.png,289.57,train_05286.png,212.76,76.81,0.0,35.230255126953125,0.45980988029229186,32.56913757324219,0.5341023425468717,35.230255126953125,0.45980988029229186,32.56913757324219,0.5341023425468724,vflip,0.6309507580263737
9fd47e89c4a420cf3d9a6c04969d34f76a0c1f13a57b10bb0c48b0bc74fe0153,train_02952.png,280.74,train_00452.png,289.68,8.939999999999998,0.0,12.904769897460938,0.8557399538103282,14.05413818359375,0.8299145385377489,12.904769897460938,0.8557399538103329,14.05413818359375,0.8299145385377545,identity,0.8557399538103282
a0077e86da07c8d3ec182a650e7437f34eb0e4e9f2b5c0605053ebb64b83d2a4,train_01631.png,295.02,train_01060.png,114.4,179.38000000000002,0.0,74.39407348632812,0.14259267868882503,75.21696472167969,0.13167468424480325,74.39407348632812,0.14259267868882586,75.21696472167969,0.13167468424480272,rot180,0.9897741756478149
a0168e84b7655f161fc0b9b222179f2e6457a5c02cde95ef430df9edcd1611de,train_03630.png,131.43,train_01837.png,291.45,160.01999999999998,0.0,54.43269348144531,0.32172439719483426,54.61003112792969,0.32012161327417926,54.43269348144531,0.3217243971948344,54.61003112792969,0.3201216132741788,rot180,0.6508959887602421
a08b00ed75fd7ced1161d36fb7b645a56fe8e6547c5d55abac1eb6a8ae73f9c5,train_03300.png,125.95,train_01278.png,35.73,90.22,0.0,44.36955261230469,0.43099468472841196,44.32965087890625,0.43479483274153496,44.36955261230469,0.43099468472841207,44.32965087890625,0.434794832741535,vflip,0.7652731055247813
a099bf5562ad3867a6c8f03fc5889d8adaceb1cbf966711817c68b844ec92c4d,train_04721.png,236.39,train_03764.png,48.74,172.35000000000002,0.0,46.881011962890625,0.20915622068662115,46.60484313964844,0.21093342126638417,46.881011962890625,0.20915622068662115,46.60484313964844,0.21093342126638417,rot180,0.8018034845518711
a0bbe6b1b7e93a08aefa97e658c4102ae0617c6d319ba8aafd945fe437993263,train_02301.png,282.15,train_01984.png,13.05,90.90000000000003,0.0,33.02862548828125,0.395117456377595,33.5955810546875,0.37831590023418704,33.02862548828125,0.3951174563775949,33.5955810546875,0.37831590023418704,rot180,0.395804854444278
a0c801b1d0b59c771bcbb471968bcf6eec66a43af5667bb43935a473069558aa,train_05872.png,43.11,train_02829.png,73.44,30.33,0.0,29.746978759765625,0.6262763926115003,31.218048095703125,0.5986198184371808,29.746978759765625,0.6262763926115003,31.218048095703125,0.5986198184371808,vflip,0.6810061816747511
a0ed64b71236c61003f0ed6f77d3b6383434b0cd146a507facb38e499c280ff0,train_06415.png,296.38,train_02189.png,43.67,107.29000000000002,0.0,81.28292846679688,-0.06356145999846677,83.03987121582031,-0.09246225655777504,81.28292846679688,-0.06356145999846677,83.03987121582031,-0.0924622565577751,vflip,0.4698168948565338
a13876dbd41ea24260682a8c660c476bccb05db02b639349dbd1230bc1b9c986,train_01489.png,294.16,train_05332.png,351.21,57.049999999999955,0.0,29.397201538085938,0.4182866375930776,29.490203857421875,0.41237231001894453,29.397201538085938,0.41828663759307755,29.490203857421875,0.41237231001894453,vflip,0.6512190324189723
a161c050f97c4297a8c5df6b7accda983a3bb1ea0d8eb3deadf867b77581f7ea,train_00145.png,337.02,train_06289.png,189.88,147.14,0.0,41.7447509765625,0.37889738681732854,41.25428771972656,0.39497178833448277,41.7447509765625,0.37889738681732854,41.25428771972656,0.3949717883344825,vflip,0.6258112191632496
a16d22ec3832b207082ffc82cd53db33c2bde2b73547c5df92f19bdf358be311,train_02091.png,342.18,train_06386.png,84.92,102.74000000000001,0.0,72.87864685058594,-0.05966178442025359,72.23680114746094,-0.04776738648987387,72.87864685058594,-0.05966178442025359,72.23680114746094,-0.04776738648987388,hflip,0.6192885087843348
a1a08eeaefc9f0efaf7fd62b338d8ea1267d7435ebea24796389e43127c8fca3,train_02687.png,356.98,train_03890.png,105.13,108.14999999999998,0.0,94.67018127441406,-0.154494312392926,93.9664306640625,-0.14396659993791208,94.67018127441406,-0.15449431239292635,93.9664306640625,-0.14396659993791203,vflip,0.7387018885540726
a1a84b58db9bdf11659af50a69750c9965b6063dbc5c55ce5dcc7731a1fca4a8,train_01364.png,310.26,train_03124.png,316.72,6.460000000000036,0.0,13.913619995117188,0.8778304933805484,13.904251098632812,0.8783030482588198,13.913619995117188,0.8778304933805484,13.904251098632812,0.8783030482588198,identity,0.8778304933805484
a1c19f87c01865dc1451f6978beda2b3ed6a861efb7d174230ad0727b25be101,train_00854.png,338.06,train_06766.png,154.71,176.65,0.0,58.133575439453125,0.3105817790309362,56.881591796875,0.32673504033388145,58.133575439453125,0.3105817790309362,56.881591796875,0.3267350403338806,rot180,0.9231347460937174
a1de774b12888e3a744995996a364e7ba4cce3a090d9eac7dc4291dfd7d9a42c,train_01498.png,318.31,train_04394.png,217.05,101.25999999999999,0.0,55.603302001953125,0.2095227388552395,55.82061767578125,0.20405253619574396,55.603302001953125,0.2095227388552394,55.82061767578125,0.2040525361957439,vflip,0.7387779355003187
a1ef6dcfd883312bf31914b0f8ca31cc148fc452b7239f7228727b932468eb5b,train_04737.png,112.77,train_01541.png,110.07,2.700000000000003,0.0,11.450393676757812,0.934298619942364,11.626922607421875,0.931519023550328,11.450393676757812,0.9342986199423641,11.626922607421875,0.931519023550328,identity,0.934298619942364
a1f5b962394fabe33c2f04685dd3bba8dbbf25f28e4583c42e8c98af0412e0d3,train_00819.png,263.2,train_04607.png,235.75,27.44999999999999,0.0,34.90632629394531,0.6211121798340382,34.42594909667969,0.6273397135115231,34.90632629394531,0.621112179834038,34.42594909667969,0.6273397135115228,identity,0.6211121798340382
a20ebe14c8c4d3a82ab309820c4e5cbea8b5769457397eb7ddabc47e9bb385f4,train_00902.png,333.28,train_05454.png,202.92,130.35999999999999,0.0,96.06515502929688,-0.2321147066342139,96.02664184570312,-0.23172037641211027,96.06515502929688,-0.23211470663421402,96.02664184570312,-0.23172037641211027,vflip,0.7470194971340414
a2143b125a34395d32be5f3aa897b2ab036a4b4b15abca582d8ee043add2c72a,train_04335.png,213.27,train_01723.png,170.57,42.70000000000002,0.0,43.14353942871094,0.4354888680057428,43.12016296386719,0.434971830900778,43.14353942871094,0.4354888680057428,43.12016296386719,0.434971830900778,hflip,0.6691152208823514
a264501185b822de2a805fcbb233f5fea4597b9ffa0c63bdbc268a9765ddc818,train_01407.png,297.34,train_07728.png,116.45,179.11,0.0,54.35093688964844,0.06243237725076546,53.4935302734375,0.0708237287995532,54.35093688964844,0.06243237725076546,53.4935302734375,0.0708237287995532,rot180,0.957721478577286
a2b58103372192fe2113b1888851b43e5ed7e63d5e997de3675341e810b72972,train_05908.png,277.19,train_02997.png,119.34,157.85,0.0,84.31895446777344,-0.3389020209000642,84.77210998535156,-0.34848240095957167,84.31895446777344,-0.3389020209000642,84.77210998535156,-0.34848240095957167,hflip,0.7187522501593161
a322f86290c204bd377f9dd2df1611d560aab10b136ad3ecd5acb18985049728,train_00093.png,285.82,train_01750.png,162.85,122.97,0.0,64.10890197753906,0.03682159463209091,64.06845092773438,0.037914934485127026,64.10890197753906,0.036821594632090976,64.06845092773438,0.037914934485127026,hflip,0.42939429831230774
a35f9f3cee74631b704358f38e7dbf0eea2a370309f0712cc582949cfebdceee,train_04807.png,342.51,train_01385.png,163.79,178.72,0.0,45.04362487792969,0.20936156577951995,44.94087219238281,0.21745101708591213,45.04362487792969,0.20936156577951995,44.94087219238281,0.21745101708591213,rot180,0.8937223673858675
a3612abc5b06d7a7b6c821201d02c1d93a0cbbc5d3a4d6aa444684519f2245f9,train_05650.png,272.8,train_03915.png,320.3,47.5,0.0,35.34002685546875,0.5007984975649298,34.578582763671875,0.521665536956907,35.34002685546875,0.5007984975649298,34.578582763671875,0.5216655369569065,hflip,0.5016405192878066
a3775374c7749029709a9c36987ba934b824326d9cf501d28b4ee66940e85631,train_00230.png,323.8,train_05769.png,5.44,41.639999999999986,0.0,46.13066101074219,0.42640446240643115,46.06388854980469,0.4269488274540041,46.13066101074219,0.42640446240643115,46.06388854980469,0.42694882745400387,identity,0.42640446240643115
a37c2e7a8f41bff45eb03c39d99847188a1bed6eae38349fdf8ebdf56bfc6f97,train_00781.png,277.1,train_06434.png,18.35,101.25,0.0,79.28689575195312,0.05325606057970658,81.69590759277344,0.011637457902199732,79.28689575195312,0.053256060579706485,81.69590759277344,0.011637457902199753,vflip,0.3609997675995103
a393069828cd58955ed793a463962c7ab9bfeeb5cfe5cf4eab1da183c68ce1b4,train_03706.png,276.51,train_02672.png,194.69,81.82,0.0,49.376495361328125,0.13031200413063093,49.003997802734375,0.1394915692520141,49.376495361328125,0.13031200413063074,49.003997802734375,0.13949156925201434,hflip,0.4103514658270644
a3c3497f3f7a2bef207b7be3f9794064d13f48d3c75524985ed079cfea975bd7,train_07723.png,96.68,train_06128.png,84.39,12.290000000000006,0.0,26.621627807617188,0.6840954249787652,26.640090942382812,0.6835692825135115,26.621627807617188,0.6840954249787653,26.640090942382812,0.6835692825135115,identity,0.6840954249787652
a3fd993b48a142a7c9af6beba3e2caa3735e8f9c9627f8bb05096570c89a63a5,train_00395.png,272.27,train_06724.png,14.78,102.50999999999999,0.0,65.09593200683594,-0.17945909983091024,61.69111633300781,-0.1584522787697987,65.09593200683594,-0.17945909983091,61.69111633300781,-0.15845227876979895,vflip,0.6797389715306128
a40886241854c019badef43b66c11f2e0763c24cc251436d42267904aa55cb28,train_04219.png,355.09,train_00962.png,281.13,73.95999999999998,0.0,60.01545715332031,0.05856301369324497,58.968505859375,0.08530943964303274,60.01545715332031,0.058563013693244924,58.968505859375,0.08530943964303274,hflip,0.45366967912945705
a41abb18c56b6ea29b952b49bd8f376f65d7aaec7db047428440944c8b244e1d,train_00742.png,232.29,train_03957.png,16.72,144.43,0.0,26.161712646484375,0.5344286289465391,26.121124267578125,0.5335688436917647,26.161712646484375,0.5344286289465391,26.121124267578125,0.5335688436917647,vflip,0.6572311932056952
a46efb75814a254933d68f3b226cf6fbd27460c5ac5622e920fa6e4c9bd1dfc2,train_03514.png,275.44,train_05098.png,117.98,157.45999999999998,0.0,102.69853210449219,-0.45526387152753717,101.61888122558594,-0.44189640185812673,102.69853210449219,-0.4552638715275369,101.61888122558594,-0.44189640185812673,rot180,0.659219005597011
a50bde765e219531876fe7b7156b8143dfd5dfe3ce0538ffc8f0d0f1a1481cdb,train_02755.png,334.19,train_03452.png,334.01,0.18000000000000682,0.0,0.9081573486328125,0.9986711233741923,0.93426513671875,0.9986311471935103,0.9081573486328125,0.9986711233741928,0.93426513671875,0.9986311471935098,identity,0.9986711233741923
a523ef961d93ed48ad98c0708c114fe2e1416c642758566806bc71e1a12574d8,train_02471.png,334.59,train_02138.png,181.15,153.43999999999997,0.0,33.026641845703125,0.2708924762045111,32.739776611328125,0.28284799449391435,33.026641845703125,0.27089247620451035,32.739776611328125,0.2828479944939138,vflip,0.6317205599829343
a53f4b43e4eb72a639c1f09a76a5230d8e480254329efb2c73360a90260206da,train_03176.png,294.21,train_04577.png,2.92,68.71000000000004,0.0,67.08531188964844,0.02048188556342943,68.785888671875,-0.022671023443392706,67.08531188964844,0.020481885563429416,68.785888671875,-0.022671023443392706,identity,0.02048188556342943
a54006a04cbadb227b2ceb72dca38a87d1ec2df0c921dc90b6e8e1a137c5d682,train_02808.png,274.39,train_02881.png,275.2,0.8100000000000023,0.0,6.01202392578125,0.9760917046395545,5.92596435546875,0.977177787668962,6.01202392578125,0.9760917046395545,5.92596435546875,0.977177787668962,identity,0.9760917046395545
a547611ce76b2709aa113d3dad2b191cf7e756669b11e3ab57b6f75a3286ccf6,train_04302.png,330.29,train_02006.png,303.2,27.090000000000032,0.0,26.175033569335938,0.7015719619880243,26.154296875,0.701795842049018,26.175033569335938,0.701571961988023,26.154296875,0.7017958420490231,hflip,0.8071345989562397
a56a94ea216e3b0a7830b75ddca3822ed06f632754910e1db91ceee08544fcc0,train_00258.png,349.1,train_07505.png,336.07,13.03000000000003,0.0,18.703781127929688,0.7742591362226041,19.125930786132812,0.7642725239580006,18.703781127929688,0.7742591362226037,19.125930786132812,0.7642725239579995,identity,0.7742591362226041
a5b0c770adea29da6a5cd276da240643ba3f4a2653af5ef4bc03327efd36f341,train_04962.png,180.46,train_04857.png,94.48,85.98,0.0,46.783050537109375,0.05927824849925901,47.561614990234375,0.02346131605089445,46.783050537109375,0.05927824849925901,47.561614990234375,0.02346131605089445,vflip,0.32054223982630026
a5c37e7188d09d7893921fa7ccea1406eb1dadbe991985b28cff9ee130e9b132,train_02102.png,288.66,train_07313.png,58.62,129.95999999999998,0.0,35.44825744628906,0.34134560944739645,35.00199890136719,0.3516018581889212,35.44825744628906,0.34134560944739645,35.00199890136719,0.3516018581889212,hflip,0.765108416334685
a5e9cd730038b17889dd5f12f61014c94aed5fe14e456219a14830d2e075220e,train_01236.png,156.74,train_05773.png,31.44,125.30000000000001,0.0,66.40727233886719,0.07647807025822803,65.92214965820312,0.08457521933448958,66.40727233886719,0.07647807025822795,65.92214965820312,0.08457521933448958,vflip,0.6621575392981818
a626ba3a57af6eb37d421d77bf552ee599a954a4e1a436fba4bdefe777e681e0,train_03606.png,344.45,train_03786.png,349.94,5.490000000000009,0.0,22.037796020507812,0.7373478758896209,22.428314208984375,0.72258975389644,22.037796020507812,0.7373478758896213,22.428314208984375,0.72258975389644,identity,0.7373478758896209
a6405c7bb7a64b12129f65e11a88050de0f5ac6f16094df049080f8a70af7654,train_07014.png,343.75,train_00268.png,58.11,74.36000000000001,0.0,52.36744689941406,0.28684303354350443,51.21510314941406,0.3099896873777587,52.36744689941406,0.2868430335435044,51.21510314941406,0.3099896873777593,hflip,0.5893821544346687
a6b2b41bd7a78152003995f6daf88bdababf6974603bfaa5eafe1365459c38a7,train_04401.png,279.51,train_00443.png,199.27,80.23999999999998,0.0,46.193939208984375,0.20813016101580642,46.180023193359375,0.21028358094788643,46.193939208984375,0.20813016101580642,46.180023193359375,0.21028358094788643,vflip,0.5825929522510912
a705e3785b356832d0f305442ee5a02b5aaf907932275efea5a6bfb299f60976,train_03330.png,283.52,train_01168.png,100.33,176.81,0.0,25.090164184570312,0.5466484388570152,23.674102783203125,0.5766038105516815,25.090164184570312,0.5466484388570152,23.674102783203125,0.5766038105516815,rot180,0.8781974393772958
a76066af9aabc58bf016cb1c1119010a16c1f0fc681b241c593209b870e4cfba,train_03509.png,286.72,train_06015.png,356.11,69.38999999999999,0.0,42.63569641113281,0.1520436468177134,42.94024658203125,0.13719465464563046,42.63569641113281,0.15204364681771335,42.94024658203125,0.13719465464563077,hflip,0.2719422476616858
a7cc8624b44cec4f6ebe35bc9dcece5a2c17b299ae3684a6eb8b2c8eee6e46b3,train_00520.png,339.61,train_02919.png,220.03,119.58000000000001,0.0,30.875991821289062,0.4256796246849308,31.411392211914062,0.4128145443899636,30.875991821289062,0.4256796246849303,31.411392211914062,0.4128145443899634,vflip,0.4974367236348834
a842877d6f0d22c7e67072e132321109c1acc7e0e175b96f488952e9da8b8c73,train_02939.png,199.57,train_01436.png,304.92,105.35000000000002,0.0,34.793182373046875,0.5394616039543929,35.06513977050781,0.5305380816075531,34.793182373046875,0.5394616039543929,35.06513977050781,0.5305380816075531,rot180,0.5686457637152846
a86533efd23d8259ded86fc6d3b719fa8f49ecb27851e48f1bb8776850847bf6,train_02320.png,276.63,train_03674.png,344.3,67.67000000000002,0.0,30.544692993164062,0.2796792785376822,30.779617309570312,0.2657501326283369,30.544692993164062,0.27967927853768226,30.779617309570312,0.26575013262833674,vflip,0.5563334286049674
a8a6b98a8882ffb4e0c40e10ca9091d151c7013380b11fd9f573cfc3b3b4b384,train_01022.png,297.56,train_04406.png,124.93,172.63,0.0,22.944732666015625,0.7476664773507407,23.078689575195312,0.7419878379785506,22.944732666015625,0.7476664773507412,23.078689575195312,0.7419878379785505,rot180,0.8240212210330289
a91c3d76315e9b07a367a269fc052b2e9e5de9fda3267b5b0c7f48251666482c,train_05739.png,153.69,train_00507.png,278.26,124.57,0.0,57.24476623535156,0.27179897450220963,56.68962097167969,0.2886366991857024,57.24476623535156,0.27179897450220963,56.68962097167969,0.28863669918570284,hflip,0.5262975744306594
a94a5cc08e614bfea18353dbd7f56abe24195222f09a67267f9d8eb2b9cf4d07,train_01610.png,279.15,train_07511.png,75.06,155.91000000000003,0.0,52.94010925292969,-0.18081940434708102,52.709075927734375,-0.17228617547055025,52.94010925292969,-0.18081940434708102,52.709075927734375,-0.17228617547055025,hflip,0.6051240339904105
a97dcdf6acaca81c61a242efb0a63323997b122b69c6a4a3c972c4990e9d4f05,train_02251.png,345.87,train_04641.png,267.92,77.94999999999999,0.0,47.591522216796875,0.12575828031871783,46.02119445800781,0.16429222262217558,47.591522216796875,0.12575828031871783,46.02119445800781,0.16429222262217563,vflip,0.22429218072433219
a98b25d23e572fc1dfe69ca6bee1a53808cf07303bb83646beec3972d8908f4b,train_02094.png,281.05,train_02607.png,2.34,81.28999999999996,0.0,34.14558410644531,0.1913038360407281,34.291046142578125,0.180169253545257,34.14558410644531,0.19130383604072793,34.291046142578125,0.18016925354525687,hflip,0.5963452842070046
a9b359b03cf9c701c3b9419169e905e2cd3a655b8ae49572d2b2ca197719b9fb,train_00175.png,292.97,train_06898.png,138.31,154.66000000000003,0.0,52.39860534667969,-0.001937293776309488,52.69154357910156,-0.007776678820591739,52.39860534667969,-0.001937293776309488,52.69154357910156,-0.007776678820591739,rot180,0.6520710618689026
a9c5f988eb3f833ee691254cc834c8a4be1f3e60fa16ed5e6135373e9498bef8,train_07116.png,326.29,train_07359.png,244.42,81.87000000000003,0.0,41.388336181640625,0.0867700364990758,41.365264892578125,0.08614246852553867,41.388336181640625,0.0867700364990758,41.365264892578125,0.08614246852553867,vflip,0.21115889752270253
a9cc321f58f2ae4ca93a7caf350baf207e70c0229965620594fcba97853f49ec,train_00199.png,129.77,train_07761.png,347.36,142.41,0.0,36.278411865234375,0.30517920913798446,36.51947021484375,0.2988977033311952,36.278411865234375,0.30517920913798446,36.51947021484375,0.29889770333119514,vflip,0.41753777288829713
a9eb32c1fe66a679c528d0ab549ce8c6cfa954e0dbfaff3fbaa967c2806e9270,train_03290.png,341.74,train_01470.png,178.37,163.37,0.0,102.48175048828125,-0.6532799821039121,101.98991394042969,-0.6503794612429901,102.48175048828125,-0.6532799821039121,101.98991394042969,-0.65037946124299,vflip,0.7757120498289652
a9f42b7d827fc93bf459e1896fb758e6a3dde62c33713979c5b741cf690839a0,train_01115.png,352.08,train_03681.png,28.88,36.80000000000001,0.0,47.67460632324219,0.4255358688920964,48.08769226074219,0.4187094852334398,47.67460632324219,0.42553586889209644,48.08769226074219,0.4187094852334401,identity,0.4255358688920964
aa81cf7439d64d68e973727a2dcb282162e5fe4757d4a3a27cd15b07c1d690ec,train_06157.png,326.61,train_02637.png,4.38,37.76999999999998,0.0,43.38755798339844,0.3214359357966459,42.955535888671875,0.3300374471583751,43.38755798339844,0.3214359357966459,42.955535888671875,0.3300374471583751,identity,0.3214359357966459
aae0bf2480d4c3d8f6149e6450a8ee4359182c8ae5fcc64962e1a6436b4c9fbc,train_03359.png,351.39,train_00221.png,293.6,57.789999999999964,0.0,37.38328552246094,0.3411540484104284,37.853668212890625,0.3289398910079424,37.38328552246094,0.3411540484104284,37.853668212890625,0.3289398910079424,identity,0.3411540484104284
aaea43a9f7d46205c930db4bd4f80dbefd66f919559dbbff2bf7c867a91960c9,train_03817.png,277.93,train_04232.png,110.56,167.37,0.0,48.40010070800781,0.2683680474058785,48.23381042480469,0.2738588687091342,48.40010070800781,0.2683680474058787,48.23381042480469,0.2738588687091342,rot180,0.7253972344188668
ab139699576e643df4639f8444efb66fb82318b3693d1e25ffadeea41d34c010,train_04611.png,298.87,train_06652.png,155.36,143.51,0.0,33.88655090332031,0.34066520920854537,33.953369140625,0.33901398700105695,33.88655090332031,0.34066520920854537,33.953369140625,0.33901398700105695,vflip,0.6350208784624497
ab452bec77ff820f899ac4b749434a549aaf697f212ee1e120edcf31e1cbb6d5,train_01447.png,293.21,train_01738.png,280.73,12.479999999999961,0.0,22.164031982421875,0.7234299335096369,21.31939697265625,0.7386539508651367,22.164031982421875,0.7234299335096408,21.31939697265625,0.7386539508651367,identity,0.7234299335096369
ab92833c1cf25f3aa5a33fb9e480ef6014ea214af321aebe26405e0e691e3e27,train_07577.png,347.67,train_03867.png,305.83,41.84000000000003,0.0,34.29624938964844,0.3289325867595799,33.895111083984375,0.345710023475366,34.29624938964844,0.3289325867595799,33.895111083984375,0.345710023475366,vflip,0.39180726308866154
ab9ad4fb5da25aacc3efb80ecca07d3aa213d06e9b1711be6c6fe03febbd2889,train_01165.png,308.07,train_01522.png,32.7,84.63,0.0,52.81828308105469,0.3524431182483851,52.47459411621094,0.36295185591256596,52.81828308105469,0.352443118248385,52.47459411621094,0.36295185591256685,hflip,0.7625839415425855
abbab36c993604dff11c7116ca78b5ddbfa4345ff5477d4dbb079bcf6127405f,train_04724.png,288.95,train_05321.png,87.86,158.91000000000003,0.0,65.95880126953125,-0.11331432805614033,64.13754272460938,-0.04232202706042261,65.95880126953125,-0.1133143280561403,64.13754272460938,-0.042322027060422734,rot180,0.35303501982883795
abfb6d10eb396422a61015f16a7da8ef7848c2294062707e1ac14bd9446a270a,train_01048.png,289.56,train_03430.png,288.32,1.240000000000009,0.0,8.533432006835938,0.9531627261974502,8.783843994140625,0.9494275131819393,8.533432006835938,0.9531627261974518,8.783843994140625,0.9494275131819393,identity,0.9531627261974502
ac1283cd57da92772bbf5b848f6c0bd2c75e8ad0fef6a939bcbc3040c6e344a1,train_00109.png,327.58,train_02431.png,245.79,81.78999999999999,0.0,17.800186157226562,0.07457337934047838,18.578033447265625,0.08435326496756097,17.800186157226562,0.07457337934047838,18.578033447265625,0.08435326496756097,vflip,0.08038478064093245
ac26e112d0ecf7048562fe942cc05da08aa2421cde8291d489ceaab4c6e32019,train_02888.png,347.59,train_03256.png,53.93,66.34000000000003,0.0,46.19158935546875,0.34138220056026164,43.83485412597656,0.3907394754057296,46.19158935546875,0.3413822005602622,43.83485412597656,0.39073947540572856,hflip,0.7532831033864421
ac26e8b55dff192b4f0974da405b5510c4701c9437f20ab1eab98f120249488b,train_06762.png,77.37,train_03558.png,195.28,117.91,0.0,82.29595947265625,-0.16871081349381442,82.34608459472656,-0.16950772493709226,82.29595947265625,-0.16871081349381456,82.34608459472656,-0.16950772493709226,vflip,0.48179886877271183
ac454af47759a894bcd64073610de9b2389684e97f36e4b0a6a29064bdafabec,train_03596.png,310.56,train_05937.png,252.17,58.390000000000015,0.0,32.68962097167969,0.4952841026120941,33.78822326660156,0.46739104867496245,32.68962097167969,0.495284102612094,33.78822326660156,0.4673910486749627,vflip,0.559982006265628
ac59c0b723c2d7526e2a0445476cb783190081dddc89debac1d4407fc0249c88,train_02464.png,321.83,train_06884.png,170.16,151.67,0.0,39.33689880371094,0.3867645521325516,39.83222961425781,0.37398753827290027,39.33689880371094,0.386764552132552,39.83222961425781,0.3739875382728996,rot180,0.5405016877832644
ac63e27d7aa50644647fa9825296ea99fbba499e86a87afec20c97fa2b95261b,train_07835.png,295.38,train_03205.png,39.78,104.4,0.0,20.579833984375,-0.07590161896373632,21.115325927734375,-0.07843095139239033,20.579833984375,-0.07590161896373632,21.115325927734375,-0.0784309513923903,hflip,0.032095207929839234
ac892e478fd4caf8e070e9e9723177135434a00a6f2ffb7ea1983a086f2a90ab,train_01268.png,330.98,train_03652.png,171.11,159.87,0.0,43.80570983886719,0.2665565491065406,44.46588134765625,0.24552403924859592,43.80570983886719,0.2665565491065406,44.46588134765625,0.24552403924859592,rot180,0.47760869380534327
ac9c8264dd19be9ca4bfcda99c8acb4fc74755f39b0315828826243d092465dc,train_04584.png,354.14,train_04874.png,320.51,33.629999999999995,0.0,39.99908447265625,0.43360147739705157,40.52330017089844,0.42085504055853623,39.99908447265625,0.43360147739705157,40.52330017089844,0.42085504055853623,identity,0.43360147739705157
acc034960f0f9a2602649a49d4791c6db0970af440ea82d54fb4f87e0edf2921,train_02532.png,332.1,train_07796.png,306.11,25.99000000000001,0.0,22.269332885742188,0.7384782057962254,21.951995849609375,0.742218272352878,22.269332885742188,0.7384782057962253,21.951995849609375,0.742218272352878,vflip,0.8370368221804636
ad2024f850b55883ec858300ffb801232ff5db5d9b32ff9156a9a6e9e58dcfc7,train_00269.png,288.0,train_06360.png,76.8,148.8,0.0,69.74234008789062,-0.014761409191151192,69.86004638671875,-0.019856638299729317,69.74234008789062,-0.014761409191151192,69.86004638671875,-0.019856638299729366,rot180,0.42665129848236844
ad32fda87d5f6f101264a06a0039bdf9b9d14693add8b2e5118b445ff079fc52,train_07053.png,309.55,train_02700.png,257.48,52.06999999999999,0.0,48.285125732421875,0.35410207017657924,47.99705505371094,0.35752545093561056,48.285125732421875,0.35410207017657924,47.99705505371094,0.35752545093561106,vflip,0.3963819522218904
ad3c33e58ec72c0261ed9003f128c4828e2dd057fcf00d9d77848624b4fea842,train_03279.png,294.28,train_07765.png,65.34,131.06000000000003,0.0,49.32005310058594,0.18727614988088917,49.30712890625,0.1874419691157426,49.32005310058594,0.18727614988088925,49.30712890625,0.1874419691157431,hflip,0.9192182634730178
ad54bb5d0ca8de57585e0e5dc2f70dda1a76c6205009c4d63437bd88295bdb2a,train_05502.png,328.45,train_03369.png,143.69,175.24,0.0,49.240997314453125,0.37382885521082104,48.69117736816406,0.37566980613666684,49.240997314453125,0.37382885521082104,48.69117736816406,0.37566980613666723,rot180,0.9142741770982462
ad5864d210369311f2cbde306ad6e6aaf5eef851d6b77133340e3d41d4a9547c,train_07226.png,349.05,train_06054.png,165.74,176.69,0.0,64.41452026367188,0.07930115889607446,62.993408203125,0.09839229117847317,64.41452026367188,0.07930115889607409,62.993408203125,0.09839229117847287,rot180,0.9071651431037915
ad598368546cf6a9a2876c4621c8068e90b40d55f7e29da83075c0b8705f339b,train_05385.png,325.94,train_07243.png,23.34,57.39999999999998,0.0,34.67735290527344,0.503130172071423,35.04899597167969,0.4959012411089292,34.67735290527344,0.5031301720714222,35.04899597167969,0.49590124110892847,hflip,0.6351626455614207
ae00634f8678cb1d84b04c72c3e532aeec51bf8ab61d51a4312a82e30ce623ba,train_07442.png,356.52,train_06402.png,14.33,17.810000000000002,0.0,30.112472534179688,0.5926092609761209,30.767578125,0.5766430552498697,30.112472534179688,0.5926092609761209,30.767578125,0.5766430552498697,hflip,0.694316730022924
ae69532858e3c85ba61e31f2e533ea4b4942f531740545752a07f1a2e7f43f12,train_05707.png,275.95,train_03619.png,144.48,131.47,0.0,79.29180908203125,-0.2645260032157234,79.03762817382812,-0.2611277585297261,79.29180908203125,-0.2645260032157234,79.03762817382812,-0.2611277585297261,rot180,0.3197879257605008
ae75633bd86bafa479879915bd4be0ca7d52510f3f6a672e2aafc05d769a6842,train_05874.png,349.7,train_03103.png,323.99,25.70999999999998,0.0,30.18243408203125,0.6704447237187704,30.1705322265625,0.6707068932232738,30.18243408203125,0.6704447237187714,30.1705322265625,0.6707068932232738,identity,0.6704447237187704
ae8a2125f0ac4056d52f35e66cadf65a611ad6df242177077dcb8da1d4391daf,train_03865.png,343.96,train_05987.png,123.15,139.19000000000003,0.0,43.19331359863281,0.3147151629008101,43.39805603027344,0.31081280471785705,43.19331359863281,0.31471516290081025,43.39805603027344,0.31081280471785655,hflip,0.660570649676125
ae983ecca96fc1b17a2a3f3bd03aa46e6e855df38da6df6c74d69a0b823d044d,train_04815.png,311.17,train_02569.png,312.24,1.0699999999999932,0.0,5.052581787109375,0.9788332975825733,5.084075927734375,0.9781765890775551,5.052581787109375,0.9788332975825726,5.084075927734375,0.9781765890775551,identity,0.9788332975825733
aea9f7c23b411ea7f3367d81d699057ef4caf7162d19bf7f556c63102b382a7c,train_01730.png,186.68,train_04220.png,61.36,125.32000000000001,0.0,44.8800048828125,-0.09277125026342885,45.09629821777344,-0.097122648995794,44.8800048828125,-0.09277125026342885,45.09629821777344,-0.097122648995794,rot180,0.1144960590041348
aed9a65589550a31686b36b7704717c71457394282761147cd18bb4d1347f7fe,train_03411.png,344.75,train_01290.png,3.95,19.19999999999999,0.0,28.015304565429688,0.49325843470602243,28.0780029296875,0.49187231611920923,28.015304565429688,0.49325843470602243,28.0780029296875,0.49187231611920923,identity,0.49325843470602243
af65df420dd3d2f87c8f646b73de59dfb22ef782dff49b282b9995ad5b413a05,train_04821.png,357.17,train_07840.png,21.59,24.41999999999996,0.0,27.98248291015625,0.6554231848330359,28.030166625976562,0.6544077353328822,27.98248291015625,0.6554231848330354,28.030166625976562,0.6544077353328833,hflip,0.766386463875728
af798bbd9e04d100a9dfb9d7ab98f7dcc3070dcee76b06cf982e15c7c5c12a68,train_01796.png,338.59,train_04391.png,115.57,136.98000000000002,0.0,56.959991455078125,0.2593013778717111,56.74870300292969,0.26292627558087595,56.959991455078125,0.2593013778717111,56.74870300292969,0.262926275580876,hflip,0.6228903172118978
af9f56a9da39763b3614bf28eed25631890e2f05502f03ac8498831b3a6fa1c2,train_01331.png,300.81,train_01408.png,28.41,87.60000000000002,0.0,54.13609313964844,0.32504091811458646,54.765350341796875,0.3057077092120305,54.13609313964844,0.32504091811458696,54.765350341796875,0.30570770921202994,hflip,0.3616740975424674
afe37bf2895470a5acff377b7ad3c2ef18e0681a6040caf1d76af15e26e02fed,train_04176.png,332.87,train_05696.png,289.23,43.639999999999986,0.0,40.51348876953125,0.47159136764358905,40.29289245605469,0.47429003408660986,40.51348876953125,0.47159136764358905,40.29289245605469,0.47429003408661,hflip,0.5287081881839306
b01b788148883b1876a3966b6205226ce2fb265570755327eb82859cb4a272d8,train_05368.png,338.75,train_03545.png,15.02,36.26999999999998,0.0,35.48863220214844,0.5035315937699695,35.696624755859375,0.49927605113532275,35.48863220214844,0.5035315937699695,35.696624755859375,0.49927605113532275,identity,0.5035315937699695
b0528aaa18028236caa1665bd969308c84e71f07614b963c8b0a3a9f91090c1e,train_05974.png,278.2,train_03257.png,67.82,149.62,0.0,108.3306884765625,-0.287169158835725,108.61930847167969,-0.2920894020076808,108.3306884765625,-0.28716915883572397,108.61930847167969,-0.2920894020076804,hflip,0.7804282458592184
b0c72643abb8cf264e51e2a392348faa3451fd6cae52de30e1b02142ba8d17a1,train_04727.png,289.13,train_00719.png,6.74,77.61000000000001,0.0,67.47032165527344,0.18688736475894027,67.4180908203125,0.18795765084988236,67.47032165527344,0.18688736475894083,67.4180908203125,0.18795765084988322,hflip,0.2007957569623279
b0eba315e5a17e2b49a55dc6ae0c61676aa2cde9fb0ec58f3ecc604d42d03784,train_06100.png,282.84,train_04793.png,220.89,61.94999999999999,0.0,51.06336975097656,0.2887918148525952,50.50590515136719,0.30298514324981074,51.06336975097656,0.2887918148525952,50.50590515136719,0.30298514324981074,vflip,0.5947123855886481
b10d83afd4b224f4f8e19d89211bc9b6ba09712f14a26b953bc608cc9a9d26f6,train_00324.png,282.56,train_00786.png,215.64,66.92000000000002,0.0,45.29884338378906,0.39364563200906105,47.34037780761719,0.3469792784853664,45.29884338378906,0.3936456320090607,47.34037780761719,0.3469792784853664,identity,0.39364563200906105
b1111b765fb0f8f782ab1813f6f209267d44fef2a66d40c893cf3ef2fee38ed5,train_04619.png,316.71,train_06246.png,54.87,98.16000000000003,0.0,45.19317626953125,0.5001036511371711,45.63859558105469,0.49318037532223336,45.19317626953125,0.5001036511371709,45.63859558105469,0.49318037532223374,hflip,0.6845023852744404
b1253420776ad10f1a133d2030d44040db9cb17c1e2d00da744135a4f27ee8fd,train_01612.png,118.91,train_04151.png,45.55,73.36,0.0,58.58717346191406,0.3305241604047984,58.74516296386719,0.3304731277967427,58.58717346191406,0.3305241604047985,58.74516296386719,0.3304731277967425,vflip,0.777192061682992
b125969eca22e5b14c44ae5a848bc1517bf0fbf828639fbaa20928baaeedae97,train_01049.png,314.5,train_03114.png,100.38,145.88,0.0,54.573760986328125,-0.06612626750338785,54.57232666015625,-0.06540189211497205,54.573760986328125,-0.06612626750338785,54.57232666015625,-0.06540189211497205,rot180,0.4277648972641502
b1389019bdf857295c272cc0ff65a5bf3377331f1af55b593a24a4527b097d5a,train_03546.png,323.26,train_03658.png,37.01,73.75,0.0,18.095993041992188,0.7977475580398904,18.09857177734375,0.7975202001606014,18.095993041992188,0.7977475580398904,18.09857177734375,0.7975202001606014,vflip,0.9359263753391991
b15168c168e9902acaccb50fbf0c307c93ec3150d35ede866c83312eb8a285a5,train_04421.png,320.55,train_06927.png,108.51,147.95999999999998,0.0,44.31922912597656,-0.16128313600020447,43.75794982910156,-0.14571322896990432,44.31922912597656,-0.16128313600020447,43.75794982910156,-0.14571322896990432,hflip,0.29284550173622603
b15aa9e4e1f4730d9fa6a9f380cc76dd7d04bc4b2f9ed0b771651906b003268c,train_04481.png,322.23,train_03609.png,169.67,152.56000000000003,0.0,42.03245544433594,0.3007696754639156,41.000885009765625,0.3285187801435121,42.03245544433594,0.3007696754639156,41.000885009765625,0.32851878014351144,rot180,0.5344928143266036
b18f5c1432975b8328f8cbe14634185be4aabe2d23b66eed0edcb43d6fc32d62,train_05671.png,267.69,train_04162.png,163.19,104.5,0.0,48.107635498046875,0.22975373505087557,48.84788513183594,0.18981227854026955,48.107635498046875,0.22975373505087557,48.84788513183594,0.18981227854026933,hflip,0.4401996423574382
b19253b9af0000a36b737e153312b7b31bbfac2f4148aace908901b7f714a93e,train_00106.png,277.6,train_02412.png,285.76,8.159999999999968,0.0,17.100357055664062,0.6900158873503461,16.860214233398438,0.6967875575401998,17.100357055664062,0.6900158873503462,16.860214233398438,0.6967875575402002,identity,0.6900158873503461
b19cbe2eb501d2f09bc724e1bc82cbee5dcb2e8c6d923e7932d3c01064e1d742,train_06335.png,291.23,train_01291.png,355.0,63.76999999999998,0.0,34.785980224609375,0.29058685048131555,34.333526611328125,0.31078267922715647,34.785980224609375,0.29058685048131555,34.333526611328125,0.31078267922715647,hflip,0.5889222455423864
b19dc2077b7a1f6f55caa1aec0e41e718f202d7216e4be5ba141c1c3946b7013,train_04924.png,296.48,train_03270.png,106.34,169.85999999999999,0.0,89.77450561523438,-0.41833336486358647,89.05601501464844,-0.4069921997118204,89.77450561523438,-0.4183333648635866,89.05601501464844,-0.4069921997118204,rot180,0.81604920896001
b1daa4a23799bb2764b88ea0251ce5d4f05eb16f556de95403ab188e4d842200,train_05021.png,308.34,train_03212.png,33.92,85.58000000000004,0.0,67.074951171875,0.2515431915583761,67.14921569824219,0.25069135531672676,67.074951171875,0.2515431915583773,67.14921569824219,0.250691355316727,hflip,0.71228741161978
b1efcdab007826652248fc8a20ffac0c17756fa739f40cac2e994f8f24508655,train_06478.png,341.52,train_04532.png,235.18,106.33999999999997,0.0,32.03363037109375,0.48091580993082644,31.9129638671875,0.4887448780351725,32.03363037109375,0.48091580993082644,31.9129638671875,0.4887448780351724,rot180,0.5328200161250035
b209cd3ae0f1be0ca1d4eb4194b7734d3c733e3e34e1637fb4c2d660b32d45bf,train_02479.png,307.64,train_03414.png,165.29,142.35,0.0,37.4324951171875,0.4552324077110392,37.385284423828125,0.4539978280034985,37.4324951171875,0.45523240771103785,37.385284423828125,0.4539978280034969,vflip,0.6320713949676736
b21854d090cd76e42d06162f2e59693fa42d58c1facf94cc280eff35d3cae5f3,train_07805.png,244.28,train_05820.png,61.31,177.03,0.0,8.478424072265625,0.9256474157574396,7.9363861083984375,0.9329758746452783,8.478424072265625,0.9256474157574396,7.9363861083984375,0.9329758746452783,rot180,0.9504848553600135
b21ffe8e57f262351f447f4fb742bdee56b3fd9f3febd4f5548ce5b9ccc1a366,train_01400.png,324.87,train_07262.png,281.87,43.0,0.0,39.600677490234375,0.2701507203580076,39.75396728515625,0.2644734720927039,39.600677490234375,0.2701507203580076,39.75396728515625,0.2644734720927039,hflip,0.3681088668516344
b272ae6878c88a91718c80a0798acbdaa6c932f6556f7db4553dedce49e8c683,train_01404.png,95.61,train_04865.png,245.35,149.74,0.0,57.735260009765625,-0.01849859977815153,58.076904296875,-0.030949065476649076,57.735260009765625,-0.01849859977815153,58.076904296875,-0.030949065476649076,hflip,0.5447416549848347
b2c8e06379237a618a3adc2fffe65efcbca71c850cd52ff26284a74995ee5269,train_01554.png,353.03,train_04494.png,237.67,115.35999999999999,0.0,34.98866271972656,0.3821417509295887,35.69319152832031,0.3508142917136445,34.98866271972656,0.38214175092958874,35.69319152832031,0.35081429171364414,rot180,0.39373866982850986
b2e8aba971c9ee31cde234445eeb6df55ac7b80d95c5e8d27f257345250cc40f,train_06274.png,145.04,train_05630.png,46.11,98.92999999999999,0.0,44.90081787109375,0.44657468021768715,45.00621032714844,0.4418678181545902,44.90081787109375,0.44657468021768715,45.00621032714844,0.4418678181545897,vflip,0.6257709358378384
b333ae2b8ef96dc8468439e4699bf4bd40bccd1747ef40e517a69bf0370a77a2,train_05772.png,301.12,train_06612.png,156.98,144.14000000000001,0.0,28.025650024414062,0.06978811492415307,28.00689697265625,0.07259290543042911,28.025650024414062,0.06978811492415307,28.00689697265625,0.07259290543042911,hflip,0.21786698092022433
b3b11c43346975f59e89212dde77a85af49118692f1a4220952053b6c9b28268,train_05024.png,313.66,train_01288.png,106.51,152.84999999999997,0.0,25.109970092773438,0.5659162406628152,24.550704956054688,0.5904380877286197,25.109970092773438,0.5659162406628153,24.550704956054688,0.5904380877286196,rot180,0.6028039200446864
b3df08a17182726fc8a0c1adb7e6b3eb523233bedebfc47f8eda03327114a7b2,train_01499.png,307.43,train_05806.png,254.57,52.860000000000014,0.0,50.67759704589844,0.38126174534578083,49.76246643066406,0.3949415993889406,50.67759704589844,0.38126174534578056,49.76246643066406,0.3949415993889398,identity,0.38126174534578083
b40b72c3a677d0cbd817d1edbfd6bb1f0c642198999a34e5d5ff66ad6bb4aa89,train_06353.png,337.16,train_02887.png,67.14,89.97999999999996,0.0,27.460281372070312,0.6157956509117481,27.381454467773438,0.6190145317895237,27.460281372070312,0.6157956509117475,27.381454467773438,0.6190145317895245,rot180,0.6158732681794579
b448c3f766ff58c54d79fd8ba4b9edcbcd6725062f171d55ef80da4f18e6e59f,train_01170.png,306.81,train_04855.png,235.55,71.25999999999999,0.0,26.851211547851562,0.6840789151779566,26.900970458984375,0.682511895457302,26.851211547851562,0.6840789151779563,26.900970458984375,0.682511895457302,vflip,0.77318936405778
b461cf64bcc5d049b09a640ac3a2c8c94f79691f9c5124df3187a7b2c1bef254,train_01431.png,344.15,train_03908.png,11.59,27.439999999999998,0.0,42.377532958984375,0.38634110763695895,42.27027893066406,0.3879019566219129,42.377532958984375,0.38634110763695895,42.27027893066406,0.3879019566219129,identity,0.38634110763695895
b4785517c40a6ca2723658563b15a7bdb674d98b6e5d4298514268ad8682aa62,train_05083.png,313.55,train_02609.png,132.57,179.01999999999998,0.0,29.677764892578125,0.5807407270698747,29.849533081054688,0.575359076912627,29.677764892578125,0.5807407270698752,29.849533081054688,0.5753590769126269,rot180,0.9486023277545299
b47c9a48388c813433b209565c0c407f07e94b45250097fb4467d841e7de78c8,train_01777.png,333.76,train_06712.png,121.85,148.09,0.0,73.87882995605469,0.09497201995762718,73.48381042480469,0.10147328952518149,73.87882995605469,0.09497201995762727,73.48381042480469,0.10147328952518134,rot180,0.5872441254968306
b483de579575c0d67a7b91bcaafb916ae04d1c53dbab60354e87645595f92e50,train_00334.png,348.06,train_00653.png,262.38,85.68,0.0,62.53363037109375,0.13768187594528222,61.960845947265625,0.1516430384682832,62.53363037109375,0.13768187594528222,61.960845947265625,0.15164303846828334,vflip,0.23764484655619356
b486337fb2700d96ced4c3490b1adeee10bb9f543ef815566f6f842e11e13dd4,train_03254.png,180.92,train_02906.png,325.83,144.91,0.0,98.00030517578125,-0.46817811981697527,98.10125732421875,-0.46928310000538825,98.00030517578125,-0.46817811981697527,98.10125732421875,-0.46928310000538825,rot180,0.5468060655200507
b4d82500eeb46c22257fc73ffa2d0b36840c693031bec6995554838fd4cf071b,train_05428.png,353.07,train_00768.png,232.84,120.22999999999999,0.0,43.149566650390625,0.32289941475716394,43.300689697265625,0.3209539225484859,43.149566650390625,0.32289941475716327,43.300689697265625,0.3209539225484859,vflip,0.4727195759694906
b4ecdcf62a07e241ae5445f3493fe53f78a0bb96a2bb222693aa0dd8b5f56878,train_06534.png,294.62,train_02686.png,142.97,151.65,0.0,106.68577575683594,-0.37707546779753326,106.71556091308594,-0.37725445794789214,106.68577575683594,-0.37707546779753315,106.71556091308594,-0.37725445794789203,hflip,0.7199756181345605
b5173cffa605af9c873cc674bdca66f015b72f3e953fa797c24a4451646930ac,train_01976.png,270.86,train_03119.png,136.84,134.02,0.0,60.87669372558594,-0.034398680714329624,60.86103820800781,-0.03364242734612089,60.87669372558594,-0.034398680714329645,60.86103820800781,-0.033642427346120926,hflip,0.40850532052167704
b52206da93a537296996688e052a27443c3e2a1bc29c2ab8c9c61d0fccabd55e,train_04116.png,308.05,train_04877.png,118.49,170.44,0.0,23.157943725585938,0.7806577135208039,22.579193115234375,0.7899347970414357,23.157943725585938,0.7806577135208038,22.579193115234375,0.7899347970414357,rot180,0.8814979004871395
b55a2237ef2d4b885021474a39960ec0e79ac7ed512873891deef8ed337ca495,train_06596.png,53.03,train_00709.png,0.43,52.6,0.0,42.730804443359375,0.2458009563059149,42.55305480957031,0.2530552384649062,42.730804443359375,0.2458009563059149,42.55305480957031,0.2530552384649066,hflip,0.549968534597353
b59ebf03f004848618e3ecf8b179e0735993edc7f119e4d98d36264f5e809117,train_00135.png,271.64,train_06889.png,162.77,108.86999999999998,0.0,54.73503112792969,-0.11495091582211943,54.69902038574219,-0.11373239244217621,54.73503112792969,-0.11495091582211943,54.69902038574219,-0.11373239244217621,vflip,0.18718105660123233
b5c5e289038b364be8c2e21e37a155513bf20529897ade5e9ee1e4858ff2f271,train_06403.png,315.34,train_03707.png,335.89,20.55000000000001,0.0,20.20050048828125,0.6982727943826521,19.312164306640625,0.7168564368436526,20.20050048828125,0.6982727943826521,19.312164306640625,0.7168564368436526,identity,0.6982727943826521
b61a7566844eaf66fa714900ecb1da8cb1c9014cfbaca2509c884935e53b2635,train_05702.png,323.85,train_01685.png,117.71,153.85999999999996,0.0,37.60020446777344,0.49201468181411223,37.587738037109375,0.4947303614571055,37.60020446777344,0.4920146818141122,37.587738037109375,0.4947303614571055,rot180,0.5965653873770734
b63a2831b1b7ab13ca5323fb0f0acd5d01175275f2f9383e773112646902fccf,train_03595.png,84.1,train_02753.png,37.77,46.32999999999999,0.0,36.42457580566406,0.349593990667225,36.236602783203125,0.3528429855703399,36.42457580566406,0.349593990667225,36.236602783203125,0.3528429855703399,hflip,0.5108468979403572
b63fcbc704c9dad6340fdbd4586b3a8dcf344b7ca0b1761590cf238cbbb23e9f,train_04811.png,312.07,train_00858.png,128.1,176.03,0.0,29.894943237304688,0.6483657532211767,30.207504272460938,0.6423867662431625,29.894943237304688,0.648365753221177,30.207504272460938,0.642386766243162,rot180,0.9406583733073828
b68ff6d3ae7e0b97cd6887b60dcf350c15812481fe9e9baa9cc2cf1a75fade43,train_02092.png,346.9,train_07743.png,5.07,18.170000000000016,0.0,23.608306884765625,0.49079509108020564,23.381484985351562,0.49934315245048855,23.608306884765625,0.49079509108020564,23.381484985351562,0.4993431524504877,hflip,0.5640364371217006
b6e02408b80fdb335dc5c6973addce9b78531ee59cbf2699033fdff28b6e5051,train_04229.png,156.98,train_04613.png,284.38,127.4,0.0,53.793609619140625,0.2230268287794175,53.35917663574219,0.23607415681657953,53.793609619140625,0.2230268287794175,53.35917663574219,0.23607415681657976,vflip,0.46726666161885083
b6e7e14a101fda9a59fe045a63cf953fc3e60d39fa2eac7a94629ab0c30c5231,train_00183.png,329.24,train_07196.png,239.47,89.77000000000001,0.0,34.87690734863281,0.38177562959258493,35.0045166015625,0.3752272477245274,34.87690734863281,0.38177562959258493,35.0045166015625,0.3752272477245274,rot180,0.3829450073562652
b6e93b4488e30420ca327919a23eab28d5cac0dde4c25818af72c04675389da6,train_03125.png,336.09,train_01704.png,239.25,96.83999999999997,0.0,23.392654418945312,0.6649859432653478,23.917221069335938,0.6502336193379882,23.392654418945312,0.6649859432653481,23.917221069335938,0.6502336193379882,rot180,0.6842280611659642
b6fc7bb38b0eed34a0da3dbd358153a40c88e48955a1e3ceabfbbbbf2da46321,train_00010.png,326.32,train_01519.png,244.1,82.22,0.0,45.1904296875,0.36528829729564893,45.96063232421875,0.3475557576732838,45.1904296875,0.3652882972956492,45.96063232421875,0.3475557576732838,identity,0.36528829729564893
b71a64418d6a3610bd83ef648935bb1c1fac48a8cafa6310af407c586d91662e,train_07132.png,290.12,train_06232.png,160.14,129.98000000000002,0.0,37.21305847167969,0.40113081556641556,37.195892333984375,0.4014165633986715,37.21305847167969,0.40113081556641533,37.195892333984375,0.40141656339867243,vflip,0.6008234392549963
b760c5a97670498bea8632e8fcab9fc5e78c57e6c21ed137ad93767e5dc955fe,train_06012.png,272.97,train_01860.png,327.68,54.70999999999998,0.0,39.41346740722656,0.13848066999127664,39.572998046875,0.13118699418338445,39.41346740722656,0.13848066999127662,39.572998046875,0.13118699418338478,hflip,0.2522808264372427
b7774a978dab5ec01321e4c712cb47c36fc035a46b48a0c6d933079a9fb07fc9,train_04368.png,279.09,train_00056.png,100.94,178.14999999999998,0.0,40.3797607421875,0.4739292684162213,39.94830322265625,0.48400711630229143,40.3797607421875,0.4739292684162213,39.94830322265625,0.48400711630229143,rot180,0.9501207017751289
b77f3a94cf3df46dfdb9424c67b6060001fe26ff2223cba1f8600edcd0a9a132,train_01523.png,306.53,train_02831.png,3.67,57.14000000000004,0.0,32.921142578125,0.19797105508590124,33.050750732421875,0.19616367926708475,32.921142578125,0.1979710550859009,33.050750732421875,0.19616367926708475,rot180,0.21080780483539638
b7bcaadf263af13ab9b6db3f7c5134f788e262379f6871602b36f06842b90b51,train_02634.png,349.64,train_00473.png,277.89,71.75,0.0,26.287033081054688,0.2593054007452898,26.39935302734375,0.25022319599660164,26.287033081054688,0.2593054007452899,26.39935302734375,0.2502231959966014,vflip,0.6348821321710731
b7e739baeddfc96d0a05a1ad44f067c2c26c5304b00ea78d3a1892ba75b25754,train_03831.png,298.24,train_05201.png,64.75,126.50999999999999,0.0,37.166900634765625,0.4133374676531219,37.164825439453125,0.4125922842841594,37.166900634765625,0.4133374676531219,37.164825439453125,0.4125922842841592,hflip,0.7021251360611678
b7e8863166f4616c9bc91a6647a06a697fd8ff19c1a72607105e120a69e6fd95,train_02135.png,352.82,train_00551.png,310.29,42.52999999999997,0.0,50.43385314941406,0.3679706680853905,50.26849365234375,0.3693245078235621,50.43385314941406,0.3679706680853907,50.26849365234375,0.36932450782356235,identity,0.3679706680853905
b7e9bea46530afa66213616f545420dcc246c0aa6dcc5261c5c00b7bb8ed1ca7,train_02358.png,129.62,train_05212.png,17.73,111.89,0.0,39.20503234863281,0.36626019870586607,39.438934326171875,0.3636461950481439,39.20503234863281,0.36626019870586546,39.438934326171875,0.36364619504814366,vflip,0.6336650712508303
b808080e047a6f275a85e44433aa539a6c9022227b3538e6d12b839e55d13709,train_07321.png,323.11,train_04459.png,332.17,9.060000000000002,0.0,21.869308471679688,0.7170630517240314,21.824661254882812,0.7177718753015488,21.869308471679688,0.7170630517240314,21.824661254882812,0.717771875301549,identity,0.7170630517240314
b81286af2a7756e28e25fd6dd75392c5dad61c11771926f6175de9f0891fb994,train_00400.png,274.18,train_05194.png,191.49,82.69,0.0,46.53302001953125,-0.01410707957448024,45.9287109375,0.009895966224681925,46.53302001953125,-0.01410707957448024,45.9287109375,0.009895966224681925,vflip,0.13522224146799805
b8accc5fa4c4ad50e50b86e0585bd631002097f4105fa16965b6630d68d9cd6f,train_04012.png,237.19,train_01899.png,317.51,80.32,0.0,52.52284240722656,0.3302908411709763,52.647216796875,0.32800985046057246,52.52284240722656,0.3302908411709767,52.647216796875,0.32800985046057285,vflip,0.7632833133430241
b8ee3016ad917e88cdf8700ba695c64232c2762413149959ef962cf305e3563c,train_06600.png,290.01,train_02529.png,109.8,179.79000000000002,0.0,85.27888488769531,-0.2074121851116439,84.93229675292969,-0.20409585130810584,85.27888488769531,-0.2074121851116439,84.93229675292969,-0.20409585130810584,rot180,0.996741668000992
b9757878c5dcb54843a9b9eb811e9d10dfc87db6c6769fcdbe086dbf9f109fd1,train_01267.png,278.11,train_03163.png,216.21,61.900000000000006,0.0,17.766754150390625,-0.016014092315404217,18.0968017578125,-0.019916745343055774,17.766754150390625,-0.016014092315404217,18.0968017578125,-0.019916745343055774,hflip,0.2552070753316416
b986de79db4541cb06b7d45bddb26be19b15c9997fa8e93d0788dcddb8905068,train_07706.png,300.59,train_04195.png,268.61,31.97999999999996,0.0,37.25172424316406,0.5012677291300078,37.11138916015625,0.5027288818740281,37.25172424316406,0.5012677291300078,37.11138916015625,0.5027288818740281,vflip,0.567815883733204
b9a8190244330148192949e84794a5b621daf8c4f97ca769171177e7df4d28cb,train_03017.png,321.32,train_04283.png,242.42,78.9,0.0,58.68116760253906,0.22517893012124457,59.3973388671875,0.21981703946530143,58.68116760253906,0.2251789301212447,59.3973388671875,0.21981703946530137,vflip,0.2677228383910292
b9bd7729e5660d6ccf56a7c7a87b32721b827e05bcd3426c95933f93a4102fa2,train_03008.png,302.1,train_06563.png,187.42,114.68000000000004,0.0,75.56138610839844,-0.04439624557202993,72.9271240234375,0.009301548825786292,75.56138610839844,-0.04439624557202997,72.9271240234375,0.009301548825786286,vflip,0.7660425301006627
b9c28a850dd237ba7487220afda3c9b0877f662741fd1afe93908bb3b1ca030d,train_07379.png,294.45,train_07232.png,145.52,148.92999999999998,0.0,90.07479858398438,-0.20678921425075739,90.29458618164062,-0.2104743863524437,90.07479858398438,-0.20678921425075739,90.29458618164062,-0.2104743863524437,rot180,0.6078565539315781
b9d93da9b1d5132228402e142f6027f8793fd99fe347f88b423a35960544190a,train_07426.png,111.95,train_02498.png,224.54,112.58999999999999,0.0,17.174667358398438,0.05308993324484859,16.0303955078125,0.06402595002641373,17.174667358398438,0.05308993324484859,16.0303955078125,0.06402595002641373,identity,0.05308993324484859
ba71908ae92f2b6cdebacbedfda4d9e198dfda91d74160eb9d8c431bc49a4cfd,train_07111.png,276.92,train_03621.png,230.24,46.68000000000001,0.0,46.89665222167969,0.2903771891867395,46.569549560546875,0.2961888307290472,46.89665222167969,0.2903771891867395,46.569549560546875,0.2961888307290472,vflip,0.6926054914099586
ba7fc4ef92f80e9e45733c98b717d7813e904b97314fa5dedaf4a4e824c7a5ee,train_04104.png,275.85,train_01805.png,68.13,152.27999999999997,0.0,38.63432312011719,0.10819737269469477,37.84837341308594,0.1312567674909685,38.63432312011719,0.10819737269469477,37.84837341308594,0.1312567674909685,hflip,0.2349689021184656
ba84a48d6899b41e226425d0f4446fdd6826610862d82e7b6080ee93f39edbd4,train_00625.png,286.75,train_01449.png,335.26,48.50999999999999,0.0,23.027084350585938,0.47428402150599125,22.699874877929688,0.4860453204097674,23.027084350585938,0.4742840215059913,22.699874877929688,0.4860453204097674,hflip,0.8043482025169123
ba9c266209d64c8353140199d1a5b6903f2f80d094c693403a4c96ba549061a7,train_06977.png,316.27,train_03570.png,100.6,144.33,0.0,49.76495361328125,0.06702395462512203,49.89302062988281,0.06383502464046088,49.76495361328125,0.06702395462512203,49.89302062988281,0.06383502464046091,rot180,0.3572896220003768
bac9ef38b1728c48f0ce87016ac780d2adc68c1f39dc0cd5d1734ac72669d8d4,train_07770.png,340.06,train_04663.png,89.55,109.49000000000001,0.0,35.433349609375,0.12190527780230959,33.904510498046875,0.2528197662533316,35.433349609375,0.1219052778023096,33.904510498046875,0.2528197662533316,vflip,0.2568072220594612
badb0315913d5c867afa55837144120b082eab93c2b328f84b635d9420c87dfd,train_03041.png,351.72,train_05254.png,144.25,152.52999999999997,0.0,26.091827392578125,0.573585086754802,25.688461303710938,0.5844457803464839,26.091827392578125,0.5735850867548009,25.688461303710938,0.584445780346484,rot180,0.5745487209507547
bb42c9b275cf2ee648a10890a2888bf8e8e91ec485c4a76dd2b47579bbd69822,train_07539.png,339.01,train_07519.png,353.49,14.480000000000018,0.0,27.99267578125,0.7377125923283101,29.512222290039062,0.7192086907352832,27.99267578125,0.7377125923283101,29.512222290039062,0.7192086907352837,identity,0.7377125923283101
bbbca0de56c9b195e1c8330ca0ae833ad1d5c4cf29c80168ad7678ef56a9aa0a,train_06841.png,344.8,train_01713.png,97.78,112.97999999999999,0.0,67.26017761230469,-0.02464716884885028,66.86749267578125,-0.013051822383698926,67.26017761230469,-0.024647168848850255,66.86749267578125,-0.013051822383698926,hflip,0.5719968243345449
bbc2d13b4411ebb524433df211123febb4bf0526e03a44d28792b2b64e64c492,train_03704.png,341.23,train_04818.png,336.1,5.1299999999999955,0.0,14.855987548828125,0.8783924501851685,14.95123291015625,0.8768187382555672,14.855987548828125,0.8783924501851682,14.95123291015625,0.8768187382555677,identity,0.8783924501851685
bbc93a84bdbceaf4a52b8426d605dc3258d515382a14a3224853f62a3ada0aae,train_07121.png,287.12,train_01233.png,299.21,12.089999999999975,0.0,20.053970336914062,0.7386676583717385,20.701034545898438,0.7210290065641527,20.053970336914062,0.7386676583717385,20.701034545898438,0.7210290065641528,identity,0.7386676583717385
bbd671105a2c6bd9d7dbca21a70e2b2242f3e834cf68882ba42bedfc325623e8,train_01416.png,282.39,train_00619.png,22.79,100.40000000000003,0.0,74.33030700683594,0.0826185082717444,74.05436706542969,0.09294369303726134,74.33030700683594,0.08261850827174456,74.05436706542969,0.09294369303726137,hflip,0.6375568137819582
bc2a33431e6335ca4697392b5ca09b2e37abf35a75dd604f388e1464fa5673e4,train_04234.png,99.47,train_03697.png,250.65,151.18,0.0,74.74632263183594,-0.4533228101606816,75.01519775390625,-0.4589596894753717,74.74632263183594,-0.4533228101606816,75.01519775390625,-0.4589596894753717,rot180,0.601230623303277
bc5584e09f450d11fc0eec7189af92b51afde501d06f2997e0effca062734c44,train_04934.png,297.91,train_05783.png,66.08,128.16999999999996,0.0,40.50370788574219,0.5358938959286926,40.71771240234375,0.5316400788220897,40.50370788574219,0.5358938959286923,40.71771240234375,0.5316400788220897,hflip,0.7663011589890127
bc57037305074204381aaa1592417bcb1c67b7b8d91fcb5edd7422835be4de02,train_06586.png,301.8,train_04167.png,2.6,60.80000000000001,0.0,42.83778381347656,0.28318289149337383,42.46455383300781,0.2946820116367698,42.83778381347656,0.2831828914933744,42.46455383300781,0.2946820116367697,hflip,0.394050092027525
bca2069dac751e74dc94c7b583f0221093b0fe617b2deac8e83378811c762737,train_05100.png,286.13,train_03992.png,340.81,54.68000000000001,0.0,34.885040283203125,0.4554487274214934,34.99263000488281,0.4524934608410591,34.885040283203125,0.4554487274214934,34.99263000488281,0.4524934608410599,identity,0.4554487274214934
bcb60c0034b1e30173f63958fc3f11efe07351400a6ad8c89f604feb2870efcc,train_06820.png,348.63,train_07504.png,85.02,96.38999999999999,0.0,67.33773803710938,0.006091335648897909,68.16964721679688,-0.008144673438553896,67.33773803710938,0.006091335648897917,68.16964721679688,-0.008144673438553896,rot180,0.10184540383709596
bcede9e2ec1db58bea13ca752d68dfd6f54f41d40233bd696e4e0077eb3c62b4,train_07686.png,355.58,train_01904.png,169.69,174.11,0.0,84.88084411621094,-0.4026412208979615,85.72962951660156,-0.4207687132517065,84.88084411621094,-0.4026412208979615,85.72962951660156,-0.42076871325170645,rot180,0.8363055068287957
bcf0e7b872856550c5ed47d694db77e280ac66d02279d8b912781dfc98add2c5,train_04738.png,293.74,train_07746.png,314.61,20.870000000000005,0.0,27.493865966796875,0.5618826173702935,28.026275634765625,0.543954553311752,27.493865966796875,0.5618826173702935,28.026275634765625,0.5439545533117522,identity,0.5618826173702935
bd4609d721f72a23208ba7b95becac1ee2d08c8fa4efb7e94ff48c0af476ccf5,train_01183.png,321.14,train_01756.png,308.76,12.379999999999995,0.0,15.722854614257812,0.8182090950304262,15.709762573242188,0.8184293052857226,15.722854614257812,0.818209095030426,15.709762573242188,0.8184293052857226,identity,0.8182090950304262
bd79fff7f5d5f7b447d1ad4650531620219e81b453abcedf40fc9b28de5ecdb2,train_03243.png,336.1,train_06119.png,53.43,77.32999999999998,0.0,51.977447509765625,0.2330657390075045,52.10540771484375,0.23364812773882374,51.977447509765625,0.2330657390075045,52.10540771484375,0.2336481277388238,hflip,0.5710023026957108
be1f41415a04025d3fe272ea9b9461bdaf105fa6a9fe745d177daf84d92ed373,train_00575.png,358.43,train_02270.png,243.05,115.38,0.0,48.52909851074219,-0.05043139749580136,49.99284362792969,-0.10522631370227385,48.52909851074219,-0.05043139749580136,49.99284362792969,-0.10522631370227385,rot180,0.14071484309114243
be2e5c67d2f73fb579899e438872c9f912bd1d8ce985918830f734e60aa316c2,train_03242.png,319.03,train_00561.png,87.0,127.97000000000003,0.0,68.10964965820312,0.07151440293953748,67.83148193359375,0.07655213405704654,68.10964965820312,0.07151440293953744,67.83148193359375,0.07655213405704683,vflip,0.3007645110472492
be3c1d67dcb5af60eab28bf608b561a99fbae123278424e52a7faa76b01902a0,train_06268.png,44.58,train_00295.png,320.14,84.44,0.0,21.14080810546875,0.6866350446821168,21.255294799804688,0.6837577178554242,21.14080810546875,0.6866350446821168,21.255294799804688,0.6837577178554242,vflip,0.7655878717380388
be503498ab6b61d5101e864edb64efd84d53f1ab015f5685a5dc55dfe192c6d0,train_07146.png,122.28,train_01093.png,51.79,70.49000000000001,0.0,50.277679443359375,0.3669875881362412,50.27886962890625,0.36698947485327005,50.277679443359375,0.3669875881362412,50.27886962890625,0.36698947485326794,vflip,0.9162246047201402
be65fd75a6f1e3c1989ff7f09161f9e6202d8bad416d35f35ede797970fce0c1,train_06913.png,344.46,train_01445.png,354.1,9.640000000000043,0.0,30.118072509765625,0.6579236476496745,29.100006103515625,0.6823241470821072,30.118072509765625,0.6579236476496745,29.100006103515625,0.6823241470821072,identity,0.6579236476496745
be7ded466bd1a59104d9383acf40fbc55ac6f255bdbc9d71ba9da215be67885a,train_02046.png,289.96,train_03590.png,273.15,16.810000000000002,0.0,26.1798095703125,0.7105677190841816,27.134140014648438,0.6935642990648295,26.1798095703125,0.7105677190841816,27.134140014648438,0.6935642990648315,vflip,0.7218488875165443
be910597b6ad76c779071a26735ceed40be02aa10e0c40e1b7e3fe689b04b51f,train_06188.png,354.82,train_02574.png,31.14,36.31999999999999,0.0,23.385818481445312,0.39357715303303437,23.547622680664062,0.37123154826757393,23.385818481445312,0.3935771530330342,23.547622680664062,0.37123154826757393,identity,0.39357715303303437
bec3026d6be81f14d60acbd335b76570b1ddff017066049e74cfbd391c491650,train_05690.png,335.95,train_05592.png,209.2,126.75,0.0,54.656097412109375,0.12548326362823772,55.16661071777344,0.1142903530927068,54.656097412109375,0.12548326362823772,55.16661071777344,0.11429035309270681,hflip,0.4176952849067761
bed04d1dd3b59eaf562cfc8a328f816e1fc226e4c1bf6f28dd0e8510c51f42a2,train_05935.png,310.89,train_05316.png,165.92,144.97,0.0,36.778594970703125,0.40042088907344514,36.26609802246094,0.41221139381323524,36.778594970703125,0.40042088907344514,36.26609802246094,0.41221139381323507,rot180,0.5585847687845676
c031bcbdd4ddf48d6073e9ef4d8de519d9444077d47ea93b6455805e80ebaeb5,train_02758.png,353.66,train_02493.png,307.07,46.59000000000003,0.0,42.64772033691406,0.44080547413577964,42.76359558105469,0.4387939361352468,42.64772033691406,0.44080547413577864,42.76359558105469,0.4387939361352469,identity,0.44080547413577964
c03557a3c28388886fc3905f0c2f893258ce4d6dc85e1e1273d9174756cb2ff8,train_06527.png,309.69,train_07171.png,324.59,14.899999999999977,0.0,18.127243041992188,0.845741807223712,18.205001831054688,0.843834614636156,18.127243041992188,0.845741807223712,18.205001831054688,0.8438346146361556,identity,0.845741807223712
c050347abe80b47e22693f1994f591f8afc3c3466f9d5a4e5f0802cb120aa73e,train_01836.png,311.77,train_06851.png,315.72,3.9500000000000455,0.0,9.177337646484375,0.9413173277188844,9.162338256835938,0.9413661670538618,9.177337646484375,0.9413173277188844,9.162338256835938,0.9413661670538609,identity,0.9413173277188844
c0882fe129f8252168fb219270df6eb758949bcbb1258c2a9f596cb80566fc65,train_05601.png,359.57,train_06836.png,81.35,81.77999999999997,0.0,24.016647338867188,0.03445449920578104,23.799652099609375,0.07686765684932728,24.016647338867188,0.03445449920578104,23.799652099609375,0.07686765684932728,vflip,0.06892018747164926
c0ab65daa8b367327595ce15534e480f78c296b8003faa81918804fb54f7ddcb,train_04127.png,244.5,train_07669.png,176.55,67.94999999999999,0.0,68.06166076660156,0.24318011936909698,68.84271240234375,0.23316670228871028,68.06166076660156,0.24318011936909711,68.84271240234375,0.23316670228871028,identity,0.24318011936909698
c0bbedebe11f4839f809c029e3ecab9af1a70e5546877dcae90a97811fd5abad,train_06582.png,339.76,train_02781.png,32.85,53.09000000000003,0.0,27.963775634765625,0.4970617141912886,28.16156005859375,0.4899490748696446,27.963775634765625,0.4970617141912886,28.16156005859375,0.4899490748696446,hflip,0.7312079059418034
c0d38b2ae05a0b43f3380dca46b70d3bd9e9e008319001ad8c22e214f4c9d353,train_01308.png,67.87,train_02953.png,345.54,82.32999999999998,0.0,75.83145141601562,0.18075780097434538,75.61935424804688,0.18416059970612478,75.83145141601562,0.18075780097434652,75.61935424804688,0.18416059970612478,hflip,0.4357138783550296
c11fa29f81dc433ffe4944aad9082daa8780e0c930e19298e657a593fd2c02a1,train_04002.png,330.58,train_00734.png,81.83,111.25,0.0,26.57830810546875,0.45599121940137805,26.397674560546875,0.47345519579894657,26.57830810546875,0.45599121940137854,26.397674560546875,0.47345519579894646,rot180,0.4942072340660674
c13c725dd91217eaac49b66b788186ace33244172de10ffef6e54c99e0619b31,train_02979.png,328.78,train_03005.png,284.02,44.75999999999999,0.0,40.26092529296875,0.2547570209728737,41.50567626953125,0.23315101661953253,40.26092529296875,0.2547570209728737,41.50567626953125,0.23315101661953253,hflip,0.4416084085205032
c14d972f1d06f0de33e9e508732065aebdf7b8357b61c319b607a00651de27b3,train_06073.png,283.72,train_02356.png,88.85,165.12999999999997,0.0,52.61456298828125,0.2321156164626869,51.31378173828125,0.26622392315149157,52.61456298828125,0.2321156164626869,51.31378173828125,0.26622392315149157,rot180,0.5499821039163872
c1542101207e841e387ef94cb10534b9cecd5124f08d01e1178e943ec5862fc3,train_00197.png,307.97,train_07853.png,121.59,173.61999999999998,0.0,35.23980712890625,0.4402840426152389,36.24639892578125,0.42404778716366504,35.23980712890625,0.4402840426152389,36.24639892578125,0.42404778716366504,rot180,0.9115904364919611
c15a6d747e7f62244993ef6764f038dfd28e0bf985ce1cc302d5ada1a52b644f,train_00394.png,356.5,train_07513.png,328.01,28.49000000000001,0.0,38.237091064453125,0.5023111072380396,36.61128234863281,0.5417447133887449,38.237091064453125,0.5023111072380396,36.61128234863281,0.541744713388744,identity,0.5023111072380396
c163b75a9943ba0fed7a3fa691956508df899769efa1d6d87f36e01b6812c226,train_02832.png,334.04,train_06602.png,39.11,65.07,0.0,11.014251708984375,-0.018400136501770147,10.940460205078125,-0.017934697068420054,11.014251708984375,-0.01840013650177017,10.940460205078125,-0.017934697068420054,vflip,0.23869442067666338
c1c5f4e2a4dba0bb6387b15ce29cf7510cf2b6f619fcf79c59022cc687c47ca4,train_03712.png,282.62,train_02132.png,310.41,27.79000000000002,0.0,21.575271606445312,0.6352440902022214,20.733383178710938,0.6592226529904402,21.575271606445312,0.6352440902022208,20.733383178710938,0.6592226529904416,identity,0.6352440902022214
c1f54f80f47460d4bf2a1bd8e4cffff58cb302fe7f1650592bb0d65b8d9f3671,train_04843.png,333.57,train_04446.png,329.33,4.240000000000009,0.0,6.815460205078125,0.9377369870224813,6.3775787353515625,0.944992267265951,6.815460205078125,0.9377369870224813,6.3775787353515625,0.944992267265951,identity,0.9377369870224813
c20a82a4b63a8bcf7370e37aca02310511d9022b605c67257139bc7fdd76d38b,train_00367.png,291.25,train_03534.png,318.62,27.370000000000005,0.0,23.678802490234375,0.6181226553824166,23.4622802734375,0.6222314626997234,23.678802490234375,0.618122655382418,23.4622802734375,0.6222314626997234,identity,0.6181226553824166
c23afeae3337815dfd805b6053ec1b2006432e86df0d9c9f771b6f5d095713e2,train_07788.png,306.41,train_07803.png,93.68,147.26999999999998,0.0,73.53553771972656,-0.2872632199907888,70.29487609863281,-0.2702008223508438,73.53553771972656,-0.28726321999078924,70.29487609863281,-0.2702008223508438,hflip,0.8138650108353243
c2454f32afe7f65bfdaae006e63bf3c78ee304df922fc0f6413bfaebd8eba2cc,train_05065.png,341.56,train_00337.png,296.14,45.420000000000016,0.0,32.28300476074219,0.47416114646393037,31.994338989257812,0.47934105738660493,32.28300476074219,0.47416114646393026,31.994338989257812,0.4793410573866048,vflip,0.5598763615177343
c258642624b06b1acae64382d4e57f8bffa9892a808f6f2b6b3993fa4fb589af,train_07316.png,313.49,train_06374.png,343.23,29.74000000000001,0.0,24.79498291015625,0.6416967563419458,25.851226806640625,0.6145750452046346,24.79498291015625,0.6416967563419467,25.851226806640625,0.6145750452046346,vflip,0.6772096758571594
c264d19e7b2033d4d5d46bbef2e455869969515fe0b92486f82058615c92c716,train_04059.png,237.37,train_01051.png,260.69,23.319999999999993,0.0,28.697418212890625,0.6632047251823813,28.729583740234375,0.660881956569928,28.697418212890625,0.6632047251823813,28.729583740234375,0.660881956569928,identity,0.6632047251823813
c27c3e5e5ed17f62d6b8b8035c106b4ebbf7665fba385d7c22f2b22dd37db82f,train_05993.png,309.29,train_06029.png,323.5,14.20999999999998,0.0,20.278549194335938,0.78968297954991,20.401885986328125,0.7882964746839521,20.278549194335938,0.7896829795499106,20.401885986328125,0.7882964746839528,identity,0.78968297954991
c284224c761a765334a93d37b3c7d345ed9cff671abaa48550bad7ec73ffeec7,train_01451.png,227.46,train_05379.png,169.38,58.08000000000001,0.0,47.15147399902344,0.322010577717733,48.59765625,0.29335959456985006,47.15147399902344,0.3220105777177331,48.59765625,0.29335959456985006,identity,0.322010577717733
c2d97aae0d59683756c81530c84f5060e94705a0ad0c015a1b6e4a62a833eef4,train_01573.png,329.34,train_05878.png,129.21,159.87000000000003,0.0,86.61103820800781,0.008882786995456825,86.4468994140625,0.01252921660124118,86.61103820800781,0.008882786995456813,86.4468994140625,0.01252921660124118,rot180,0.7326664961691008
c2ec08444d23c69258fb264c18ab4c50e2419fe1286897489fabee118f7b3480,train_00762.png,343.92,train_04798.png,299.79,44.129999999999995,0.0,29.916366577148438,0.08916088172329231,29.49005126953125,0.09740489835443364,29.916366577148438,0.08916088172329231,29.49005126953125,0.09740489835443364,vflip,0.1695953739469503
c2ec3e289437d41d30d7f70332ac8c38d6071f6c9117ede60f64c60a57de553b,train_07779.png,304.6,train_00336.png,91.21,146.60999999999996,0.0,62.76179504394531,-0.048494513014887775,62.375885009765625,-0.032239171441782025,62.76179504394531,-0.048494513014887705,62.375885009765625,-0.032239171441781865,vflip,0.24514903041265357
c322830d326eb9a2e03cac6cda03589f000d7e73f1a7ea084ac977ea7d10ebbf,train_05389.png,345.6,train_02631.png,331.86,13.740000000000009,0.0,19.4005126953125,0.7908368481188446,21.434814453125,0.7564629998196903,19.4005126953125,0.7908368481188484,21.434814453125,0.7564629998196911,identity,0.7908368481188446
c32e0789982334e150a9249b35e76c41139dcda4a55e4b786038c8a80ef52f77,train_07386.png,343.86,train_05427.png,71.13,87.26999999999998,0.0,53.88337707519531,0.3160897695696124,53.730438232421875,0.33108839463436235,53.88337707519531,0.31608976956961304,53.730438232421875,0.33108839463436235,hflip,0.6303575370469898
c34396b6d4a4b6ba5a771b7bb5f299536b2dfe49113661821a950b9ed2620bc1,train_01166.png,324.59,train_07083.png,180.95,143.64,0.0,46.77528381347656,0.13670358215948278,46.507476806640625,0.14685332607033474,46.77528381347656,0.13670358215948247,46.507476806640625,0.14685332607033474,rot180,0.3855294027583175
c34fcbb37fe4de9d5d3f48d6799e37a12e11c15dd32caa431526cb9a89b67840,train_01798.png,273.74,train_05519.png,265.92,7.819999999999993,0.0,13.828399658203125,0.10120172264746201,13.8258056640625,0.1015122613348912,13.828399658203125,0.10120172264746201,13.8258056640625,0.1015122613348912,vflip,0.8609216235336865
c3521ac93586e5a93a1b7e225821d22af34edddd6ef131e10b5ea04bd00d83fc,train_03864.png,335.7,train_02725.png,134.76,159.06,0.0,76.2529296875,-0.009257937281093113,76.82362365722656,-0.020971244478213517,76.2529296875,-0.009257937281093106,76.82362365722656,-0.02097124447821349,vflip,0.765264092000245
c37e048b2e0f0db28a5eed43903a5fb04f7f98daed49324c3c60bedfa5d87e79,train_04578.png,316.89,train_04285.png,358.08,41.19,0.0,16.764205932617188,0.06321418188312142,16.902069091796875,0.06131316022572709,16.764205932617188,0.06321418188312142,16.902069091796875,0.06131316022572709,hflip,0.12968779428051916
c38e33b93b8ec2e7361faac45050b332dcf2a7eb32191dd35fd82fb182245f8e,train_01892.png,310.8,train_00503.png,242.71,68.09,0.0,37.27284240722656,0.35189885372237234,36.940399169921875,0.3621305867720069,37.27284240722656,0.35189885372237234,36.940399169921875,0.36213058677200693,vflip,0.7828590591415047
c3f19225aade3c53d24af0e1480ef8085ece959a6dda1fca40da3931cd2e164b,train_00470.png,338.54,train_03302.png,103.64,125.09999999999997,0.0,46.1080322265625,0.3047756773240426,46.06396484375,0.3053006789957295,46.1080322265625,0.3047756773240428,46.06396484375,0.3053006789957295,vflip,0.37743534202656526
c41230976966bc993e9a8389ba4b2d50cbd37579c8a519a6b0afbafd9e619f30,train_04197.png,297.48,train_02139.png,298.6,1.1200000000000045,0.0,8.680145263671875,0.956433416347618,8.7747802734375,0.9547887440434232,8.680145263671875,0.9564334163476217,8.7747802734375,0.9547887440434232,identity,0.956433416347618
c413b623154e53894b3d1c9026d0339a066c71b76b416242fafa50b180a1a22c,train_04439.png,320.23,train_01817.png,15.96,55.72999999999996,0.0,37.60084533691406,0.46999686532839613,38.079010009765625,0.45889565010148015,37.60084533691406,0.4699968653283967,38.079010009765625,0.45889565010147926,identity,0.46999686532839613
c4e6b6d997c884d636a3d2a4843077745015f4e99cc929ebc5905d8b2eb53709,train_00824.png,283.74,train_02170.png,263.43,20.310000000000002,0.0,29.43145751953125,0.6071398046216319,29.768798828125,0.5990261859606631,29.43145751953125,0.6071398046216371,29.768798828125,0.5990261859606631,vflip,0.6316314877996838
c4fa0ff9b16263795dd952ebdad84ffedf5c6118e620dda56b405db1c855aac6,train_05746.png,329.58,train_01015.png,30.62,61.04000000000002,0.0,47.8505859375,0.46760518492141445,47.85765075683594,0.4674822000309783,47.8505859375,0.4676051849214152,47.85765075683594,0.46748220003097907,hflip,0.7653927194825271
c56c038f67ac00b0f0769d7919e1afa8a23225fc5658f86483a6f54a20e9978d,train_02610.png,162.01,train_07291.png,176.29,14.280000000000001,0.0,23.641510009765625,0.6258711031218,23.006240844726562,0.6414579020357681,23.641510009765625,0.6258711031218,23.006240844726562,0.6414579020357669,identity,0.6258711031218
c5c1e059e9014a76022bcda26d78b198538b665f0480574328d04f2c971964de,train_04878.png,248.0,train_05387.png,145.07,102.93,0.0,84.21005249023438,0.06042905016691928,83.12373352050781,0.07680893997072506,84.21005249023438,0.06042905016691928,83.12373352050781,0.0768089399707252,hflip,0.5417166579596647
c5d19ee4014dbdea1aec00668f6e1a1f441aa8f78d051bbfdba68fab49dbf463,train_03458.png,285.19,train_07058.png,118.9,166.29,0.0,42.270782470703125,0.39349401401645634,42.2103271484375,0.38352154957344087,42.270782470703125,0.3934940140164578,42.2103271484375,0.38352154957344076,rot180,0.6991414996430159
c68d43cee17f8f0116b6107d2d7e4dca7836462027774a5ceb308faf280848ee,train_01953.png,279.98,train_07617.png,166.94,113.04000000000002,0.0,50.712188720703125,-0.059670158072021404,50.798980712890625,-0.06270668686434695,50.712188720703125,-0.059670158072021404,50.798980712890625,-0.06270668686434695,vflip,0.30637781507289724
c69288b52dbea7a20ed61e5654350b682b58dfc41fc6460ad66f0bac578044f8,train_02520.png,269.14,train_05606.png,98.46,170.68,0.0,39.33543395996094,0.10421934966656345,39.1285400390625,0.11430709168710128,39.33543395996094,0.10421934966656363,39.1285400390625,0.11430709168710118,rot180,0.6840215780881932
c69a830b4424793665aff3f6d6122b074c1a173680a4a6f056f8b9daedc7fae1,train_06716.png,290.56,train_05174.png,211.71,78.85,0.0,43.106597900390625,0.3616115954436846,44.777679443359375,0.32397800552214706,43.106597900390625,0.3616115954436845,44.777679443359375,0.3239780055221471,vflip,0.40134629981130426
c69e7344e02baf1c12705babe5ad8ef728340f05f585c50fa3ebe6904d79b4d4,train_06373.png,315.99,train_07709.png,109.51,153.51999999999998,0.0,27.77386474609375,0.4540168753171098,27.7698974609375,0.45738334028221544,27.77386474609375,0.4540168753171098,27.7698974609375,0.45738334028221544,rot180,0.5155556284990496
c6e7d39800cfe7d17ecc0eaae4e6a50bb7dcdc71c95b9910a453d5f336cf5605,train_06925.png,282.22,train_00931.png,149.6,132.62000000000003,0.0,66.49861145019531,-0.20511955063802984,66.61027526855469,-0.20843134216248188,66.49861145019531,-0.20511955063802984,66.61027526855469,-0.20843134216248188,hflip,0.44121731431706435
c74c5c75f3247ed3031d148b86d5539ccbbaccf0ac624942b154928ca0f29261,train_05336.png,302.0,train_03968.png,45.85,103.85000000000002,0.0,56.981842041015625,0.08497534022524147,57.697357177734375,0.07075970623347609,56.981842041015625,0.08497534022524147,57.697357177734375,0.07075970623347609,hflip,0.333379505072228
c7c42f0006c122a9e344e5f768104df9278a90e917defe8bf9796f7a30c0914f,train_05536.png,295.65,train_03079.png,72.18,136.53000000000003,0.0,49.86328125,0.2979305316053018,49.36235046386719,0.308969128573743,49.86328125,0.2979305316053018,49.36235046386719,0.3089691285737431,hflip,0.6718078165861893
c7e3624b5e1c6e2b28f14a3f08f253d9728aeeb7449601308eeb76e4f6046ee7,train_05386.png,189.73,train_07240.png,359.76,170.03,0.0,88.25634765625,-0.284667009520233,87.590087890625,-0.27078611324368357,88.25634765625,-0.28466700952023277,87.590087890625,-0.2707861132436833,rot180,0.7124389507176065
c8162d171124ffae22d29085034d34c40e07dbc24a59d6b7bbcfde46391af15b,train_03158.png,339.51,train_02662.png,86.04,106.53000000000003,0.0,43.282989501953125,0.21092943794823926,43.85919189453125,0.17880696506132313,43.282989501953125,0.21092943794823926,43.85919189453125,0.17880696506132313,hflip,0.4223509932210774
c82cc132819cc83aec63158848acbf64252246cbcc26a3d5e40dbf3d1dd393bd,train_03959.png,193.46,train_07090.png,7.87,174.41,0.0,79.14686584472656,-0.013115212849604218,79.37864685058594,-0.013814868309448313,79.14686584472656,-0.013115212849604286,79.37864685058594,-0.013814868309448333,rot180,0.9065296099803569
c873e9af81fdbbcf5adf349528968acefa9410be4fdac9e2c2e0a3787a6a9430,train_07210.png,332.72,train_07374.png,331.66,1.0600000000000023,0.0,4.6786346435546875,0.982354898991698,4.824371337890625,0.9810123591292517,4.6786346435546875,0.9823548989916958,4.824371337890625,0.9810123591292517,identity,0.982354898991698
c88e8807ed199ca60216f6471eed6d05e741583a089b79bed2b3b6444df45d9d,train_01224.png,329.15,train_07733.png,34.65,65.5,0.0,30.4993896484375,0.5302539797272916,30.41400146484375,0.5321568700834686,30.4993896484375,0.5302539797272916,30.41400146484375,0.5321568700834685,hflip,0.6783852040205259
c8bcecdd16ae69077dad7090095e3869c4f6225064b340bae0208c390dfb0476,train_06030.png,311.91,train_07150.png,355.1,43.19,0.0,42.52217102050781,0.18279466682532547,43.423309326171875,0.16371477007956683,42.52217102050781,0.18279466682532547,43.423309326171875,0.16371477007956683,hflip,0.5854945896290669
c8c2672b92f104ef52e9934bf8f627f73f13937b59e6f5b44720b4e763c145ff,train_07276.png,301.0,train_00727.png,230.8,70.19999999999999,0.0,49.7562255859375,0.3853347978436257,49.58802795410156,0.38907059931981014,49.7562255859375,0.3853347978436257,49.58802795410156,0.38907059931981036,vflip,0.8400816519283254
c8ea06d20c829e92b73c7f1b9c9f0248b55aaacaccb889171411b87c7e2307f4,train_06868.png,337.27,train_01503.png,31.84,54.56999999999999,0.0,35.73588562011719,0.426321410068444,35.50636291503906,0.4329776885305289,35.73588562011719,0.426321410068444,35.50636291503906,0.4329776885305289,hflip,0.709459544008554
c90ad393008f5055b432a4a2676d46f853419cbc47f969e00d5520077bef92ed,train_01762.png,316.54,train_02093.png,235.88,80.66000000000003,0.0,31.598342895507812,0.641950646206513,31.256744384765625,0.6480315351168142,31.598342895507812,0.6419506462065125,31.256744384765625,0.648031535116814,hflip,0.6782526801846896
c990d0f4ba54a58ef3527bb59bfa3778aed42000c68da09c22b1e0f693d796a1,train_01176.png,351.36,train_07447.png,198.48,152.88000000000002,0.0,46.5103759765625,0.2854589232510555,45.655181884765625,0.31425524611845196,46.5103759765625,0.2854589232510548,45.655181884765625,0.31425524611845085,vflip,0.6602058603237303
c9aec78bba66fb4aac9544b256bd42edb1c3168686ba9634bf9604737154ce07,train_04922.png,278.88,train_05060.png,31.33,112.44999999999999,0.0,64.02586364746094,0.019692934679132024,64.02194213867188,0.01845241103841665,64.02586364746094,0.019692934679132024,64.02194213867188,0.01845241103841665,hflip,0.3403706480416364
c9e126b282dd0f3ab621027af0c41d191b58210e503fa148d9fc54af531fda73,train_01491.png,288.21,train_03077.png,32.03,103.82000000000005,0.0,77.484619140625,0.07747104567618886,75.45819091796875,0.10473462691986483,77.484619140625,0.07747104567618879,75.45819091796875,0.10473462691986493,hflip,0.8250817988046889
ca060a46f94245c084d52086b3d52d9a32f420bf1c145a6e9354a14a2635adee,train_03241.png,275.95,train_00211.png,284.55,8.600000000000023,0.0,19.04864501953125,0.7924170155268467,19.5029296875,0.7810428504612766,19.04864501953125,0.7924170155268467,19.5029296875,0.7810428504612759,identity,0.7924170155268467
ca1917dd9458767a1a1c6da5fccdb48813aa14d9a287ee77cd1ac893a20eafdf,train_02618.png,304.1,train_05640.png,274.47,29.629999999999995,0.0,36.68360900878906,0.35601822072967393,36.81976318359375,0.3562374651648147,36.68360900878906,0.356018220729674,36.81976318359375,0.35623746516481575,identity,0.35601822072967393
ca382a860c894a98a7bc14f7fa870c3f1b3c82e3872c5cb5f65f400eec616924,train_00054.png,272.23,train_01676.png,93.28,178.95000000000002,0.0,71.31149291992188,-0.16427304870656811,71.19194030761719,-0.16336696352367536,71.31149291992188,-0.1642730487065685,71.19194030761719,-0.1633669635236755,rot180,0.9659324579462777
ca94eb2fcf0d9a639dd6cf37b08bf97e4f38b4f16899701b119d5fafcc03fe34,train_06594.png,222.41,train_03897.png,162.22,60.19,0.0,41.64710998535156,0.4614648698008433,39.49774169921875,0.5012664468014791,41.64710998535156,0.46146486980084295,39.49774169921875,0.5012664468014791,hflip,0.7492455739522313
cabeb14aae4ff33c6c9f50ddc2f4cd839ac6dc42db605dd328419b8e64ccb5b7,train_03144.png,340.95,train_02035.png,168.5,172.45,0.0,26.745346069335938,0.5440083019818355,26.668197631835938,0.5426840442156133,26.745346069335938,0.5440083019818356,26.668197631835938,0.5426840442156131,rot180,0.6927296300846041
cb5ff24d54152e81185935db3b6aaeabe5a606fdc759f431854c5ff0c02a77bb,train_07349.png,259.36,train_07185.png,50.41,151.04999999999998,0.0,27.380905151367188,0.5119708318090122,26.18914794921875,0.5520058856701362,27.380905151367188,0.5119708318090125,26.18914794921875,0.5520058856701362,rot180,0.5453133670911429
cb6ae8bcefbb7ff77c7d353c922c7b15492fd5bd095eb5466a2fad62c3e56245,train_03989.png,351.83,train_07829.png,39.5,47.670000000000016,0.0,39.94935607910156,0.44465743061134383,39.611480712890625,0.44963333998104227,39.94935607910156,0.44465743061134333,39.611480712890625,0.44963333998104227,hflip,0.7869213154365046
cb6dc5e4ab20b72ae1afe3c40e9789de9a29037a131c8f4a8a06c9e723c4b199,train_00637.png,344.87,train_06038.png,56.75,71.88,0.0,28.003280639648438,0.6165864685343714,27.842529296875,0.6236194286298881,28.003280639648438,0.6165864685343714,27.842529296875,0.6236194286298877,rot180,0.621965260317659
cb9809b610896c50dec4938125f6a2a9271f7b61dbf0dee16d8bb36c0e7e2625,train_04318.png,282.89,train_02915.png,208.87,74.01999999999998,0.0,30.298782348632812,0.576774373521183,30.381912231445312,0.5730338231236268,30.298782348632812,0.5767743735211829,30.381912231445312,0.5730338231236268,identity,0.576774373521183
cba02f1327f556de858aec82ded32a483dc2bcf8f515102aff6bc333376614d9,train_03648.png,347.17,train_01571.png,83.97,96.79999999999995,0.0,48.62400817871094,0.01212048068410361,46.945281982421875,0.043449855905005635,48.62400817871094,0.01212048068410361,46.945281982421875,0.043449855905005635,vflip,0.3580725773600381
cc24c2461d0752a7602e128cad035c98f4d46b115393c6d840aa80db11f961ee,train_01927.png,326.21,train_01343.png,297.22,28.989999999999952,0.0,37.720947265625,0.46346576148688645,37.90403747558594,0.46102471905944675,37.720947265625,0.46346576148688645,37.90403747558594,0.46102471905944675,identity,0.46346576148688645
cc47cccb6745bcff8512ab20729dcea8bc3c70d242761ed2be15d3ffcc587aa2,train_00763.png,306.57,train_05183.png,156.7,149.87,0.0,77.97987365722656,0.029232308063303326,78.0479736328125,0.02843803463137249,77.97987365722656,0.02923230806330332,78.0479736328125,0.02843803463137249,rot180,0.7061488218146528
cca8e93dfa271764d43c6f5b897bf2b685efa34317eb8fbfc30bd9dec19bd0b4,train_06759.png,333.69,train_02533.png,141.46,167.77,0.0,34.5325927734375,0.38103437356620534,33.9996337890625,0.3953975216265643,34.5325927734375,0.38103437356620534,33.9996337890625,0.3953975216265643,rot180,0.6572050269700176
ccdc419cf4322fe828ea8a23b3d9435fb5a8daf4e9d461837235383afc1cfe0a,train_01190.png,289.48,train_03024.png,164.05,125.43,0.0,37.679840087890625,0.3166540218053723,37.686065673828125,0.3189091579732531,37.679840087890625,0.3166540218053723,37.686065673828125,0.3189091579732531,hflip,0.6685901749594695
cd006c90da24c24e2a8554ea6221807415dcee74992df3573d8bef4fa56fbc4c,train_05356.png,279.08,train_01305.png,177.39,101.69,0.0,27.502288818359375,0.21654986130733667,27.646408081054688,0.2028122708435251,27.502288818359375,0.21654986130733658,27.646408081054688,0.20281227084352524,vflip,0.5131371040725043
cd5616e372dcb2be4439dd8a90eaa5281571836a5feda093d5722e3647bbbd30,train_04060.png,322.65,train_04748.png,203.01,119.63999999999999,0.0,48.43104553222656,0.3746707387481024,48.25624084472656,0.3791355566066182,48.43104553222656,0.3746707387481025,48.25624084472656,0.3791355566066184,vflip,0.7399520732436454
cd711c3bbe96516f01093b0e0421b50f2c5df746b9ddfdd39251d8be91df9b4d,train_04801.png,313.96,train_00430.png,32.76,78.80000000000001,0.0,52.76606750488281,0.2756107378486591,52.51029968261719,0.2811968945373315,52.76606750488281,0.2756107378486591,52.51029968261719,0.2811968945373315,hflip,0.544729549806089
cd978ce2230cfb3319daad1dbbc2c14e5266bf930cb3a3fbdc3ee4bcd633443e,train_00733.png,342.1,train_00159.png,23.35,41.25,0.0,38.71842956542969,0.4252590870600719,38.49876403808594,0.42937316920841084,38.71842956542969,0.4252590870600719,38.49876403808594,0.42937316920841084,identity,0.4252590870600719
cdb05efbbb9bebb983c113b3140562da21c4a6169dfe8d06132638a9b7d71389,train_07399.png,284.1,train_06427.png,297.24,13.139999999999986,0.0,18.594375610351562,0.7968619477832385,20.321792602539062,0.759008807995989,18.594375610351562,0.7968619477832398,20.321792602539062,0.7590088079959898,identity,0.7968619477832385
cdbd3fd920b2207bb974355ea606abf096ae09a80cca49f004d2b211ef4fb682,train_01591.png,354.27,train_03453.png,306.66,47.60999999999996,0.0,30.954147338867188,0.45087342287385357,31.464736938476562,0.42972989153056135,30.954147338867188,0.4508734228738524,31.464736938476562,0.4297298915305606,hflip,0.521941189584941
ce18a6bdda0418d9e8b85df351295cc25e1dc215e6a2156a895a0b1de67bbde4,train_05949.png,304.53,train_02339.png,259.08,45.44999999999999,0.0,46.21803283691406,0.48234234268265785,46.415863037109375,0.47815826822444485,46.21803283691406,0.48234234268265774,46.415863037109375,0.47815826822444485,vflip,0.8261829132932305
ce1b73e7cb6f0c66368394431bb09b84f69def3ac5c0f527256442cdce9506cf,train_05811.png,290.41,train_03543.png,293.03,2.6199999999999477,0.0,16.762100219726562,0.8600309657895007,16.578872680664062,0.8658341679201872,16.762100219726562,0.8600309657894998,16.578872680664062,0.8658341679201882,identity,0.8600309657895007
ce4f45fa1091a9089676ef742a6fbbd56140b6205d6ae7c038e2d31b3af2f427,train_00377.png,141.91,train_02573.png,24.67,117.24,0.0,58.17828369140625,0.17751856835715815,58.45814514160156,0.17338307570954356,58.17828369140625,0.17751856835715815,58.45814514160156,0.1733830757095436,rot180,0.38763417476193335
cec287a809c45597c3e7cd45977f969586d3e83faef4a220cdd05a515b43df39,train_01602.png,278.01,train_04327.png,88.18,170.17000000000002,0.0,86.15556335449219,-0.654425882784108,86.00201416015625,-0.6503971160354094,86.15556335449219,-0.654425882784108,86.00201416015625,-0.6503971160354094,rot180,0.8029355821646648
cf09594db7e02f3eda49289d5ff5b67c187e732aef7691a9b9d04978b529dd83,train_00380.png,286.49,train_05459.png,83.57,157.07999999999998,0.0,67.98640441894531,-0.09438037289119491,68.50253295898438,-0.10744929162136131,67.98640441894531,-0.094380372891195,68.50253295898438,-0.10744929162136131,hflip,0.6532799839849986
cf135fbc384d2619923e545daebec5c485b54cd8bded519e1d4854702052b731,train_01859.png,335.42,train_06049.png,142.39,166.96999999999997,0.0,61.771331787109375,0.15978976263044525,61.095245361328125,0.16934118618641347,61.771331787109375,0.15978976263044506,61.095245361328125,0.16934118618641347,rot180,0.6760395646253092
cf1cdd741d296735dfeeb7456985b2af2d92c5c6828cec4dd3170d074b7dfa33,train_07158.png,348.95,train_03028.png,348.11,0.839999999999975,0.0,4.8995361328125,0.9622256429234932,4.846282958984375,0.9611478274771508,4.8995361328125,0.9622256429234932,4.846282958984375,0.9611478274771508,identity,0.9622256429234932
cff539b8123bacfb5e3d7e248cd2c96d4e754111a779ffe56436d6fa1de86655,train_03876.png,284.45,train_07182.png,271.24,13.20999999999998,0.0,24.706344604492188,0.6869964340480724,24.758514404296875,0.6851894354024703,24.706344604492188,0.6869964340480755,24.758514404296875,0.6851894354024786,vflip,0.7476036388414947
cffb89a190e95078ddbde691b3bad1e9d2113230b302409b35fb332fa66daa16,train_03100.png,54.96,train_03315.png,123.15,68.19,0.0,68.18510437011719,0.27812829987128357,68.19673156738281,0.27824394203845937,68.18510437011719,0.2781282998712836,68.19673156738281,0.2782439420384594,vflip,0.6151925478203844
d028e4c67d6e67a4f6520e3191ccc9c7d800d67cafc5e54b2e1383e3e43af4d7,train_06805.png,352.79,train_01298.png,47.06,54.26999999999998,0.0,38.57868957519531,0.48912186150288817,38.56712341308594,0.4910825298252985,38.57868957519531,0.48912186150288844,38.56712341308594,0.49108252982529826,vflip,0.5379713959515066
d02ef1e6512bd08421b51d63b4d98d5a7c14601fd21c9b888a47463e856e8e0b,train_02616.png,277.68,train_03903.png,321.13,43.44999999999999,0.0,40.58158874511719,0.44553442194709936,40.48612976074219,0.44708389748357785,40.58158874511719,0.44553442194709925,40.48612976074219,0.4470838974835778,identity,0.44553442194709936
d0665910577eb83e80fb9dbd7334fefcd54262b47c4aa25ea298607d72ef9919,train_02761.png,89.54,train_06902.png,118.47,28.929999999999993,0.0,34.624053955078125,0.539728853190017,35.879730224609375,0.5149813644981809,34.624053955078125,0.539728853190017,35.879730224609375,0.5149813644981809,identity,0.539728853190017
d071b9c4cc16ed1e273c96673afe39ff81d12d095cb0b6f8f998477ce85ac8cd,train_00059.png,301.06,train_02258.png,181.92,119.14000000000001,0.0,48.01683044433594,0.010148345750283618,49.322967529296875,-0.03228766056202512,48.01683044433594,0.010148345750283618,49.322967529296875,-0.03228766056202512,rot180,0.17738932282737307
d09087ef6df1e76ff99e70039a9c13346fef4f25891a463a6460fd56c5b9b9ca,train_00371.png,327.45,train_02440.png,317.81,9.639999999999986,0.0,19.804916381835938,0.7945913080344724,19.568023681640625,0.7978798505904325,19.804916381835938,0.7945913080344725,19.568023681640625,0.7978798505904332,identity,0.7945913080344724
d0dfca0bd5729b80ca2fe8a963a7452cd05fe3d3435e9385dd794789c06b5a2f,train_04968.png,295.96,train_06206.png,43.2,107.24000000000001,0.0,19.913070678710938,0.7742518403776613,19.947784423828125,0.7729219984567988,19.913070678710938,0.7742518403776611,19.947784423828125,0.772921998456799,rot180,0.7760136174882477
d0e8fd1ea1f767c30cb335eeec02639d51d0727db427e2af42ca0eac06389a8d,train_06036.png,323.05,train_07403.png,117.66,154.60999999999999,0.0,27.089889526367188,0.5932680973279952,27.276382446289062,0.588915637545521,27.089889526367188,0.5932680973279948,27.276382446289062,0.5889156375455212,rot180,0.7248060665601669
d0f001b02c447df25a311305b86d73d8b1046fb6f6259c2d64a0df2e2ab8f5c7,train_07165.png,334.58,train_07677.png,342.9,8.319999999999993,0.0,16.56402587890625,0.7267606944508345,17.8408203125,0.7000597297825444,16.56402587890625,0.7267606944508345,17.8408203125,0.7000597297825444,identity,0.7267606944508345
d135a280c5d8ce0fe84d480e84de4fb41d374b1404d12ac7f57536d680c16200,train_01962.png,292.3,train_04652.png,14.58,82.27999999999997,0.0,54.75566101074219,0.12106933039808193,55.010284423828125,0.11682427655279233,54.75566101074219,0.121069330398082,55.010284423828125,0.11682427655279233,hflip,0.12351674578382925
d146ed16abf8d376b34000b3bbfda89eb1faa230038bda0eb309ca033afc29ce,train_05170.png,307.81,train_07317.png,249.62,58.19,0.0,36.96833801269531,0.17518950948283507,36.33349609375,0.18825312349089784,36.96833801269531,0.17518950948283507,36.33349609375,0.18825312349089784,vflip,0.3656872669733655
d164d4726dd4b4f9c963798e63b1ebc3cdb4d646d8a181c6f9a4c079879203bc,train_04917.png,274.4,train_04180.png,298.1,23.700000000000045,0.0,38.154632568359375,0.46834855099774014,37.11091613769531,0.49455835157357125,38.154632568359375,0.46834855099774014,37.11091613769531,0.49455835157357125,identity,0.46834855099774014
d16d464cc949e9187f9b0279e2d3130d9616a292fd61c4cc78befbe9248a9f22,train_03631.png,351.39,train_03986.png,339.33,12.060000000000002,0.0,14.645538330078125,0.7881054493680809,15.474029541015625,0.755085220257953,14.645538330078125,0.7881054493680809,15.474029541015625,0.7550852202579502,identity,0.7881054493680809
d197fe3d1cbe3126f28f7ba47ef95062dae0bbc79c4d06411b9ce703c5160fe7,train_04929.png,336.15,train_04892.png,53.26,77.11000000000001,0.0,35.78704833984375,0.5130805124092707,36.96110534667969,0.4879008849404397,35.78704833984375,0.5130805124092704,36.96110534667969,0.4879008849404397,hflip,0.55567273203994
d1b5c56c732bab367ebafd02b24e8da79855c39e2e70fe19ad9f5f15de86ebe1,train_03766.png,319.17,train_02421.png,143.11,176.06,0.0,30.298141479492188,0.536844888844582,30.370269775390625,0.5351428086489609,30.298141479492188,0.5368448888445818,30.370269775390625,0.5351428086489609,rot180,0.8653869579764614
d1faf22008d266d0cdeec0a943c808a7111e613f4cceb24c37c67567aed4e7d2,train_03486.png,342.14,train_07129.png,346.13,3.990000000000009,0.0,12.41656494140625,0.9000690364002142,13.099258422851562,0.8891780101796047,12.41656494140625,0.9000690364002066,13.099258422851562,0.8891780101796044,identity,0.9000690364002142
d2307950f02fabf6b631d3265632649a539e795105b654df95ea3fa59681151d,train_02602.png,297.15,train_04776.png,35.66,98.50999999999999,0.0,39.61274719238281,0.33967835458757717,39.63276672363281,0.3433856449173464,39.61274719238281,0.33967835458757717,39.63276672363281,0.3433856449173464,hflip,0.40511926021016065
d28bbea43650f37925c6cf9a3841b615e1c553ba28bacde563f07641875b2d50,train_02047.png,300.99,train_01505.png,55.65,114.66,0.0,37.27503967285156,0.5119932734334494,36.945953369140625,0.5197542212349748,37.27503967285156,0.5119932734334496,36.945953369140625,0.5197542212349734,hflip,0.9005415243487653
d2b2a85cdc975d931ff9055a385113dded37e5714aaed1a8b04f0f23b14d0187,train_06638.png,279.77,train_01310.png,113.42,166.34999999999997,0.0,78.295166015625,-0.10836195373757351,78.79803466796875,-0.12294376724252563,78.295166015625,-0.10836195373757351,78.79803466796875,-0.12294376724252569,hflip,0.7991294723248632
d2d625f1e8c3f43518e7199695889fdfaf95b0151c85b430144095f0eac7e0ca,train_02363.png,336.5,train_04250.png,91.56,115.06,0.0,69.04331970214844,-0.08152813729337113,68.75326538085938,-0.0741275917148959,69.04331970214844,-0.08152813729337109,68.75326538085938,-0.07412759171489602,hflip,0.24678460612274994
d2df4318f8e990cf24b0251452b3e05daea417ac6bd3bf168c7f5ca692dfb87c,train_06937.png,350.93,train_02586.png,315.0,35.93000000000001,0.0,38.105926513671875,0.5197088795417442,36.86663818359375,0.5385549054316201,38.10591125488281,0.5197089188788415,36.86663818359375,0.5385549054316201,identity,0.5197088795417442
d308033ecb0844c2fed5ff04ea46a0f7a8d0372bdc2d0f59826583af0629a131,train_00369.png,19.38,train_06504.png,37.24,17.860000000000003,0.0,21.125625610351562,0.759927198717652,20.6522216796875,0.7668187044177238,21.125625610351562,0.759927198717652,20.6522216796875,0.7668187044177238,identity,0.759927198717652
d3177ffbeb9708d39ad3ae288e67f301f5c1c87f17273f631a63d8674544955f,train_07787.png,94.52,train_05468.png,241.13,146.61,0.0,61.93707275390625,0.003943390394302235,62.77613830566406,-0.02169099468454747,61.93707275390625,0.003943390394302235,62.77613830566406,-0.02169099468454747,hflip,0.7220145714098035
d3473271a3eefcab812c06f976716ae22d90f8918a9b7e5edab82819e32a243b,train_03367.png,292.57,train_05331.png,358.18,65.61000000000001,0.0,49.83851623535156,0.25654264620326916,49.928802490234375,0.2547507840554622,49.83851623535156,0.25654264620326916,49.928802490234375,0.2547507840554622,identity,0.25654264620326916
d34fa2215b0e6b44dc75196a74f759956c76f5f0a8adc0bfcdbfe6792072829d,train_02043.png,300.95,train_02516.png,200.5,100.44999999999999,0.0,51.64720153808594,0.149385046488289,51.14472961425781,0.1628517248248703,51.64720153808594,0.149385046488289,51.14472961425781,0.1628517248248703,hflip,0.31746546643576573
d37e7982fbdf0942a8f33c51546eca15995df8ea90fe98864361cc497106cad7,train_02034.png,302.89,train_01339.png,49.29,106.4,0.0,57.33567810058594,0.1481521602435062,57.91322326660156,0.13631140888628304,57.33567810058594,0.1481521602435062,57.91322326660156,0.1363114088862831,hflip,0.6576217274787755
d391fcd265b950855af739ba6da9f461347bd29f9cc138a4f347d41ddc9e5264,train_01249.png,342.34,train_04452.png,6.68,24.340000000000032,0.0,31.892425537109375,0.4923761766423642,31.7843017578125,0.4989915764279148,31.892425537109375,0.49237617664236405,31.7843017578125,0.4989915764279148,identity,0.4923761766423642
d3cf3ee17944568cf9d82dd7072d09a5e2f771dc93098cedab8e16db18a508d5,train_04998.png,284.05,train_05842.png,32.35,108.29999999999998,0.0,35.59150695800781,0.4238659868423792,35.48442077636719,0.42667115502748554,35.59150695800781,0.4238659868423795,35.48442077636719,0.42667115502748537,identity,0.4238659868423792
d3f145489c5db48795564021359618f0af6efa8630148bd02f98419ef6322487,train_04808.png,321.67,train_01709.png,16.24,54.56999999999999,0.0,37.26490783691406,0.3781238241243688,37.41569519042969,0.37653555647313147,37.26490783691406,0.3781238241243687,37.41569519042969,0.3765355564731316,hflip,0.5918639536640699
d40d523d63aa6a7a9eef2b5c6e7deeda1fedc9aa1b3783a593b999a7bf011990,train_05609.png,348.67,train_04146.png,52.08,63.40999999999997,0.0,55.83740234375,-0.007763498353678845,53.793212890625,0.020406081294953627,55.83740234375,-0.007763498353678848,53.793212890625,0.020406081294953627,vflip,0.4703784777707135
d40f7bd56d559542820949a92188a27009e15e6f06c10911488d922a199bd322,train_01835.png,306.54,train_04270.png,152.37,154.17000000000002,0.0,34.41914367675781,0.49385045048768,34.73258972167969,0.4819905039571091,34.41914367675781,0.49385045048768034,34.73258972167969,0.48199050395710874,hflip,0.599793767301427
d4517c3e08ffed95e0a39ace75201a97fa29a8eccaf12aa5cecc01990f924b3e,train_00466.png,349.61,train_01607.png,48.08,58.46999999999997,0.0,47.50242614746094,0.32617479404366256,48.41999816894531,0.3062067000344475,47.50242614746094,0.3261747940436633,48.41999816894531,0.30620670003444744,identity,0.32617479404366256
d45a8e1f4d3acfeec6a8a43a04a3ed06d629e6abe99e0494a24c6e0644cbabb8,train_04269.png,154.92,train_01525.png,95.45,59.469999999999985,0.0,54.22224426269531,0.17505085980127424,53.71931457519531,0.18714447555837105,54.22224426269531,0.17505085980127422,53.71931457519531,0.18714447555837105,vflip,0.2998829621401317
d50d0317f5aaaa6556aff35995a90b936ea42e522981f07e1b3bcbf281c16477,train_07303.png,308.71,train_01974.png,175.66,133.04999999999998,0.0,82.20181274414062,-0.37277927031916824,82.37762451171875,-0.37618477373441167,82.20181274414062,-0.37277927031916824,82.37762451171875,-0.37618477373441167,rot180,0.4189607096134069
d526934514dca27acb9c90a7723228bd8f578aa9f09cbcbc9be9e30089886d91,train_00657.png,276.69,train_04628.png,47.17,130.48000000000002,0.0,92.40740966796875,-0.22912720207788,91.84504699707031,-0.21900859393048588,92.40740966796875,-0.22912720207788045,91.84504699707031,-0.21900859393048597,hflip,0.4118276549383074
d5348ad0feff68d76d1b0003ca7a5a217cd9e112f410fd219185675cc19e0843,train_05147.png,341.6,train_04242.png,282.56,59.04000000000002,0.0,49.49330139160156,0.21472242199978617,50.124786376953125,0.1958746209423613,49.49330139160156,0.21472242199978633,50.124786376953125,0.1958746209423613,hflip,0.3796152176807375
d552244ca450f644b22efbca7987a4c35d534ce8815887a5d1cb6440abf3fce2,train_06533.png,312.7,train_07334.png,287.85,24.849999999999966,0.0,25.560226440429688,0.6714461458330239,25.44866943359375,0.6750912582946667,25.560226440429688,0.6714461458330252,25.44866943359375,0.6750912582946667,vflip,0.7684155769257077
d5bc708cd943427e136d73d02bae8c7046b5a7636a08ffccc99059e7b4346d31,train_02894.png,292.0,train_00893.png,155.75,136.25,0.0,55.301666259765625,0.2123459643143216,55.43733215332031,0.21005637550693776,55.301666259765625,0.21234596431432182,55.43733215332031,0.21005637550693784,hflip,0.6827270143412167
d5bff293606a31812dc9139516a419ca8440a9a6143490c1f104680bbe512b1a,train_05642.png,342.54,train_01751.png,38.49,55.94999999999999,0.0,45.25901794433594,0.3869450257808771,46.310302734375,0.3699895035579458,45.25901794433594,0.3869450257808771,46.310302734375,0.36998950355794596,identity,0.3869450257808771
d6063c5581b2f26d3fcaa7cdf46fef55cc8a7003a9982183deba2e267f423b0e,train_03983.png,281.86,train_06101.png,59.6,137.73999999999998,0.0,69.28363037109375,-0.032344400648262175,69.11001586914062,-0.027380489372880016,69.28363037109375,-0.03234440064826222,69.11001586914062,-0.027380489372880016,rot180,0.4528382817045791
d656219b517277cf152f15fc42346b491b7b327299d23726cb9de3163fa07280,train_06907.png,347.64,train_01965.png,66.12,78.48000000000002,0.0,54.17466735839844,0.26356270426400985,54.108856201171875,0.2634594940138062,54.17466735839844,0.2635627042640101,54.108856201171875,0.26345949401380603,hflip,0.37118890242350006
d67415948a6d23d4eceacddc016eb8f6c7be32342c4e37d3addae6165a734537,train_03502.png,295.55,train_01506.png,320.09,24.539999999999964,0.0,30.610641479492188,0.6715411722001637,30.074630737304688,0.6787208062179408,30.610641479492188,0.6715411722001652,30.074630737304688,0.678720806217942,identity,0.6715411722001637
d6a528ead12ed3c10999d41246f073d4753e22b677c288cd955abcca128f077b,train_04211.png,343.68,train_03840.png,53.14,69.45999999999998,0.0,25.173675537109375,0.6466085793427508,24.535675048828125,0.6658187568208301,25.173675537109375,0.6466085793427508,24.535675048828125,0.6658187568208301,identity,0.6466085793427508
d6d3139d01fd072f296aebbbd8dd76682ec101b410ddfc318056e094fbb40581,train_00944.png,343.12,train_05238.png,333.39,9.730000000000018,0.0,18.722274780273438,0.755818764407918,19.762451171875,0.7164061541863933,18.722274780273438,0.755818764407918,19.762451171875,0.7164061541863933,identity,0.755818764407918
d74928b79ae67439de8aa9da6afedb718a8637b5af5ac18e00ca45bcfb8ac133,train_02257.png,304.6,train_06177.png,188.34,116.26000000000002,0.0,39.62733459472656,0.37130676536797724,40.17900085449219,0.35442755582592145,39.62733459472656,0.3713067653679773,40.17900085449219,0.3544275558259209,rot180,0.4585182093311858
d751f22184fcb32f76bc3fec4bc5cb06716ca16283b833905f7521963e570d0e,train_05504.png,337.14,train_06045.png,130.73,153.59,0.0,48.907012939453125,0.12287729668272292,48.87005615234375,0.11490240792527114,48.907012939453125,0.12287729668272292,48.87005615234375,0.11490240792527114,vflip,0.18832459958687017
d75c0fe93b4f3b88c392d124db8d814e687512fbcb405b51e2eec6bc167c0233,train_06788.png,76.55,train_04581.png,197.7,121.14999999999999,0.0,36.5802001953125,0.3213302000311138,36.63249206542969,0.3201712766756051,36.5802001953125,0.32133020003111346,36.63249206542969,0.3201712766756049,hflip,0.8735307380726703
d76a5e6b1d4e0efbe64a0db2d8abe794b44e79eba3b298cc9efd2472244e5a3b,train_02049.png,316.48,train_00757.png,180.35,136.13000000000002,0.0,77.61253356933594,-0.43671348928442427,77.63059997558594,-0.43683902255909973,77.61253356933594,-0.43671348928442427,77.63059997558594,-0.43683902255909973,rot180,0.4464629405982266
d78771f353f8a597da6c656db21cf17a736923ffe2a1b44ef4afaa96616edf64,train_07492.png,323.03,train_03773.png,257.02,66.00999999999999,0.0,58.193206787109375,0.3211420872900687,58.407379150390625,0.3187218739716566,58.193206787109375,0.3211420872900687,58.407379150390625,0.3187218739716557,vflip,0.7762131011699486
d7a0f76a408f5b2d645b1255fc3596e0418ebe054407cbc6f477865711a7b2ff,train_06378.png,209.01,train_07651.png,74.79,134.21999999999997,0.0,80.80905151367188,-0.04640085979331464,80.71682739257812,-0.045702070217842145,80.80905151367188,-0.046400859793314646,80.71682739257812,-0.045702070217842145,rot180,0.4350731544217613
d7ba2986ac3aadde4901a119e7dea74a9fa0629e1fc75d4b915fc75016e5e8f2,train_02692.png,171.34,train_02297.png,93.38,77.96000000000001,0.0,53.15126037597656,0.07713756990593584,53.67842102050781,0.05941502762599954,53.15126037597656,0.07713756990593601,53.67842102050781,0.05941502762599968,hflip,0.25174900309089926
d7d990ea75cd30e441f4cf7349fdb9bf0b7755be6a666a383a945ffdaf18e772,train_04349.png,319.29,train_03175.png,282.88,36.410000000000025,0.0,34.12548828125,0.5390658564965792,32.81573486328125,0.5636853925465695,34.12548828125,0.53906585649658,32.81573486328125,0.5636853925465732,identity,0.5390658564965792
d7e95704c254ecfa669a6373ff5ef44089433ac6a263b25c11cdac7493523e85,train_00827.png,297.52,train_05538.png,186.8,110.71999999999997,0.0,39.270172119140625,0.18535802677377167,39.140777587890625,0.19358208276502736,39.270172119140625,0.18535802677377167,39.140777587890625,0.19358208276502736,vflip,0.5362281583270836
d7f423814f759a0a08a52dc65d02d4b0010a92bd6a5d02a38a9809a369872239,train_04206.png,273.14,train_00595.png,256.53,16.610000000000014,0.0,31.84564208984375,0.6951345668590445,31.098861694335938,0.7079928776364808,31.84564208984375,0.6951345668590434,31.098861694335938,0.7079928776364826,identity,0.6951345668590445
d8190f0395d68f0a8a0d7f41ae8370d5522c563f0703d85cbaebeea1941ae712,train_07327.png,336.94,train_07681.png,7.16,30.220000000000027,0.0,30.716751098632812,0.5163448550273255,31.018524169921875,0.5081650187181659,30.716751098632812,0.5163448550273247,31.018524169921875,0.5081650187181659,hflip,0.7071985778771908
d81d410d1ae21fb4600e3e2150477b6840827b0f6794512462a57a6feac60bd9,train_02060.png,283.89,train_03282.png,209.72,74.16999999999999,0.0,48.91297912597656,0.1733500862911343,48.926300048828125,0.16708396616446428,48.91297912597656,0.1733500862911343,48.926300048828125,0.16708396616446428,vflip,0.25262059002307574
d89234bbc675935c5c7730a7b885423ded79fa52bda72e85b1adf856ff4c638b,train_04223.png,323.42,train_05675.png,209.72,113.70000000000002,0.0,62.84169006347656,-0.11246008211705996,62.85383605957031,-0.11165414522867624,62.84169006347656,-0.11246008211705993,62.85383605957031,-0.11165414522867623,vflip,0.6267414965819781
d8fb0bd48e115975227855869650c2c428c3bc59a67597e5654bb28cebf4890d,train_04862.png,298.25,train_00948.png,34.44,96.19,0.0,11.993240356445312,0.8685008612628822,13.569076538085938,0.8327581291553454,11.993240356445312,0.8685008612628822,13.569076538085938,0.8327581291553453,rot180,0.8721084427963433
d94a6a300bafa11b63e25c041cbb8b2dabc2bcde678035cdc757e7190e9f9f38,train_06745.png,326.13,train_00638.png,117.28,151.15,0.0,67.75404357910156,-0.1586259779778102,67.8062744140625,-0.1592915557531742,67.75404357910156,-0.1586259779778102,67.8062744140625,-0.1592915557531742,rot180,0.6516302480116861
d9a36ddfa4d279148e7740df3cfc2eb5ca8a3fa4d266804701ecaae671a7498e,train_05231.png,328.08,train_07382.png,26.34,58.25999999999999,0.0,46.6644287109375,0.3157040249853806,46.78456115722656,0.3142165569046449,46.6644287109375,0.3157040249853806,46.78456115722656,0.31421655690464484,hflip,0.5804831474877667
d9b69c096c11de23935b6e755226b7a389f7d475da3ba20e449c270a75c72e36,train_05558.png,333.1,train_06308.png,104.93,131.82999999999998,0.0,53.709930419921875,0.0636357512402404,54.137664794921875,0.05442881255145456,53.709930419921875,0.0636357512402404,54.137664794921875,0.05442881255145456,hflip,0.3987122731306533
da4ddc33a44c1a92a58658952ac8daf62213886e9568b9e11de09aa22a956362,train_00101.png,355.42,train_00512.png,38.92,43.5,0.0,35.96940612792969,0.4618954418706084,35.89286804199219,0.4620728889547858,35.96940612792969,0.4618954418706081,35.89286804199219,0.46207288895478443,hflip,0.6259178496971529
dab485f2b4a97933623482c03f00c3bbfdb05758596b33df4a46a7dc2666f1a5,train_05815.png,333.57,train_00945.png,325.83,7.740000000000009,0.0,15.86016845703125,0.8482021618844849,16.6566162109375,0.8348237599073745,15.86016845703125,0.8482021618844833,16.6566162109375,0.8348237599073747,identity,0.8482021618844849
daf52e5760f83b437c5a6fa25e9c58d270280cd381db8f4468908b53d98d431a,train_05276.png,70.65,train_07142.png,274.4,156.25000000000003,0.0,69.47373962402344,-0.3124417967172392,69.71035766601562,-0.31700584751297123,69.47373962402344,-0.3124417967172392,69.71035766601562,-0.31700584751297134,rot180,0.5566102916991749
daf5c1315ca809f0281ae6d1bf25b7df7e0541559f45856487b3892ab2671d3b,train_04906.png,177.08,train_06957.png,82.39,94.69000000000001,0.0,73.21849060058594,-0.01632352115062404,72.57072448730469,-0.0045362417060196844,73.21849060058594,-0.016323521150624055,72.57072448730469,-0.004536241706019681,vflip,0.6076528285241285
db656026f635cc0a41dd54cd258b23049fde86a42bee554a83d971eae3b53a2e,train_00567.png,277.86,train_04460.png,273.27,4.590000000000032,0.0,17.352523803710938,0.7763693052577111,18.058059692382812,0.7488727021772987,17.352523803710938,0.7763693052577111,18.058059692382812,0.7488727021772987,identity,0.7763693052577111
db6c7673a508ec9910977082f9fd84e08f9fd728602f22899ee9f675797d0b5b,train_00510.png,318.95,train_06630.png,272.7,46.25,0.0,59.843841552734375,0.3568472779215531,60.01295471191406,0.3545612300862851,59.843841552734375,0.3568472779215505,60.01295471191406,0.3545612300862858,vflip,0.3966331925584072
dbabf789f6680324ca6e1bc8881a52f0d6fbd2ed5ecc92e1bcd0f97fae000de0,train_06607.png,292.63,train_06808.png,102.76,170.13,0.0,53.65330505371094,0.27778958469062726,52.92085266113281,0.2887589715888535,53.65330505371094,0.27778958469062726,52.92085266113281,0.2887589715888539,rot180,0.7441196957840293
dbea0a8dc4e4de637a1e01f0ac7a4eea439333b345fb7b667aaf7f5d32d777fa,train_06305.png,338.8,train_07836.png,71.81,93.00999999999999,0.0,30.941909790039062,0.5506042008814865,32.04747009277344,0.5207765825053261,30.941909790039062,0.5506042008814866,32.04747009277344,0.5207765825053261,identity,0.5506042008814865
dc298d3cf785fd6ce65b5b95b2b12fee8492fa76c54695f836b134fbbe662683,train_00976.png,346.65,train_07120.png,183.2,163.45,0.0,29.626693725585938,0.1052770663313048,29.793426513671875,0.08637730872249794,29.626693725585938,0.1052770663313048,29.793426513671875,0.08637730872249794,vflip,0.28836837480415745
dc414914a9dd8a49fd84b7de36abcb194e53e8e9ae79aebf565aae4bcc7b10c4,train_04634.png,329.35,train_01156.png,273.42,55.93000000000001,0.0,41.67529296875,0.06755102603453957,40.85102844238281,0.08428978956023754,41.67529296875,0.06755102603453957,40.85102844238281,0.08428978956023754,vflip,0.1545854269976305
dc68b7967e64aafec4df740de1e64075fd908687d5179500967a1522998745ed,train_01415.png,218.42,train_01460.png,60.25,158.17,0.0,37.611541748046875,0.4506880834245081,37.57743835449219,0.4491797427844385,37.611541748046875,0.4506880834245082,37.57743835449219,0.44917974278443856,vflip,0.5629369650186355
dc7fedaec4a916a4fc28287c773f4ac8953fa915e2008de35e95960c72d02dcc,train_06483.png,31.12,train_02146.png,63.97,32.849999999999994,0.0,32.03129577636719,0.5978576063931462,31.984176635742188,0.599242541875915,32.03129577636719,0.597857606393146,31.984176635742188,0.5992425418759154,identity,0.5978576063931462
dce8aa3ef8da9c8086610066515fc35046acfd4e388b4cd437a5a0d806c303ed,train_00617.png,338.58,train_01900.png,103.98,125.40000000000003,0.0,53.61570739746094,0.1676265514234703,53.71867370605469,0.16644366245093753,53.61570739746094,0.1676265514234703,53.71867370605469,0.1664436624509373,hflip,0.5211813981474174
dcf6de555079892ddc413621da0ea57a73d02c7c49d68db670f87a2f3bc4b1f5,train_01553.png,296.67,train_03909.png,90.47,153.79999999999998,0.0,44.37336730957031,0.20465255527897974,44.147705078125,0.21581644006299183,44.37336730957031,0.20465255527897971,44.147705078125,0.21581644006299183,rot180,0.44554462878503726
dd14ac11b346c936d62d0fae43ce05ccaa7dbd2f1aa3709f5e6c8df30cae1c2a,train_03391.png,294.4,train_06583.png,224.51,69.88999999999999,0.0,29.76800537109375,0.5897439129585635,30.199615478515625,0.5721632337036927,29.76800537109375,0.5897439129585635,30.199615478515625,0.5721632337036943,vflip,0.697142500791078
dd71a309bdfe8da3f4b464f5e5190ce79ba950d589a18a92b28cc92ba9c7a728,train_03934.png,22.09,train_04237.png,113.21,91.11999999999999,0.0,76.26559448242188,0.07240600274202563,77.01264953613281,0.06400310951729277,76.26559448242188,0.07240600274202563,77.01264953613281,0.06400310951729266,vflip,0.22056431918630925
ddb3319705fb388b3daeb05b38388f5f908567ccbad1ae22a3da6a65c4fe26a5,train_06949.png,178.05,train_01840.png,324.1,146.05,0.0,61.58424377441406,-0.01717851840222311,62.7095947265625,-0.04915799093261766,61.58424377441406,-0.017178518402223075,62.7095947265625,-0.049157990932617565,vflip,0.6132228488455613
ddc0004c03db109e45fb03bfe28bd16a160dc624aa5217c05f912db270365fac,train_05778.png,348.13,train_07575.png,62.35,74.22000000000003,0.0,65.65191650390625,0.22960209061348946,65.68466186523438,0.22746172298474612,65.65191650390625,0.22960209061348996,65.68466186523438,0.22746172298474585,vflip,0.3921750707155639
de196b6bdefaa9d59ba5513382ca5b8388032f60425577ae850caa726ea403e0,train_00958.png,322.84,train_02710.png,319.59,3.25,0.0,11.176071166992188,0.9184757817296948,11.116928100585938,0.9200992903841015,11.176071166992188,0.9184757817296958,11.116928100585938,0.9200992903841002,identity,0.9184757817296948
de34e7dabdf8c2c7e7027ef40a2ab81bb3d8a444e49889bb3534df7e561c0d16,train_04630.png,344.27,train_05549.png,297.01,47.25999999999999,0.0,47.55509948730469,0.34409649679937854,47.79942321777344,0.33804865501325104,47.55509948730469,0.34409649679937876,47.79942321777344,0.3380486550132508,vflip,0.5624773740776944
de5a25d65118bfe06e78fe672ffbd8a48ffb7c9e5dd598d8c17f3fa544f97cca,train_01874.png,97.9,train_05414.png,39.73,58.17000000000001,0.0,42.166015625,0.2951767958597869,42.49824523925781,0.29224138520634746,42.166015625,0.295176795859788,42.49824523925781,0.2922413852063474,vflip,0.3206758749298045
dea0bd19fb2b7e0cc633c9b165778f35decc583a0b09d6357abc8c10e4b71613,train_05357.png,11.22,train_04733.png,218.5,152.72,0.0,72.34490966796875,-0.4447721291339335,72.36270141601562,-0.4475201501433209,72.34490966796875,-0.4447721291339335,72.36270141601562,-0.4475201501433209,rot180,0.5519598656768985
dec30d334ff4c2b0d6d7789f8c4af75161ce40dbce817ad89311ced0977c3997,train_07231.png,341.02,train_03870.png,37.74,56.72000000000003,0.0,38.52754211425781,0.40371958826553567,37.36201477050781,0.42936778175837137,38.52754211425781,0.40371958826553517,37.36201477050781,0.42936778175837165,hflip,0.6302715017820952
ded3508c2bc4ea62a34a2b7cce39815f0e656f10adbae19cefd23c4e31976635,train_06855.png,281.35,train_01223.png,292.0,10.649999999999977,0.0,23.655075073242188,0.6913429776860059,23.19427490234375,0.6946318569580844,23.655075073242188,0.6913429776860085,23.19427490234375,0.6946318569580844,identity,0.6913429776860059
dede93a24c6b723496f29ac8d4be99e7c5260a088c6bea91e0cf01789fb96322,train_05700.png,319.02,train_00426.png,53.4,94.38,0.0,50.415985107421875,0.14265946607162708,50.54612731933594,0.14072917037344937,50.415985107421875,0.14265946607162708,50.54612731933594,0.14072917037344937,hflip,0.43752195643530434
df1243195b6d04e06ab0c1033bf3f625b2ff8272151f10451b0be58bf4253b2c,train_04851.png,355.28,train_07099.png,320.41,34.86999999999995,0.0,39.048431396484375,0.3033079963125053,38.47169494628906,0.31675803002640623,39.048431396484375,0.3033079963125053,38.47169494628906,0.31675803002640623,identity,0.3033079963125053
df1a13966d1203b1fc623b55a622002fe164ee8f2b58a1af7fba0785cf0253e5,train_05275.png,307.18,train_07069.png,122.96,175.77999999999997,0.0,26.601852416992188,0.6312484451715403,26.961959838867188,0.6267241158518568,26.601852416992188,0.6312484451715407,26.961959838867188,0.6267241158518566,rot180,0.9274993753037479
df533e600378a7d11ea89a0386c04752f954a7486d75e2c50d7c8fcd93a6ba77,train_07622.png,348.82,train_01853.png,180.37,168.45,0.0,43.90849304199219,0.02461186042323366,43.60127258300781,0.0400843087017936,43.90849304199219,0.02461186042323365,43.60127258300781,0.040084308701793636,rot180,0.5160485054387092
df61d9563b5afae9500063946823ab8c084faf6d6d08c4ee65aee7c3344d320f,train_05042.png,339.23,train_06837.png,49.66,70.42999999999995,0.0,43.45953369140625,0.3591009295317384,42.77278137207031,0.37778521998071696,43.45953369140625,0.35910092953173806,42.77278137207031,0.3777852199807173,hflip,0.7717528706682251
dfad1726ff2a8eacefe367d00680b9aced7932f7486093388301f8b6a3a2d471,train_00878.png,110.8,train_03410.png,102.18,8.61999999999999,0.0,14.721572875976562,0.8077552611953261,14.348663330078125,0.8217078479735863,14.721572875976562,0.8077552611953267,14.348663330078125,0.8217078479735928,identity,0.8077552611953261
dfc604de6452dcd420fea31fd01e11eb2c96c7fd73e2818b1e7ff75ba94cb6e6,train_05986.png,326.59,train_02055.png,183.96,142.62999999999997,0.0,51.193450927734375,0.05750880951139156,51.895416259765625,0.032613601423512,51.193450927734375,0.05750880951139156,51.895416259765625,0.03261360142351194,vflip,0.5467165042348439
dfed3a4d3ee49b8e49aab66bceea6144bc38f6e488ef4f64b3824595426f1df7,train_07093.png,335.68,train_03099.png,246.75,88.93,0.0,49.06013488769531,0.18292479148993684,50.96961975097656,0.15932557665937486,49.06013488769531,0.18292479148993684,50.96961975097656,0.15932557665937477,vflip,0.3857230231436477
dff5ef9ddf6106f7d5853ae848312023d07f1e95d763d0fe8fa64642da5688f0,train_07404.png,319.26,train_03563.png,315.21,4.050000000000011,0.0,6.6268463134765625,0.9428343978803306,6.620849609375,0.9436076382450721,6.6268463134765625,0.9428343978803306,6.620849609375,0.9436076382450721,identity,0.9428343978803306
e086a6a03bf1c21a324e6b50fe1b625e57bd46930ce062af20aa7d9be8b7c9a9,train_02160.png,190.73,train_00848.png,67.21,123.52,0.0,38.74220275878906,0.21570680473741283,38.332244873046875,0.23778354302918683,38.74220275878906,0.21570680473741277,38.332244873046875,0.23778354302918683,hflip,0.5459269734567187
e09bf532bca1a005106763cc9f604e79ffc363c45a16b5f4d85c24243a68c52f,train_00157.png,345.19,train_00185.png,88.18,102.99000000000001,0.0,27.53570556640625,-0.0722492838547096,29.45953369140625,-0.08795151002697595,27.53570556640625,-0.0722492838547096,29.45953369140625,-0.08795151002697593,vflip,0.18761504039113736
e0a07de67a8fc68fb6a7de9fb98826ed4199c15b24846d6acac8b21abf4d184a,train_05626.png,327.24,train_06826.png,204.0,123.24000000000001,0.0,67.92233276367188,-0.014534142162606676,67.23884582519531,-0.0008447566049998153,67.92233276367188,-0.014534142162606676,67.23884582519531,-0.0008447566049998153,vflip,0.4158044409450204
e0b096bfbe02323c117a81e92cbfbc075e4758a93ec944807aca56f28d65f737,train_03956.png,330.23,train_06362.png,81.67,111.44,0.0,46.694427490234375,-0.017449229330463632,45.13658142089844,0.03661648662888964,46.694427490234375,-0.017449229330463632,45.13658142089844,0.03661648662888964,hflip,0.5031844193525356
e106837ca3e88db327df22c99a27085e2ce93406c476d5b31ca5acaed030c88e,train_05523.png,342.31,train_05144.png,15.49,33.18000000000001,0.0,33.41596984863281,0.44707188040071066,33.38812255859375,0.448099354566325,33.41596984863281,0.44707188040071083,33.38812255859375,0.44809935456632477,hflip,0.449682592081794
e12ac6c74fabdac77de4ddfd93b8ba182caf3cff3e97fda40fb9523fa278ca3c,train_04723.png,295.29,train_03902.png,188.67,106.62000000000003,0.0,46.5572509765625,0.1221801883296929,48.23997497558594,0.06828153534617432,46.5572509765625,0.1221801883296929,48.23997497558594,0.06828153534617432,hflip,0.2915531073838288
e17a1c58eefab75dcc3d0e11efdf4f5c3460a7b540e088ba9cd216012f6d64da,train_05429.png,310.24,train_06747.png,345.4,35.15999999999997,0.0,38.23199462890625,0.5203820117572886,38.22636413574219,0.5162566850533646,38.23199462890625,0.5203820117572886,38.22636413574219,0.516256685053365,identity,0.5203820117572886
e223f1128ce01522651026cf0186bf185b02913ff2b16fd017cae7c4ad527c6c,train_00979.png,276.32,train_06255.png,156.39,119.93,0.0,81.2769775390625,-0.14960499232878569,81.64582824707031,-0.16021678055725702,81.2769775390625,-0.14960499232878569,81.64582824707031,-0.16021678055725744,rot180,0.34466034171624166
e22cec6974966fee5848ea6883edc771c77983e859c891140ccfbabe843f04ae,train_05727.png,296.11,train_00785.png,332.0,35.889999999999986,0.0,49.56336975097656,0.4010268553314515,49.59156799316406,0.40031224625408274,49.56336975097656,0.4010268553314512,49.59156799316406,0.4003122462540824,hflip,0.40747861630273524
e296224fc1eb37b94843909f867cf855aa85df6e2d6940ce311bda338ff41a55,train_07557.png,280.74,train_00725.png,115.2,165.54000000000002,0.0,26.118453979492188,0.663791723243131,26.0670166015625,0.6714762297152567,26.118453979492188,0.6637917232431316,26.0670166015625,0.6714762297152569,rot180,0.695190338292751
e29f6d80cd680316c51c932f8d5a7d0cd8070169d601a138ed20d118b9700c74,train_00695.png,305.06,train_02263.png,114.15,169.09,0.0,32.64202880859375,0.7179787127367354,33.48114013671875,0.7006946732865906,32.64202880859375,0.7179787127367354,33.48114013671875,0.7006946732865906,rot180,0.813534275732334
e2a8e49d1822553c69a878f51e3a2254eef5927d7a5b3bd1582d5b3910aa9b93,train_00402.png,352.49,train_05522.png,142.43,149.94,0.0,66.62088012695312,-0.0576594618813545,67.22235107421875,-0.07232388379630297,66.62088012695312,-0.05765946188135444,67.22235107421875,-0.07232388379630297,vflip,0.7406274029928843
e2e7406d7790a7efb4e2a5c8a646b6b115d2ed756fcb2e517b5b55bd3723e781,train_07354.png,169.14,train_00386.png,353.61,175.52999999999997,0.0,27.859817504882812,-0.1423885351695529,27.88470458984375,-0.14309350958153924,27.859817504882812,-0.14238853516955288,27.88470458984375,-0.14309350958153924,rot180,0.884702499020008
e2f5da6342e734144177f21a0beca70eda48cbc43b144d4171165b2b679aa526,train_01792.png,349.16,train_04153.png,299.31,49.85000000000002,0.0,39.005859375,0.3680879522941681,39.220733642578125,0.3621853153904951,39.005859375,0.3680879522941681,39.220733642578125,0.3621853153904951,identity,0.3680879522941681
e374fb62676140a4d03cc5e9831196e4f5f525bb05938e8b085db8cfab288534,train_00509.png,348.17,train_01530.png,143.26,155.08999999999997,0.0,30.079376220703125,0.5468416918554051,30.24188232421875,0.5422729063554337,30.079376220703125,0.5468416918554033,30.24188232421875,0.5422729063554337,vflip,0.6008026265010324
e3779c1bce10beae5c83a1bf8922c9b87d985a05a6df902565a9c819e9c6bf44,train_00830.png,340.63,train_07034.png,94.62,113.99000000000001,0.0,61.18841552734375,0.016659833591696743,62.07328796386719,-0.0065983385898642785,61.18841552734375,0.016659833591696767,62.07328796386719,-0.0065983385898642916,vflip,0.25662241190981294
e3bc931a8b344249a4ef044a7e5e706b371a7a3c6293c92538f529199ab5234c,train_00023.png,288.13,train_01787.png,212.2,75.93,0.0,16.489303588867188,0.7372275745577953,16.096160888671875,0.7378114348477919,16.489303588867188,0.7372275745577954,16.096160888671875,0.7378114348477919,identity,0.7372275745577953
e3bd968cf0049eaac714314588227580e34476ddd45fe660263630105b13422b,train_03030.png,335.62,train_03548.png,327.41,8.20999999999998,0.0,13.83392333984375,0.8692901030705893,12.174301147460938,0.8903895748607698,13.83392333984375,0.8692901030705893,12.174301147460938,0.8903895748607712,identity,0.8692901030705893
e3de01e47cbc5ce02056779c3cc7fb21fbaa8156d44edb5498bb4d943f963e2d,train_02482.png,274.25,train_02077.png,296.44,22.189999999999998,0.0,28.661605834960938,0.5147804338334466,28.929458618164062,0.501849100428473,28.661605834960938,0.5147804338334463,28.929458618164062,0.5018491004284735,identity,0.5147804338334466
e433f6523fa6e472c9624bd0f3dc091d9a3183a808a1a3c3dc63809971a39bcf,train_07481.png,301.49,train_07237.png,143.78,157.71,0.0,24.042922973632812,0.739826457300174,24.009231567382812,0.7407717229747313,24.042922973632812,0.739826457300174,24.009231567382812,0.7407717229747314,vflip,0.8777289537322547
e439994a7b352fc2a67c9ded5c9393480faef3aa104f01fae2d5b4a25c99bb60,train_02660.png,293.46,train_04013.png,193.35,100.10999999999999,0.0,68.42422485351562,0.1668476969888665,69.01911926269531,0.15653445627703347,68.42422485351562,0.1668476969888665,69.01911926269531,0.15653445627703372,vflip,0.3581858340700399
e43d5988a9a9faf459a078c0487924ec49b7c47dda1d4c5b9a4df5f865f607fa,train_03186.png,352.48,train_01253.png,27.89,35.40999999999997,0.0,43.290771484375,0.1453551931418514,43.48521423339844,0.13910810221620287,43.290771484375,0.14535519314185136,43.48521423339844,0.13910810221620287,vflip,0.31967194993946485
e43dced149fa083d12c35000d66b9d3d487868c3ed6c34608f8e3bdaee746370,train_00767.png,337.22,train_05527.png,91.26,114.03999999999996,0.0,66.87873840332031,-0.08117238920475729,66.20025634765625,-0.06048556413187423,66.87873840332031,-0.08117238920475729,66.20025634765625,-0.06048556413187423,hflip,0.6821406654991804
e43ffca8b9b6a52a147f0ded4144ce31e2e0e2dd82f42e6ea3f0bae644d94454,train_07596.png,273.6,train_05447.png,65.84,152.23999999999998,0.0,32.01817321777344,0.29172048142017126,32.13911437988281,0.2821574426758863,32.01817321777344,0.29172048142017165,32.13911437988281,0.2821574426758869,vflip,0.40643369140270486
e46dd615d9b9c76a8cf41a1bda5475bf545cd3986d2f02acc28d0efc2d9741f3,train_03527.png,288.93,train_04803.png,351.81,62.879999999999995,0.0,42.043487548828125,0.3144259176548555,41.82780456542969,0.32286438355609504,42.043487548828125,0.3144259176548555,41.82780456542969,0.3228643835560956,hflip,0.7235136718387389
e473a30a6950b50b834330d17f7a22c72440676b918367e91eaffbdcac2507f4,train_05989.png,340.44,train_00901.png,219.06,121.38,0.0,83.00112915039062,-0.006974891147055777,83.07872009277344,-0.008159386550539646,83.00112915039062,-0.006974891147055976,83.07872009277344,-0.00815938655053965,vflip,0.6751693748597246
e503b7631fe20d4cb6e699cd13b0b35fb71a4528c5327afb60d65c67265fe370,train_05529.png,277.11,train_00305.png,186.0,91.11000000000001,0.0,43.372650146484375,0.2724233707960872,42.97039794921875,0.2612556999053634,43.372650146484375,0.2724233707960872,42.97039794921875,0.2612556999053636,rot180,0.2734343814954548
e5151767fb375c6ca6c3d4cae053784e4576e6f8a44cfd87dbeb992558255ee2,train_04691.png,250.25,train_02386.png,215.15,35.099999999999994,0.0,35.44950866699219,0.4281010678427618,36.079986572265625,0.4100554432404447,35.44950866699219,0.4281010678427618,36.079986572265625,0.4100554432404447,vflip,0.5161224546235518
e5760afc7f29bcec480fd03a472ec90851c2ea2cc018a1ee62ace365a6707189,train_01177.png,222.98,train_03636.png,290.07,67.09,0.0,28.987411499023438,0.5655921784874155,28.9342041015625,0.5709609529560719,28.987411499023438,0.5655921784874164,28.9342041015625,0.5709609529560719,identity,0.5655921784874155
e59684e64bc235f1981315175e351491c5925ce3776aede35616c61b70d6eb70,train_01097.png,126.19,train_02185.png,65.18,61.00999999999999,0.0,16.635955810546875,-0.009753203946190612,17.239242553710938,-0.015500425227536717,16.635955810546875,-0.009753203946190612,17.239242553710938,-0.015500425227536717,vflip,0.10682046829819054
e5dbe834bb16098c422267111e39b44341e9d59592ef8425f9b778d4eecef5e9,train_00310.png,270.34,train_05672.png,156.59,113.74999999999997,0.0,54.15086364746094,0.1555417227522403,53.64984130859375,0.17118049162015164,54.15086364746094,0.1555417227522407,53.64984130859375,0.17118049162015164,hflip,0.3192753280638864
e64361dfe02f65c3543183a827123cf3848a9867e2933291974176b024196532,train_04649.png,299.98,train_05373.png,184.35,115.63000000000002,0.0,35.29949951171875,0.35522291681907725,34.956207275390625,0.37064149423789494,35.29949951171875,0.355222916819077,34.956207275390625,0.37064149423789494,vflip,0.49207372357486356
e6b276f7879cf5e7932f014ca8b9dd3dd804c99786a72e354944b31cd7105412,train_06122.png,323.94,train_05450.png,239.95,83.99000000000001,0.0,38.03486633300781,0.34555060232419527,38.25413513183594,0.33877861423166217,38.03486633300781,0.34555060232419527,38.25413513183594,0.33877861423166217,vflip,0.6647947821593737
e6c3a12dc190d27de5d6c84e354d581c4b59d8da4f01c90e551d432907dee4ec,train_01889.png,299.02,train_00686.png,333.36,34.34000000000003,0.0,33.851409912109375,0.622272686847227,33.87800598144531,0.6220421815489937,33.851409912109375,0.622272686847227,33.87800598144531,0.6220421815489938,identity,0.622272686847227
e6d1b9c71263aeb8d34f8ea17e88651454f2916d63bca37ad8b25eee2767c12f,train_04084.png,347.07,train_03835.png,238.84,108.22999999999999,0.0,49.60020446777344,0.04989656717709623,48.33775329589844,0.08691820866982718,49.60020446777344,0.04989656717709623,48.33775329589844,0.08691820866982718,vflip,0.6467285974785806
e6d1e23749b3269a3fe7ae0f41e4c81987516cd181bcca23f08940347a90f2af,train_07263.png,351.52,train_05612.png,17.18,25.660000000000025,0.0,32.468414306640625,0.5520778314426432,32.10693359375,0.5638018619313655,32.468414306640625,0.5520778314426432,32.10693359375,0.5638018619313655,identity,0.5520778314426432
e71f1e2bfd51edb1932f70e49e085eede94170206c6f51d64a31dd6fa58b53d6,train_07582.png,352.7,train_03601.png,254.52,98.17999999999998,0.0,44.87812805175781,0.1325755667053771,44.15586853027344,0.1523163441079722,44.87812805175781,0.1325755667053771,44.15586853027344,0.1523163441079722,hflip,0.17339071399331285
e77de4d51353a872ea06f9334e0746d081264d664a53e87fd65982814fbdc976,train_07328.png,306.96,train_00273.png,315.96,9.0,0.0,19.953536987304688,0.856804975369072,19.886871337890625,0.8582668287467965,19.953536987304688,0.8568049753690721,19.886871337890625,0.8582668287467935,identity,0.856804975369072
e78543810959f8ef0c5dfbf13f059bc297a53018400a4f0e323b64996b89c127,train_03250.png,317.49,train_02476.png,106.49,149.0,0.0,26.214981079101562,0.5241785279007554,26.12799072265625,0.5295864215958904,26.214981079101562,0.524178527900755,26.12799072265625,0.5295864215958904,vflip,0.5753913177218366
e79077b6cd9b77198fa7f2a8cb264682245524729f9d115087e720630a1dc7ea,train_07333.png,354.08,train_07819.png,52.28,58.200000000000045,0.0,46.51226806640625,0.3246748427715599,45.98210144042969,0.3352410167329742,46.51226806640625,0.32467484277155945,45.98210144042969,0.33524101673297385,identity,0.3246748427715599
e79c6a7235e13216b506fbfbf43b0007782c1580c7721fcbfdea1fcf720a44c7,train_02525.png,303.12,train_04370.png,25.69,82.57,0.0,38.20341491699219,0.28770484189847273,38.41181945800781,0.28160632108442163,38.20341491699219,0.28770484189847273,38.41181945800781,0.28160632108442163,hflip,0.29505537067493603
e7a143046b83014bdae7b8541846183de428ab5f915d8bcf0e0c218769e2b4d8,train_04816.png,302.4,train_03153.png,289.93,12.46999999999997,0.0,19.808273315429688,0.7632570411920623,18.438690185546875,0.7899498969250304,19.808273315429688,0.7632570411920623,18.438690185546875,0.7899498969250303,identity,0.7632570411920623
e7a8223f972f691ec77598fac1f4fcb860ca93cbd8bae55b0b94c2840a44b51e,train_06857.png,275.17,train_01758.png,244.74,30.430000000000007,0.0,34.72914123535156,0.5419570819019728,35.47325134277344,0.5229218257156868,34.72914123535156,0.5419570819019721,35.47325134277344,0.5229218257156883,vflip,0.7999809854583546
e81a2d4827d13ab4058b99a8fb9b026f3d2d765231439533bd9ea531c8dc51ad,train_02552.png,291.19,train_00107.png,24.64,93.44999999999999,0.0,49.722564697265625,0.003461542282722283,49.69306945800781,-0.012771446185350418,49.722564697265625,0.003461542282722283,49.69306945800781,-0.012771446185350418,hflip,0.15081361212665814
e81ba56edfdba19ec5fd23a15c48d8432e5cf6abd6d2a3b347aa865d9f4d4fd8,train_01182.png,285.12,train_03507.png,33.59,108.47,0.0,34.406982421875,0.4486916657639274,34.41685485839844,0.4417733190839292,34.406982421875,0.44869166576392755,34.41685485839844,0.44177331908392925,rot180,0.4867530409660248
e81d35facaf59e0ea13c65783cf4288f7d8c1c86da36a2f879b7911ce42fee00,train_07269.png,299.41,train_02062.png,257.06,42.35000000000002,0.0,38.163787841796875,0.4601164177334188,38.351409912109375,0.4560701653891591,38.163787841796875,0.4601164177334188,38.351409912109375,0.4560701653891591,vflip,0.8002828720850127
e8594a558a7a7b5f6f35cddd7a112143a32c451f75b2230347446925b92edb63,train_04152.png,319.75,train_01422.png,127.78,168.03,0.0,45.71514892578125,0.3662787803461418,45.567718505859375,0.36883236924816065,45.71514892578125,0.366278780346142,45.567718505859375,0.36883236924816043,rot180,0.7711628587527861
e8694e9652733ddaf2fea38779dc76281e5a84130f6216e2a8273709393a270c,train_05613.png,319.47,train_01881.png,188.28,131.19000000000003,0.0,52.55461120605469,0.2590241387820802,51.823394775390625,0.27771680648781805,52.55461120605469,0.25902413878207964,51.823394775390625,0.27771680648781805,vflip,0.5642344977810687
e8f0f79d5ea54f8eed794c4474f51881cff6d8956a0c07b8912e9f8d49001903,train_03292.png,302.35,train_04355.png,112.94,170.58999999999997,0.0,43.51319885253906,0.4391481618738875,43.56793212890625,0.4412759771941189,43.51319885253906,0.43914816187388744,43.56793212890625,0.4412759771941179,rot180,0.8623937491079201
e91dbca726eaa19abcc549e010318801a513e169bd84d69a7f13d818da29977d,train_01297.png,359.41,train_02823.png,311.28,48.13000000000005,0.0,37.3404541015625,0.03970975460014018,37.39567565917969,0.03382896678007306,37.3404541015625,0.03970975460014018,37.39567565917969,0.03382896678007306,identity,0.03970975460014018
e95d27550e4d9e80ac5fd1c33b16c96162d871528c913fd142bb9a55b6753845,train_05405.png,289.28,train_07170.png,69.31,140.03000000000003,0.0,52.1644287109375,0.252005147445691,52.10009765625,0.2536394512623594,52.1644287109375,0.25200514744569125,52.10009765625,0.2536394512623594,rot180,0.33796965569470344
e96d249f30eaa60c4898b626d1a71061b6a09e728f7b5c33aeed6beae9296606,train_06393.png,293.28,train_03694.png,14.56,81.28000000000003,0.0,55.1240234375,0.23479812020250604,54.27745056152344,0.25214988981804964,55.1240234375,0.23479812020250604,54.27745056152344,0.25214988981804964,hflip,0.37971288801432734
e9926ce028f73a2d939237bfc7f7b7596f1f073c8b16a58e01a3fc1e564d0183,train_06895.png,278.6,train_00147.png,203.46,75.14000000000001,0.0,46.90080261230469,0.27017195051509,47.536224365234375,0.25079405128742005,46.90080261230469,0.27017195051509063,47.536224365234375,0.2507940512874201,identity,0.27017195051509
e9edf0ea565c49c30ccf4f70a9edb4943ea57363a22c1b5d96a113e3a2943ae0,train_01006.png,325.93,train_05594.png,14.2,48.26999999999998,0.0,45.456024169921875,0.48807611537244094,45.24317932128906,0.4911034708888953,45.456024169921875,0.4880761153724399,45.24317932128906,0.4911034708888965,hflip,0.578354431354425
ea0df63991be8ae83747eb1a1c03209905b592f3261401c1e36499bd542ab33a,train_01382.png,290.4,train_01584.png,139.44,150.95999999999998,0.0,58.157623291015625,0.16318764242091371,58.314788818359375,0.1617761498356801,58.157623291015625,0.16318764242091371,58.314788818359375,0.1617761498356801,rot180,0.6352217867625338
ea10fbebb2212f9743a00d63f97d57a5712bc0f93838b42917b50fdfcaeeebd6,train_05983.png,131.89,train_07428.png,91.03,40.859999999999985,0.0,36.820526123046875,0.4667572833002056,37.1490478515625,0.4584612081203904,36.820526123046875,0.4667572833002056,37.1490478515625,0.4584612081203904,vflip,0.5895710293717501
ea3fb5d6a51cc613b8cd30a6da6474a4bbf8e8555b15002d271c7c84b7864699,train_01311.png,346.61,train_03277.png,51.06,64.44999999999999,0.0,39.3446044921875,0.4249611808053558,39.62286376953125,0.4067817121221571,39.3446044921875,0.4249611808053558,39.62286376953125,0.4067817121221571,identity,0.4249611808053558
ea9acbcc24892f63d3104e14b0da4e9a7d9c75212c60e8d6ee45ce7a2540da96,train_04936.png,98.93,train_02601.png,300.24,158.69,0.0,69.74473571777344,0.08619392574933721,69.24211120605469,0.09817328492698729,69.74473571777344,0.08619392574933708,69.24211120605469,0.0981732849269872,rot180,0.5508225448341736
eaaac28ceff37b358090df91848d229e910fd0025beca2d3b50f45ab0f531816,train_00117.png,317.7,train_07679.png,333.74,16.04000000000002,0.0,16.631515502929688,0.7705511989959378,15.80316162109375,0.7877226674369296,16.631515502929688,0.7705511989959378,15.80316162109375,0.7877226674369295,identity,0.7705511989959378
eab3953f88c2bb05d04eb2530de9895fdabdf4c118c83b0c7357886ea0128d65,train_00646.png,307.14,train_02295.png,11.02,63.879999999999995,0.0,54.931396484375,0.21904527961596612,53.662017822265625,0.24576192598105903,54.931396484375,0.21904527961596612,53.662017822265625,0.24576192598105923,hflip,0.49919328320053374
eab6e46386f862e9204111d38e9ee9eff2458ee8076f15118b28cbbf8bb35a0e,train_00483.png,270.06,train_07432.png,71.23,161.17000000000002,0.0,92.64602661132812,-0.4570771159214018,93.9410400390625,-0.4856949654600329,92.64602661132812,-0.4570771159214024,93.9410400390625,-0.4856949654600336,rot180,0.7076352204459982
eb036a774229c33b59fca0883e1dd457f31a7453a0085f164334c2853a3bc5cb,train_06783.png,337.94,train_04209.png,346.93,8.990000000000009,0.0,17.5482177734375,0.8038116548454418,18.098220825195312,0.791391796464588,17.5482177734375,0.8038116548454418,18.098220825195312,0.7913917964645873,identity,0.8038116548454418
eb5c912e2bcb94f60c896e54b33280cac3ef1a986de6f3ff62387c25a5c8929a,train_00613.png,295.73,train_01646.png,9.52,73.78999999999996,0.0,52.15521240234375,0.3000806120313681,50.854248046875,0.3334204924875878,52.15521240234375,0.3000806120313667,50.854248046875,0.3334204924875878,hflip,0.6736457484288864
eb7e541724a03ad97d225187b46497ee2323234c7166b85b8dedf3860840c86e,train_00086.png,296.83,train_05776.png,143.27,153.55999999999997,0.0,81.88070678710938,-0.20655795052489792,82.01966857910156,-0.20838500592227505,81.88070678710938,-0.20655795052489792,82.01966857910156,-0.20838500592227505,rot180,0.6124282275560049
eba1385ca82323fe0c069dc7e08f0e9751bfa0e8eb87a920d32870f3ae0d16fd,train_01786.png,303.05,train_04395.png,87.26,144.20999999999998,0.0,83.02168273925781,-0.2695926041882964,82.64547729492188,-0.2596860409012557,83.02168273925781,-0.26959260418829645,82.64547729492188,-0.2596860409012557,rot180,0.3902700740884694
ebc5add6bb3aa660b61017f8d1a2a74a779c727cbee8cec19a904df99ce32ce8,train_07155.png,324.01,train_02749.png,159.33,164.67999999999998,0.0,50.95355224609375,0.32058288540999147,50.696533203125,0.33658811039913744,50.95355224609375,0.32058288540999086,50.696533203125,0.336588110399138,rot180,0.7581736580535928
ebca658ed58fbbcd70445d4c1299bb5f4352e314500021753c0bd9ed2f25685b,train_06878.png,283.9,train_06509.png,42.29,118.39000000000001,0.0,74.76846313476562,-0.03053071582400346,75.61137390136719,-0.04222744766833887,74.76846313476562,-0.03053071582400346,75.61137390136719,-0.042227447668338886,rot180,0.35383457913014105
ebec349359497f25ce71e0f6d007e74da3f018ed7f82a1fde7ee830aff95be27,train_01098.png,324.92,train_05328.png,179.33,145.59,0.0,41.15785217285156,0.28308737607450407,40.696075439453125,0.30006741916648244,41.15785217285156,0.2830873760745042,40.696075439453125,0.30006741916648244,rot180,0.3627818894969491
ebf486d9cb8f3bf7cf098142d961a55652c528ead8be268119bd73429c194769,train_05666.png,290.61,train_07559.png,121.72,168.89000000000001,0.0,42.80841064453125,0.3924328838338082,43.088409423828125,0.3916709685796296,42.80841064453125,0.3924328838338082,43.088409423828125,0.3916709685796296,rot180,0.7437693033153076
ec0c9f73b0d59138a307fdd6e75827f7589eb144eabeb956fead4a2923f2aa68,train_00524.png,339.19,train_07244.png,12.89,33.69999999999999,0.0,35.81898498535156,0.48905950362450484,36.04994201660156,0.48105317443101386,35.81898498535156,0.4890595036245041,36.04994201660156,0.4810531744310139,identity,0.48905950362450484
ecad28017317580ea80188babe5c6622b55c73e6bb2895f9a9d32eb476645d11,train_03412.png,315.18,train_06861.png,298.63,16.55000000000001,0.0,19.62200927734375,0.773482417502234,19.330352783203125,0.7762145382347835,19.62200927734375,0.7734824175022356,19.330352783203125,0.7762145382347835,identity,0.773482417502234
ed54a2d8dba51808ad3d4ea329ee6f91f774d467794f3799c183a2bf3c6a9f68,train_06559.png,47.74,train_00065.png,168.25,120.50999999999999,0.0,26.8890380859375,0.44424052605550163,26.856643676757812,0.44331697806357095,26.8890380859375,0.44424052605550163,26.856643676757812,0.4433169780635708,vflip,0.4921949814946938
edbe4fbca3f2f7e46658a57a34aea64ed4892d2e5df6403f86bb4720b2597fa8,train_02433.png,261.53,train_06417.png,219.13,42.39999999999998,0.0,43.66688537597656,0.4180434249147449,43.91876220703125,0.41021599497598255,43.66688537597656,0.4180434249147442,43.91876220703125,0.410215994975985,identity,0.4180434249147449
edcf7a69149cf9a060af4af77f011eb16e997b4b06984826517cf6b18856cd64,train_04717.png,295.87,train_05899.png,57.47,121.6,0.0,76.28854370117188,-0.044203542907727426,76.487548828125,-0.04729649127623523,76.28854370117188,-0.044203542907727364,76.487548828125,-0.04729649127623523,vflip,0.41358269208024184
edd1f1b79ffcb40988c046bd030820ebccd0b9035f67ecc177a2879f0eccc375,train_02161.png,174.7,train_04050.png,65.19,109.50999999999999,0.0,62.57771301269531,0.19632924079475625,64.44924926757812,0.14916622714260958,62.57771301269531,0.19632924079475647,64.44924926757812,0.14916622714260935,rot180,0.31372319604468896
edeb3ba65c4e36e2e9d4d855dfe800d6f56740bd7f59c72e6118f7911c32a851,train_07298.png,338.93,train_01797.png,67.34,88.40999999999997,0.0,53.52793884277344,0.2076846214989125,53.871246337890625,0.20090923066506608,53.52793884277344,0.20768462149891254,53.871246337890625,0.20090923066506608,hflip,0.3102588256728821
ee44c060db69d33d018ee3e300a95c449254893915db94ee592739e597eb9ab5,train_04112.png,278.21,train_05479.png,123.46,154.75,0.0,31.224441528320312,0.443586285181123,31.103713989257812,0.4484215291554634,31.224441528320312,0.4435862851811224,31.103713989257812,0.44842152915546407,rot180,0.5939374333977969
ee67c390f7491c385b80797bd3f3563a451c2231a789e9b7a312699212cb8802,train_04953.png,58.64,train_02726.png,348.78,69.86000000000001,0.0,56.9541015625,0.29477301933161276,56.69221496582031,0.29804839695807567,56.9541015625,0.29477301933161276,56.69221496582031,0.29804839695807583,identity,0.29477301933161276
ee6d0c8b117b453419fd4478c53ddce0a48d08a345b540e9bb9b9e6f42eec519,train_07212.png,28.24,train_06799.png,20.46,7.779999999999998,0.0,19.650161743164062,0.7181867935627281,20.131607055664062,0.7083674468357716,19.650161743164062,0.7181867935627277,20.131607055664062,0.7083674468357716,identity,0.7181867935627281
ee83aa8c46d156d437f6e5ee0f2fdc2490e8666ee75b7bfc146d7282e8a3c24e,train_02871.png,266.99,train_03422.png,192.1,74.89000000000001,0.0,38.64906311035156,0.2356312896591994,39.624298095703125,0.19927522251126187,38.64906311035156,0.23563128965919983,39.624298095703125,0.19927522251126195,hflip,0.29685346078536146
eeae496263d8ef542341abd74880d553a88b456aa692565f599b58a5b15008af,train_01074.png,340.98,train_02766.png,214.54,126.44000000000003,0.0,24.7216796875,0.4954242568328405,24.573699951171875,0.4983195433706724,24.7216796875,0.4954242568328405,24.573699951171875,0.4983195433706724,vflip,0.695529654056182
eeb74f6ffc8945fbe0994861be1f35fa877bf2a7fc7eaa22360a27e9b680389d,train_02907.png,309.97,train_00489.png,171.35,138.62000000000003,0.0,69.64158630371094,0.0006846204874290726,69.73707580566406,-0.0013355568214752321,69.64158630371094,0.0006846204874290712,69.73707580566406,-0.001335556821475232,vflip,0.7027521206229357
eebf0b20a8665249ec93f1bf97bac90e32803b697de4225dd35307d1f7f5ce18,train_00362.png,350.0,train_00608.png,55.93,65.93,0.0,58.50640869140625,0.18340556307195668,55.08561706542969,0.257787036430523,58.50640869140625,0.18340556307195668,55.08561706542969,0.2577870364305223,hflip,0.5233804454411602
eee09b5c3142d14032b31646ad9f3d385e3a97a569127d5d4faf608ae709de79,train_00472.png,304.84,train_02716.png,98.39,153.55,0.0,40.871612548828125,0.3953260807885825,40.57878112792969,0.40874599060039507,40.871612548828125,0.3953260807885825,40.57878112792969,0.40874599060039546,rot180,0.5873483272180445
ef079ec1b9e6a0d24177c0d0b01fe8db4b219c6fe834a5cd47cb3449c7d8a2bc,train_02759.png,310.18,train_02588.png,120.24,170.06,0.0,64.8963623046875,0.1658245431798427,64.35868835449219,0.1694553813913217,64.8963623046875,0.1658245431798431,64.35868835449219,0.16945538139132185,rot180,0.8626788654907126
ef280cd2e5d53e66c9f944e644f07bdd6e4a1f38c5fafbf0c0d8d8dc16f54bbf,train_05136.png,339.7,train_05093.png,237.79,101.91,0.0,18.571792602539062,0.005120301619552839,19.774978637695312,-0.015347907607260777,18.571792602539062,0.005120301619552839,19.774978637695312,-0.015347907607260777,vflip,0.32833886668932005
ef2c428dcdd6bce7c08858e8c3f3aa7b5d1cc88c14e52bc323946f107d39a731,train_02695.png,337.3,train_04731.png,339.09,1.7899999999999636,0.0,10.190261840820312,0.9305347110177331,10.059539794921875,0.9332839156631297,10.190261840820312,0.9305347110177331,10.059539794921875,0.9332839156631297,identity,0.9305347110177331
ef2e12b268d34021ffcbb7c89726c6f086b8370f2d477161c5909c7a9c3bb4f9,train_00839.png,23.47,train_02308.png,113.13,89.66,0.0,59.686309814453125,0.21358710888413487,59.5079345703125,0.22313781835606494,59.686309814453125,0.2135871088841343,59.5079345703125,0.2231378183560653,vflip,0.7685925608024469
ef32d6c23c32d5058105d42027ba8de97bd91d08cb4b8926d50f0314848d6a0c,train_06871.png,273.68,train_00598.png,18.01,104.32999999999998,0.0,51.990020751953125,0.1197024008028746,52.09918212890625,0.11295825196440859,51.990020751953125,0.1197024008028746,52.09918212890625,0.11295825196440859,vflip,0.3678614670655244
ef69557c2e5c117cce2791ead267e7b82189c52bf1f7775dae4442a65e56284c,train_03628.png,342.82,train_07609.png,294.33,48.49000000000001,0.0,51.33729553222656,0.24975565494480084,51.48030090332031,0.2472661938012689,51.33729553222656,0.24975565494480081,51.48030090332031,0.2472661938012689,vflip,0.34347900741218346
efc8ced58eb8bb95c88fd00c780c122689b9d2eca86901c235ce767601b32968,train_00352.png,331.82,train_00318.png,304.24,27.579999999999984,0.0,42.762237548828125,0.3183186605662464,43.132354736328125,0.3130241795224191,42.762237548828125,0.3183186605662464,43.132354736328125,0.313024179522419,vflip,0.3704383791912388
f012fd5d36ae613e1a3a7d367ad4713b7ee5c74f12c2335899c80d34767b9002,train_07274.png,50.13,train_04419.png,349.67,60.45999999999998,0.0,41.72749328613281,0.3547177004019112,40.870941162109375,0.3710416373972404,41.72749328613281,0.3547177004019112,40.870941162109375,0.3710416373972404,hflip,0.7335869901033564
f020b2124104e094c2176c957c86279110b872a3c34a2a99d93db72d65fa2dc5,train_02743.png,339.45,train_07567.png,147.17,167.72,0.0,24.406494140625,0.5958903342274906,24.424423217773438,0.5959660249348151,24.406494140625,0.5958903342274889,24.424423217773438,0.5959660249348154,rot180,0.7488392593429518
f0425a139bdbf1605d4c856efb50e8d3b46b1c349f736dd2e881f3249f60b45a,train_06629.png,280.94,train_00900.png,285.44,4.5,0.0,10.070999145507812,0.8443481562212538,9.952774047851562,0.8551876929994139,10.070999145507812,0.844348156221254,9.952774047851562,0.8551876929994139,identity,0.8443481562212538
f04a99507c65b3457004dd8e883fc12c3e39881b4a86331bc1e093ab2c38d266,train_00988.png,344.17,train_01575.png,317.54,26.629999999999995,0.0,27.223526000976562,0.6474987079376042,27.698562622070312,0.6352412903891738,27.223526000976562,0.6474987079376032,27.698562622070312,0.6352412903891731,hflip,0.6847428940783316
f06a559bae74a597301ffdfdde244d4f4af1880d387b80d481e87fb475f9a013,train_03366.png,306.74,train_01144.png,193.46,113.28,0.0,69.11807250976562,0.04243968978140408,67.86944580078125,0.06305370238823708,69.11807250976562,0.04243968978140408,67.86944580078125,0.06305370238823708,vflip,0.6696767258439454
f08de62881924b13f0531ecbbf5faf0e52763e4f5ed2e3b7a8298aafbe825ae1,train_00799.png,273.61,train_00289.png,53.86,140.25,0.0,119.236083984375,-0.4013966233452568,119.01387023925781,-0.3974126709616503,119.236083984375,-0.40139662334525567,119.01387023925781,-0.3974126709616497,rot180,0.4668665728759302
f0be7f6feb28e31ac2a86e3907e325063bd289098540d5e83088301632d7b37b,train_06720.png,304.04,train_02194.png,62.41,118.36999999999998,0.0,68.69352722167969,-0.047903955363085275,68.73858642578125,-0.049102259927619255,68.69352722167969,-0.047903955363085275,68.73858642578125,-0.049102259927619255,hflip,0.44403374547325625
f13d16c5a08252867f1f3055057aaefc37e624c75fe812e3b018a8fa40fcc94c,train_03210.png,310.72,train_07654.png,132.36,178.36,0.0,69.75341796875,-0.03522876824003342,69.20787048339844,-0.026244640360051426,69.75341796875,-0.03522876824003342,69.20787048339844,-0.026244640360051422,rot180,0.9689076050107285
f189f07bf63b65be5ab30cf9191f17327cb646e7418756b39e3bd83611b390ef,train_00390.png,287.07,train_01915.png,320.44,33.370000000000005,0.0,37.42469787597656,0.49206221285139323,37.395111083984375,0.4918960199301271,37.42469787597656,0.49206221285139323,37.395111083984375,0.4918960199301271,identity,0.49206221285139323
f1954f72d641e68809673a88ecf3738e2278ea00da0b4cd0f3d7988e93e0bac2,train_01068.png,299.37,train_00810.png,267.04,32.329999999999984,0.0,31.423965454101562,0.5891821992409172,31.375198364257812,0.5893034291865646,31.423965454101562,0.5891821992409172,31.375198364257812,0.5893034291865648,vflip,0.6345496309240639
f199a6d5c862d2e1c8d79f121bb09bb94e6866480696fa1e1c0def07d646d403,train_03262.png,352.03,train_07739.png,10.39,18.360000000000014,0.0,29.09881591796875,0.6656777474069835,29.35931396484375,0.6610345648626753,29.09881591796875,0.6656777474069835,29.35931396484375,0.6610345648626743,identity,0.6656777474069835
f1b1386f375cc2400add98e1628afabd83dfdced066edebe41d698b1614e8f5b,train_07277.png,322.32,train_03350.png,41.96,79.63999999999999,0.0,49.756134033203125,0.3380985129597579,49.84403991699219,0.3357330010110674,49.756134033203125,0.3380985129597579,49.84403991699219,0.3357330010110674,hflip,0.6400108591862284
f23a8cebe62677d2dcac9fe916c580e1d66b1769ffe7aa64cbf8770ae258a59b,train_02584.png,316.31,train_04036.png,72.89,116.57999999999998,0.0,63.84233093261719,0.1463334380607332,65.91729736328125,0.1087333701205466,63.84233093261719,0.14633343806073326,65.91729736328125,0.10873337012054678,rot180,0.39109542412287324
f295fa09866c5415456827298161cc42ec68086f86b3388e646056e3a3b2e743,train_00583.png,319.78,train_07457.png,228.41,91.36999999999998,0.0,26.060394287109375,0.6619311318930146,25.712188720703125,0.6683597203323551,26.060394287109375,0.6619311318930148,25.712188720703125,0.6683597203323551,vflip,0.8636350676577144
f2c0f14c9237e6791fc286f0a46227610db6d84f612e73305babd7a116d019a7,train_04511.png,292.58,train_03782.png,275.82,16.75999999999999,0.0,24.128936767578125,0.6877275144190358,26.198455810546875,0.6419437777098774,24.128936767578125,0.6877275144190347,26.198455810546875,0.6419437777098774,vflip,0.7012127456668183
f2f20ce204677805126e5e17c1e56798e5646594541f57d5dda33dc39a6436d5,train_05561.png,287.21,train_07454.png,168.68,118.52999999999997,0.0,88.01072692871094,-0.16306500625426024,87.66744995117188,-0.15693660716425892,88.01072692871094,-0.16306500625426068,87.66744995117188,-0.15693660716425864,vflip,0.510729212110962
f2f6d0fb4550fd91a191a55f2e2815800a31b589be461f79f3176c71354be18c,train_07438.png,121.98,train_04729.png,124.36,2.3799999999999955,0.0,5.062530517578125,0.9653801038130649,5.1447906494140625,0.9644791605261992,5.062530517578125,0.9653801038130649,5.1447906494140625,0.9644791605261992,identity,0.9653801038130649
f323f9b7888482cce5d2e6e887224e5c8a4d4dae7ece5b03c9339f4c52244e3f,train_06719.png,351.19,train_00574.png,59.92,68.73000000000002,0.0,20.883499145507812,0.5574799985482133,20.92120361328125,0.568231368872937,20.883499145507812,0.5574799985482136,20.92120361328125,0.568231368872937,rot180,0.5576419466403485
f33d7aa4dd54a84dd757d8bc3871ccb9155d98143c9ebedcd8316df8881fb1fb,train_02612.png,311.12,train_07220.png,191.84,119.28,0.0,78.476806640625,-0.10599802562474664,78.42047119140625,-0.10613474616352027,78.476806640625,-0.10599802562474664,78.42047119140625,-0.10613474616352027,vflip,0.567450807024837
f37a9bbccbbdf5ee0fd77e64ca57733e43d43ece4385db7952a9b28e9f55656a,train_04726.png,314.23,train_02664.png,232.78,81.45000000000002,0.0,43.898040771484375,0.31588468888465004,43.92222595214844,0.31496286380274374,43.898040771484375,0.31588468888465004,43.92222595214844,0.31496286380274374,vflip,0.8784978172207883
f38f1bd48d6e59d038c387188b5026680f695e0e3c2449c1d55a41e279c83f3f,train_02187.png,261.13,train_02599.png,122.51,138.62,0.0,114.6851806640625,-0.38097818687432083,114.81455993652344,-0.3831836586120328,114.6851806640625,-0.38097818687432083,114.81455993652344,-0.38318365861203296,rot180,0.48791381834109154
f3a3a6735c6d57c30656e8ccec86605b80ce8ac282781f2a3f2f34af3d83e617,train_03858.png,332.87,train_03451.png,340.79,7.920000000000016,0.0,10.178070068359375,0.8769821851519544,10.693191528320312,0.8688551970382725,10.178070068359375,0.8769821851519564,10.693191528320312,0.8688551970382715,identity,0.8769821851519544
f3bac3e1882cabd742bae7b77f58bf482de3d8159c1a072ba927372f3bfd787a,train_00963.png,317.03,train_05725.png,30.74,73.71000000000004,0.0,22.657440185546875,0.7762796080621017,22.385665893554688,0.7838842540251206,22.657440185546875,0.7762796080621017,22.385665893554688,0.7838842540251204,hflip,0.8336395629007503
f3f89615030c3370ac74774a37ae14f3dc7b8999b0e2ba8982a4281f9ee59e92,train_04490.png,355.98,train_01443.png,143.95,147.96999999999997,0.0,40.244140625,-0.007805773398937596,39.70477294921875,-9.093137992655449e-05,40.244140625,-0.007805773398937596,39.70477294921875,-9.093137992655449e-05,rot180,0.16663073528859595
f402c56a4fe68709b87815162dd89d361eae6323dadf534c20d717daa8c88680,train_01361.png,305.56,train_02145.png,350.39,44.829999999999984,0.0,38.53564453125,0.34754722425835644,38.48548889160156,0.35016990030217215,38.53564453125,0.34754722425835644,38.48548889160156,0.35016990030217215,hflip,0.3493530027743526
f443fe682b94f0f0f01f25a437cc5b88853057ef1062a2ebc0c8f174693df85f,train_02910.png,289.37,train_05789.png,172.67,116.70000000000002,0.0,27.618026733398438,0.19158259801110686,27.664825439453125,0.18632281181107155,27.618026733398438,0.19158259801110686,27.664825439453125,0.18632281181107155,vflip,0.5861199153475067
f45206b804c7707b0ac71bc8cd196ec79c844d0e26c1ad78b0c054b64aa93d6f,train_02727.png,325.1,train_04708.png,2.86,37.75999999999999,0.0,36.49090576171875,0.3172885337767172,36.51702880859375,0.31573443133325885,36.49090576171875,0.31728853377671695,36.51702880859375,0.31573443133325885,hflip,0.3496854507512187
f47a3b7d7926fe16d6a59a3e849243d3664b14564c433cd2a5f574c5ba191663,train_00986.png,283.22,train_01146.png,307.59,24.369999999999948,0.0,40.07659912109375,0.5811001066268527,41.65544128417969,0.5631521317115734,40.07659912109375,0.5811001066268563,41.65544128417969,0.5631521317115733,vflip,0.6357944006839846
f4afb0771c59c89227ba3a1a4370bf9c56d3b845d26297fe5447e6cc0a8cb3b7,train_06085.png,134.03,train_02005.png,14.09,119.94,0.0,26.213394165039062,0.4012698681528373,26.597579956054688,0.38762253847571393,26.213394165039062,0.4012698681528373,26.597579956054688,0.38762253847571393,vflip,0.4685353074284089
f4b2f1f368be7c7e69739c5f2db65ba4530f4f94e6b451eb13f753982e1649aa,train_07015.png,359.79,train_05917.png,219.49,140.3,0.0,31.52874755859375,0.3205502906126158,31.996917724609375,0.286440703212475,31.52874755859375,0.3205502906126158,31.996917724609375,0.286440703212475,identity,0.3205502906126158
f4e13309752ffd1e1a4b73b1d0fc7c780feb69e077ba2a880deae37fc75b0dfa,train_05655.png,321.8,train_00750.png,275.13,46.670000000000016,0.0,40.151336669921875,0.27232549468868633,39.66188049316406,0.28906436527722323,40.151336669921875,0.27232549468868633,39.66188049316406,0.28906436527722346,hflip,0.35158351397045196
f4f4f4b444833a0ff29874f0f80be258892802e2a75a19ed8712b6db6f31e3b7,train_02639.png,278.62,train_07030.png,119.13,159.49,0.0,51.9832763671875,0.23278787578960464,52.211151123046875,0.22934503582824947,51.9832763671875,0.23278787578960417,52.211151123046875,0.22934503582824947,rot180,0.6429427809061709
f4f825149abe34462a1cca2045ef16b6950a318975e308eee0488101fbcb5e31,train_01576.png,330.91,train_00700.png,47.44,76.52999999999997,0.0,43.21018981933594,0.24720614749343284,43.31648254394531,0.2454485774935436,43.21018981933594,0.24720614749343284,43.31648254394531,0.2454485774935436,hflip,0.6610962880983533
f54e257b769a22100ac25e43acfaffc3f08529b45e574aba7a38bfbc0e165cbb,train_03061.png,339.14,train_00885.png,344.34,5.199999999999989,0.0,9.768600463867188,0.8922723642868653,9.382720947265625,0.8999968940710221,9.768600463867188,0.8922723642868653,9.382720947265625,0.8999968940710221,identity,0.8922723642868653
f562180be7d6e59d1ac94203db366cb43674f3f53d67777a59621adf2e942881,train_05453.png,358.79,train_00245.png,304.43,54.360000000000014,0.0,54.67694091796875,0.340417545363811,54.794952392578125,0.33826825071171085,54.67694091796875,0.340417545363811,54.794952392578125,0.3382682507117109,hflip,0.38842368048060294
f5660c817b0e0ab70930da8fdee9b28dce8a1ae900e72f6bfb7cd810af67d762,train_00554.png,347.05,train_04592.png,198.0,149.05,0.0,50.261505126953125,0.2243551905286149,50.41096496582031,0.21983458265338612,50.261505126953125,0.22435519052861444,50.41096496582031,0.2198345826533862,rot180,0.41238868811034224
f56ac41c8158955a30b7516b6a610f572cf9da98f9b206abc72c06843a3a167c,train_03275.png,274.33,train_03409.png,123.31,151.01999999999998,0.0,63.143768310546875,0.19683949148218707,62.56596374511719,0.21539696775987674,63.143768310546875,0.19683949148218707,62.56596374511719,0.21539696775987668,rot180,0.38625339955791343
f5c30677a9c6ab8a6883c355316efba0776495879d41f37a626eada9db087529,train_07152.png,314.51,train_01479.png,349.49,34.98000000000002,0.0,36.99256896972656,0.5219744128144362,37.279205322265625,0.5170350490070748,36.99256896972656,0.5219744128144362,37.279205322265625,0.5170350490070782,identity,0.5219744128144362
f64c196e7c23deec97a1dffed62571f740075e2bdc9572e8d7a8f66534dad3c2,train_02783.png,126.33,train_03813.png,334.54,151.78999999999996,0.0,62.98368835449219,0.08265060928094213,62.82426452636719,0.0864461811620353,62.98368835449219,0.08265060928094214,62.82426452636719,0.08644618116203524,hflip,0.6274446852419491
f67416926528270b74b5b5d51a0ad4c83d34ef7d4797b6bac11c7db25d7ee46d,train_05211.png,217.62,train_00072.png,80.61,137.01,0.0,47.8070068359375,0.042625586219279,46.98699951171875,0.06204258095790708,47.8070068359375,0.042625586219279,46.98699951171875,0.06204258095790709,rot180,0.19353097208735684
f68f6b18effe97a106c45a74e75bbad45215ba537def63a1fc2689b1e62a3fca,train_03233.png,292.73,train_03120.png,9.38,76.64999999999998,0.0,17.543807983398438,0.6659069654435452,17.420059204101562,0.6701587522813542,17.543807983398438,0.6659069654435454,17.420059204101562,0.6701587522813542,identity,0.6659069654435452
f6b56199c60baaf4bb8232f903d254d1de622162c9b8b2f3b8328c2a99eaf941,train_01276.png,289.16,train_00105.png,15.56,86.39999999999998,0.0,65.48788452148438,0.19897294071961016,65.31927490234375,0.20338980258892816,65.48788452148438,0.19897294071961055,65.31927490234375,0.20338980258892916,identity,0.19897294071961016
f6ceaf92db36935236cc3f81cf92f3eefa4c2778ec02d1de1954fc247df12783,train_03327.png,289.5,train_06601.png,252.54,36.96000000000001,0.0,40.27766418457031,0.3551752712682984,40.25599670410156,0.3553440331587748,40.27766418457031,0.3551752712682984,40.25599670410156,0.3553440331587749,vflip,0.5652054404295407
f6fb188cc004e2ab58e72432397d69627ee381aa4e662faade9ff3f57bd57223,train_05710.png,340.0,train_04710.png,343.95,3.9499999999999886,0.0,12.699264526367188,0.832694385102055,12.892868041992188,0.8257615205912812,12.699264526367188,0.8326943851020551,12.892868041992188,0.8257615205912806,identity,0.832694385102055
f6fd93e26bba12e23093f57ac58b61f240969628d1ae2912f04546ed393a0567,train_04501.png,290.92,train_04248.png,152.24,138.68,0.0,92.76512145996094,-0.2656108642290937,92.62290954589844,-0.26353335386572474,92.76512145996094,-0.26561086422909397,92.62290954589844,-0.26353335386572446,hflip,0.529290407641862
f733e17cf4d4f7e747c08a0c4920649be86114a3abe853302a5c87bd5729236d,train_01466.png,346.16,train_06494.png,231.84,114.32000000000002,0.0,36.65180969238281,0.41677627229867575,36.74346923828125,0.41433488854028405,36.65180969238281,0.4167762722986759,36.74346923828125,0.4143348885402839,vflip,0.548688563578646
f77aab02d7fbd31b70d7e1551cba650e8c4ddd445a90fe5a9b77196269884d64,train_07832.png,273.02,train_03273.png,206.4,66.61999999999998,0.0,71.88725280761719,-0.044908706717788675,71.59963989257812,-0.039145694718209965,71.88725280761719,-0.044908706717788675,71.59963989257812,-0.039145694718209965,vflip,0.2207102176061143
f7a4b1efd2957ddc0475da4f1699defdd04fcab188441a77cb4bb607b6d35260,train_06636.png,280.83,train_01845.png,125.65,155.17999999999998,0.0,78.40509033203125,-0.07564955689476625,80.13612365722656,-0.11170596749996133,78.40509033203125,-0.07564955689476636,80.13612365722656,-0.1117059674999615,hflip,0.7034118917412
f7ac33e980138e61264ea0af5fe81ff943ae0365be16fedea239f08b68e8da97,train_03743.png,323.06,train_04471.png,6.26,43.19999999999999,0.0,35.499603271484375,0.3443166735150064,35.2408447265625,0.34770803091616914,35.499603271484375,0.3443166735150064,35.2408447265625,0.34770803091616914,vflip,0.35413765880176756
f7ca423c0ab86eae13531f59910dcf8295e602e9ccc6899f6b3a6dd533b8a01f,train_06129.png,272.89,train_00091.png,116.85,156.04,0.0,60.33306884765625,0.030627483903350673,59.253570556640625,0.06380756822910402,60.33306884765625,0.030627483903350773,59.253570556640625,0.06380756822910402,rot180,0.5285567026709393
f7e2bc97881cbaaa1a1a881cac2fe3427714466a2eb4de1ab10cc82d282bf20e,train_06156.png,310.04,train_06956.png,302.35,7.689999999999998,0.0,26.660476684570312,0.7021265414049046,26.568832397460938,0.7035923539171587,26.660476684570312,0.7021265414049052,26.568832397460938,0.7035923539171581,identity,0.7021265414049046
f82930d6c93a8e683caccff5762bef3634ae302832bb92e0783de88d9e92cf44,train_02455.png,72.05,train_06635.png,310.05,122.0,0.0,36.712371826171875,0.3854131835394269,36.72467041015625,0.3861916993708945,36.712371826171875,0.38541318353942705,36.72467041015625,0.3861916993708947,hflip,0.6541878577646913
f85b083007a6bfc2e0d717a48d5775a9da29aee234599a7c75780c511876f6cc,train_07427.png,320.54,train_05234.png,23.98,63.44,0.0,34.751800537109375,0.429730502882808,35.544403076171875,0.4124099474530243,34.751800537109375,0.429730502882808,35.544403076171875,0.4124099474530243,identity,0.429730502882808
f85e5fd212066e0f0cf5d84b22331b065691c37dbdf8288e79fc06323554413f,train_01318.png,331.59,train_05965.png,38.29,66.70000000000005,0.0,43.017333984375,0.13349380927973498,42.3919677734375,0.1415028256888333,43.017333984375,0.13349380927973498,42.3919677734375,0.1415028256888333,hflip,0.16820609716308743
f8904b5958c4282efc4d90967ace27cd0ffbc7ea728e7a81193c73ad67d1d462,train_06992.png,279.18,train_04689.png,61.01,141.82999999999998,0.0,66.10020446777344,-0.06337432674262197,65.60636901855469,-0.05200125759621045,66.10020446777344,-0.06337432674262203,65.60636901855469,-0.05200125759621054,hflip,0.5993272142497189
f8f517e00ac941761d9f30c46e647f3f8116a24729b329016c4228501e6c1134,train_00535.png,344.42,train_01858.png,106.62,122.19999999999999,0.0,50.77445983886719,0.034044862409305314,50.793548583984375,0.03337406465632991,50.77445983886719,0.034044862409305314,50.793548583984375,0.03337406465632991,hflip,0.29103788775751177
f93a5236eccd4f0eb09f5d510d3eccfae1780ffb9af0f5edb18f621c1c89d3c4,train_07022.png,314.49,train_04541.png,333.56,19.069999999999993,0.0,24.914031982421875,0.7350245871307762,25.537750244140625,0.7217630869721223,24.914031982421875,0.7350245871307762,25.537750244140625,0.7217630869721223,identity,0.7350245871307762
f9560f9783f982cc27e63aef654b69edcfae9d61bfe12535e9e68cc1cda2f62a,train_02353.png,315.0,train_01341.png,77.5,122.5,0.0,51.728851318359375,0.04147082799662614,50.90931701660156,0.06021477880789067,51.728851318359375,0.04147070268126325,50.909332275390625,0.060215119841526527,hflip,0.6036948888167276
f96c21aef1bd2e32e88850d97f7f6911d820b18f5c054b7028efe16e5913dc7b,train_01273.png,280.97,train_02970.png,344.09,63.11999999999995,0.0,45.65226745605469,0.15306145345297037,45.657623291015625,0.15261101768317678,45.65226745605469,0.15306145345297031,45.657623291015625,0.15261101768317686,vflip,0.29808249131687264
f9ae82c5d58f23d4f8eaca492eb4d7d2a362a8e302572b0d87126b062ec122b8,train_05343.png,330.57,train_04144.png,264.75,65.82,0.0,59.72438049316406,0.27092347964270613,59.99497985839844,0.2669752807344279,59.72438049316406,0.27092347964270563,59.99497985839844,0.2669752807344279,vflip,0.7245443879059875
f9af5abc461b3c3196d81a4bcf3e15481fb4604cb69e33068ad81cdcfc46c685,train_06929.png,296.14,train_01972.png,50.5,114.36000000000001,0.0,43.22309875488281,0.3192141331046678,43.39537048339844,0.3152593127075756,43.22309875488281,0.3192141331046681,43.39537048339844,0.3152593127075755,hflip,0.4645220166800787
f9fe04d709927a2a2b41cd45170449fd803ee733fc8d967e879cf258bc81142d,train_04564.png,358.68,train_04881.png,78.58,79.89999999999998,0.0,56.894195556640625,0.1053641540633324,55.942291259765625,0.13127800506949183,56.894195556640625,0.1053641540633324,55.942291259765625,0.13127800506949164,hflip,0.1913412910488227
fa22b124e37f184f35fb87a7562c3b827fe72af4a6dcf82127f95fdc13c69bc1,train_06048.png,281.33,train_02007.png,214.38,66.94999999999999,0.0,35.3843994140625,0.504965748401022,35.28248596191406,0.4960736347945158,35.3843994140625,0.504965748401022,35.28248596191406,0.4960736347945157,rot180,0.5084946800631386
fa5ffc31f229fb4499cf699c981f358290b21663b282d91abd7b73d2ec5c84d3,train_03800.png,281.66,train_06165.png,190.48,91.18000000000004,0.0,28.200485229492188,0.6229427840563602,27.256942749023438,0.63840167904059,28.200485229492188,0.6229427840563602,27.256942749023438,0.6384016790405896,rot180,0.6229944950769378
fa63716ea709171ecfc43335f823a4d9f752c7a4a81898305cbd22b37280cbda,train_05132.png,317.12,train_06936.png,298.58,18.54000000000002,0.0,28.743682861328125,0.4794252565912377,27.885543823242188,0.5009044286838864,28.743682861328125,0.47942525659123764,27.885543823242188,0.5009044286838872,identity,0.4794252565912377
facc31f9105f11414fdea32842feae76cb78fcd546ab636fb27d78faa693dc69,train_01360.png,301.27,train_02872.png,196.27,104.99999999999997,0.0,70.0609130859375,0.1398071937862623,72.56411743164062,0.093510537597382,70.0609130859375,0.1398071937862623,72.56411743164062,0.09351053759738179,vflip,0.4003096161019937
faf21246ab1aa15a85920601640843a74880344de73f67ab3131016a2ee16140,train_05210.png,328.08,train_05850.png,268.23,59.849999999999966,0.0,25.491928100585938,0.4094404820187782,25.280258178710938,0.42718293969128046,25.491928100585938,0.4094404820187795,25.280258178710938,0.4271829396912816,vflip,0.4151579375034185
fb0c126f13055fabf6472eacc893e25f26d1f3a539a72b49ace337bafa1480ae,train_01108.png,333.2,train_03685.png,326.14,7.060000000000002,0.0,11.957046508789062,0.893810554021692,11.8231201171875,0.8954854279182911,11.957046508789062,0.8938105540216915,11.8231201171875,0.8954854279182911,identity,0.893810554021692
fb17ab5e83c2d4fc75ec692e3acf4ab315fb16131279487f299716faa9d136fa,train_01246.png,351.58,train_06739.png,177.48,174.1,0.0,100.37466430664062,-0.6656552717395992,100.20172119140625,-0.6646881984730464,100.37466430664062,-0.6656552717395992,100.20172119140625,-0.6646881984730464,rot180,0.8594023973028264
fb4f2802e5405509285be070f6e08940ce2321b01d1505ccb776f9d3f57a1a34,train_02927.png,270.87,train_00699.png,64.33,153.45999999999998,0.0,78.83573913574219,-0.19615009005358108,78.78079223632812,-0.19404539832400639,78.83573913574219,-0.19615009005358108,78.78079223632812,-0.1940453983240064,rot180,0.5052142758410417
fb8e5eb840dcdd765cec9fde7ee1c067f3a5a7c67414ecd19c02bda9b515062e,train_03380.png,315.89,train_02490.png,184.91,130.98,0.0,74.07025146484375,-0.21762971196121922,74.59075927734375,-0.226858360318776,74.07025146484375,-0.21762971196121922,74.59075927734375,-0.226858360318776,rot180,0.29571993745593106
fba5fcb339891eff73786ce9c67ce13dec0b5f526dcb53868acaa039e6860dc1,train_04736.png,351.88,train_02387.png,68.87,76.99000000000001,0.0,69.43891906738281,0.2514086060870571,69.1221923828125,0.2540126834401177,69.43891906738281,0.2514086060870575,69.1221923828125,0.2540126834401177,hflip,0.4013525137847756
fc158c29ed67df1f2ea06d60afbfb687eb55056ae04e3dbd18d874ecfa2d0db9,train_00033.png,295.85,train_01629.png,286.77,9.080000000000041,0.0,19.744415283203125,0.821328253193949,19.749267578125,0.8207758018312321,19.744415283203125,0.821328253193949,19.749267578125,0.8207758018312326,identity,0.821328253193949
fc1e60b02b97e8948300710975eb77e7fa0ccdbe99967ff87d6f8fa4e8651d6d,train_01448.png,327.45,train_05360.png,206.62,120.82999999999998,0.0,55.88746643066406,0.16331101347814167,55.842864990234375,0.16426657325806956,55.88746643066406,0.16331101347814167,55.842864990234375,0.16426657325806948,vflip,0.9012279332777964
fc247576d39b9957022ddf939b22777daf46d08bad095291e8a5f3fe00837244,train_03265.png,309.51,train_05397.png,14.45,64.94,0.0,50.12510681152344,0.308097083643565,49.688385009765625,0.31650093250283373,50.12510681152344,0.308097083643565,49.688385009765625,0.31650093250283373,hflip,0.3085180342705953
fc35481f0da7db576b7998e3719b41aba7309087f66dfa15dfcec8a5ce61a83a,train_02284.png,335.43,train_07177.png,149.43,174.0,0.0,35.08489990234375,0.5849606708882338,35.25079345703125,0.580066112645189,35.08489990234375,0.5849606708882338,35.25079345703125,0.5800661126451883,rot180,0.9101942853428271
fc44f06a98167d37a72397e140ca49d2aa333d8b5485fd4b83a8d0f0bb1b5eac,train_02230.png,260.21,train_04070.png,69.81,169.60000000000002,0.0,85.75984191894531,-0.21249597386636512,85.228271484375,-0.20005574872638418,85.75984191894531,-0.21249597386636537,85.228271484375,-0.20005574872638482,rot180,0.8035312619685796
fcb46706d54153f7164c11d8923fb0d3987c5eb5a13ce95a2ecb04b78d79cc88,train_01357.png,313.76,train_05378.png,356.08,42.31999999999999,0.0,41.43327331542969,0.5328479994034929,41.71644592285156,0.5283072704454324,41.43327331542969,0.532847999403492,41.71644592285156,0.5283072704454329,hflip,0.7664169459240873
fcb83fdfc87ee14c2b7214a8c6f5acace214eef2ad2e110dec9943680cdec019,train_00842.png,304.76,train_05249.png,234.76,70.0,0.0,22.372894287109375,0.7212862117267592,22.365264892578125,0.7214887260179962,22.372894287109375,0.7212862117267581,22.365264892578125,0.7214887260179962,hflip,0.8654376975425836
fcc1a5d3d569448b19b4f48dfd8bb708b29ea5028070f6959bceb8cba0f0246b,train_07019.png,271.22,train_07035.png,326.29,55.06999999999999,0.0,30.590011596679688,0.19490981707476177,30.163436889648438,0.23520178211280168,30.590011596679688,0.19490981707476174,30.163436889648438,0.23520178211280168,vflip,0.2911655480762769
fcc8461bac54ffc9660cdb8d60876c0e42b064940d809996902c57b626c61c8c,train_00923.png,303.1,train_01651.png,2.01,58.90999999999997,0.0,43.529144287109375,0.30996734818895194,42.06663513183594,0.35153986574786805,43.529144287109375,0.30996734818895305,42.06663513183594,0.35153986574786694,hflip,0.5446957507839855
fd5149fa68570413633888cf17a8ca7d2ed2f3a34c9524b32c206f615e796d1e,train_05938.png,120.67,train_06942.png,359.2,121.47000000000003,0.0,51.96748352050781,-0.09446473351089484,51.732177734375,-0.08488797718428447,51.96748352050781,-0.09446473351089484,51.732177734375,-0.08488797718428447,vflip,0.49440916912000193
fdd720abfa6ab4f53da9cde05535f2139bf271e0c3914148e4388f1bda1d13b3,train_04457.png,242.23,train_00457.png,352.24,110.01000000000002,0.0,54.91436767578125,0.06283011282432853,56.2730712890625,0.02201008953016667,54.91436767578125,0.06283011282432853,56.2730712890625,0.02201008953016667,hflip,0.289962363854468
fddcfff9568c0f3443658153f3b53ac57336aaa2c9717fc35862110c0c370642,train_06657.png,120.29,train_00001.png,77.69,42.60000000000001,0.0,33.561279296875,0.532117188285804,33.64418029785156,0.5290495053552284,33.561279296875,0.5321171882858079,33.64418029785156,0.5290495053552288,vflip,0.7805594603445339
febd3ba69a65289f0af22cf0870d4454c82247c5dfe7e1eef9f65ce667e6c6de,train_06159.png,277.53,train_01850.png,128.51,149.01999999999998,0.0,87.58493041992188,-0.3001298676083294,86.9493408203125,-0.28747565307914247,87.58493041992188,-0.3001298676083294,86.9493408203125,-0.28747565307914247,rot180,0.5690186374241833
febfd5a02deb402ec3904298bbe75c2b1718d5c0b134f9d8bac159ceafdada8e,train_05911.png,341.99,train_04554.png,211.47,130.52,0.0,90.48094177246094,-0.1441492964796244,91.20576477050781,-0.15330870853955852,90.48094177246094,-0.14414929647962457,91.20576477050781,-0.15330870853955875,rot180,0.28833153168456344
ff086f072a914237e66792f08fb4048ff144e9e0f882b34e3ea25d83284cce46,train_01800.png,284.35,train_02854.png,132.08,152.27,0.0,39.20234680175781,0.36964102224667494,40.27723693847656,0.34587940482928503,39.20234680175781,0.3696410222466758,40.27723693847656,0.34587940482928486,rot180,0.6348664941282756
ff1091f8f7bccbd6407331f74b30bcdbed4bc288b7dad701c3b3fac97c6ea8c4,train_04183.png,336.25,train_02364.png,199.83,136.42,0.0,26.4061279296875,0.5695442566555228,26.45111083984375,0.5670376482606878,26.4061279296875,0.5695442566555227,26.45111083984375,0.5670376482606878,vflip,0.7516632709879958
ff8df67ecc87fb2924b4b6b4277afe47369739dde20ccf6947531c08f9e022e4,train_05555.png,290.98,train_04833.png,236.14,54.84000000000003,0.0,14.132476806640625,-0.08314380870992259,13.650100708007812,-0.080587273828162,14.132476806640625,-0.08314380870992259,13.650100708007812,-0.080587273828162,hflip,0.43851956586131313
ffc15364359b87af693fdcd83fdef1b045a6d06d9cbfd7f56f7cafa058158d40,train_07527.png,307.22,train_05129.png,33.57,86.34999999999997,0.0,40.132049560546875,0.44804745401375495,40.14161682128906,0.44777855099100333,40.132049560546875,0.44804745401375495,40.14161682128906,0.4477785509910026,identity,0.44804745401375495
ffc8a207cc0b901e7ffdc0e17164da2a6f3cd550d5f1651ce077fc3336278420,train_02603.png,340.47,train_07410.png,220.56,119.91000000000003,0.0,48.270782470703125,0.2858489494048213,48.58180236816406,0.27740246910096034,48.270782470703125,0.2858489494048213,48.58180236816406,0.27740246910096034,vflip,0.6001176490356165
