image_id,regime,sha256,azimuth
eval_00001.png,intra,c20d26b78668215e0c3918901d823b368be0c1d4cc85f743f883b759e59b2469,233.43
eval_00002.png,novel,724da0981aabe2863c34e66bd698d36938778ea72837606afc890589eb5e2c3c,166.54
eval_00003.png,novel,2506b44aee44d6c151ae70ea5dc6b0b5095e91eeeef74e6650a4de0dae061cce,40.95
eval_00004.png,novel,4f0ea5b75010f965e4e2d63f56665af0d481e81e2f210542af850eda51a7e4cb,109.42
eval_00005.png,novel,c1f782cedd87750764a91183c579cd03ce67d4728b71d29fca264f351783b1ae,53.15
eval_00006.png,overlap,fee9ff837dc16e7b56090ebdcc25b733653c04ad3f798ad8ba6e3af616508c52,162.83
eval_00007.png,overlap,cb868bc5f4a3387253744991b256f836cc961ed6c6ae9b043a5b8889dcbfd415,172.03
eval_00008.png,novel,ead352f97278fc7196fc24adc9912c66d55ca750b1c5495209030c32c5633252,133.66
eval_00009.png,novel,ce0e1069b2f486ab844fdf73186596d809b65ae85667107f2d65c5d4ec269af2,153.68
eval_00010.png,novel,6376fb79c3f216f24640e2153d73bdde7f455cc7df4e1bfdea2b6c11e23e7312,164.63
eval_00011.png,overlap,dc41c8a46ff8659466409a684d7a41da1a6a3dc190da9885994b0646ddac34a0,143.46
eval_00012.png,novel,073c09b2607cbddeccc0d45335bd288b8dc77b901f2728a3c831d95a49501eb8,183.24
eval_00013.png,novel,8a08ea202a49df666c7252f4280c45477772f8384cbc11284f8f4738131d671e,242.01
eval_00014.png,novel,78e0d35f512920cd55d500b18fa8f350c2faed99e66832f4d691ef0713e89e74,97.5
eval_00015.png,overlap,8308e08a3ba7934ef2050b9f14ca365be800b2587fb94b67ac2da9d71c842ffb,138.2
eval_00016.png,novel,4bc17b8d41cce60ba3815b8796feb0299deb13d476a29c7898d4ed92643a8383,129.62
eval_00017.png,novel,e732565ba3872eaaeabd2a25fa0e71e47fc083d3c8131945c3f2d7e391ba6df3,178.81
eval_00018.png,novel,c8ed06844e63114a591802a6c8194d253f0b037296e896a52679f90f67e09ad2,105.61
eval_00019.png,overlap,e274e465c795004c4c89b757bf8d0fbc27ee88a3b0f100b11ccb53fc132f8d7a,319.94
eval_00020.png,novel,494d7b54a68f2aaeacdc1b56654d0f0b451d37e4979e92b3376f22cdd442bd86,32.36
eval_00021.png,novel,7f011f36cb2f1b4479e7a32fdc5c2ea5b7f0208491942d6ff87454c526349d78,124.73
eval_00022.png,overlap,b082b90395ab30bb50d6bb2921837e11da69d0665e1a1387b0f259d82e39d92d,6.23
eval_00023.png,novel,215045ecf2817ba8c6d0f0424b9e0351f2432ea6e437d92d499b18d8af1604ab,204.1
eval_00024.png,novel,3c738dd3944ec75b142b3b02ed59553d74249a5140d9133446380c6e5b6e40a4,291.05
eval_00025.png,overlap,905e815ae9c6aa1526755fd65fc1186160e15dc66718e64d6d0c0fad17f742ee,262.48
eval_00026.png,overlap,4e6bff211c02be5745bf7d44d30cad3a54ddd327f573eb3dc005ba14c1cb7001,151.84
eval_00027.png,overlap,a810e6174de93ccab5ff68138fee724cf9a1d941fa67bd47cb010bdfa7a077b8,10.18
eval_00028.png,novel,5faf2d83c27d51454892b48ab1d9748d0fd09bd0620b832dbbeff34a36302afb,162.13
eval_00029.png,overlap,ac9bdb30c6fcdcca3e14e45de893ca44cac3d825ea53d86ede2908fc45846576,132.57
eval_00030.png,overlap,d1060ac5d31c4458910146ae519b068f724f504aded5256448810ffc48acfc13,141.87
eval_00031.png,overlap,6a29deb652d7516d9468a89fbd0a105f51b2ac86f120f8f36d8f3b05f292cf42,173.28
eval_00032.png,novel,d1930b194e1200ce347d0a3247f6f93b524d08392ce0c877db1b0af93efae1bc,96.2
eval_00033.png,novel,1fb8304aa7975d56ca96c8a19b0a0a519be675e1614d2ca7c172b1bb378f58d1,166.92
eval_00034.png,overlap,98722323dad6a84788f82e9d020ad9cbff1649b444fe2dd080ba02302418086b,96.05
eval_00035.png,overlap,99c171006cddfd9432689226ac9aac294f97657df53e44a8b447fe72a0a8f9e4,155.72
eval_00036.png,novel,1031b3925fa1e477d33bf1ed54d7017bc95697e791f48d10b7c245f915daf509,120.11
eval_00037.png,overlap,d94188cda0b07cfeab443ba1abd7cd3543d532f874cfec183429ffcdcb338edd,69.2
eval_00038.png,overlap,9fdbea5e97125df40be150e8f1599e35a24aff44569c5aacb9d0981cd8d16571,91.02
eval_00039.png,novel,b951ca5ad4a34a55547a38f1a9403758ecc4342ed3720663a15eb2c0941c727c,41.06
eval_00040.png,novel,dc0019705d9dab5ff891681164a1ce74caffb04c607223ac5c7f60493c2a0a32,101.5
eval_00041.png,overlap,e44a293cec26383eca48610608cf2425e3ae4ffd1698c459728bf185b7587b49,144.91
eval_00042.png,novel,b09df47afe80efa0fb6658184ee0cef50842ff129e1dc0316ca31dd6e1337def,230.43
eval_00043.png,overlap,cc4576b631b88155dffe8b6fce453302c7f5f382ab15d980489f16c2944a7921,176.56
eval_00044.png,overlap,54dfe33275f1c2bbde36d52bea35abe22aca5b2f532b9b1295aedaf6c3378f09,158.31
eval_00045.png,novel,c12d1ad895ac43e7f052f4c7bbd4a1fe9d2dd244360b38d31083e3a1076b1bcc,316.45
eval_00046.png,overlap,0c88b740357e54f32331ac7b91fec41a329d7f733b25ddf5ceb84d4d08439f97,96.84
eval_00047.png,intra,2ec767260e0ab40cf4d9bbd92c029d155709fdb45ac882cd71c209a95eeeda87,142.01
eval_00048.png,overlap,f565678bb0d18cb65844e174ba3cea1139bfc1270d6c71a0e9c203f6609e0b08,112.07
eval_00049.png,overlap,af0057898a3c4413dec45206bab2c7f77c33b7478450676658d3216c03a7e0ec,120.33
eval_00050.png,novel,75445351b514ed8d5d5e925bfe5b7f538b4ccef9757fa832f5eb582b59f77c11,267.94
eval_00051.png,overlap,322da6426c7570bdb9e5f768ad20154cc4e4f7f45cadd8483ca2f5023eeae197,315.41
eval_00052.png,overlap,c8c8887cf20985a67c066048fe9a9d2464ca1b183873531cc010f6f9958b3cf1,174.03
eval_00053.png,overlap,c90d3d24adb992d882b660af0b835d7969b424937350ff404e5f358b00150a8f,79.66
eval_00054.png,overlap,92ed63ffc6a892ed95349b7258eca201ba07d492a187b042a36cdb2cbef8a75d,139.66
eval_00055.png,overlap,94ad041e0661d9b033defa01991520a708f53e752beb416456febd2ef29fc5e4,98.99
eval_00056.png,novel,0a66a8c6d6d9bb6e38827b7325a6d2c23c2a4eef274aa35b53c5e0fcbd4c3cc1,189.51
eval_00057.png,overlap,fb07e018c1cd3758b9586875d4b9ecf6d10450b825ddbd38bd72e8f2cb16c270,242.1
eval_00058.png,intra,e735d2790751f059f990c7b0dad2168d10aaf32832ed32a9a73ae12a5cef56da,348.7
eval_00059.png,novel,cc047b114a5ba1e8be73f9555516685829938d61e0ae109e217849c01bb95725,45.58
eval_00060.png,overlap,1aad116de26e2ea72e3c7a627b91dd4144eba56f2497f99d59b27c3ce6173b77,165.34
eval_00061.png,overlap,d28f4f2eab4f3c7317088a8c6dc97e91f0142602f907ade61d3a2a773638b3d6,222.45
eval_00062.png,overlap,99afc48f068613c581b71363e895baf414482ab5e89e658bed944d175957b5c5,104.02
eval_00063.png,novel,6bdebf564408edc850c2b1850743fdade36e166c3e79d82b9e7250fef5a7661f,348.59
eval_00064.png,overlap,2386c0d5e2afc83c2862a5d5bb739017fd55915d9bad935a0737f51221b8b09a,57.94
eval_00065.png,novel,310b10d6c4bf887fdce00d524c087ab77dbeaa273d6c70dcfffcf080553ea45b,256.78
eval_00066.png,novel,088211ac23fd96b362d11c6419e0ae3c6d6778484e1fbc2124f640338311ccbe,10.37
eval_00067.png,novel,f95fb41deb8c9a5633d3f317985c9a5bfb0f51f3d5d0e1dbbf9bbee9a7a2082f,163.47
eval_00068.png,intra,a46638b1a215fc83c1d7b06b03d8ea326b60884ffb440c8a3be35c236b4844d2,290.24
eval_00069.png,overlap,982cc033590aacdadfa299ca81bd07c3484789f45e0e07d35ccbc950a53c6cfb,134.5
eval_00070.png,novel,e76b786f58c7acdb2dcf20bbd9057ed4141ce6b11810665d7ba53c3ec9a67c16,113.0
eval_00071.png,novel,fe9f98db6e4ad1ad5201205e2b6f0230a39e05e73fac0a2721d0b7cc87a397ff,63.42
eval_00072.png,novel,a294023979c3c2a43ea9b10ec58d21266e25b9d3647f8833e425071ae6576a1f,100.16
eval_00073.png,novel,7cb5bebc3f66d91e3d5e47933a55245662e294ab64f11d19557f62de2c4ace15,359.69
eval_00074.png,overlap,f26d3e2f4b87c08ac15f91c694014f5aa367abe27299950836aabf099ef1b7db,179.84
eval_00075.png,overlap,bfb612e26135477b385109d2397a2ad1b483579344533ae7812d5f46639ac8e3,103.64
eval_00076.png,overlap,476cc7f507c7f931c21294bdebbefce8568259659194138a36fadf056ccc4fad,124.68
eval_00077.png,novel,013b294a466d4657da732f36852eaff08d2335cfc9957a80c7a04a0d5caaa5c8,183.96
eval_00078.png,overlap,9cf054326d24e3c504c20a55a92a813d2d9937476e9abb2ca1c7e551a1acd6a5,116.05
eval_00079.png,intra,50c9bae0ff42ba6a70c14efe6835c2358b583ab9df3eff9ebbecc1be5fdfa09c,154.85
eval_00080.png,novel,6613e4e36385a88239c9ca2355ffa29e14af083590803fe916f06bf3f9f3d5e1,192.52
eval_00081.png,novel,d6b6d4372353087e3a94bf0f11ad3849c59d30af79035dec10b56fadb1ed673e,170.02
eval_00082.png,novel,6531b0bd11b4e61bc40c138e5621b42c994951219b39a86939da9190e06b6611,124.52
eval_00083.png,overlap,4f4bcecf86d05cdd73f4bc5bf12453243176746e17b0950be2762f389908ef84,209.21
eval_00084.png,overlap,c3fb9db72a60da0e5bfa302d29c2be33af0015691309e2aed93d4ca6760e4383,98.66
eval_00085.png,overlap,f064c0d3469f02326d2f5614a09c1631358b8cbd3799cf88f687c8848953282f,23.99
eval_00086.png,novel,b69279f3be2ecba9df4aa02d20a9846351b3768a317a39dc78fa66095302c5bd,59.54
eval_00087.png,novel,4438b193a6099578832e5d54ff458e1b8bab25d490e734ac3e103e56c15035f6,35.91
eval_00088.png,novel,b74bceba7682aefa35ecb59cf26f9c0fc15d9c492b74be82a49d68ab4c3c3c43,177.16
eval_00089.png,novel,338b6cc81736cd6ed9616c5c59b6d118f7a23b7abb3808f091be0c4fc64cfe92,150.38
eval_00090.png,overlap,d3a3e1c827738a5ef63817518d9901aefdd8610ca392b95d36dc7180add289d8,154.56
eval_00091.png,novel,de1785d9443823bc545e9d03112b8b9edc7298634ab6b69eeca8cbe288fdcb7c,66.65
eval_00092.png,novel,01f3811c9d6513c52800b847938b95a9062bee182d6bc15be9ee2153be58bbc5,54.74
eval_00093.png,overlap,8275fa394f34f657a37528e1906f3362b55c305449ed415d0821fe5b706d9b67,168.01
eval_00094.png,novel,2b02aaa482cb46fdaa5d180a0a5ee82519ed8d8b019190c74801309d156d569c,160.68
eval_00095.png,novel,6395a892a0e8584713d67af24543de776ff389f01af6297b5bc1b3c7d1136a4e,339.28
eval_00096.png,novel,f4af736f25f6bbe10ebd1b5168decca2a0048b6ca2050622bb5ac2f227f9bf05,77.92
eval_00097.png,overlap,e4be11113fc8910d6c26e2c158aacbcd499479cab3492b22df6c9f39cfb51395,171.06
eval_00098.png,novel,4e349cca79a14a618f90c10a7a473f1c0d4178ca9a4f6e27784e9a5d4a677371,353.36
eval_00099.png,novel,4509193dff92aeaec831fabe1d33f03bb25a459aab926891368fb73ab669ef1a,352.53
eval_00100.png,novel,b2b6e3f9ee96d73aab5a48107cea64fd1fe92da146e2edcaa49aabb54093d0bd,217.94
eval_00101.png,overlap,054e4fae0b6f23339e64cb11b90dc1a15038b8a5133adbe49231b3c986763e78,132.05
eval_00102.png,overlap,24e27d890dfa043504fe0e924fcf91b43a3b5a7b3fad6ab1552e5a0d794cf8aa,153.16
eval_00103.png,novel,1e4f29fa5ee0e71795e090de692ac83fb9b579c664f88356af63243b376f9234,95.73
eval_00104.png,overlap,f9d1d2aeea8853ac2b1da54875bc7e3fdb0ff32727a4ea786d63c4bfd8740846,184.14
eval_00105.png,overlap,8db23b950e2bd87ca6071e355eff20a25a8ea2b59e0c0ecb276c04176e64abdb,106.58
eval_00106.png,overlap,dd415d390e982007fb662fd48f1bcd00d16207898cdcbce9deec0fc4bddbd785,136.94
eval_00107.png,novel,93f291680b63d444414203551a6eface8dc57d63f2cdea61e5ce524b18cb6679,146.33
eval_00108.png,novel,f5a95f7d7c2faf7328628cd33fc607942cf2c434423f4f04f0fc1f8bf18e18bb,112.04
eval_00109.png,novel,989f592950d511e8288a4b680be108a2d74c00e74b1d427b4b20727885138581,154.91
eval_00110.png,overlap,cc7d4a424ef25afdea2b444aa698f255730b9b8ef9c825f5f5d9e7ae5199dea3,128.56
eval_00111.png,intra,e01d013bf1acbfd34d07fae903a31747891cc769fd5607f40f15ad4ade538304,97.9
eval_00112.png,novel,033c4a14105849eaaa5123be256ade65860d6b661f081885ff433be3095480ef,90.26
eval_00113.png,novel,b5307f0fb39e0feb41603a57f9354db921312712e0cd7c6cbdd2148c9be888ec,231.98
eval_00114.png,novel,0843f9b3e6a806194c1fbe1df87d62925d3c4b4cf6d0c26018a8bcafd6e7e85d,139.4
eval_00115.png,novel,24663fb80bb2e364710ace4baf014cb6aa7da3870e446ac1177e64f6d4272b13,101.16
eval_00116.png,intra,e5c70fa2fb638a42a5a5d05f92b885eb360787b7be0eb9faba9e5569088f64b2,169.79
eval_00117.png,overlap,3297754b97d73bdbe603ffb2871e8426c5213440d66471a71c1ef24d5b9b891a,245.21
eval_00118.png,intra,c5b3808bee72f6c0adec27ea1e7cb7fac00a01443db975c8f10a55a72703ea42,161.98
eval_00119.png,overlap,85f0c724e8aad715374f7959b2374084418058cc6369715e84ee99bf512440fe,162.83
eval_00120.png,novel,019ecfa808eac3b7a6e709585758d868c4c2318181fcf0b2d1cb5c0de0ef3fd0,98.31
eval_00121.png,novel,b4c39c7c39789d2e34a9b73caa562ffd7a91be8b1c9434ac076705b8a0572f33,68.17
eval_00122.png,novel,7ca1ddc3a51e47c2fb0a4c8ce7fea8d40ada6d8527b08eea9ef7ec242e56f2c2,113.5
eval_00123.png,overlap,b0e07aebee16b1cbc98636edf8020fd761073b4515ff35960ac6a01de0c5a416,140.06
eval_00124.png,overlap,b0a658ad466561a25adbde470515c0e4aa556b9a49bfd786aaa175ed8741e3c7,117.72
eval_00125.png,overlap,993795edc7f7a43707d2de557418877cca6625f18f03624d03175d0fd6c31858,119.99
eval_00126.png,novel,b0c450b43e65cc7470f8e66eaf11e289b8fa262dea542dcff943fbc553d83536,149.94
eval_00127.png,overlap,310567dd407741f9f9fd38ac38f6174d7ffa1f4f6797fb61904443fa6e5ed0ed,142.91
eval_00128.png,intra,0a1312e18c6fc291708c04fb1f7903dbe65ce6f4ebc32eb524daabf76fad1f95,117.9
eval_00129.png,novel,e0cab799d46d5c72d501cb23e3197c5e3c4103e7d3e1cf7d12359eefcbfc0d9a,300.4
eval_00130.png,overlap,14d53bb9ef4e6bb988f5f5674a260db96672410979dde2996e53aa0471c6ab56,179.12
eval_00131.png,novel,6d2449e04cf24db89e127a9e26e93a9ea7d8bdd8e08c7c142365df11f774f838,212.06
eval_00132.png,overlap,d557b48c4bdc4d2e4a8f2278a90ab36dcb136c96171518de571dbb9f9dc718dc,82.48
eval_00133.png,overlap,62a63fe96a0324fbf39301dd2fe2aa03c1e812770188e7a948492b52dc02d46b,174.17
eval_00134.png,overlap,3d14f2ceff864405690f1b037529e57dfdb99d69e8f7a3580ae327da198ceff9,119.88
eval_00135.png,novel,9cceb5e11ff813e2f8629df8b3bf4c57562f627d7470244c3c3232a0d33c442c,129.68
eval_00136.png,novel,f186962d1affc4c9378fb831db636a429e88e346f1be751cb74eede9bdffd41d,338.77
eval_00137.png,novel,d337c2ee53537bc22f09a25488930a8936aac91df1c82efcd66bbb66458e9987,306.66
eval_00138.png,novel,41c771e3d5c8d93a9687c98de8465027a53d343e254a68660ff013d50e6d3b8c,39.61
eval_00139.png,novel,b68e9e641e13f9e7763e8341e511aeab95789b245dbcab9cfca182e4c88a1712,229.46
eval_00140.png,intra,f0bf909021f6b2fd3f13075efb7faf7d47cd9d539fa5b6f6fa894bc2a43a355e,107.33
eval_00141.png,overlap,171d39eaf8f1c3ee4593df62c106fe1fc3a993f410ca210a50a1325ee87c81db,0.34
eval_00142.png,overlap,275d31847c36f1224c2592177c81055eacf06dfb089875c17b0d144c4adf8435,121.67
eval_00143.png,overlap,502994432080801d9f206f939b47c6a23f474fcbf95e81429677e2cf9affe50f,220.67
eval_00144.png,overlap,33547632a7cc43e744d795e517f810e7094cdc7004c65098285be8b6631fe15a,130.39
eval_00145.png,novel,fd8af557fa5c165b4169b9441e92d0dd3645714bba72b2efdfba123d60ba8c69,313.63
eval_00146.png,overlap,ae6fc7748483b4452864e512a4c8cf43babe505b6af4e2bb1a1538a1fc51c31f,177.34
eval_00147.png,novel,8f676e7d0e80322e110f2f43e2e07fb3694ea818c9cd152e2447006828fb885c,149.69
eval_00148.png,novel,96dc0cbdc21a05d14049de158e7a464d3c184f09a1c696e067b5be1cab7a0e05,286.08
eval_00149.png,overlap,33f46f7869fe5c1c66529f1122e888cfaaffde66378dc69421bcf4c971d13248,96.68
eval_00150.png,overlap,3d02c05928130ea7ec39792accfcd186069dec9bb082d092d122d541c1ecfaff,153.9
eval_00151.png,novel,e781cdd92ce608d47d455cfc83ef68dd9bc9daae0ed86c906c3d6dd102f48291,264.18
eval_00152.png,intra,1e0754cda18ffd9f9d2ed234a0e0483fafc8d31747ce0dcfb2d415c78de24024,135.65
eval_00153.png,overlap,e55dfbd6d2af75616a5e8f59c556784737648c310db9e86fd9bcc04b7aa5bacd,179.6
eval_00154.png,intra,00f1fffe27d756cebc50c7eaa9a7002bfacaf49588d54bb52dc6827f0ae97f38,231.38
eval_00155.png,novel,5da4d2649a42ff62f430403855bc525f5d32d4a1b201d112997bcfe80e57b149,143.34
eval_00156.png,novel,21474c9962beb0d8de11aff42394a2a7aa9a0a5a582f7e9a32fb66715e632480,123.29
eval_00157.png,novel,f422ea8c45a7700be6a1eb15389258b6387da24b3b7171c8ac304ad5dafd7d31,99.65
eval_00158.png,novel,95ab8d672c1ba23ba94732ab384decb0e5173100dd3cda2507e5efba943ab4a3,328.97
eval_00159.png,overlap,e52e640122fc726abdc19019d70df7f13af99ee5d74fd2dd2795a1e99bd06a54,139.74
eval_00160.png,overlap,b83ab4f597633120e0b4ea54da23758b7d88f7056c98bdf7f2fe26111351cfd6,231.35
eval_00161.png,overlap,f4e7e2881f20e27ef34ca5351f78f90cd0989204a59efcc785e1f6af30b6ae6b,177.77
eval_00162.png,novel,dd9a71b2e4a50cd1aeb6bdcf3219b1f83428d840efbfdd4db1bdcf93686c70f4,167.07
eval_00163.png,intra,04dde58bcb8f4f611f8444a704ab6100fa8a09c57f62531bb92b8c42e51c8dc4,145.0
eval_00164.png,novel,c3db46d99bac4f6ea9f6ab23c9bda8269dda0e02e54679d987df86929e2cef4f,230.94
eval_00165.png,overlap,d3f72f130a4b2630a7a9b82cf493d7a3a6756c832bb871e7b5afa3e5d5cfa1c1,50.78
eval_00166.png,novel,a35d4b2d83b3f6b5686af27a2def3cd67f77da3123f14b34d77131822a7123f6,258.14
eval_00167.png,novel,cac03c20db24f7cae6e23112204c95e0abe4669cbb892b40598ef7b5a31afb93,7.93
eval_00168.png,overlap,b0e430d207839a78ad4341be58424e34eaaf04f0917633b571cd883bd489f90c,181.84
eval_00169.png,novel,a521b0b9e704995079693201f0714e1626a61a6d8286e959c84c2c779a00bc88,140.12
eval_00170.png,novel,95204f7eadca36fecc2fc1064e76eedfade80ef4f0f3fba1caede6e593699ee5,304.94
eval_00171.png,novel,2c16115de52144d7fd967971d5ad1df68eb608dd43debd871aba2316047b500a,202.82
eval_00172.png,novel,3e3603ebd412de2cb4042292865a49b37cbda48b48466f2456bbb8dd413e03c0,127.17
eval_00173.png,novel,0fb3b011c196bac39af2b1bdecda4ab68759ee4ed99ed2e89a7e23b2c8b62de8,146.89
eval_00174.png,overlap,e01cf7bee3bc97184b9142725b6f094fc9b93fe237742c7aea2298e1f9f20494,83.64
eval_00175.png,overlap,01b346b4e3e6ff4513e8fb1ebf5df149af0ab31d6c4a8e23d66ca498c94bc1bf,168.85
eval_00176.png,novel,b291ca190eb5797e9a7e7bd334c30e46ddf50c586fd3fcd428ae626eac38762b,288.25
eval_00177.png,overlap,2dff6238ea4152d9eac6c50eb395988be4b891b06348c1d8b23676e40b12d680,113.86
eval_00178.png,novel,285cc5cd789ee12c36a84d117beb7c726af1218e1bb5ce4b53c0fa4d7af1bc22,112.05
eval_00179.png,intra,47c46c2d69678d40f86ef991e6b5853673fa143c6bcef5fdc6077de5774963ae,178.98
eval_00180.png,novel,e45d69c4de5799b4b4c529a0451fd2e752a04916245b23dece5228bd186ab375,270.33
eval_00181.png,overlap,6adf12cdef43ac1a285970fe0234fe1fab09b853fbe7577559ba97f8bf478ca6,333.79
eval_00182.png,novel,ccb129fa64d629b79fd8080e43bac6fe99d7d26d72b3a94af6bc33a4b8d1e75f,127.85
eval_00183.png,novel,7399d27c7ad7826edde7382a563ec44f4619678ea7ab0b7af36296b403000338,353.68
eval_00184.png,overlap,0d75560efc6e1cb28bd58d973b0fe5d96c9ef5771ccd70d9dda77670a910dc0d,342.39
eval_00185.png,novel,d9835556e4f785f1dfee3c84926f88ce89dc94e1f3e96e8acc8f4462504d3ecc,163.23
eval_00186.png,overlap,2f2e591955387d06c44d8d66e58e82982797cbdbe6a0991ccd5810ee03842361,136.21
eval_00187.png,novel,c09b53612db5488068764c5cb60b0ec28a076f869a33b8866127a56fffc6930e,234.48
eval_00188.png,novel,8aa6567f8ca0e2ba64b4f1a0a10aaf0ee2089ab549d6c528d60002c300060ad1,344.36
eval_00189.png,overlap,a76bcd438caa0022b0133830d3a28110ce3c4c2940e7d1ae753f875aa02d4954,16.53
eval_00190.png,novel,89bb83cf76febd59a0c290eda95269a79dbb28bbee785fc0659aae184ea6b004,41.15
eval_00191.png,novel,1bec63ab9c9644f50451f84c2bffb0b19f41ed992c8cbd55cb45634167318edf,146.84
eval_00192.png,overlap,1cd4c3c011379bf0bbf73e1c463d6817428a940995e5fb88767f0b8b41ab3206,93.25
eval_00193.png,novel,770fde195e14c2efa86242b77204f12b5507e1cad02c4d6a8a212b141d42a16d,57.07
eval_00194.png,overlap,f45e23550ae21eccaac645a5fcfa4de025ed1c578deb29bcfb5334d9082edb5d,150.48
eval_00195.png,intra,d03d4da89c2d0678c46f5274ccfa714f0e386aa92f79d9bb1e455eb8cedbb99d,95.58
eval_00196.png,novel,2ef81c01f81f3df119c4b69c0b1d13a3bd88b23548fbe9a289a7e405c8d58dec,121.58
eval_00197.png,overlap,7765efa952e16699d5efcfb6fc61caf19aac450a0bece66849e6246b3761d2fe,270.41
eval_00198.png,novel,3e72ec7f084436882c5ccdc1a43022b9bcdf24240272188859aeadadd1bb51ba,150.26
eval_00199.png,overlap,7aee50dce3df0b2a62b3f810458a7d7a75e53d8e49fa0dc9a6f8d6f506712c7d,147.88
eval_00200.png,novel,a6143b137852017a772f75ac1f6ad321d20b99fa18d6b404a704700f4a543f4c,235.28
eval_00201.png,intra,1aaa690f3cc4e643f17ab1e565b8c8be0df3380463d8c033b3e8903ff66fc70a,68.17
eval_00202.png,novel,d999a50e42717fa35d8aa7e73d8326f98e01cb73ae985fc8f86e650389484374,136.79
eval_00203.png,overlap,e5bc01327fd23eb9100403c93f0cc2269cb37c1a0b5cb3040922db08aaabbeb7,129.18
eval_00204.png,intra,c3efcf16d2abe3bc2abad1e1204d145f42138454a1c673b3c53695e86991f556,175.9
eval_00205.png,intra,7e604dd1d993a7ab1107f4e9be5844cd951527f68470d2dc601434df65c86da9,121.48
eval_00206.png,overlap,6edeb55b89f4521618a825191ba29089663b0a65e40b045958a060faa2d8e853,112.39
eval_00207.png,overlap,bf672d07a7ea9fd9df64dd2713c986cf926f31820251891493c89f92262bf9a4,117.02
eval_00208.png,overlap,c8a5b07767c1de64b52a97b19f970ec84f52a2255230b5951eafca7c3c9dd3e4,172.79
eval_00209.png,novel,4c48b8daa4f5462e5db827ba3ee1499e6dcaa1c75181a9388713c62a61f9b95a,76.65
eval_00210.png,novel,dfecafcfb9aeb7e6ad1116f33a459b9839b33ac6ff346279a5b7a30b9a2f4b1e,100.04
eval_00211.png,novel,35a71ae29a2fc740e18aaa24d8d9848a2c97ca0147014e3cd468cf7eac347bfb,38.83
eval_00212.png,novel,4f540608aa4bf1029f6f5849305e41117a2440925a12bf3879a96d359935d276,97.22
eval_00213.png,novel,a173b7b160c3febba663914415a910a1988cc394e064e5c766aaf6de89abb073,127.25
eval_00214.png,novel,d5da346f12f446f93b4b7e42ec1a6ebc9da38acae71cff6c9a4747fd6812a877,153.54
eval_00215.png,overlap,e7e99f2d66de7d82bece21e21a5bcf2fd8962ca7e1612b5877d144d6a016c604,139.14
eval_00216.png,novel,8801b066b10bcb393a20f3498e8b6c3d307d613134cf5354952eeef197624bda,40.4
eval_00217.png,overlap,10e6592b225ed9119455d4fe780e611f117ebf5b9bf48fa9b74768f17fc235da,87.48
eval_00218.png,overlap,739d9c7489beee29cc42e19ca11c5fa16c7db560bacc191d274c1dd757e0516d,107.3
eval_00219.png,overlap,55a2ba1e36fe80ad330e8c4daee76ad2af01d57ac359675066773ae7db0094f0,96.69
eval_00220.png,novel,4a7293d378d6b4599d5d9c0f678a38c6bac5eba1a19ab77417e3df20122594b3,228.04
eval_00221.png,overlap,6cbc28b32f81efa3f5d6d1fcb950321ee6a65a22bd2a8b4051f265cf78b4039a,132.38
eval_00222.png,novel,e39515d4201aa1a6615ad4938f6e99850328cbba4fd8a5d6ed038db5bccc75b1,140.77
eval_00223.png,overlap,34eab4d158c234585e034c99c0f718208e77ac04088e0a6016ece6d53e47949a,171.66
eval_00224.png,overlap,3cc28d36112fc6ecc417cc3e6260e52f938009320af05040c11a231973cf3fbe,264.95
eval_00225.png,overlap,9d3bcf0848f3a205ad2ceffedefd76adfc5f89e2b22333a425d578cf3db7e854,177.1
eval_00226.png,novel,a16f43374492276a1ba8f4b23ac3b0b7c3a659fc55ce5b6ff437dc27d928c6fd,86.27
eval_00227.png,novel,5a143153510277ea4c9c0159f0a28a3248dbe6ca1a3f2493b3ae7e0715ff7599,109.26
eval_00228.png,novel,f69527bf58a860898c6f57b88eb43ad236d3bc25a704579bc23a57c19bb98546,123.17
eval_00229.png,overlap,314057e4dbb13d2bdd20c1f826dd440905a3a95a80ac7d357276ccd6cf5ab53c,28.76
eval_00230.png,overlap,56bc9af49dfdaf65df552ec8b8c6cebe62811519ecf3f49480d7646f7d93a7d1,136.72
eval_00231.png,novel,bbe8624a12666304819fe232865951eb2ac74f099152514f33f2368942bc38cd,110.86
eval_00232.png,overlap,c3d450613ab9994de658e6ea84f207cab637b1e8c5c335f32591e0204cfcbc0e,104.5
eval_00233.png,overlap,ac72411373037d0d26b63093c7058d599091082246c60c47352b0cf8b1600387,30.13
eval_00234.png,novel,d269df4a4a6013c04d1e2467027c293a681d1301b7d7ae5d3d51492b9638c56a,327.35
eval_00235.png,novel,36ce82ca6d718684fe332df509d2af84f6d3be3a3f1659784092a4a143c5c65b,13.22
eval_00236.png,overlap,78fa232af65360768352d42df18e215619ebf09d484b83ad179ab2dcf8a03cae,172.27
eval_00237.png,novel,49693c404778338507054327238b8243f52783c63bbf4fe7e661a9d35168f786,233.71
eval_00238.png,overlap,28eb8f1ce28de0d473e1240975d442105755e74ccc0b55d81ce55e03a4ff6493,157.32
eval_00239.png,novel,234d48f34b1bb383190bff6322ff7ff5b0b56bff5a441c44311aca157bbce791,146.48
eval_00240.png,overlap,03173b83f874948c016dd770a3f48359a2338a96492d6a230c8eed35aa0d60da,108.84
eval_00241.png,intra,4ba4b26cc0e59c375b065ee3021bb17ad25633123cca3ba707af11590426288a,147.36
eval_00242.png,overlap,5a8b494706a9b220560317ae3f9a4707872f8c9cc97a3982bd2c8efc37f2b7a2,80.43
eval_00243.png,overlap,b6100c59efbdc2f79c5ce4780116b533ae086bc7891a5edc95db78ada1a47935,101.7
eval_00244.png,intra,a46638b1a215fc83c1d7b06b03d8ea326b60884ffb440c8a3be35c236b4844d2,127.96
eval_00245.png,novel,ef7542934a264eec2b27877571be63b46fd3022eec6442198cd30450505a6416,142.23
eval_00246.png,overlap,59c8b49b5c3e32c0039385ce2e2cdcc1c2d9d9bcb518a487a505a0652c479f6b,147.04
eval_00247.png,novel,ccd7c0ee71752c236893ed2003c7649426c4f0571806949c4da078324a72616d,150.91
eval_00248.png,overlap,d07f4525841bba1631019de6a796e43c883ca36e16ca33f16b50067462f3f765,262.54
eval_00249.png,overlap,a9189a15885b2f4abce1f684b80b0889f4074592b363332957be015ce3eed921,90.81
eval_00250.png,intra,69d9f5533560e91d8b99e41d774f9aaef372f9ffca05309cdda41e5179458a78,345.07
eval_00251.png,novel,8b55dbb0baa60dc9dcc88bf5a679450113fbe95012b0c76f848fb95d4cc0b674,96.36
eval_00252.png,intra,36b3ee97c5224b22adc604c17480c2c07b54046d87167d0ee5614d2d4e555adc,164.89
eval_00253.png,novel,a37a169772797ccba5c86f8cec6b98167cb6d3c22afd714bb312d0c7b1b8ad5e,356.11
eval_00254.png,overlap,381b0d01820f05913787b146ecffeb590ad42f7211bc33f18c0bbd8bd550737a,176.19
eval_00255.png,intra,d4a84b99d02b51cbc4dc6eb2d9988df54fdf958b8e13e83b27c0799a0508db73,146.86
eval_00256.png,novel,e11e84178e53e2a9eea7761317eb0f00b14818edae711460cdf68aac271e462a,182.77
eval_00257.png,novel,020d43cd71ef947a80a92a969f740ea776fa4ada4dade8fe1cbe594a2af46292,92.84
eval_00258.png,overlap,14d29e8318cc8b6ba0927af9e8b01dc4cef2e1a4d3ddc282ee9fdcfd6bb5deaf,98.31
eval_00259.png,novel,5c610d07f27790264da523a44326707f39bb4a3ff92230e49838b89611ce5a1f,171.58
eval_00260.png,novel,198cc9e6563a9fb51176ec9ac0e41815f1445051b358f920596d1341f328a9e5,100.57
eval_00261.png,intra,d00ce4dae3d018de372b0db8aa6a22968b2fb37218f7ece7d6723cc58ae5f31f,117.15
eval_00262.png,novel,19f8a51104f277bb7050d82a8cf4745c9cd81dd01672c76973280db124fbd32b,47.91
eval_00263.png,novel,a6ca1a966f76be5dd121833ceb2e5ebccaca56b226bd6b53ba99a7348ec05d14,99.16
eval_00264.png,novel,fb34b4f467716fbb19c6aad1e6b716cd72d39409de5479c88ea271c490b89435,58.22
eval_00265.png,novel,7e95f92df81c0ebe44fa0bba03c618d167d023e4aa2b2a12bfe009b4fd72a8b5,214.17
eval_00266.png,novel,ff590f33fd9fbd850b9b35dd6ec7ab19160eced1ef146bc6b234c52edb06ddd5,171.57
eval_00267.png,novel,ee1b747c6ebc52e886178e9d92735b41bac451ccb1ee0db8fbefcb5ec43bc481,165.29
eval_00268.png,overlap,b31d35c88990f941d9bf5b71d539e6e43f3fa8ee9082ce9118d0373a6967fc6b,153.76
eval_00269.png,novel,60fde1af23e17608bfbaa6d84e613dceb167995fbccbca7360c28c734bdd1b9d,107.79
eval_00270.png,novel,b015cf28bd3fb4a5b3da1012b5713bd661f972428acbcf115217a8657d0fc8d2,117.89
eval_00271.png,novel,a729684de93cb600522b07b335fa55f5c37748fee753e6db80a27ec8ea18cfd5,101.36
eval_00272.png,novel,3088c1e54336fed980c413539540226f889d471de0031ae97282515ed1e41048,128.87
eval_00273.png,overlap,5371852df3e80e247bc3a7247b4a275a0cbb00d5390ac7ab96ed0680fd483cbe,153.96
eval_00274.png,novel,3aa987425c85300c6413b9944b25b59f1ca2db6e0e95a0fcbe1cf8cbeac35d7a,83.15
eval_00275.png,novel,b26be57a7367ac41c19d7029e2afe64fbe6280b39a2d79fd18bed98141656eb2,279.24
eval_00276.png,novel,0d8f71ccc96d975dc93d166db9cbb2da331fce4835030056a4681c0d6b640574,46.96
eval_00277.png,overlap,2aabe3d31dd360fe30ee259c3d618dc401039e924f7f82b608685cb2a84c273d,124.91
eval_00278.png,overlap,75a3275f99abfbeab166b59e8b66e27d05f3aa31c2e940dbace57f07c38e31ea,145.25
eval_00279.png,overlap,3e167cd518c34580833e843047d9309953816c585de58527d4a24a4f78bf96c5,200.93
eval_00280.png,novel,f9ffb7098f99b0e2c0c1698bdbfac1315f1ab0ea8102d77c974cf933bebcbf52,119.59
eval_00281.png,novel,8eb3105ad14884d980911b32a4524fa0e1f09ef2db36bc5b17181b7d94a67c2b,269.68
eval_00282.png,novel,b2d079bec5108a44b8125fb7a4629a68052e20ae15a6760a2bfe26d1315cbcda,238.26
eval_00283.png,novel,789b732137b22590ca061787a5e140f9aa8dbe464a994824024ba7d373097190,107.27
eval_00284.png,intra,ecdbb164c5bccc6b83c02ee2712ad334e616eadd36fe60dc2fe98ca584533ef1,169.77
eval_00285.png,overlap,917203e4edb1348d8561e20db3c701b7d360fcfa4d32ddc06f2d7f295b3e2ff2,110.2
eval_00286.png,overlap,1ad62d070c3a1ef2d190754c3ef4f80f46c994eea4967a6b3dc6fd3a984e151b,145.63
eval_00287.png,novel,da618210f5dfff877c587ed6909da50602dc48d67ec15fde7c31c9cf386b2806,125.31
eval_00288.png,novel,c3bef2cba0a1c24fe1d1196e54de93aca7e13bcb984410eb75fb08ba9d980ae4,173.18
eval_00289.png,novel,35a0271da37e6f47f85f28ce5831ab4626e036465fbae81f18669ae9ca708e2d,112.81
eval_00290.png,novel,e946fb6945608942c83e74a2f1ce93405b242f3f5136d2682e5ad56210372d5c,132.1
eval_00291.png,overlap,7834c24592d5633174722d3e3e648506dd1d82c88adb936aa4784d3fa37f1ed4,264.14
eval_00292.png,novel,a916f60075140e97923a632b7ae089866f74911222aace939e85e3b12eca90fb,202.25
eval_00293.png,overlap,0bb5b841c1a921d9732ca58829ba75c847833bd865d05ec87fa01add24522376,48.35
eval_00294.png,intra,1e795d6953beb6e2804c0873555c5f247b55d2a5b0476bd77dade08fe6a92993,44.82
eval_00295.png,novel,17466d15008bbd61fb1bff615da7791b4cf7b4fde04c942a473f39345e87b236,108.5
eval_00296.png,overlap,f2ce21469359be206ae628cf533e4124a5f362f7dabaed21ea005c5b36833ffd,92.93
eval_00297.png,intra,f5ceddd73ed46f1f9fdb156cdad15b164ba5ba55b3de079c3a0587690175e396,176.11
eval_00298.png,novel,2fdd1a9a7a75f8ec33309bdde652c99245175127bc2d270ffe05a6eb64c7ade1,333.94
eval_00299.png,overlap,7935169baee71b503a3b16be47e5159b31828588dfacfa58faef534e467a8e98,238.08
eval_00300.png,novel,98cf3f7d506060b41a3d2f7bc94753725e7bfe1f47fa64deb7c06bd34a825ece,162.13
eval_00301.png,overlap,941e5af22c7775661e4222d0b4ef5c7d582279c159dc000bc468e8297056336c,99.14
eval_00302.png,overlap,3ea503fbc5465d80c393dd73e7e6486914888270f115e59c3ab726ea8002a2cb,162.19
eval_00303.png,novel,06fce241de749f9a785d63c218a347e30347d99734d8002f743c3b1304898668,119.51
eval_00304.png,overlap,29a45eb780707802d64beb273f3c82c59b21fab20a8eca26bfc75f35565f9170,188.35
eval_00305.png,overlap,e686d7e5fda96eb112882931406961a63909646c725428f511e799e0d9a5a3e8,140.92
eval_00306.png,overlap,082c05b16235b46aca21bd13f7b26925edbf23ae9f9cdd73a0dfda3bd1771a74,2.03
eval_00307.png,overlap,ba1732fa1e8f86dd3829a9c171051df79d9ffd431f890b2ecbf3b9b9ba972197,0.41
eval_00308.png,intra,048dba076e4970224285bdac2060827eed538b0e583a3e1f62418be7c5e463dc,26.39
eval_00309.png,overlap,b3f7bee45c28e19865e99560963b61f073ee05b2044b843657ee96e8ef2583bf,121.45
eval_00310.png,novel,a9d2e996f972d9e32803d49520f44cc842722c5bab9abc5ce2e07f4b7235eec3,158.19
eval_00311.png,overlap,33bb8a36378db67bb39d6e0eafa711bf9ab2bf286463f4aa95992d2c5290cc44,207.26
eval_00312.png,novel,6d1d9758fd33060594773a6ba0f124470a485a11fd9e59a89c5dea2593b8bdc7,36.01
eval_00313.png,overlap,5917d02859442c9925caf2390d7d59b912f91eedb88acc7cdbca1e66c6536148,35.16
eval_00314.png,overlap,f8e2503f63b1ab036066e81a0547cb8f7fb0f9d1d02f6129d323548477a64a2e,178.98
eval_00315.png,novel,5ef2a1484a563f7acb1df86663acc11396f9461ecc2576855dc98b390bfc27c6,28.96
eval_00316.png,novel,fe3f8d6e17988ed9f0e4933ef39635b4b96d79d8e25cc5464fe74f2736038ae0,120.75
eval_00317.png,overlap,e134b336313e0c95e8019c32b88f22cffd26bc0e3798512dc55d87a59e08c063,67.09
eval_00318.png,intra,e01d013bf1acbfd34d07fae903a31747891cc769fd5607f40f15ad4ade538304,253.2
eval_00319.png,overlap,5eed6fd18c3c833797fb8cc71a1ece3f87e46ab024ba3d2e8b7beafc7db668b4,42.79
eval_00320.png,overlap,19f0a52797d20db4791238e2885b08ac03ed90a27afa4494138846e72fe13ebd,30.48
eval_00321.png,novel,9d3cedc8c46bcada486a9f1ae2571861733bab5a353a6b6722881bf00d9d2c8b,117.32
eval_00322.png,overlap,9772157201a5e197801f4d0134a35a945db398808603ca875a1cf1eab02b0c2f,129.01
eval_00323.png,novel,c060cbf075239df9049f80e3b1207bdef08f9272ad45d307a17c169f4bf9523e,117.53
eval_00324.png,overlap,d2982ade30dbcd67219eae92e302ca5fb52d2f382571b65f43ff760f4a4a4e1e,172.85
eval_00325.png,overlap,df310966c3f9cf3e053ff31d610bfd017f8d3a5cac79334ef2543b371d8125a4,168.99
eval_00326.png,intra,bc4a5d7225bcec77fabaa1e6468f5036f4165301f8eda747d2d696a0e0adc321,122.75
eval_00327.png,overlap,4179dcb9e0d421baf10df8fcd74b2d3aa7dbe229262ec0fc4966f0322a5791eb,352.7
eval_00328.png,overlap,0bdbf1bf99d6ddc4e78a4a1ed87057a5518199e2d95549841bb51ca64ddc85ec,114.95
eval_00329.png,novel,55f22c72e791428376097d88a44326b5c56fc9812b28e7394ab00597eb938a37,333.38
eval_00330.png,novel,5465693ec03864ed81bd46072e8ed54d07a63d2f5cebcbd29792e5666acee214,136.76
eval_00331.png,intra,4ba5a14f8d8a8977a41bbc4608b2931e8082b0116623528737a4830ee49f9c28,129.32
eval_00332.png,overlap,bb54c22891517b9e160b4b89666acbe3e7702d8e0d891de3c1ddda3dafe4e247,175.98
eval_00333.png,novel,6a99ea6063ce71634717e746306b6f3841c0b42daa4da055b8c347703030d5f0,222.49
eval_00334.png,novel,84a5672151158e227a20fc025983cc038fdf2159725e708593cd033c4b4362b8,130.4
eval_00335.png,overlap,eabbcf6e5c08c5b6777bef7218e4b565c9edeb7ad0e0158e9b86d5e0ec316dab,178.59
eval_00336.png,novel,44499ade2f0f512fb1c457a34da1831b0b16c25232c7fd7cd7fe5e44e8fffe48,11.32
eval_00337.png,intra,f0bf909021f6b2fd3f13075efb7faf7d47cd9d539fa5b6f6fa894bc2a43a355e,114.1
eval_00338.png,overlap,c1191280cc1b91aca491a33cd5bff718d482c398b16dd683e35ad1bc7337e6e1,109.47
eval_00339.png,novel,b70c91ef7d1f123781bce092de195cf19afd8270c3b04f261bf2e82bb6ccc534,181.43
eval_00340.png,intra,00d0d27a9444d41db5f4620db582e63a45bd41c3e3e4aace90248862e3db06ac,220.15
eval_00341.png,overlap,9ad9d5a179295cbb67ffd84faeadf44fc7d89d7fd66261687b2d92e65218389a,269.31
eval_00342.png,overlap,cfcd4ba3342b578fd4b8644e4d2c318c0fac19f28f7837684e8352f1aa554b13,99.68
eval_00343.png,overlap,2e04d29d3fa9fc9ede0c369c6332017bf12c19cf7d347c707b9317f7032dc379,315.12
eval_00344.png,overlap,016a26e3f4cc1906f919e335f389cb700bc1a2e486603f280756a8eccf3a2044,119.52
eval_00345.png,overlap,42a5048b0354d07206631ab3bdd058bc6c7f044a46a71433dd7c7e306d121bc6,130.87
eval_00346.png,overlap,29b64a82518cf7704f8ea5a6b6b0ae6c7ae592ca6ad94ded9bc1047043c79006,264.36
eval_00347.png,novel,b210cb1140a45cd22f0de8c873808936dd52b91368099738e23b0c4c0da1cb85,105.09
eval_00348.png,novel,cb94e06dda7e3ecbbd6ca2476cc76731fb2db16ed07bf8d165eddf59f52374c2,256.39
eval_00349.png,novel,b54bd6a2f7212390461dec54c55a08da41cf44a261b85f24765a7a3c65581a3e,194.19
eval_00350.png,novel,97c2ec9f913390c41d7ad198c0280805e4e63024d3e96804b2f1e2e63d067b91,145.09
eval_00351.png,overlap,14cf6bc66cf4eb2b92178a1b12b82596aa5b4b37d64a83501f798409bc9d0b6b,147.47
eval_00352.png,overlap,57255bca78057f6a99bd2b6d28571e952b83dac58703df379532217cc534b9d0,111.52
eval_00353.png,novel,c0618185f118e837d99f600f8646ffa5c1ea747f89cec0a68cb8ae0e434fa06e,299.36
eval_00354.png,novel,e8d4296b3a74de421188103f52b5783af42478a20f3e200261196f96414b26e7,319.81
eval_00355.png,novel,e0c1f2cdc61d5aade4be0c2969fcc938b174f1f1b2ae063c42757f1524077350,149.4
eval_00356.png,novel,880bf15bd899ba72e555ed7d031531bc9afa217963a74b4b699cc61c435d6cbb,93.98
eval_00357.png,intra,7e6f0803558ed28965ee97c720de1a04167109707ea9a37adb01e66fed1203e2,307.33
eval_00358.png,novel,adef123298298c5d1449501ed70e070ef9a139c59dc5b72522261b505ae219b1,68.16
eval_00359.png,novel,d8b11344e1b00e41a598752a1393b673f7936b64a33ac2f1c1cf7b4f9aeace0e,295.43
eval_00360.png,novel,d26d17ad5e9599b7fafc81652b73f92bbf05d709c7929383677db9798b8b6618,188.83
eval_00361.png,overlap,0266f997a7420729b6bebeb42a6b9a0d3f489ed84b999044d26babcc0c7042a0,113.64
eval_00362.png,overlap,17979d259842579df1adb3439d523b527ff04d6ec989b3d0f6cc4c317e275532,100.81
eval_00363.png,overlap,25c1860a1a32ce63080f250cd3e13e8e200433a580e9ca3a92cd662839babb65,157.42
eval_00364.png,overlap,170bc5a3375caa1012fdecd29244bac19e61a5fbe0e4490946b863743c9e4418,158.84
eval_00365.png,overlap,1c172020b178b7f4a0d630304a18532cffffb20cd7e59497d4ca742867c887fd,147.95
eval_00366.png,overlap,d720695dc5ff462b7595415452d43d94f1c5d94eee565e56b7a09c70dfa4e351,133.86
eval_00367.png,novel,0c1f20ad1b2b5c5528f33a2a4ffe0d723417b59c27b79754ff479260a18984e3,113.1
eval_00368.png,intra,8184f00034b4ce5aeb1baf4080ed822ed1ccd7b049466ea99f37c7b4e4dc9be7,157.56
eval_00369.png,overlap,17cf06218bbadafcd68059945fd0a353fc5d715813b308051a114ecb186a8ac2,330.11
eval_00370.png,overlap,c43d395a96799fdc1813a171b03a59cafe15f4fc902373d2a8d82f3bb771086a,128.44
eval_00371.png,novel,3c4bbd9cdb609e851e64f76d0fcfbcaed4ab9f695e73aa0fddf24b97237c9402,311.21
eval_00372.png,overlap,246a632bdac5b823ca44a041dbd90bbba74313e0a0e16a639f7690f5f6044cdb,345.5
eval_00373.png,novel,d8be838fb76e46f9a3e422d1bceac627326cbea498cd5ec5c1a64dcfe541ee02,165.45
eval_00374.png,intra,71075d11bb28e20c2bc627717c8ebd79f130bbc3ba8d0fb204d0f99aaf944ab3,202.97
eval_00375.png,overlap,07ebd91ec0ca4092948bf53325988ba32d339b0f4f377bd847706187dc2a8d1d,332.36
eval_00376.png,overlap,2fa090ad36119568cbbfc000ae61cc3e645dad07fc5599aeb076cf227ad3a016,3.45
eval_00377.png,novel,865eb11ecf2f2ac119b2b77377d009f2c31eda7150a60405244735ed755d74af,179.26
eval_00378.png,novel,e07a2c426f41001999c0a754148a6e7d5f07d90703235531e7b454d504e40764,141.39
eval_00379.png,overlap,17e7e5d9eb17e4cf142a0af999b0ef53218e2fd2dc4923be035e6af8c2d633af,101.17
eval_00380.png,novel,76b99574a0543fcfe550e97364810214b31da7d5492d32d68b9b1f27566896fe,64.97
eval_00381.png,overlap,da3d8b03217e22fb7cf79172a0e71a7c555ca4169563c15d3f2e55d6b19d38b4,180.91
eval_00382.png,overlap,391cc8355ab207f7d578e7f561163e9caee2297f189f34d2e9b2d5e32282cbba,154.78
eval_00383.png,novel,0327ce0492745d54819db1b88c02ced83084c82187349da2adc8626c62f32290,93.35
eval_00384.png,novel,45d8458d8fd34744f66a8780e7acb2eafb7f5d3c59425736a9e6a99179c551bd,155.5
eval_00385.png,novel,9318df77b889c50c80967cf120295f337e22b394bb9e154e62c5fc07fa90c28c,259.02
eval_00386.png,overlap,88aa333f6d4f927e8b3e98a89be71abc405570c771cde590f02d8f76353ef65a,118.9
eval_00387.png,overlap,72045f333301d04386899bfba62e20086dbffc2bb932ec61ff6ffcdcec093864,158.86
eval_00388.png,novel,e2a4e3a383bdb07403e049ac0d390c0e8d946bec879394145bcfefdedc1b909a,120.51
eval_00389.png,novel,de7af03b646f11b3676dd8171ca6ac726318b0c10f1d3ffcf94b215ca4a08c30,134.9
eval_00390.png,novel,a6a1842c98a0c6ca45cb221e77dce304500377874a6bff720f842b6f986214de,45.93
eval_00391.png,novel,2772e7c0868d09bb86763516459a057e2020bc2a780deaf074b0fc0378ee0f26,48.92
eval_00392.png,novel,5f752c77c3350dd8b399a998f1848930f7db0dbacb3c37d13b9f42fadccef7c3,359.58
eval_00393.png,intra,3811de6426ebb72f80c5c476e239edb4748adff7e20e08fd31805112727209a1,165.95
eval_00394.png,novel,6c863e08a4b45035fc217e374831d4c1ce139da1b746131304de7a92a138db9e,138.02
eval_00395.png,overlap,37fd89c2fa2b31286426ef23bbd392f919698f7d0ea34e6165aa0417d7ec04bf,138.1
eval_00396.png,novel,3ec78eca5141e1b8e6bdfc25d02bd62d40bd906f336826cfcfe574ef97b5777d,173.96
eval_00397.png,novel,19e1a81c0d5ebaa892d4c8e17de98f1abe772f974c6485d2936f2e69f7cb704a,169.9
eval_00398.png,novel,08c1c2c679ebfc17ed74640dd5dccc9571f1e2ff25dd3adf79036c93dc71856b,225.84
eval_00399.png,novel,0a3384aab5133031c60642c221e95b1e5d3b2817795c2a52c962544dcc4c6c06,170.0
eval_00400.png,overlap,40d9587d9472ad4ce716e98637f4b81afc2d5c8b39eace0ac296388c1ff8739e,157.49
eval_00401.png,novel,aab1e32e9ae78809ba561dfad90a8e96f217ec3317f42a49cad20d3c16f18c63,97.87
eval_00402.png,novel,fd58e02157fd267831f7a6cc4331c0d41235dcc5af7225d9fed985803bf5a3a7,117.7
eval_00403.png,novel,04236c8ff2357ce0ed3f3a100316f70c0a6b477bc1deb474268c9efec4a78b16,98.72
eval_00404.png,novel,fbe610a54dd4ce9b8ff270ef23a7f5525656c5f408156b97bd55092e2b1b9e4a,135.12
eval_00405.png,overlap,feb9778eaf368f7cc0c5d5e19bd081f3bad572bbc76633925eeacb40f73ece42,136.99
eval_00406.png,overlap,1e77c94ad659421bf67f909e0fc6d6b78b17bb8de89400ffdae9915098d68a7e,27.22
eval_00407.png,intra,6fef97563c9d0ed61ceb4ae62f876b121a551ae10f5c4dae6d833fd2bdffe558,16.69
eval_00408.png,novel,65ccf0173130677cc1f02a5cea119603385b352aa658178bf29af4825b5af395,147.85
eval_00409.png,novel,3cfc7568e1c7d227d1410bc6d8acf4376860e4ce01deb4a211eb2759716dc301,302.24
eval_00410.png,novel,e4bfb5ca4bbc3e4bfde41bd04a8e960cb196a3c443b958f2b2b4e7d18ea47e59,49.88
eval_00411.png,novel,bda4c6610a56b9b60f15dbc6c269241ab9998b9e5ed2082e6b61dda893b42bb0,104.87
eval_00412.png,intra,493edda2ab56c34ae935d331f6d08395369e7e426ef949edfb33c0ee70dd69fd,92.44
eval_00413.png,overlap,a17c0ee458d2cd03fe6a7e772a55421cf6cfe3709b854b36ad783b6a1d615ca6,14.59
eval_00414.png,overlap,6ed83b1e33e1957afda024929bfdae70ca8428c06b254f1f70b85bfb3ad3f00a,101.05
eval_00415.png,overlap,dcba4c25dab82652f07df5770295a43525cf43ea4b27b646cec0d1ef7c69aa4a,132.26
eval_00416.png,novel,faf00d34ab02799ca2bc8288c8b04040d1bd09df026278ed8550bb487252b338,153.5
eval_00417.png,overlap,8338faad91148e21409e620023f957e5ce6d46d39b1d7537c6c186a7f46e62a5,170.87
eval_00418.png,novel,c011e9bc71849723bddcf851e8ff15b664254d4988e3d0bda08927984c4cd585,92.33
eval_00419.png,overlap,ba1e6e2b8fa14ded77b1e5b238e20100474b99de621c1a56bfcba232ce658fed,96.7
eval_00420.png,novel,891bbc8995c19014630569ab58af4a175712c5dc8d6423513070eddafd0b2e61,1.12
eval_00421.png,novel,45c27e10c8a38fc48ab14569c768013343c738b2e98f5db94a2ed34702400f1f,110.02
eval_00422.png,overlap,3a99074f6e3c361e53eac8723d4ea74d91dcb4afe137545dc78fe2bfb73e8983,168.76
eval_00423.png,novel,5c21ebe45471810cb471fdd612a07d362023e9b068e1f170107132e214277d2e,19.2
eval_00424.png,intra,be051a5e63a691c441d6b0bba54725f3c2e04545b73dded6d180293661ff1b87,164.85
eval_00425.png,overlap,1e9912180f5b7e3c1b15a84198510ed21a15f0faad275a30c1d892e17ea9d61d,249.34
eval_00426.png,novel,7d9b716dd1b0a4fe89b499afd5f41bfb64bc2ddb67c7e76cad31790d5a93bed4,167.14
eval_00427.png,novel,8d524723031979ef67f94f577e0f8eb52473202fab714d7c1d9c04679a55b162,118.44
eval_00428.png,overlap,2e8f8cfeda7d3fbbeb75422ff64a561a8f6abb36be7f9220f137c6a53184967d,117.43
eval_00429.png,novel,7d9751a71544a7500d056bb4fbe7dc3ecabd23436046e8a86b61c9672a53c728,85.77
eval_00430.png,novel,d4af8e5fe379197178c96b516282cd13689e9efd5ba82d9356874bf137008f4e,270.11
eval_00431.png,novel,b7241184688067e62b735d50229e02d5c45ff2257d4634718ff4050bf8f09334,120.32
eval_00432.png,novel,5073b2d43f0dbc977fd7e30f9107daa675dd10382cf08747362d405e80cddbbb,56.01
eval_00433.png,overlap,3bfdc6ad795f2819a932c666c8b4199699c98bf46cc192cc7c94b8cfa245cfe0,245.22
eval_00434.png,novel,a42f66c5d2c1d5c66614260654ef11e6f71b94523da35d676dbe80d8933b887f,132.18
eval_00435.png,novel,a5bf26db4a12c2a30f84a5d18a8d5eaf41d88a94579cdd3b14000d7e0e633055,29.41
eval_00436.png,novel,a80dc1f97f28b04513913eecb6efe0eb0b5eb5a06faaaacc5ea0f35abeb24064,10.45
eval_00437.png,novel,73729ebc82f408d3a377523d06826ab142e71cf791a38c2a3915d125fbc7f983,340.24
eval_00438.png,novel,c9a9be89040f39bdaed63c50bca98641fe330999b7cb8a1a25aed19090863020,133.98
eval_00439.png,overlap,1b685074298fe1528eaaa6eb2f2d7ab283186c1b7f3665a8ebe4582d5b432d67,95.42
eval_00440.png,novel,63aa9da50358be419dab848b91e3941fb6cfb23b98b945d1544beed51a67b4c9,222.97
eval_00441.png,intra,e36c0e2aa936f51d66fbb6ef541ed9064c1574d3e05c182ddb739853f132ae7b,144.94
eval_00442.png,novel,846e51c57adba492550c11b5ff7e2e02fc0a48e6211c3bbb55575af8093d22a2,170.7
eval_00443.png,novel,bcad99cfba1f3b1fa8c35c960b0cf68b6e9f626d7ae12fae1ea580207c24a514,169.77
eval_00444.png,overlap,fc88f52ff25ffffe7b68bda7beebbcb481a078ee79b61fa9eb72393fc0a0baba,112.34
eval_00445.png,novel,0ac607acaec079093e356cb9db6f60dc63dff3475f7a0bd59733340e6068bb33,6.61
eval_00446.png,overlap,2bf66f53a8c04924ebd3a9bfb739a33c52a21402aee1fcb4156b2d0b577107f3,138.98
eval_00447.png,overlap,21f64fb3e4a757f81b44b435c7bde385d25da8b2408c78f60b91f66b7eaf9779,113.4
eval_00448.png,novel,5636542e568f1b6ee9a435c503fa9a1bc5b117d0b53b8619e4e68e1a0a24525c,69.41
eval_00449.png,overlap,14d30cd5a86614a1a8a4d6a1da7318376474a7c02e120747ad00c8926b6b3c12,176.79
eval_00450.png,overlap,d2d5a9d5cb25dd4758aa4cd9071ff03bf6e45cdae713bde4f22d9e24381e28c7,138.56
eval_00451.png,novel,da421883b7628f4d67dc191c322589e215115dd16c0186ce27e39ff8efc3a300,111.05
eval_00452.png,overlap,29d3dde99641e99afea70ae28db062dcac2761895cdb9c6092b29b51738b02c9,212.14
eval_00453.png,novel,58b923ac602919c6aed0f01de49cc93454338d258b652339dc4b227959d94324,144.81
eval_00454.png,novel,28ed139015d2482765b9e80850f6682e0eb32915c75d24dd8fe12ec4814719b1,91.73
eval_00455.png,novel,10a3add38694970bc4148c16f99a24958cb4b12d09e157197b69b41db4143595,170.43
eval_00456.png,overlap,525154d519c2fc7ee92c94ab0740cc55ea75439ec6adf5d84066983abe8e5775,85.08
eval_00457.png,overlap,16a03942e7fea076d8a34287f87d75b13079f5b8efaddc75a8669195f0189044,118.79
eval_00458.png,novel,af467f89b1a6c42dcc7dc145aebe3d2d2fb78129dc1c1b4ce208591c72a7c556,335.68
eval_00459.png,novel,34401cde8ca7377bba355200079f0320f30bcfa1456826e2065ff192256d6a49,136.14
eval_00460.png,overlap,a4bb28050f68a2e4e558239340c6915c757b1ea575ed2bdf405bcccb418ef6d8,150.33
eval_00461.png,overlap,5ce7a929502eca7217289d8f30924f5855d3f2e2b9076b0e2b5cadadd3452d30,95.61
eval_00462.png,novel,2a49ea28ad73a29d667a81779cf21b9f49572773085f6c33bcae83d3b75d13be,116.47
eval_00463.png,overlap,1f9ed85bdedd5ec402f843214413c5cc0eee1c770fbb77860e1b980c9f51c969,134.37
eval_00464.png,novel,1401a7e0326f63747e67b1a1f691bd87049ebcf189a57e04a14cf089713ada91,89.47
eval_00465.png,novel,940aed6653affc28203a32e0c9747344410f60269b32a4f89620ed687d718512,160.56
eval_00466.png,overlap,dca47b24e462ca9a35ea8d411cd38317539e8d946bea0f2a5f285b4d0307cacc,145.97
eval_00467.png,novel,0643b41e658ca3cc32757fd773eb5fe916d15c412ca0212eb9a100f2203c337e,106.62
eval_00468.png,intra,f20e55169a824255e2454d349cf5fc87ece00ba34fc6f9fd81c79b07e1d4e1fb,168.73
eval_00469.png,novel,55d15881847dbbff6a9217fa6d20684523de29c35fa0c907de2752dddad4a433,154.15
eval_00470.png,novel,06d10a41612d5f2427cf44444c5c181684b50b52892c8d897268932c8161ef6f,129.15
eval_00471.png,novel,262304f5b541e23db753514d72cf284a5b39adc4d8a0f900836d115d7d306a53,111.47
eval_00472.png,overlap,57e7be95ba8167aa50565f2183954f8161b579abe9ad95d42720ec8035c3bd49,119.29
eval_00473.png,overlap,4208fa51fbc103625c6758caa65e1fb0e289bcf5df3a628b4c239945ebebef7f,147.97
eval_00474.png,overlap,a8c4723cd72c843c85da99b5a3c0c77ca929b5b0d59faac0c2ae5cb1c004b95a,21.11
eval_00475.png,novel,138e4fec6f06e27932bd6a7a730f7201751b2008301fd4c84e697e7b712e35df,294.97
eval_00476.png,overlap,c5d298faaedd2c0eb831709a2c6cfeff6986a4cab8c0d3001d3720b034352d27,131.25
eval_00477.png,novel,bd8e75c2f510917d09359b9c727c5b8b4734634780a4489484438d589f2bbe0b,163.51
eval_00478.png,novel,500a04fddad161ac538c6c236c4870f8fdd633625b0d5cf7dd71eb693f5a664a,170.63
eval_00479.png,overlap,aa6e2ed539ad3754b842d638f6b1ac9f4078030da0d65fd1757caf1192223615,90.65
eval_00480.png,novel,7a412f5affc69fa09e02d380565e7f83b8507b00cef1b2afe2c4ce3976e2a23c,154.03
eval_00481.png,novel,74476ddea2e8b05c7e98200cb2f2f808772b8b9494423d7959d2415ad345df78,195.08
eval_00482.png,novel,846a218bb8784ee9ad98b0032002b1570d9b4c73ef52dea36b013bdf12bdd3c6,234.06
eval_00483.png,overlap,928348d9ef2615c53405a490001694e2300688a68d9019c3122ec13705708727,159.06
eval_00484.png,overlap,794f0dca4506af95bf70d93df3b271249c64b7e68be241a6b1bbc6d42872f0cb,97.82
eval_00485.png,novel,46753628d18cdac77ac74317394595506793f84b5150f90f20d1326f84304d64,212.08
eval_00486.png,novel,89e377e7f74b50277baf25475cc947e43e9dd664bcb7caa38e8e4b69028971ea,282.67
eval_00487.png,overlap,22837e1dc426546f6ec06bb9e8e395797d38aad40d14be94ad63fe3b892724bc,163.61
eval_00488.png,overlap,2480a8df89754ced9fe56f770eec0a9b369fae2e74496644dc96e4ab6d5fee10,119.51
eval_00489.png,overlap,411e35dac528ebb46e96a9a11a4bb6f69b6cc9b20ae839cafee8529d9c5fe319,92.17
eval_00490.png,novel,73059ed205f78376e580c9d53f81a79a846727d7044c522eb4a031dbe623f36f,106.69
eval_00491.png,novel,ffe11bf15ae2f5c3083ae89225d840deb0d3216266f9618d64395e51edaa7106,12.59
eval_00492.png,novel,10fcba4648391ba21c220d3c3eb04c88b75a5ade4cba251ce01c101e05ec38d5,170.7
eval_00493.png,novel,80d9432f5de7f0edb5ab72933b6b91bca0a182f19cc8aa082de01deda7c0cdd7,104.02
eval_00494.png,overlap,444d2ea9b70fd01c655aa8fae7c8cf5553b10c8da4fb2d578943c1677c595b4b,116.33
eval_00495.png,overlap,0054f28f159574b1b415a5760deebc9c79a1502a44a0785928c3b8c35ccfaef1,101.38
eval_00496.png,novel,8ca8c80fc1a891de5ec437ca847e263bd22947c6030c70d59e80c7a24e53947c,137.82
eval_00497.png,novel,72b819c2ae41f628dc54b3f55ed8e032eb68a88745e22d3a520fcf0e41c5ac3b,220.04
eval_00498.png,intra,86696826715009592bef6a3c33b2cbe555036005d8156275e26963184abb84fb,163.92
eval_00499.png,novel,e649bc64aa8386e682e930ede6c48d634e842a7b15c8e88aed5b9fb43805d83e,183.56
eval_00500.png,overlap,12a64c253261daff9aaa4cfed48308bd44bb129c68d87d557b200652cd9f04a4,155.8
eval_00501.png,overlap,f231b4792059be7f5db369009ab8e3b90df5bc0c438282f82be5c7f26a99b42d,195.73
eval_00502.png,overlap,1115ef75dbbfdd4fa43f495f6df05dac162fa61df62b7174fa9fcb2fb0a3af7b,172.87
eval_00503.png,overlap,25435eb289ae031569621a33ade3023ca3fee3e066c4e083139a5f86ae7c63cb,93.91
eval_00504.png,novel,4eb61e9cb26e0f4263104d17f9f36e3543a7b6efb673ed53e65dfdb9533e0f53,344.04
eval_00505.png,novel,48dd36c848449901617123b212f790929a9baed8c534dfda1b576bacab7a33b5,66.42
eval_00506.png,novel,0baa33ddb778007e59102e4a1ae772eb9f3407f04046d2f40a46a225bd162662,146.55
eval_00507.png,novel,cb9276ca91f4c93cdf218eb57b54a8909d5c0eb1305cf30501249509225147d8,53.2
eval_00508.png,novel,5024319b1846368ff90c333c298883e9636420ea4702e892acc61b0178b6bbc8,114.09
eval_00509.png,novel,78b53641f93db34e977957d01098f7910075a4a66b3d9edcd86574aa07cf3c53,15.62
eval_00510.png,novel,06355470e8c619ee01b5615ec8510b1d52410ecd1053b211e1201bfe694861c6,138.65
eval_00511.png,overlap,15339ae7b6acd85b066cd4092718e20df9647df6afb4263839706a5b1f27b666,140.95
eval_00512.png,overlap,104a1ae7a576cd727984702452fb34d26ad0bdc09680fc63460e5c83a5bb3325,161.91
eval_00513.png,novel,13f305aed39cc7b158be197ec95ebec0583fa314b0363aa05896287319187589,154.42
eval_00514.png,intra,60fe641289785dac77a04d9d7a00643b0a27b0804fe5dd11ac4fd1176ad33b16,89.77
eval_00515.png,intra,35a308d152307b18c20fc963415d5abcd0fc8ecf1d1240da00be5196220ef1c4,96.94
eval_00516.png,intra,47c46c2d69678d40f86ef991e6b5853673fa143c6bcef5fdc6077de5774963ae,112.51
eval_00517.png,novel,bbcfa8081ceb8ef9140485068def2180b07ff168530dfdc25fedef58d2310d8e,167.14
eval_00518.png,novel,34e9195681aed8a9ce091561564657e4b98aa148b7b381a9c00c874a5bbb7a08,90.79
eval_00519.png,novel,51bd19e172f9940ce6d406a2cc137a28334a2e656dd5c74a0b9c69d4d3ca6cb0,337.44
eval_00520.png,novel,6ddab49849f21c053c298e7d5ca40270d9f612958160475558bc613b663a392a,131.49
eval_00521.png,novel,b724237c31b8ae8fe7bb4a444647d15fa7116963af583f7911ba1d144a4e378b,224.91
eval_00522.png,novel,6b8eec167716a149a2bf54709d697714f1043395d487f07486a2f2e9fd118a39,115.56
eval_00523.png,novel,de98ff651a609daf9a9d21b904b21d113a4bfc6822a156eef84d0275877dc3b6,295.89
eval_00524.png,overlap,32353640e10fcee7752bddcecc6634894469e0a4f47a511ec62395412af91d37,118.88
eval_00525.png,novel,ff69825109833ea95ef6df9cb0ece299682ea33ebd708c6a416767fd1ff72a7d,113.17
eval_00526.png,overlap,1ac0e949be44a349aed7a6dfc02d2ea0044759268dbcffb39fd52fb68ff7ad11,123.82
eval_00527.png,overlap,3394527cc7e5624d8f98fa225bc8bba6d91a16f798da5071f268a756f44e97d9,161.04
eval_00528.png,overlap,5480f9ba03812eb6012ee4faad29dee50b63155e5288e19c28e7b30a1fd37906,121.71
eval_00529.png,overlap,49189ca61ef0431367e332fc4d8bebeb082c3e44758f60b0dbad1ae37771b091,159.75
eval_00530.png,intra,ecbcf3703064801ca79f6a5f6395447c5325b7376dae0aa8b622d82a61d756ca,201.24
eval_00531.png,novel,849085cea0a8f65641cbd28a62cc01364d134a739678d3ac2d108bba1abe6750,116.63
eval_00532.png,overlap,862144b12aa4b6dc4f2b278949f499c63139156bd3dd5e7e50db949e2ee5e6a0,50.78
eval_00533.png,overlap,f8d0d7ac57ef8b6c651899c76ebdbef7a33292c020e8356489d6b989f28717a9,122.87
eval_00534.png,novel,094273c39b8b13e90b3cf547e9be1f76dba8f73002708ef68f37cdd9df2001f1,146.72
eval_00535.png,overlap,59564be1a4de6d47923d614715cb53a6a39c0a32203c5d7048d1c56c368ed46a,131.33
eval_00536.png,intra,9322531108537854f41dc345271cea8561c4a04bca5036d4054a1be111de4f6f,341.6
eval_00537.png,overlap,563cdc33f9a45f04f104ffb267fd62d9cd96bd8ea94b517c75816f9f3b47af06,228.32
eval_00538.png,overlap,6c34f7482a55cb28e8a88c08374f6d0e7ba2fbd0dd8e096544d67c02278a25c2,98.12
eval_00539.png,overlap,607726de4f5d2faeac899abde39f39059e39c0ce9d0f09f1ee88e3174e02c0f0,171.87
eval_00540.png,overlap,cef3cd07c5c1ff82979c6781f2842eab344225dc6b639be2baa1dd0de8d63611,237.66
eval_00541.png,overlap,520746f4079d460ff7e590fbda0de81b1427327f10d724b3855da5a77b39f488,124.6
eval_00542.png,novel,6c7c221d48e7a6610bef1ee1936fa6cca0088e2fd9e16916b43cf667728f483c,153.13
eval_00543.png,novel,866a761957077cd61f42e91d560b418b856c8a02c88197f4a0fb6afe3b60c4db,170.29
eval_00544.png,novel,87bb63a8665f19e9d1755be5ac4184152f9d185cd61b54e69e1c4e14d7ffbedb,352.92
eval_00545.png,novel,7692f0899e85679e3b5be4cfda82f0d14994600d2a34539616aa964489360166,73.61
eval_00546.png,novel,749037339deb89269f6dfe63b05cd117c7bfb78c30c72d3fcc3cea4eab8a851c,96.67
eval_00547.png,novel,46c47a7d97489775a992891cf7e887a07ac47cf37ee44c674312e4e3560c1a50,124.44
eval_00548.png,novel,74dc26cadef68e3bbd3bba34dd5930e2879d169e439468442a28c4927b5455e7,301.85
eval_00549.png,overlap,47c7a681d8f7748a5c37daf5bb53c1e5972ac236ef2dbe78ef42d75d6a82ce33,324.43
eval_00550.png,intra,1508aa6b41b6bbb6f87abee453a7d2c1d42622d66147113a40c25a3778440caf,148.24
eval_00551.png,intra,a5459cf297827c2c7a9fe4ff8aebeb4bb06e9d2cc296808a86a74395ba4d3f76,92.69
eval_00552.png,overlap,2a0d15754ee88fc335bad6fa79e9e8e1959c9cb3391bbe8c1e408f15c1bd58c2,158.24
eval_00553.png,novel,3acbf6792a0928e25d7d47711f98da0afca5c946c4a5ca1686fb73a1f087484d,175.77
eval_00554.png,novel,409d379260aea4be827a84c5ba8f2dd8bc678df1c12790767daf98147afc6e56,123.44
eval_00555.png,novel,e26e6861936213e9c7149ad9def008dc97937aa814d27e6d32faa295e32aade2,123.26
eval_00556.png,novel,b9eb2282e3c8e7393234df5640e34e5c59cf99d7a85429b31d29e52ec85a3860,158.32
eval_00557.png,overlap,9df31e57fcfff9c70be632660966e765ac4dcad68ae0b764c07b65fe9aa81734,227.08
eval_00558.png,overlap,58bc25e472ed819e12923f80b43588e756f5a8e6802dee0de8d62c95b6bf1e3f,124.22
eval_00559.png,intra,048dba076e4970224285bdac2060827eed538b0e583a3e1f62418be7c5e463dc,135.45
eval_00560.png,novel,2e919bc4bf5157b5d674a83799341c46c9ef7526efa4406ef1ab6a9df5f24697,207.17
eval_00561.png,overlap,1c231640e0122028f4cd7895a8db4a455a256a5db24ccefe8e53da82c595fcf1,160.99
eval_00562.png,overlap,3e4aa752cd0c72c7c087ce125cdb9aef1fc3c73483affd8cf878c95c8f71e862,69.33
eval_00563.png,overlap,ea37b126a1fc65deb04de7e25e55a98254df655946c15816a2568854ce4f0977,103.46
eval_00564.png,overlap,e4cabb7a87e44944b1881a7f93f9a4c4e72d9da27ddb13dc1ec1185a4ef6fce7,115.8
eval_00565.png,intra,69d9f5533560e91d8b99e41d774f9aaef372f9ffca05309cdda41e5179458a78,95.75
eval_00566.png,novel,8e0f1a34e436426017b6b54e3525d85b5d74cd6a4dac2669f4b934b0a4202011,220.63
eval_00567.png,novel,7887520159faa304149f67ad3cac81fed941cb312f349947f876ce1cf7a61352,345.44
eval_00568.png,overlap,be6e4da32c4077caad5fea9da3ff5f0b108b75f8e9986f040aa0f69e1ea22d7e,138.62
eval_00569.png,novel,e35e0065b2418ac70538313dc48ea93b4b4f0916d2038bb866168264436c3637,86.52
eval_00570.png,novel,680dff1cc2e425e95846fc2efa6d127740c7bd390b05fe7cc2cc19a4cc9d4166,150.81
eval_00571.png,intra,50c9bae0ff42ba6a70c14efe6835c2358b583ab9df3eff9ebbecc1be5fdfa09c,192.59
eval_00572.png,novel,7753e144e50679c6911d14394fad59c7f9be7b1d7e61c164a0167bab9227f32c,219.44
eval_00573.png,overlap,28c4bd81e0bdebdc70cef9ef042f6ce51776bb93bcedd5b1bd8a67c6520218e7,78.57
eval_00574.png,intra,2ec767260e0ab40cf4d9bbd92c029d155709fdb45ac882cd71c209a95eeeda87,326.25
eval_00575.png,overlap,65b9e461ba011afc83720f6ee66afa0c4ace40d828ec202026defe8e346f7a78,90.84
eval_00576.png,novel,6ccf441dd293007737707beda29960413c82073218c2843f8dc230eb4840a972,191.33
eval_00577.png,overlap,a9001fa2889d1d51831b0aa33b16f008323378843a4db29a6ad9655d2ef30e41,145.8
eval_00578.png,overlap,c97d7f33082a8ca29ee7426ef33e3959958cf537e993f3bd6cd36b1c50e264c9,319.93
eval_00579.png,novel,524464b9601d3e7c28985cb05bcb57d85ee1c33152b6b253895b5aad59618f0a,147.97
eval_00580.png,overlap,5826f2822154cad61050d931a18ac2eea370df3ceed03378f95ee45aa26c6826,175.87
eval_00581.png,intra,5630ba932521e464fffdb01d7b5b75564554cb2134718d8199416e178eab80d2,179.78
eval_00582.png,novel,93777551d948266dee25e23f2bfcadf722b7ef533d6d9edecbdd871df5fb1efb,43.59
eval_00583.png,novel,38a999ff750727ea3e39786673c763aae8af9d82e34f7670e076fe0a25e5fb49,91.91
eval_00584.png,overlap,d51f6f08b4d097bf67558b3fbb16c44244ec49ac90bf0400b0d3567b5085dc74,130.46
eval_00585.png,overlap,b80fbcc990bcaa9b300d6acf8b45b5234756fc9122d25f6c02b26819cfc3e06d,111.37
eval_00586.png,novel,764951d9746efc63805611652d8c4751d6792ab3dc70f8d5019ae94d5b163514,142.89
eval_00587.png,novel,2d6ac28600a44701807f5d43cd112c3736633139c431963a48aea2449f6291ad,166.66
eval_00588.png,novel,4ebab0cd9ed4064c25a3b500e23a759e575dd0f1dbecf4e6a21c7a42e1f8540f,106.09
eval_00589.png,overlap,436e23fd5e3ec81d60258014d7150eeb1a7b6bac79d0936ae4b29c4b7cf1e8c7,161.34
eval_00590.png,novel,9cb6942049f9678df7bdfe3a812c76375d74e243b00cc7d032d1bb517b7ec3f8,143.02
eval_00591.png,novel,9ecdd46cc324a549584790e7c00211151e579404d88ea495ebd32885211161c4,301.22
eval_00592.png,overlap,175e1bb74fdb9de4f71383c32e64eac46599635b3372816057e44babb8c0b0ac,163.98
eval_00593.png,overlap,4541eeaf85b66d6b8175ad9c5cf4a715e3d02641ce88609710b0173f8bce3003,160.35
eval_00594.png,novel,250717c829eac8e52b6ff64eeb19463378281b32ab902c6742967796303fe382,14.65
eval_00595.png,novel,8d11906f7b176f68302b2dcff071526779cbb5031cc1f820fd6f36286b35f2c1,2.21
eval_00596.png,overlap,d61e573f2eba0f91378fcf705bc2ff7eb9e11331d134aaf727a7a38cdf1c9bbd,169.32
eval_00597.png,novel,2b01345839b6fab08ebf620409bc0cf399ad04efdaaa000c8026ef2e071a3003,348.39
eval_00598.png,novel,993ba169886367e28f039773658dc9e2f8b448ad8fcb452ca84c122c48dc17e5,314.85
eval_00599.png,overlap,c3132a095f55a86f1cbf99c022643655da6c691a5565cd1b2945924587967a74,166.88
eval_00600.png,novel,a4ac2f9dc89e292d910bab2cb33c3064816ecb796d3c04e04cee6d2ceaddc94a,162.33
eval_00601.png,overlap,3443968d0a3356997a09ccd98d43e3d5262f2e5eb520d5b4ac2b7764106bd0eb,163.88
eval_00602.png,overlap,5251bfcbc066f77b2bbab1e05e7c930f13122116058d1d7206a29afdd765c159,165.07
eval_00603.png,overlap,467d7102486a673546738f3cca634af0997a92dbf670b98498542bf37443a2ab,153.32
eval_00604.png,overlap,eeda3fa39012a5f9a499a81413db4ea5ad25302174800e8660fa36b076ba6fca,261.15
eval_00605.png,novel,443e720bc29014c2b077790c1f429fbd4c807a1aaa8617e4990620bc8d7a9117,156.22
eval_00606.png,novel,90219034b510d4f26a0543e8633a1d684e61b2a855f8b2e0e411e64a1ba42cfa,80.03
eval_00607.png,overlap,eebb98d6a4c87161985e834580dc30d8945cc6c548d7d6308bbd0f311f34cb34,302.26
eval_00608.png,overlap,daa164ab70aff51a8a537bfb546591ebf1a0a21a72ea7de343fe666e69e2ae50,112.8
eval_00609.png,novel,ce29426a5e0e0680698c62a703affd6434904c61d86c65b854c09829f67e229e,151.69
eval_00610.png,overlap,bc505f473547595a4bc839b3ceccdc9843cc91bab9e198d21e66e0324286ca82,109.94
eval_00611.png,novel,a6d43129e995129e0eff87d60fc9a023b5b5f70d7408c7c40f18e23d270d7184,9.23
eval_00612.png,overlap,84bc147eca4d351d8cd6447415216059215f1edd8c12520e78cb271f31005d78,173.21
eval_00613.png,novel,35041b44ffb17871af509904ae1742bf38481435ab131e1385455a75897b0ba8,141.3
eval_00614.png,novel,fc0bcd5b7a41400ea6de3676a5ea0d5510d57e7120ada234b4b37f2320c95052,332.75
eval_00615.png,novel,9b06bb7acaafbb938c8476b9c9788a486023bcf9d918f85feedc2afe920b2ecb,134.88
eval_00616.png,overlap,4565662d89eed9f350ac16f706ea34f6121361bc04c51de1124ffce0bcbdba7f,141.17
eval_00617.png,novel,6b585cbd37db192ad9a05fe6d26d93386f7d15f4db9e914ac4197e5297cf1a9e,98.7
eval_00618.png,overlap,861d6cba9b4027d1412fe1a9fdb9a705bad15389f3394acf056f815488fa1fa9,38.63
eval_00619.png,overlap,c410dbebe714c39c15b30875801be582d95278834e156ae1488baf62e53fc132,151.82
eval_00620.png,novel,5f43e6357d288ec449a29e5b9a252c3ef8b2daeb07c4634b065a5efdbcb066c8,107.84
eval_00621.png,overlap,53de9c0d644cc395ff260cae603155452fadc66890446a03b380c6e13b8093bb,11.3
eval_00622.png,novel,49fbf31b23c7ce5d2440fa69b6a9a9c8a0172990f84ee440f7660c0730c06f25,302.56
eval_00623.png,novel,ced4321027ad55cb283d0d18ce7991cc26409482c4e605b24f540105d2d4b123,105.69
eval_00624.png,novel,dc9b43786d313a3a6b3b731667688fc685d6d333e5276220bd78b73607a04bf2,101.98
eval_00625.png,overlap,172dd944867be0dbf1c70bc9e3b33a922b25e7a53b1d33e58ffccbfffc7181dd,239.42
eval_00626.png,intra,e36c0e2aa936f51d66fbb6ef541ed9064c1574d3e05c182ddb739853f132ae7b,189.74
eval_00627.png,overlap,9c5fca32b9a5d2f5be05cbcabc241a5fb07f94d455bfbba60ac295c79646e626,11.28
eval_00628.png,novel,4550bf3fe94a6886c4f034b3be00ca86c76c0a84edcaabe8b6b1f108d7575135,250.97
eval_00629.png,overlap,3e4248a2f774619ddd081e234a1cd2e890f9b209d634106ee5fe8d9cb526c4c2,98.96
eval_00630.png,novel,42bb7c82a022ff115ec767069e88d47a91a22e192466784ede6db62b528906ad,322.35
eval_00631.png,novel,008429fb210042e87e48433549748bfb2684c3c70e7a85787851883f1e644594,133.95
eval_00632.png,overlap,db463159b283ddaadc06a59a3537c4340dfcd8d5f2bf66ceb4c686c1e2b916f5,255.23
eval_00633.png,novel,7bcf657f945f0419469c90e62dd95e0113eaacdedf22ccdf0bd01e51d5af0717,172.78
eval_00634.png,overlap,45fd7a1d6e888b95468517d171fdc880296e24370c29f7fa3af98f3a630570dd,8.63
eval_00635.png,overlap,2b627511d0b812279fc168e5824ff03d201d6befcc8c242b849e3dd5013a572f,159.38
eval_00636.png,overlap,4dfbd7ae07779f0c134e9b901328c8668c97c5e901a8adcfe844f0704864f6a4,91.83
eval_00637.png,intra,b2354e308098d5e9d09a34a2de1b48d6e9fd26cfb139bccce2a2fd88c718b67f,206.58
eval_00638.png,novel,f558f9a1d3cfac3513d381824e3280386682db04a61185fc139f8c866129f1cf,50.78
eval_00639.png,overlap,844b4937ce90a63df9147866cfea00910a0fa2f36903eab02874af331f886dd6,138.91
eval_00640.png,novel,d68db2f846f48082ae86d7df91638e16500464b1f7851a0bbbcecc9f107fa232,137.35
eval_00641.png,novel,e927eb37b18ac628d440b5102b26526785c79ba24bc86a00144c9a70a2d661c5,137.46
eval_00642.png,overlap,5c94233250bba1b46d07d91260aaa0590fbaed5bab8d298c777f27f9f408acad,122.85
eval_00643.png,overlap,f7441786d3f094a1d592b19e03eb40c2d3bde0883aa470d5690ad515c936adad,177.12
eval_00644.png,overlap,48914de9a254326f00debf525e75a4b614083de21a1cd1b43f5512f76232d5ef,163.97
eval_00645.png,novel,8e5d983243edf287d0c04d03b3108b520befa5b8d15549ee54772c3eae166059,18.85
eval_00646.png,novel,341fa75c10675671d0f6ce23a616e9244b367f57e13aa8a5cf6f5b9dea42185c,125.19
eval_00647.png,overlap,e5693025339f7d1e8f11e3944ab9c673df4706399baf6c65a10f4974513edbb6,148.24
eval_00648.png,overlap,323a5b17cc8c4eb6b7b5a6b1c8318c636749a281f56154d0a6f84d24ca6ca4a1,164.53
eval_00649.png,overlap,6688b3db36b63ba8ed790896c06700433df13f9c2f262528f8e20ec365fe11a1,251.21
eval_00650.png,overlap,b38d2cc0e4a265bc0024cbc9d2f15cadb2298af3562b1728395dd4b738d1486f,40.74
eval_00651.png,novel,7377f6d7fc1b55dc2709930776bd7bad5fc5ebd2c44f70937408645a4885441d,41.71
eval_00652.png,novel,296f84414b67103fe090b1bea98d98f9515991cddae525f1079ac68253215570,57.19
eval_00653.png,novel,819ea10fbda28ac5d4700eb529fb8321f8176b3da6eb237cbf39195ba3e82ab6,238.5
eval_00654.png,novel,8cf5b9130acb4414b5c639074e50b806db0cf0b57da84915b3c3336b26f1189d,295.59
eval_00655.png,novel,a03b8574d5103edf6efa9c4e103cd80972466616541e5bb90099f26580744b50,119.11
eval_00656.png,intra,53de85664d69f7c6f3f500c607382f90bcc42dbeca78219e84d3a096d290f5c7,124.9
eval_00657.png,novel,3399a7090f7e6000211497f7b94d0b3d3381c26e0984448a52e76ed4ac8c603b,276.85
eval_00658.png,overlap,36c0fcc6c10d3181509d8b70b31397912395a75810f5a705b374bf95da34f0bb,309.73
eval_00659.png,novel,d7f5b091663bda26fbdda1f239ec4b2d2ce1d93cfbab70ea2de9c93300687687,128.93
eval_00660.png,novel,f8b639f5896079b5e3a224e0a53a6a55c54422e0f7864567194b16b285831d7b,170.8
eval_00661.png,overlap,98245ef45362efd12d8052185cd2514996089a1dd6e6a2c802187d636ca88297,123.05
eval_00662.png,overlap,77529e406de42f3d67d6a7378843dd70b1228da461994f140c5bed3541570970,114.73
eval_00663.png,novel,4f4aa5767b8ecbf089702497538f848854bf5b3496e1b0551dff7cdec97afa69,358.13
eval_00664.png,overlap,7ecad2864fd3da279111bc20b113c645883b0be0a541622ef987590946908589,127.8
eval_00665.png,overlap,71123fedb47bf0be03012486dda84ceeded8b68fb2f173a5ae133af15a434e09,172.89
eval_00666.png,novel,de6112fddc85020b8b7a75a0ea57c7e0880baf7b4df394ea13ab36fe9367316c,337.85
eval_00667.png,overlap,9a7b639cfebe2da08d6973e6a1271c4f0c0d697691e6deed7861fdeb35a914bd,163.71
eval_00668.png,overlap,194a9f702b1365e8a8c9fb5db3c644572d3779f8595072b239b0fedd4d031fc1,355.92
eval_00669.png,novel,ec272a332ead279ebb7efdbf3e86fc427904f9248a7cfd0c27e47a020fb392cd,113.8
eval_00670.png,overlap,c7f2a0ce507a0b8651d62e6ae0ddd26128e9be15c43a71de8f774bb1fde4162a,157.64
eval_00671.png,novel,aa34b9b49319f2d203c4a08816d5b10281f0cf90276d4b5df932200c5e0ce709,144.6
eval_00672.png,novel,d8bf8ee0c87e29ffdf9eaf0a38aef049ccfab8255234550bed4574201dd4b829,255.64
eval_00673.png,overlap,5cbeebd4d85cec2672b6bfd466007258ef88249feec061427588207eea50d439,137.21
eval_00674.png,novel,b3cdf5a87f8a531d5f476a84632998240430641838cd2b67f62290f64f61dcda,146.89
eval_00675.png,overlap,5e77267af7038dbe9b34885d86a92fff398bfe2712b33a06d90f3f8b5ddddd02,144.08
eval_00676.png,novel,81f0740d87f60b48682df9167f02d9d645d052717ff12dfea25f0e746cb37c4c,168.26
eval_00677.png,intra,0a1312e18c6fc291708c04fb1f7903dbe65ce6f4ebc32eb524daabf76fad1f95,285.74
eval_00678.png,overlap,cc4e86d2ed4cb4fdedd2bcbd8c476cefa1f6a1adef7f2c88d3f9ac65d940f94b,115.95
eval_00679.png,overlap,d9192f545ac4219243985127487b1e14f4db344c624317167f63c83221d00b99,164.27
eval_00680.png,novel,9a8c8ec7924bd583965de0a1a1432fb09583b540a33fbc53b708fa3554d86413,183.0
eval_00681.png,novel,1e490098f41a2c631ec6d77d41aad5ab2e27e5df0c340eb4209cae5468d8e98c,108.9
eval_00682.png,novel,d2ed55776dcff39d6d6baa1842aba29a23f95c73f507e378030eef454dc6168a,157.06
eval_00683.png,novel,04a38c0bb671405fb9d8c767e0e5ef1026d717f1d214d44583bfbd35c86f3335,146.8
eval_00684.png,novel,8955305a7a91ed4dc0b873b6b21328b706c63f7b6c9c91173df4a3d08cd0701c,196.45
eval_00685.png,novel,dc9e79f88c608d16c9b582ad711a5ff80eb14de659b6679c91428d71b910ee9f,2.09
eval_00686.png,novel,129ad8470739cece153a8bb534e0edcf9d38d2a270f3afbdf7b5c368f533cf88,225.08
eval_00687.png,novel,a14632978a11495827b7093bba07ebd6c314d7f86fe2cc5cd9cb40e0b65953b9,270.39
eval_00688.png,novel,f2b602686e6c2b10971af88327b0ac9abca625cc839f1678f832f8a444d7ceec,303.29
eval_00689.png,novel,b42d83347300d1d505e7a5c5b4482b5be00250feefe0218bd509dde9850544a2,116.85
eval_00690.png,overlap,79c7a43052eceb065e5b3943d7fbe4c2454ede1b8af89d69c771c89c90af00b4,327.99
eval_00691.png,overlap,cacb05457556795fdaa1b4aeb56456698e6a0415173808e4c349f37a37af1dde,169.62
eval_00692.png,overlap,c9ce6450ddfc9050935c60f782d612bbf38d2302bf302697b3d9b8fb5344c777,122.11
eval_00693.png,overlap,691b7920706cce670abd5571fa1c8394771a342659d52d8fd69394d008663409,175.45
eval_00694.png,overlap,79e74dfe7edc65b2c1032119a49be4b080d41ed2277ac3e20528cc87cce67177,245.6
eval_00695.png,novel,a90651ade75a92464ba53dc7179f1b9bd3c689a57bb956edacd9d10f07fa9110,11.0
eval_00696.png,novel,bbf8fb62c076c14f811132596875192b30b7749e3667fd0e0b654ad27c8db798,77.36
eval_00697.png,overlap,8a206c6cf4e1e8100d20a919823a03fb28bcb8951b051dc601a21a93aaf09848,153.18
eval_00698.png,novel,3f6aaabce86c306fd4f0666562a523ebfe832f027e540a4d910f2254f9eba050,70.3
eval_00699.png,overlap,6ea89010e06b7971d5b07611bed67fdb727811af6ad3b43fccb672d73192789e,159.13
eval_00700.png,overlap,31d85e7e9af6b5a391bf789f5184553c3fbc1fdd78e256ec32420dd485dd39f2,129.95
eval_00701.png,overlap,a9764e9862839a80eaf41edfee642d7fe5c142d14ef6808e063b8fb3673f6cab,289.71
eval_00702.png,overlap,344f858c64c853d721297e87dc941aa3fcd4abf88d329da0ca0757d65237733f,266.19
eval_00703.png,overlap,3556fbb518360b91f889156418422f456f9831196a5ddae2af82b75e6af7cab4,102.42
eval_00704.png,overlap,ad22fe94575d45cc9bf97888a8d2d52ec839fc0c708f7a3ab8a1827f61806df9,170.76
eval_00705.png,overlap,9b6735d88ea5823d6f775b11f3fdda134039f5dc8c111847e69c408cef7ae023,159.23
eval_00706.png,overlap,36b80ef69904c0999f9c134af5b4ccf0d3c2fc36f7ef04f2e444a4269a451f3f,259.14
eval_00707.png,overlap,96503bfdff4a1d881de8c69faecfe0247f58184df1f83e8915337fac96385577,108.46
eval_00708.png,overlap,cabaf8d0314758d77a2ffd25405389eb444d272b6eeaee537c90f0c4f2f71e3f,107.02
eval_00709.png,overlap,23bc9a83677eb6fb2015dfb33674ab97c42ff32858996b0ee5820ea8bf7fe81d,162.64
eval_00710.png,novel,e1135ce8794135bd17e7032477e9fde8c852475413c083efa9732ecb7366a392,174.7
eval_00711.png,overlap,d490f7bbafbeb0ca98265ce4c9280bdb8b6857d586ddfdd7396a9efe856b8ad0,110.85
eval_00712.png,overlap,642d11bf92b9bb97141c5af8156ae0ee6113c57ca29fe2a7e12cbecfb8945477,247.81
eval_00713.png,overlap,0ee487d4c2d392c6e4d235a2e2f3bcd69bdb2c19317fde8355580b0a141c4212,175.42
eval_00714.png,novel,7eae3b4c879eb33cd01db270e25e983dcba108d520a380df43e3916ebcae9653,148.42
eval_00715.png,novel,becb6f458eed876c28156737855ec86c1978f6ae0b0324732f04784a22caab66,164.21
eval_00716.png,overlap,30f0072cfb00f66a5873479ae00887af6d3da517d3afeba696b3969b9370d94a,107.93
eval_00717.png,novel,d84974e0dbe963c845262bbdb51f99fdf095306101ce81cfb514abb997aacf61,313.62
eval_00718.png,overlap,350b9bcc73094473092f3b7dc9ac9a04df96c3a545c6bf2bc5d75e2dc8e1b24e,101.76
eval_00719.png,overlap,3c7b24d18f591bf37d7799e991ccc6b98b417cf16f23f2065a2eb754f2b52ea8,175.33
eval_00720.png,novel,96f0e19d66e25ca9abc9f9278c5fb2d89d68a0fe2b3a46ea4509b0ae2303e2e5,149.06
eval_00721.png,intra,55dd2dd9b1e359b66401ab6eaeb6fb2170b0d859c8bb0250efc674352e032922,139.12
eval_00722.png,overlap,ef93937c8578f1e2d3cc58ee0b0512dbb13a248c0d28371c7a4a6758c86dac0c,199.73
eval_00723.png,intra,2321383f5d1e060a0c77afc2b26733d9be9f092b68cfa137cf206a4e887f295c,100.35
eval_00724.png,novel,eccb83a389072eca3e519114de593730b9fdd8eb5423e537ced1c22b9ede0f79,61.56
eval_00725.png,overlap,f1dcf4437a6d57257c85a3a2a505ef65ab35e560ddf0cd5d504e038069166bc1,59.96
eval_00726.png,overlap,2796662e242a849d73c4046ec0e7c54a638006bba98f1db898b4ae4d532e92c2,169.79
eval_00727.png,novel,62958b77a36338ea8362657d77c63ae78fbf490945be1a3e33e8c1b9041e6a31,156.43
eval_00728.png,novel,c04cdc1b857a366b509188c321db292a4a7160b601bbaffc5bce8aeed5d2b734,146.36
eval_00729.png,overlap,c5ed447fc55b3fd5a943a28eea00ca3740630ff178e74f74f50c3578a3e09f9d,132.4
eval_00730.png,overlap,4ef99f951572d73ee8ae20c638bb392f6cf4255ade6cd3794c04a176282e5f39,103.4
eval_00731.png,overlap,99e79c1e72c6a02d674a70f14f132b8f34e720ff4c916aaae0829117e9321e44,177.2
eval_00732.png,novel,71f66863faf7dfe00d953387994a0a21a9c41c0e0ec17174c39b0e68cf3dcf5b,155.5
eval_00733.png,overlap,43ac359e5c67090005e3e14ab451b44ff638bc41f965496adc2b5f5fd37411e4,167.13
eval_00734.png,overlap,4a779ba88b98fe482ea1e387609d54a861d3af0636dc99d52da2dbfd64d13109,151.06
eval_00735.png,overlap,5e2f64154c912574915a83efb8b10ec67a7e7a53ffd087b0e28d02afcc1d0515,227.51
eval_00736.png,overlap,47e1e9bae22bfda18014ee5ef531a9edd6f6deb6b86abe002ded83911670b49c,129.36
eval_00737.png,novel,5996f5523681bffddf67382afbddedc1ba60438f391155cf06f586463c6f3e83,277.85
eval_00738.png,novel,4aa9cfc2c14963cfe02d6ece7a501acb9a06152509e7629ce9315fb456936695,165.33
eval_00739.png,novel,2532b503983028f4eb5a4f4cf18a14f13297dad7a183522121cdd74ad96a2f4a,100.54
eval_00740.png,novel,ac1904e4b304116eaa69ff28a142e63ae3c311701e389c3dbcfdd4354f445d22,127.99
eval_00741.png,novel,0a383a55f7d6a18660d0d2bac29d94ffbd9386ec28fb7fe2b827a32dd78447f9,135.18
eval_00742.png,novel,d5f7f8782318e2bd8e94aab1c62ad2bcba0913fbf9ac853a7229d539e5c3a15e,90.94
eval_00743.png,overlap,c69e9b8881fa5188897df27973313f0c4c68e2d0470cd852496bc1433d60aa81,141.96
eval_00744.png,novel,afc1637421042ee29adb708abd017651f947f6400cf1c65b1c90da7ef713ee21,155.66
eval_00745.png,novel,e7c78b3b1ca3448e7d4a58566a605ca81363154b253142d9ee2b79f3dfa00ba8,130.52
eval_00746.png,intra,cb40c77e5bd66a7d5634b83a45108396c63e2609a3931327a58dad4840b05aff,91.31
eval_00747.png,novel,9b750a8ed7f0b127fe3cf777e61f7684ba96800a98d9d776aea147d83cb45b69,128.51
eval_00748.png,novel,ee8b294a8765a5682280359d4cddfb6539a2433496bc406f751f2bd86e7e612d,127.73
eval_00749.png,novel,797be29221152851082146cea137eeb1fae8d77b7d9e802efbfe148356b36df9,174.52
eval_00750.png,novel,f6d6f47d8433b3430272fad4cc7314f0a66b14ade7ca1ed11b518afb5e8b06a4,159.57
eval_00751.png,novel,a1e436adb30089267bd53dcbe2f024fef04ac591ec16b070b7f613bba03bfe7f,73.89
eval_00752.png,overlap,60e45537e03ea4d58927d34fe0971255dca3570fb15cf5068a7bdae596f69773,76.33
eval_00753.png,novel,ba3ac578a8dd1bd19b55dd8bc611fa53f6651fe908886432d43cf53bbb2e0798,34.2
eval_00754.png,novel,ac9290457723a183b1c83d39f198a4e469a7a27279104698f7a55e880366bbfe,130.83
eval_00755.png,intra,9f7983f5fea3b3c8301946c329f4042b7c4e5dc66cb888b1345f41e042288723,20.75
eval_00756.png,overlap,de8f0aeb7091f47e9221de732f6197e42811cca51dcdc2f9c8810f94d262d6ec,119.36
eval_00757.png,novel,c669d2de13814007f85c6c936cf7251c752b9c18fb0f396ed39411a169ec9389,122.98
eval_00758.png,overlap,6f689d31cfc653b3afcfae8616b87238fdd89785a5cea8d0addc5a909f77bdb7,66.29
eval_00759.png,novel,cfaddab03f653c37d635737d9b25c72c1fc4ccd0f89c8f1139bcd9a7506c7cf1,154.86
eval_00760.png,intra,7cd074df9257304f6094671ad27a316499558f67e67a238d40ac19cbc733928c,278.21
eval_00761.png,overlap,f9d40dd7720f455ed499745fbb86eb51aed3ab25b046eb134abcd7828f9f0aef,141.93
eval_00762.png,novel,b88b92f815c4293a6d125bc2aab06f72bc355822475ba5297c25e5d361456f90,135.53
eval_00763.png,overlap,0956caef22d74ca5ef640b022ee49aa61456d785043549fac4a208fcc7a65656,108.57
eval_00764.png,novel,8ec9f8c84184aceae04bc5269a3875dfe0cbebabc36342bd20b0272030f0ecae,152.32
eval_00765.png,overlap,5c6d33b2543117ae26dfbb372bf71865d0ae2028ff46d8d3b460dbdb3670f3ab,282.12
eval_00766.png,novel,b3e5f1b9558b867e0d7f089a5a603f3f2febace34ecd8ec180bb6ff1062969a2,248.39
eval_00767.png,overlap,85b5c9b34e1d86605fc5b157557ced6058e2f49e5dc53731df36886f149d2f99,297.68
eval_00768.png,novel,1095e59be990a42e6d7c7438144c83168e564f62eef760a84e7f3d97d4351cf4,285.47
eval_00769.png,novel,419c89af7dbf5b766ebeadb93cada7cb0fe37c372a0ed90892f685238500945a,153.91
eval_00770.png,overlap,304e41e476118bd3769f3bdaac2baec2b06210c42f39d18b04a84535fbd7f7d9,12.51
eval_00771.png,novel,67e569db7684934916113d44996800019031989b7bf97be3ce57c984593375ce,153.08
eval_00772.png,novel,efc5457e79cba006ebc768f761a53a63db1f9f289a2e7a1f260c57e15ab8b1e5,119.55
eval_00773.png,novel,14ac8b5744cc1d42ae311e08bff7f11888449f48e8def7ad957c7170a254fcd9,155.58
eval_00774.png,intra,493edda2ab56c34ae935d331f6d08395369e7e426ef949edfb33c0ee70dd69fd,199.38
eval_00775.png,novel,48093408bb91c38bd6b2d48cae2761f6c916f7a564fb00b46751f85ec9e56597,94.47
eval_00776.png,novel,7620bd1b64780fbf41f6ac08fc09163e4c928552d590ee26a2325c171efd2745,177.03
eval_00777.png,novel,6c788715d5d033f5eda568bd8d189e19fd0e3f24a9f9dbd9751af7a86d4b25ce,245.42
eval_00778.png,intra,242d7ac78c33c2724cbe9ad4eab5f21e40c315e35d1399f0d40d01afdb20db74,199.83
eval_00779.png,novel,8216fc19e91364c7d36a8be5d6ea7988effacb2a98b665da2bfb160948715c57,91.24
eval_00780.png,novel,b4441a5d8d54f0d688a1b77b25fed19ab2ba4e918a3ea2dbdc0a2a6daa84af84,156.98
eval_00781.png,overlap,5c625768ffca8942457d38f7ed49f6b843f7044330edae1d16eeaa465bde57fe,115.07
eval_00782.png,novel,368326fa038423fb5a64ae501925fdc226a701dfdece3e357263266255ab03ba,124.26
eval_00783.png,novel,a162c482dd3e43575b0f01c2de3d7c1fa4d056afd450e02f962b30fdde8bc8ea,135.67
eval_00784.png,novel,1c1a7a334d6a2c24a7675b908535018b7a2538ee3966e4759648dc183f516277,177.25
eval_00785.png,novel,a3f9a0e7655392591649a5da9cd717bbef3e997f187d57e69dc15e2ea7bfacce,158.44
eval_00786.png,novel,b4386d22e19f8d017668156d731962e407bd787c343f0cea0c6a259da430bcc0,28.92
eval_00787.png,overlap,051431cf2a81623f2ca4287b2f1571d74fd9b881eb3a772bef911604ffd9e4f4,126.1
eval_00788.png,novel,df4cfa6411d95bc0c3a74300d246d583a8bf303496e4da240d6f65ab36c4c25d,129.65
eval_00789.png,novel,1f5c2c475d8dcccd00475e80073bd71479bc99c75bede675b4f1e29ab47b45cb,84.44
eval_00790.png,overlap,ba76a5db3a1ba1f186803eda464630a47d08ffb5436a61c5b712f6db428e0253,90.51
eval_00791.png,novel,6efbdcf31c7762cfcb39d346258af5e6e61c3d2c0c43a3e70765d8df10ad2047,24.95
eval_00792.png,overlap,14efb2fbe7cc46b469fc01fee0e8c23f1c2925176818cbcd2242333623555020,261.53
eval_00793.png,overlap,a01cb4a6e2fd7e765b10ccd5dbdcfaa8a88524a220cbc13a176db05a95d7fdc7,121.02
eval_00794.png,intra,d18e99057fcee22715f2b3c2aa924d625dcf9b6b253b0f416e42a044c768b5de,298.54
eval_00795.png,overlap,1d8ae1078954ab0bc740262fb6e5fdab0b26cd3acfa6ac7364ca74fad81431d2,145.69
eval_00796.png,novel,d7bfc5a00b7bb59bfbc2725782f436710886990a236d1a583757cb53b78e4ab4,94.5
eval_00797.png,overlap,3dc5ae98034e310e3b733895eda757aaf0efa4c717d5679b86658d06f332e830,101.69
eval_00798.png,novel,16b57683e21882ea62ee13685d9e996dc753e32692791ea3f5a48dfa40b88d0f,106.13
eval_00799.png,novel,d9ad0b4c398a949272751ff17f7f93f9684350d3f642c0548a40963b0cc5b371,302.77
eval_00800.png,overlap,90821d7a55d00fe590d0902312103c41e0c8e6dc258866b7df83c9d790adb308,97.55
eval_00801.png,novel,de9473121df39f8c433577721e5559f976da2961c9b684ca64dab420dcfceffa,100.92
eval_00802.png,novel,956a19c0d8d124d64e426cf4737cdfce5fa2584f437ebae445f221aeb86a9be6,4.19
eval_00803.png,novel,a34394f67054d122a14e847b1d8b5a570c6cd1275b8a9f5c1779b530f8cba82f,93.54
eval_00804.png,overlap,b3e58d847a451eac579efb183b6e2b982f6eb6dad15422fad8ced24a792854a1,95.41
eval_00805.png,novel,1e2339f98339bb98570b95ba0c038386ceca5e42a0dc2a58617ef9748cee3b05,105.72
eval_00806.png,novel,5637c0da5bc88a50d1cf8861b2a8321cf3647340ef6725d7a85ee0976f076fb0,138.82
eval_00807.png,overlap,5443e09866760146bfc5ef6fc8b131fc0f21977dd42854c968b0cd6543f564dd,126.89
eval_00808.png,overlap,bda08c51decb3a6f531ac34c9ad0ac2564fee3ece72594f6a553d716812db76e,53.99
eval_00809.png,overlap,4909cd4bf554378eb60f733132267476da96d547c6712af2393958ebbb046f51,179.01
eval_00810.png,overlap,4343f8d3839c2f7097e2b9a343f9f6b379531be31a1f832b3979e2b9bc3bacff,139.25
eval_00811.png,intra,cb170fa52dd3102a9a44c992e2361a1427c7a5279afd50d69d075a775b13dc08,226.94
eval_00812.png,intra,d18e99057fcee22715f2b3c2aa924d625dcf9b6b253b0f416e42a044c768b5de,175.74
eval_00813.png,overlap,0dd08be9e70d19bbda9dee017bd62eb34c4b9a5f4da8bee4ab3616207b6e855f,294.28
eval_00814.png,novel,b2f7adf42f5860138c746772a66d267f1871c2e4ca2d40a6efa7fd7f705b356f,171.68
eval_00815.png,novel,8a6a36619f927d6ef681c32ed3d921f2fe3e9e35c957325ab6fe945feae278ab,158.51
eval_00816.png,overlap,4197219d35feec68c3b63def624f71261b8e2084924b66020dbf861759e5d618,46.0
eval_00817.png,novel,8310e645f8577f0987f8275b04f507749e080cc779deb73dc44c310f48a7a52c,358.02
eval_00818.png,overlap,f11874204e6004f87b3afac4512a884e7f1708eab635f956889a15db833bbd5c,7.1
eval_00819.png,overlap,51219969c2ef658fcc568ea1c32b0a8f7e7949c20111243508341441d27ec4e7,114.98
eval_00820.png,overlap,b182ef8b794cba1513ca9afb32670a432df774e9322b79d2b7d200a1d3021644,11.56
eval_00821.png,overlap,4695649658e0ca636b92d4c96c53700526f2eb785f5e39694bad66986de6497c,198.11
eval_00822.png,novel,c2fe488706396336829cffec251f7dd0969b186aa906fe2b570f1713446fb0f7,141.46
eval_00823.png,intra,53e9b4f8202e25a7855b4e21892d9bdfcb7db0d6a3f339cc92575f8108e4df93,347.29
eval_00824.png,overlap,76aac9eb906b6ad90fe993e6e5786f1404b47e0f8c106b03c5e61e99bd1d2901,108.6
eval_00825.png,overlap,79c97d961798f8ae8287230e7ef05366f2452aba039d4b94886f5abb84ee69ac,137.02
eval_00826.png,overlap,4837a3a01aeb0a4bc577f5aaaf3ed3d7682cbf6b41fe331fa69e4831612fa84b,124.52
eval_00827.png,novel,38576ab0abd0f52826cca99cd3b7be6b56e29242bb8b9641a028bae23d50891e,15.98
eval_00828.png,novel,00d4f5e3a2a122379fcc3a3c80f76884ce8fe240405a9e60b629b7f7c741d916,327.02
eval_00829.png,novel,069c6fd45cd68a8fe54d3a1d9d7b40c1dfbc88acefb16398f8baaa85d89d69df,121.86
eval_00830.png,intra,ecbcf3703064801ca79f6a5f6395447c5325b7376dae0aa8b622d82a61d756ca,121.29
eval_00831.png,novel,c37fd921affd2ad833c381042f1fc4b695bc86ac091e193d84abc2170fc429a3,84.02
eval_00832.png,overlap,75e80dc5e6a4cf872cd3c1ee01627eddea29e898f04aa645abd475c35589b810,175.86
eval_00833.png,overlap,cabd50951a163e5e65cb5989811de81cf3268fa273f599a2bd416b4fd1aab815,148.23
eval_00834.png,overlap,f20a50e7277c15762feb6f1e957930146f360c86f7b0b18488bc8f07ad4164ea,148.35
eval_00835.png,novel,3af97ba63a5f5e2ba412c050ce39c4056e51018eabb05d5ce6caf34df049d889,146.45
eval_00836.png,overlap,ee166fbd6d8902ce2efe338716ec7769d70b3cab1a4ff04b5f99f188dc1e89a7,144.31
eval_00837.png,novel,8473af18263d384b4725862c66cbfbd273a15817397eec38588b6dc115385f90,112.6
eval_00838.png,overlap,e529a549a65587ac60fb7e0d936899a1e88d6498b8bb57bbf3d38945bdef0a7d,241.79
eval_00839.png,overlap,93ad7d9b748cefe998e0d1ca48b41ca4112353a0cee1d807cd8118dbfce923a9,90.32
eval_00840.png,novel,f92ede4afc4bf6ad416899290c6b70fa90aa1ead38eb7f75c1dc76df9448c5f4,83.03
eval_00841.png,novel,fd620b6b90f1cce2422b671d881b352f0b3f64654d815b23ccb74bff280a94f8,176.16
eval_00842.png,overlap,66d4ee09d47a6df52b48f0862e57019abcc515463c98f1c121e6336469fb9ac1,165.36
eval_00843.png,novel,4aa0f52011aceea1fb2c1da07859c30a2056644c31c8a7811c409bff238d1dc2,261.62
eval_00844.png,novel,218a9359c0152c12b891eb1aa23ea0e6daa47a1590f99f03c26feb8aa811a84a,165.0
eval_00845.png,novel,db19957843755fbbc90c6420755c62989396e257508224d0baab4bb44d9627ed,154.6
eval_00846.png,overlap,d90d0d8cde6005fb46f4c6a32364304000b103a4acc710079e32fd6bfbfa2a4f,116.8
eval_00847.png,novel,715127d4ec6a2cea4a7e1d5780250a732d27810f39292953879fa3bd110a2182,134.51
eval_00848.png,overlap,131161ab12d30bee6dde0efc38207c54f350355d67756183fa940289a8cf5486,23.12
eval_00849.png,novel,8d445872f067baa57fa8ac1ff381cc2f6b67a8bc25dc7eb2fb5aa9293b70da2b,163.93
eval_00850.png,overlap,2e3a9ae40630676ddb148751839af379f3d4fbe67085b72d42109c58e7399f5d,134.86
eval_00851.png,overlap,57422accf6fd6a54172216324cf009aaab1fe273de7e5d74736eac8bf1644d64,13.52
eval_00852.png,overlap,2eca534248e9703a61d91c41bc52fd8da5d4a211a7ff7c328b656e6251059eca,137.2
eval_00853.png,novel,b5df8095571a6c923ee0701d47e040b214962555466957d2173a0d24a1b6ed44,161.5
eval_00854.png,novel,c92c09fe828e78a2589ee6f8d028b104efd86fc5a077bd916170cd2b121088d0,169.88
eval_00855.png,novel,14fba3d3d4e9cf9b5eaa0feaf568e15aed205045ced5e8f1daa4f582c34ba4b6,142.25
eval_00856.png,novel,e9adaa62394c5d906b468cafc05d6f4ce4c0772a62adc5fb29294f8f290462d6,107.35
eval_00857.png,novel,5cafccc4c4f0fa7c1e3bcf9b2e4cd0cbd0ee904327ca59413c64ebab10811d0b,183.91
eval_00858.png,overlap,976b99218669031343b55922f8d41e7a49dfe260c3d1b0eb3e766976f97f1d0d,147.94
eval_00859.png,overlap,71d89ddbc83b111d1e62ff32485ce89c2e311939ed23275bdd19b1938f5e12f8,93.53
eval_00860.png,overlap,5320f34e5b8da124e47b212c0a8d634a2962d62f35f172b7b61a9778895a7d01,185.03
eval_00861.png,overlap,9d60a5ecaf51275a1f4cf74ce2f8516fc470935bd76ae664e6c0779ef92f4b21,141.28
eval_00862.png,novel,934ec75474eb3acc236ac7913620da8b762ea35b971ba57460832094b2f9458f,97.49
eval_00863.png,novel,3a0577ecb986ad8e430571809651e4e673208564ef0a02192b046b738b080262,127.1
eval_00864.png,novel,a2e3df90805fd2b8302ff498acca69c37bf6c7e908c3c4e5a4f5adeb023a72ea,288.44
eval_00865.png,novel,4d47a9bcd146d6a23b06fd33ffb6cf53e2b89eebd35ea0bfa62d76013402eb21,118.18
eval_00866.png,overlap,5a06ecd71e76d714f95b05bb7aeb5d042166af95c3db06f878e9eaf442090689,141.2
eval_00867.png,overlap,7941daf318dd5bf4297a8716855d8ac0c5a3ac0bcb157e6f2aec359ced3c1990,140.42
eval_00868.png,novel,26a84f8f36aa1faa3aba1f268ab27adcfb29b5ebcfcee5c2b65af4300e89590d,291.14
eval_00869.png,novel,7bda22edf88f6f0f35dee3a3b323bf087de682abf067f29b9a22affb0bdb9044,99.42
eval_00870.png,novel,f3c12b64def3f1e25a8740f6a55cc1b0aa5f43351021d4033a113652ec4bbff2,65.08
eval_00871.png,overlap,5fdb1446cb273987547aba812147f8e0e4479de93e09c06c4ba28042d0de168f,177.22
eval_00872.png,novel,cf8ced6ab84553a3e4e170ae8839650f1354a99eee78aef928133ffe47a3d2c1,327.27
eval_00873.png,intra,c3efcf16d2abe3bc2abad1e1204d145f42138454a1c673b3c53695e86991f556,229.91
eval_00874.png,novel,439cd4cb79088660c616dd3efa15f6fa515225571096247e034204d40b8964d2,262.02
eval_00875.png,overlap,a8f10efbb040aac595c0459606a94ca27f0e593e874715edc08ca3c740b45304,128.04
eval_00876.png,overlap,6e8b8e41083ba88f3cfa3b91fa2483d42dfe2535760de084c4ddbba0b01a81d0,167.5
eval_00877.png,overlap,2b7d654aa9722bb759c86facd36c93df523358f3ae98efe4230a8e6747da52eb,102.81
eval_00878.png,intra,dcd5abeeab9a7cc850a3ac0690bdf67af4fd9c6a9f014a7370e851c0bb75619f,97.92
eval_00879.png,overlap,b5c4f1959b45bc0cef2f1f59296ccceffeae218b6873a0ef155934626fbe4bbb,96.5
eval_00880.png,overlap,0df7937e541d7c1f465e062d5843963d9775f2b4b340e91b2fbcd86f68fad514,279.66
eval_00881.png,novel,d018b20eb09e1e4d92ccccaaaddd82136573c3dffb26a767b8085cec5ca9f4f1,103.73
eval_00882.png,novel,9b005ce2315cc31c3effb1e5cd55e7444fd3925b51184dfd9f7fa1743481c236,67.07
eval_00883.png,overlap,f9d964f1c5c0ffd71f3a6a754873e3b7f80f47ece21961a2acc83f95426896fa,332.69
eval_00884.png,novel,8224805c785a74bf18c691ee8058cbc2ce85099a22a0665f3d2d9ea346fa2b4d,356.97
eval_00885.png,novel,fdc643769fc6a7ec3e484746f7394115a4af5361edb51d3d37622bff442557de,153.39
eval_00886.png,novel,7a5bbe9aaad13c250379c2e2d24039218d65c8fe48d3034266d33a21f20dcf0b,220.04
eval_00887.png,overlap,8c8c8b349668954d9c451d4d4858d17403b7b3c6957f8bcd83e1cdc6d5d19ad1,115.62
eval_00888.png,overlap,09ebec8a9c7ebabc3213d01b7443d6c5e670efc6751c168b78203f16f3a44e4d,347.9
eval_00889.png,overlap,5390fe334df06113276ee1a9a5c7fae3c64b11711d3c73b6d952b1eef99821d7,144.68
eval_00890.png,novel,a8acaa271dfb91c29f2508e4d338062d0593e5e30b1f5da0c98cfe9fcf282284,166.25
eval_00891.png,novel,ab0e0f0252b60eba8f91eee3d28c46e63500c34dee5b0be6471c2cd7d7b2d642,178.23
eval_00892.png,intra,4dfdffdc37aec6f21c82a522d32398372e095a6e954429550a53da441edbda9d,354.25
eval_00893.png,overlap,92b03f885665b3c65982b3b54625aeb6d2e8de17ed6438db0900178ae9cdeef1,155.8
eval_00894.png,overlap,1daeafc61f29b6f24e5df8280a3807f16a8987cecdb8f4b9f75af99309d37a85,115.54
eval_00895.png,overlap,8bace2b87f42ba116d754409257f8f738080e7c6085cbbb04a80a1119cc95284,112.69
eval_00896.png,novel,d74820c5d5b097deb7339f3d86544957c3208e10e19d4c67b2894ee4ad5e4361,98.87
eval_00897.png,novel,9b8cc1f9827e7faae6e39118c12fc4f8a3beb389574ab3ed3a2631641eba3d7a,161.31
eval_00898.png,novel,1625ceaacd2152376f6e36293199da8bbe08d784f490aae26b9a6a51c313e936,354.75
eval_00899.png,novel,ec7b95acf03d34cc90b833eb54f20d204586ceb24eb10c32fe68d6d8c78c7b7f,115.94
eval_00900.png,overlap,aa602f563fa0714580ebcd1408f9ea6d666c2fca758d0ae89204bb5483f02b59,124.54
eval_00901.png,overlap,361d7eae0d16a2320fd3f546f785f2ff244061f5b699bb11ba83614d48ba2900,154.74
eval_00902.png,intra,79bb353feaa89d77ad8f8a2b0f3f11e3587d2e4270f517b46fc4834280e0a8d7,8.88
eval_00903.png,novel,187118094e348522eb51fe0a9a31b4893964b2f0ae41f9edcf31095140fc3bab,280.71
eval_00904.png,novel,27be1507f24fd40808466309659abc05caeae06a11cde3f102589838d68b9b79,122.62
eval_00905.png,novel,29e05c458caad481d454706571109ea747ed9dcc2bf980edd81c125cf55c1bfe,135.81
eval_00906.png,overlap,75b2515d399a9a0699cc9d8dcee56dc97a9256c6b0ae6af3c7ef6603f4258373,249.41
eval_00907.png,novel,7c3743600d5fc71b3c0e96fa44c95ef4278c1bd4232d5cc37cde2083aaf7b1b6,320.07
eval_00908.png,novel,dfb3e5993cfbb49ed89df8801f6fd0013ac78f12f4b7bf3015d913fd3e45e82b,159.26
eval_00909.png,novel,7bb6288292a023c276a04ee5ee42185a9e3984b318dfaef565a2679834373a51,80.91
eval_00910.png,novel,514c4b6e25aa666bdf7f6e1acb0a760bed57208cbe2e111ff620f6648bc90d08,215.87
eval_00911.png,novel,21bec6e0371fb89fc5ae65d5c7d6b5a580a225d03f269081fa0623a5394411d1,39.79
eval_00912.png,novel,8b1109eba90a0eacdd11b227e9a4c5258194fbce1e958c27b351bc62825a06c1,220.43
eval_00913.png,overlap,7cc8287c38cd3225b30d414ad92333c959faeb294a8b9bbac194addf6fce318a,57.68
eval_00914.png,novel,ce35e98f04a6cadc1e9f247cf842504a21f6ab140c703dcc56bca594f54176e8,30.52
eval_00915.png,novel,b18ac34b70a9e20f9b98578924ee1b09108dee4c72a31607a5924c2f341a23c5,168.9
eval_00916.png,novel,ec6cf017080e15e780365497385ff9652d7ca7bf7f6d9c12e2616aac029cfa25,144.87
eval_00917.png,novel,7bec37b2d76b0ef4698769bd6e4a83c0701c14f32aab291fcc80a7fdbd9f1040,121.68
eval_00918.png,novel,5a7600b9be52fe1a89136ae8fe429269eafdac00f7a1ab450a22294190bf8476,279.59
eval_00919.png,overlap,8dd9cb229a73726ff0c6f3a85b71092894171b13b4a1093feebf830df7ddeb0c,13.28
eval_00920.png,novel,09a02585265e678f407a430a6c62a377aa542502cfe459998019a1d63ebc4ad1,307.93
eval_00921.png,overlap,e3727a4f6919208ca156b8b94ebe59a374d9af28ddeafbe4161828f31c1c12b4,231.71
eval_00922.png,novel,3babb5b298d7d59d1527327ab13dcfe497f61c3805065dabf803c38bfb83755c,110.18
eval_00923.png,overlap,5521c3351c9c7d3be4ba25df0a40d78844ad1ab1c476557bc1b5e6e46e94eb78,149.82
eval_00924.png,novel,acc6d12da7d10d41fd67bbd08e3a6e9aa819bb7f7a62c19b1be30af955ccf782,160.01
eval_00925.png,novel,6ee883ca2dfaff87ec76410c5de556e500e7ce83e4569ed1d613d80f514c0e0c,153.08
eval_00926.png,novel,3bc1e374c994a1b4db9b0b6aabf70ac08572c89441d26004301ada3c40e40f50,87.74
eval_00927.png,novel,7177e0791e174f534dff538365fbc9c25fb391099920f279366dfd160feffe93,127.92
eval_00928.png,novel,1ae492803c48e6f9500f49cc6853353b93a9b9aa0a6d7463f3ec00d045de01c0,155.34
eval_00929.png,overlap,319bf2a964ba76d8dee42b39b08cd7d29273ea870f6f679cde78d5708e8d91be,165.79
eval_00930.png,overlap,eb631d4b009eb0d8f2f23feecf07ee630776c067fb5d356b1c0376ca7eab9d18,88.78
eval_00931.png,novel,c04e2f3dce702e0d0b9298a81f2381aeb0e86ec8aa31254d98b566bc36246e1f,72.68
eval_00932.png,overlap,a461157b23892bd46754ae8d588c89c2bb4682521c006f0d18d5bf93699564d1,108.21
eval_00933.png,novel,dcf0755b86a36e65d66239507c7b01ca76673ef0e0f9fe156e2bc4928bec7cb5,305.29
eval_00934.png,overlap,70c27b91117a4a929cc40d11c4ffb9f3a29b01f98ac29946f51a648bad2778c0,215.29
eval_00935.png,novel,5aa209599e1478b962665b4a19e8b88139f307c63507075cb4b902c3e6abb1d8,154.95
eval_00936.png,novel,7c5f46acc84cb870f895e915c9c63461e981d91221c9e08f08c29967a4d233c1,148.27
eval_00937.png,overlap,9fb9ac01ddeccf5b40808c32b65792b7239c14d8a963101652410a6d50dcd069,179.4
eval_00938.png,novel,7081cf4ffa7bd87b653f3c8243fcec4d88b4f8b0c0048769dcdf159b9c10be58,307.64
eval_00939.png,novel,9461d5d9002cc6da095fd11217d1f4c4fdadf18f33abc80504328ff5d375dfbb,131.65
eval_00940.png,novel,c763c6dbd539ea50905b33c0a319ce9691bc01b77fdd891969d24df6b172e9b9,46.65
eval_00941.png,overlap,c696be9bcde824a8e22ceead194dd1b42a9bad7432507a6443b9fe1e47c5b2b7,354.79
eval_00942.png,novel,bb24a37b781d86de3b4c3f8318726c2a8c95cc54a4e43cb5627f8d4c002ca623,320.06
eval_00943.png,overlap,e546eaf0ca3a9cb6167ea90650595de5c4f078d4da81365487f1fb4b3195da2a,122.03
eval_00944.png,overlap,83611def1297527f36bcc748cd608c91578977e884a48d53f600e7fd669452cf,170.21
eval_00945.png,overlap,fd84be2c0f3779f67e1952af8b15a747c03ffd7ca0c74e5fb7ba056f00115c55,193.11
eval_00946.png,intra,a5459cf297827c2c7a9fe4ff8aebeb4bb06e9d2cc296808a86a74395ba4d3f76,301.74
eval_00947.png,novel,2d3dc295d6721f0190164fa589a3b2e844cecca9a2fb18733d508154a3ab729e,205.45
eval_00948.png,novel,fc61d19e17efde8e23eb8e81dbed48ccabfab59cd8d59bd7541ddca49c1576bd,187.94
eval_00949.png,intra,183b484be55901e17f06e6e164c8d0c38b42edbb6e21307b72f007bdc663b6a1,147.39
eval_00950.png,intra,d00ce4dae3d018de372b0db8aa6a22968b2fb37218f7ece7d6723cc58ae5f31f,358.98
eval_00951.png,novel,63e2b77fc1cf608354a4cb629fc97c13a7e6e7651eb34038c30434a76f948a34,214.64
eval_00952.png,overlap,33791e9b84f9587d29c77de16817cdb235a380968a128294257c950b21669b5b,98.88
eval_00953.png,overlap,4a9e7defeb7e1f752cef5362e9bb1e53edf3f8dcc7860843ab7d6a2886862190,327.43
eval_00954.png,overlap,6fe507d10d8124fd7103feba1e67117c29c54e3a63e19a3e04aff1707ee68777,120.29
eval_00955.png,overlap,95cecd4c41fbf6a6d034268ee4f8a7a92ad65af401cc9b449836edc8acc07a93,315.69
eval_00956.png,intra,3811de6426ebb72f80c5c476e239edb4748adff7e20e08fd31805112727209a1,127.49
eval_00957.png,intra,f280002068afa9ccd3e05770a8bf277d84dcd1a340ac5b0b4475c0266d2b54b7,175.48
eval_00958.png,novel,884531544a3a8f73cbeb629b89bcc9ee64198133df1bf2e537cb31af8d358734,141.61
eval_00959.png,overlap,27e0b1d8658b27cd2bea75cda2adfb3d360638f252c76be44659bd998d605562,143.65
eval_00960.png,novel,5bf2de68fd98f78248a9855500859750a37182d29039f0bc32274470a92cc455,280.77
eval_00961.png,novel,f4377eb05efd90e398b3392d2e52805ad56dde9ea532e9c36a101f0c00681dc7,149.01
eval_00962.png,novel,7d60c1c0f7de1a461b1c1411d2feeccd343a5c644279e60e538005c9a6512f9e,106.3
eval_00963.png,overlap,eb26e178ff1cbb6f7a856f983723189a8f02c73c076c12a2d165b27eb23d0613,225.07
eval_00964.png,novel,917e3e9a8e7711133d324f9ce06e538e641a608f13e36ec7591bbb17bad40598,109.91
eval_00965.png,novel,ed76c85b83bc7f77faf2b60f8b14011ad44f0e404a75f9570ca207ef3253116e,259.01
eval_00966.png,overlap,27c0dbff0121b3dd65b0d4aed04cd3bddd8932ebc42133f774c50c0f062e9532,125.53
eval_00967.png,overlap,8e528f1dfe9da43473bbe71ed8730b4a183114ed5114d06069ba55b4299dd75e,174.7
eval_00968.png,novel,1568f1296299aebf775c37194d73900454ee4f9e51be2e90824bb544880960c6,132.6
eval_00969.png,novel,401bba29d13ab3d0a9420dfcc72a8d710c71f4f5f54440c7282e7806ab00b831,116.76
eval_00970.png,overlap,38c6056797be2352af0bbbc16ada2869d422de1131760d29757fe3122171cd0d,170.56
eval_00971.png,overlap,ee61386339bb9d181c0f66e9aafa434de8ddf3a1ef91c36883cd10a250cfdc15,124.27
eval_00972.png,overlap,6b94a6f97014269e233ff891352ebe3bcf0501d980dedf15c4c76ef2d6f4e05f,256.69
eval_00973.png,novel,6efd7d9b20020b3af84faf05fba4e47340e3a344ea3cab0c61ec08e671165e0a,123.1
eval_00974.png,overlap,8dc5afb2cfa61d6de7798162c479993c1e41fe3fd8fe5c09c1d46773e5d2deca,132.74
eval_00975.png,novel,5d5152078521445db364b3e498d7575e7d42146cf38e4ca573149589fdcb0a46,88.23
eval_00976.png,novel,213076d836e412ef13230760b3844674fc63a59f67f0ed7f0aaff953f3f167ed,90.17
eval_00977.png,novel,fa256ff0d36283e1fafd99e32fd8dd96051ef9f3623bf1627ca89e8e0d89142d,166.45
eval_00978.png,novel,e973e85272aa6114911b86c57bfc7927b76cf3c5dc99d69a9c5f068877c7538e,40.18
eval_00979.png,novel,381a000f7f0bd4cf85af4c17b6effdeeafd31ea6ed3b72431f479720653e2395,306.13
eval_00980.png,novel,2ad526f6cd67ba4cb9ca63ed28acb8bb33258805dc8eac5e5baae5cc500f533d,130.96
eval_00981.png,novel,461bb7d0f82d15c808af4a9f9eb5e1ee3fd9b94514e6a8722b35906ecc49ddf2,134.1
eval_00982.png,novel,00d2d65490a94e472848356097c7cfe58635484b7a89211b8a03be46cc3c8e85,172.76
eval_00983.png,overlap,2c056c74a1cf78970edc788921b225cb837efa98447449d753521da3009348e3,359.62
eval_00984.png,novel,19bcaa220c88a6b6fcaea86607d7600ec07d5c087be4f08362213b3aa2a08b8a,98.72
eval_00985.png,novel,0e246899dc4b24b9951ddc880e535e8098787827839dbdbee2745176e17e532c,167.89
eval_00986.png,novel,b2890716e60d85f451241355ba66346686ac34ba6ea77a52dc1cd51c9ab174b9,120.67
eval_00987.png,overlap,ae4c62d602ec4f04248410a42f3beb7d6718a29deed1b418482b87cd0b77cf52,144.83
eval_00988.png,overlap,0984db326bc53c32e26a0f59580a02fb4d5657987b13e55365831c076b482a0d,182.15
eval_00989.png,novel,429b846c8ff76fe38412f4ead0a571b32bb23b7c807428cff82e6f5a807ddbda,270.42
eval_00990.png,novel,73d662e14076600884a5dfa1c99a8148320fccdf2957a9116e2d4edff27a44db,133.55
eval_00991.png,intra,70c6204eb2617f2e8cc518fe23aa853a08750e3ae8eb8a3908c5513339b09816,142.12
eval_00992.png,novel,c97d44f73d7bd4071efd27c910f97df7f0c40ab211e88115a9092e90bc6edcfc,104.38
eval_00993.png,intra,4c8eb2113f25b19578055ec0b80677743d4476cc20d69ae148d3c4db8aa73b13,111.61
eval_00994.png,novel,15abaa38ea7869ead83462042e0b6a5112d70d64bee92f77c88c2337111ccda5,31.78
eval_00995.png,overlap,c98fb1956de4d70d5148e20dabd6289b5d33e750755864e857dc7cea497f3301,202.75
eval_00996.png,overlap,bd80a6767ffbf2b88fc2ae7feac6d3ec34700a267eb7129f228c81404c29686f,138.77
eval_00997.png,novel,83c843210dc8efdd4eac7492c302866a8ab550bde5ffced62b513d0c8b6899ac,147.98
eval_00998.png,novel,ad574cb05e8c4af6a968faba3d4631c46a4ef1e9a8e9e72e7db1dca2b7d3aa20,163.36
eval_00999.png,novel,c1c3a93ec826a65ba2f7059363a9939838942fb8bb368e25f55f4c4084ab00b8,54.42
eval_01000.png,overlap,b1ad02d9586ab6e389acfceec663a1d9ca1917d51ae527b6338c5d62a8814ff3,152.78
eval_01001.png,novel,b4fc4ee2d19cd1e69ee4b8b07da78626ce0f906eed6d61aa423c0b6f64a827fb,147.85
eval_01002.png,intra,8301d748e56b4072123d2dc2f56cd4f7223066a90972c7c7b2adf8f6869957e3,113.53
eval_01003.png,novel,626466d3a78869cd412e69999dcdd85cc93e9e7b69b377b07f781ecd53cfb083,121.4
eval_01004.png,overlap,82ea58a8ee272523273f69e450e1c870856f4fc557e70d4ff26b96a08554d319,175.2
eval_01005.png,novel,08a61520d2197edfcc2f72ff7cec3ee6889fde9d1afbbff87d51b41f7e66fe44,127.94
eval_01006.png,overlap,5aed560e1b51990d9492fdd0324b6d77cd872e470176b77fa58390881bbc891b,142.67
eval_01007.png,overlap,db12498dbab8ee5bc2e3d7945b23166c476ef6b911995496ab70eaa1c08ec5c6,43.83
eval_01008.png,novel,06272aa367031bb1f2ca1426b31d4a65f4ef4c52864c91ecbc8f00b9e61c135b,312.42
eval_01009.png,overlap,7bf579f5346d122a4ac25d3e64089f0e0dc5b840cac97318ce8e50408d3c71e1,147.92
eval_01010.png,overlap,9f2217c12a4819840fe2ee9b6001f5733a3b9fb2496eeda1a6d07c6f6ae269d9,142.54
eval_01011.png,novel,6c8be37ca6acd077f6709d9b3c43e420cf0fb7475e779b021d992f023e4c9f13,95.47
eval_01012.png,overlap,462c5bc4ba320722c9a6a949bf392b24f4e9dda7b53e4967a7b0309bfd2f8eef,294.75
eval_01013.png,novel,a9ac0e2dc7a8dd05558f7e64650ff9ab3785f94c8347776518b58df91da6c8b9,16.48
eval_01014.png,novel,0bf9a3652e172b6044fb95fe204177d091922a243799a7c398ddda13a5df51a9,103.03
eval_01015.png,intra,f280002068afa9ccd3e05770a8bf277d84dcd1a340ac5b0b4475c0266d2b54b7,114.79
eval_01016.png,novel,723b49a5ff89b23db4dcd0686ee258a33f403e20a5c8ddf00f0f4ad81cb58036,107.12
eval_01017.png,novel,c9a18bb406abc35f20f39c87728ae660db308c0fbf27b2495f824e28e527fc29,163.78
eval_01018.png,intra,e5bd4db12f30600d581c1da71d9a37cb1eebc703ee15c76f77a5406657102a50,329.49
eval_01019.png,overlap,80cc30dc8a59a016dd7fdd5fdb8e0928b08ccf9b8c91c2a39f8eb2129b225436,116.35
eval_01020.png,novel,91ff0ed58071f9aee1c9e6b13deff702c86684b65bb666fa3672e2c6036b8135,178.68
eval_01021.png,overlap,a7f1425208c19e2e1f267f34fbc9d6c33bfae79c975d5a35bb9b625c3e842171,176.18
eval_01022.png,overlap,2d178b10b362d72c3fb4b05fb911ed2a6428118fd7139879e0524984b535ff6f,150.94
eval_01023.png,novel,76bef70883287f37025d1fe4ff2838ce9c72a8e5a9542ddafd63029766f6d2e6,142.65
eval_01024.png,overlap,bc5371101629127e0db4b5d34ae71629ff77ed65b7d82a241fcd6a048521c0da,111.71
eval_01025.png,novel,7a8e8b96cff34065ac181df512b2b4425193d51b3f6d1d266c3d93610446db6a,323.14
eval_01026.png,novel,4dad96d50f1668df9ad1a54f99b9474d0553103c23bbe141a908ee4c1e483e78,326.35
eval_01027.png,overlap,ee583945be0a9d3b7dfb80cf4a03aa2f565f8883ccde1b13a3730c60c08ded33,276.61
eval_01028.png,novel,d05610d4ea602879126824d35a8cd7e185081fd533d4306707faf778051cdd6a,178.75
eval_01029.png,intra,2ba203702928d6b7bce9a03efb0307968c35dcacbf0cf5b91c06d5bf47877ac3,302.52
eval_01030.png,novel,35f9851007721e37f385987b3a3cafe725120ba52d9e719fd84e6ab0b9da0854,337.12
eval_01031.png,intra,e9632da60a8042251888a431aaff957b92d2a52b030c27f26496c427f1258ce4,214.14
eval_01032.png,intra,53e9b4f8202e25a7855b4e21892d9bdfcb7db0d6a3f339cc92575f8108e4df93,159.53
eval_01033.png,novel,c430f640ac5c9d3c001d329676954aa1445ef2f5e9f75d781ff22a75baaca8a8,353.7
eval_01034.png,novel,e10d32d928fe3544510ce28b452bf21ec246f82c90a7ebff64bf7d7ea6bc5f2e,103.5
eval_01035.png,overlap,8ddea4a1c3212dd9d5341cee071a790a60e8c4aaf8fdff096016fca221292734,178.84
eval_01036.png,overlap,24ab600adbbedfe979d31094a763494ecf52628a295767737e1e1fcc986b448b,128.45
eval_01037.png,novel,702afceedd70bc19bcb457bf3d64a1c0d4b7e3ff8e49f940ca2fa52cda2284ee,169.49
eval_01038.png,overlap,f81584b335629b48bd870508b94c877c937b2058aab940a134d1e99022b3d815,169.2
eval_01039.png,novel,009996f7419d983343e80fdc59627cd3f42efec21f5fdd8a4301ed78ea100590,252.62
eval_01040.png,overlap,e30b7e895b16f510534c6b14d5d13ecdc0f0ffe6b9860954ec1079cc2e617aad,103.37
eval_01041.png,overlap,8a29e851e98676ef30b4425bb175e66193c48f2fdca9a5e506ca861bf8b39a7a,348.35
eval_01042.png,overlap,4783a0230ffaf9344c3c1c01e0ac2f4ee5720eca4e02e440c7262e51547649f6,203.35
eval_01043.png,overlap,354e95580d7a6370a60519b7c6d41dbd6486a4dfdb23f22c6b6749ccac818d5e,161.44
eval_01044.png,novel,ff62b55054007e034f8b7c88e6f0162e17f1d2287f16e865f19ea30ced110a92,128.54
eval_01045.png,novel,09ad4846d99379ac32cbf6edcfc43b2c255725dfd74c2a74510b6ecd6c545348,43.12
eval_01046.png,novel,5e839303744fc2cb30d0efe93b813a02585ffa4068c9983efc59ef1102d8b353,276.74
eval_01047.png,intra,9beb5892b27f3790aa2e295497b71ce6ec336068caa5d674889744d4cb896463,125.19
eval_01048.png,novel,b980ceffc6e848d1eb9126468c7e8833c31f80f5c316ee9f669359a917202312,145.63
eval_01049.png,overlap,b34419b81eb69cefcf22753faa6d32a0669b752f9d8a0925f7877e01b1e129f4,162.56
eval_01050.png,novel,7821926742ea2ed8bd55a491b3e6f5012b77b6330ecd775def895e3b801bb992,104.63
eval_01051.png,novel,f53908def97693a5336404f6cae5988b27a4337d9449fff00c4dc14481514c8a,128.19
eval_01052.png,novel,b37c49e291278b3fa73454f4073e78456cc78ff017a12a2ff4f8213c5dafccaa,246.66
eval_01053.png,overlap,cace49d6a32cf8bbc155f11f755045ef09a8ec7960493af9e6d6db3a68a88112,138.18
eval_01054.png,novel,254de0aba021ba4d66497f8f8c438166023d52c2bcf978841ac1224acc2062bd,209.17
eval_01055.png,overlap,b976b660b7835cc1e93d6c08817549d6990e2126e1594cdfebc82c9700b10fb5,119.24
eval_01056.png,overlap,0f74ee63b9bae6e5bb9fc6b18c928ac5dbd54a9bcd2312887b53294041d4f2a6,4.74
eval_01057.png,overlap,70cfcb13634bf80c6a3bfd76ef97a8b0c43c95f0f1401e7783dbdefaa7d54e23,243.75
eval_01058.png,intra,c893b7f994b3a775e6340c3112550b606859c49d5010b949553dcfbd507a0140,321.53
eval_01059.png,overlap,b12663423ed15bb2f7d824af0be8f4584c53b9b435b0a00d890b01280490900b,313.96
eval_01060.png,overlap,52b99a8b794ac0c5f17bd056cab0e7ab0e0e4a0e1f76963af4abf2f68a305a73,174.63
eval_01061.png,intra,dcd5abeeab9a7cc850a3ac0690bdf67af4fd9c6a9f014a7370e851c0bb75619f,163.13
eval_01062.png,novel,8ca706068b7a1a4e2b49a332a0b27cd87eba3808c931b7ebe2ad651380825a2d,291.97
eval_01063.png,novel,9957d080e4dbd5818bb76d80f26b7e592c6af0e4c4dc9b6e8a4d709359f83854,16.32
eval_01064.png,novel,7fb35bf9df6178008db6b0f1cecc8bf5a1ae42db3bc64ae71036307a9d2c4281,66.81
eval_01065.png,novel,55e1a3be52d57f6fcb069888c1fc7320b88e2ae1d62968e00ac42a3dbcfc6314,165.16
eval_01066.png,overlap,7b9db43f03cdce114f121050447d0f363618be91beed43f387e33d0d13b7d325,359.51
eval_01067.png,novel,9834d013ecee1b3913b32ff7964f345950a87bbe90ea467dad329893da99762c,181.47
eval_01068.png,overlap,b0f7b98faba7307616cd957ab359b30013bffbbf2f97f088393b03d21cf49e63,141.52
eval_01069.png,overlap,fb33cbd05842748ee1d6b75dd5c40d18255fd7f377d1510d13162ca1be6b1cf7,154.79
eval_01070.png,intra,35a308d152307b18c20fc963415d5abcd0fc8ecf1d1240da00be5196220ef1c4,135.82
eval_01071.png,novel,8f61c743096f14e02d753347e59494f8e723b1d4ed8336ecde60afb52fa37966,174.09
eval_01072.png,novel,94a804b838e98ad49dc79ec1404749f49f08ecccaf25ef10a467b3f58af15cae,95.81
eval_01073.png,overlap,5f59b8dd94a2bbd88e24b4c10347c13247f43dbeaf06667af0f54cc5adb2972b,156.81
eval_01074.png,novel,fd118584e9644b9035af6304658237de62a38e01248581595c3333d64b3cdee7,56.07
eval_01075.png,intra,d9cee24cd10f127ae9a5ccbd92ba506be8dc4216bc074e53a1c5f632d92b9654,133.6
eval_01076.png,novel,48c50b1c7e84f349d19cdf6a6c7da869d456c95f040bcb31b560900eda805477,137.14
eval_01077.png,novel,4997156a3deb787905249ac485e78523096344871210e989548965195d0871c5,103.41
eval_01078.png,novel,0dee216dcc9b8dd964fca538218e4ee54b35dedf1330a65f41ae300cba835888,160.83
eval_01079.png,overlap,cba0b223c60e97f53654b88eb99f69a0ec443dbf649dffdfd044f6387f46e587,102.54
eval_01080.png,novel,81626cd41a7b145bffeab86c06cf07e7b5ffdf7d3be4748f73c62490d497867a,147.99
eval_01081.png,novel,1047262c5d767dd83bc9bbfbeec95f2719d835de0b654b2393ff3a9bdb7b27ce,137.57
eval_01082.png,intra,04dde58bcb8f4f611f8444a704ab6100fa8a09c57f62531bb92b8c42e51c8dc4,305.74
eval_01083.png,overlap,2f814770ece01208834b373386f6d1d1ce92dcea6b8389e266a46869e6e21a78,145.48
eval_01084.png,novel,25d865f8142619ce129e69a8928a98d4a18c538faa784d1e90d67a7131e2034f,118.35
eval_01085.png,novel,da21b0168e40184cf87bc19c9fc4aa7a2f3e2e580b7c175d681c3180c2ae3dd4,24.2
eval_01086.png,overlap,aaa7cdfb780f0cb5386c7b59455a0c88dc088cbf7c2f8e4a8a7c83be759d9768,166.97
eval_01087.png,novel,e22cd6f8afc5df2bd738c9a83a879c900e383892839befbb26a7dec6fac0386b,143.64
eval_01088.png,novel,71049d4d00996682b5a6ce881853da84a06f281de604f0035a594faee2b342a4,276.01
eval_01089.png,overlap,fbd10455ad201e6467303cdead04b1eed805fb4abca44f1845d1f1fc1a5e583c,178.65
eval_01090.png,intra,9322531108537854f41dc345271cea8561c4a04bca5036d4054a1be111de4f6f,150.88
eval_01091.png,novel,96bd24d89a20d27055e2f2fd52cab767c4d7eb778cd4e197c64c1106481ac871,159.43
eval_01092.png,novel,b60133f576ff0795a0958338f27101ae25c8c816542e752decd4c94ca5d8c696,259.12
eval_01093.png,overlap,370b367222f9b03fd6460fe320abfc3f9eec7c6b965857ef33c675ff11d5948d,131.93
eval_01094.png,novel,2e399eeced6f8499a08c8f3757b74fc8fe6821b9807660d96c66e9ed6397365d,275.18
eval_01095.png,novel,b7ff26205d4a3508f0ba00ed1d23ad4bffdb42dd7e92709496296e4e52c03f89,299.39
eval_01096.png,overlap,fd0fd9d2ae2105e84d9088b9e01946f404ac1db48096c5c9029f2e5358521431,171.19
eval_01097.png,overlap,d0991d0544222393ac559101a1a5032f4e6f76fed0e7721cd0e82986e309e803,107.3
eval_01098.png,novel,6c62a467ad910ae54356de5ae38003a1e33d476dca61d24ab7f3f691d282bbd6,139.0
eval_01099.png,overlap,51f3cce76f63437440659ea9c1e9509bc343fcdb9d59698f74887b4e21989d6c,92.56
eval_01100.png,novel,b7b1512733102178b9f105d8adde0124f71ff9cdf3cdb5b050c4822207753092,209.78
eval_01101.png,overlap,b8f7543ef9ed01e22dd37305cd44feec67805d2aebebbb702a1724f56e98bda3,178.14
eval_01102.png,overlap,9b093eff311bee667fb110250af1b9639a29808f639c9b4bc013a2dc378d0f3e,142.24
eval_01103.png,overlap,55e974f55638dc6e34f21769bf80168f1cfa7732e5bd256c18225ddff80ba6fd,93.53
eval_01104.png,overlap,2c6c5380ee6eb3cfe37a938ab04b7ec86545990ffba995e15793ef30c241a0be,304.69
eval_01105.png,novel,0d986791b5c71358322e12a7df2c5312e9fd85225d0d9d99c8e525695ccdd9c9,173.36
eval_01106.png,novel,0ab2ac9cae63a6ee5ec00bf7acb7c0257da9defdbd8d904f4baad50010275e76,19.07
eval_01107.png,overlap,8bdd86df423229e9189026b6049919de0288be7381f954c73116d943d8f17118,93.36
eval_01108.png,novel,b024bfdfec6d89ca41334aeabe22c0d118cc97d3b0c734e25950a29c96eaeb46,133.63
eval_01109.png,overlap,9f6fc906bd9ac67b354a66559399a9cd85c1f2ce44493d64564eb469f1105ab1,94.77
eval_01110.png,novel,e3c8a3a07ba23dd61ccb28fa10d955cbdb66c468370af86974d0dba73eb2088d,143.3
eval_01111.png,novel,af988bc7ba3865a5706390c241c8094b8bcd02181e677e655c4790b1ca4480aa,109.96
eval_01112.png,overlap,2c13604e4c75387d4b080d45853f133c7847da3d7a9a7b8b0ea6dd7c643de59c,38.58
eval_01113.png,overlap,9b8579557c8e642c7e0e14ea3c53cffc918e89b4189c95ab18e51eba6649a26e,104.25
eval_01114.png,overlap,3e569a1db99bb56ed79896f3dec1e8263e5752d93713b1a1f45593037c5ccafb,256.65
eval_01115.png,novel,90eb1f341ab18affb1e73121898dbaed8849fc1127e9df16531e93ce7f26062a,335.49
eval_01116.png,novel,ff18951cacecb5fa3b53dcd104f2c4be28d6879b8cdf0207b5552be6a55c1c80,118.38
eval_01117.png,novel,1a60a50a0366227004dfdee934a6cde380941e75855aa7b953ed2f9c341ace0b,71.9
eval_01118.png,novel,9e462d3459b5b73606380b3efe157c23d39c75a207568b8bbac1f42dc19ac055,153.13
eval_01119.png,overlap,73510bcdb7099bfc939caa2ec73baecc9f6ee5f5ea02d70c17b1a4bf354ddcea,120.73
eval_01120.png,overlap,2390e5b4518f545f74e006df398cb96a210b97ca7bc2ad0e30c1ebc0ff7b1cbe,134.44
eval_01121.png,novel,e4e42c8c9aef1a81972fd2af296b703835ae5f7783dc95ea62e3e4490c5b3c56,143.65
eval_01122.png,intra,c20d26b78668215e0c3918901d823b368be0c1d4cc85f743f883b759e59b2469,122.48
eval_01123.png,intra,cb170fa52dd3102a9a44c992e2361a1427c7a5279afd50d69d075a775b13dc08,177.99
eval_01124.png,novel,3e819a26f20b67e9c37d19c6d6eb5a07ddb2c396841fcb0e726bb149eec57a33,113.74
eval_01125.png,novel,0b5b1dc296100ed637646e06a62f69d5036793e6edbe3e4d6ee9c74389452e3b,101.54
eval_01126.png,novel,eff54e2a3e35cd5eddcb250e866b849f11805bcfb25a3be4dbd4a63e93a01cdb,316.06
eval_01127.png,overlap,90acd966a4604af10f263ef937d7cbebb1b01e603da2c156cddf81a5121df49b,113.25
eval_01128.png,overlap,fa0f4d138e7762d56aa23089a1903e41a621f6991e34f584073c80df786ee307,171.72
eval_01129.png,novel,5cd275274a4171f50c5eebcdfbc30a8659fc00b420cb902bcc47476436522f20,166.54
eval_01130.png,overlap,f91510e91fd421791c8727ff2d75f484b1bf6361f5e4537aa3485129f66d5ea2,176.62
eval_01131.png,novel,dc83534d612f9e2301f80354fc0e876f7b9752ca55c724409d115dfd29e2cbe4,107.96
eval_01132.png,intra,4dfdffdc37aec6f21c82a522d32398372e095a6e954429550a53da441edbda9d,102.87
eval_01133.png,novel,e0548e5d57b935d1c078ffc444d4c936022dd803d54e1e0a6dd548b150a78d06,217.3
eval_01134.png,novel,35cc7f90a20878ee18abdce5c17ae89b6975074ac307ff454b31b8fad3ce7de6,177.66
eval_01135.png,overlap,38038b042b9c94ed44e6948e1d2f75cf4c5af220aaa346e4d08fe85869a5ed47,95.19
eval_01136.png,overlap,8b2f3422685e1cafa05c9309b6a07bf3e5c5ff5f7830980ca10221f55c6dba71,343.29
eval_01137.png,overlap,11c46f7ed6bac08680661ed61c0bf96f5dfd493e1213d64b3b94ffed7f95f8cc,114.75
eval_01138.png,novel,474fac7a62b353a0c6258ab39c79b624455f7054e7e8a5f57bf257e359eecf26,152.56
eval_01139.png,overlap,0d59c1dba1950630c0e105eaaf634b42ae00e76df44b40c9d4e11b1953919eec,150.73
eval_01140.png,overlap,be187aeab1a69b2903cf304633eeb8c659090949861cc5efc9208d2fcac25c42,171.21
eval_01141.png,overlap,740f32ba92a3d48b6190c235658918c809ba8c113118d7090d3aa49cf5a991e2,168.56
eval_01142.png,novel,0c3953b60812736dd4d061138316dac9e3b8f101a95908ebda461b45de360508,91.61
eval_01143.png,overlap,2333952f01154dfda3074cbb1b75fd3c8f6dbbe49eaeebf831e701da1f0f3545,140.5
eval_01144.png,novel,80313459e0a3764762fed9763ebe5d9248bb7b5f13da20808f9ef24d6fe1da77,103.73
eval_01145.png,novel,9286cb7f7ac1b781d818cc202e7bc7559efc89653d073c492973539a6ed0238a,249.74
eval_01146.png,overlap,22fd9c15961e27a6d955f886b821e031234d5931a291cab8f8a31ce4a1280c6d,105.53
eval_01147.png,overlap,2072975c1c61ae22bbc311b53ea2183176d8ba98958b6d9e4fb0a22d322ad37e,25.63
eval_01148.png,novel,12134ca115542fb20452cabea24e98284aee13c02c8c2b576e07a766683939ad,109.15
eval_01149.png,novel,b8ab51cc924d4167899729cc28c410d4c655a839213ceba339e333517afbac03,106.0
eval_01150.png,novel,cb0d627e6e9f6581aada4827ce8202909a0823ccd9a080aec1de3a41e48fb825,97.53
eval_01151.png,overlap,27f40921d61e9b86f1b41ceccda34ef1e3e5dac01143be57a7fe671375791072,141.03
eval_01152.png,overlap,9ea98cee14aae19e279daf170b8ba81c3cc0aae6bfcea7acf096a3c364439f81,222.07
eval_01153.png,overlap,92d9c21858c35d5bce9e3b9a6234fceab286acbc21de84b8ca9e86506d16a0f5,154.91
eval_01154.png,overlap,90422ecb6d9055e13016ea1dd53a9e4941f9148509dfca2a1f75cac2d85c2ed0,313.53
eval_01155.png,novel,9ba487a5ed55b97c708719ba26424644ba1582f1229da10ef25d4710da8d65bd,87.78
eval_01156.png,novel,042693feef391f9e950c850428ec2fd0ed751b60f63e3b94fd242f3a5df78194,314.66
eval_01157.png,overlap,0ebbe04380e81e2d40964fe2b35f30958384b034cd1f81c35b1a518d1b89691c,115.95
eval_01158.png,overlap,bf611a2bff568fd4f2c4f0a5e088cc88b9d987e2575709e29acc397e0a077322,131.0
eval_01159.png,intra,00f1fffe27d756cebc50c7eaa9a7002bfacaf49588d54bb52dc6827f0ae97f38,101.03
eval_01160.png,overlap,9c12100cadc0478ee781261fdb6ee38139b360a07ef22e7614bb57cb130cd1af,99.04
eval_01161.png,novel,7f47940c0026c052af102eadba2d34caf2cc974a633d202486a8f33bc705b4a4,284.2
eval_01162.png,intra,956923dd2a6761d1cb1a783af6a5790459d1a7bbd3034143cccc485113ef8e9f,101.53
eval_01163.png,novel,956155c4258b9855f9a02407c933f44cfe0c16a7ce291a5418a5733664de4151,263.6
eval_01164.png,novel,ce52a7c8595436c7fbea2f489ca4cd0221ebb43e285c2a7b42eea514c927bfd3,173.84
eval_01165.png,novel,701542fabe504fffba46c7c52a4d527dbfd8cbee1108bfa7c5c530ebde13718b,180.02
eval_01166.png,overlap,810eaeea0c2b751c407b2022fe4ecf6dc87b16cea5ef5c4b5998b1168994c1b0,158.64
eval_01167.png,overlap,17a978d29090aa73e3adffe7419c3425c4f9409f98edefcb3bf0b9a22ed313f7,113.63
eval_01168.png,novel,c8e5b66c1dcb46bd5b923d69531a207d37d075d8f58431285888c430acc372e1,236.21
eval_01169.png,novel,c229286e038d85afc578483a04e529402de20e436e0ddada53e91cbe34cf87b8,42.36
eval_01170.png,novel,9086b71a0016c62d6d99e2397e9134f3685c657529643cc4adb05a36e9aa0501,175.34
eval_01171.png,novel,4fb3e42d061ef89a51d61fd16d715aecd80f7f3e9749c55fbaf1316f38155a3b,171.38
eval_01172.png,novel,363a01ebe3299ef554b7307b54895f357456980f477f7279a7a2a4efb2d74d60,75.62
eval_01173.png,intra,70c6204eb2617f2e8cc518fe23aa853a08750e3ae8eb8a3908c5513339b09816,204.61
eval_01174.png,overlap,b2be3c93ea179eaf82b4635d61d88b13360818099a00cfdc318876fdcac2ad40,173.9
eval_01175.png,overlap,5cc40081bad21a5aa496aacace800481da72c4a36d42fd30fd18bda6b7e3c06f,137.38
eval_01176.png,novel,6b3fddb430efb50580a9ea7db49248579ec291c2e1b468a2304f9106090e874b,198.98
eval_01177.png,novel,6a6eac661806045c4bf4e0998aa459150b1b950ffaff12b340d08371208d01e4,33.64
eval_01178.png,overlap,8af17954c03a9d765da9996c013d40a12b9d5a4ab8821026d6c8422c8e87e6e1,149.73
eval_01179.png,overlap,c6fc707b5e3902f1aa93c42a1aa0cd1abb2800cded2462fe43fa2bfc3aed837f,356.94
eval_01180.png,overlap,5451f939c33efc445ba849d7bd4010221cccb9e80df24eb6b98df1ee86594b61,50.52
eval_01181.png,intra,956923dd2a6761d1cb1a783af6a5790459d1a7bbd3034143cccc485113ef8e9f,19.12
eval_01182.png,novel,c5bc6babe878a14a49889774cc796d2a9f06f1fad9f3ca2c581179c3bd10eed0,193.36
eval_01183.png,overlap,6c55293f39608f9bb577bb2238d35f7747bdf7464bb84cba9421b2ce0c7dc21a,158.09
eval_01184.png,novel,0f36e6259a50e0abad171d738c832e6c53f987c771b722a4a1770f0acaa6f7f2,92.41
eval_01185.png,novel,cd33d5eec784e169dd31e923a9004372ef0e275c3f6e4de87b1f0438cca67aaa,101.59
eval_01186.png,novel,5ddd4f69ef08228dab20b47dc698206d5c4792977d6f2d7c25383bf27555ba63,317.54
eval_01187.png,novel,c18eda70bb46735eb6fde02d8d8a13bc2c99fad63ee2259fd461ff1afea53397,94.64
eval_01188.png,overlap,12dccc72047ee9bd97dbb4003050c00ba354a77a9fda8f00906793e1786caae7,147.97
eval_01189.png,novel,4ce22c381090b2cbdfdf0a0f29adda90cc6dd6dabfc4cde75e1cbfc834df3343,314.11
eval_01190.png,novel,331dbe4f6316a04e72f598a4978809ec0a2a27ec4d02d535f2ebe1e788caf341,42.05
eval_01191.png,overlap,0d10482517c13080d612386d70cd30cf464d022c395091e0be18a08494650b23,314.23
eval_01192.png,novel,717ed419099d36ac603970e7c91e9f43d6ce02adb06fe0a17e061f9d04eb90f5,31.76
eval_01193.png,overlap,713e97f8efdf45f749926e546744372fd5093ef2eee74bc6d570448adecf5e4d,97.11
eval_01194.png,novel,70f7cfb773dab06bddf098c539e7da72692ec207922caba1c5c2a2babb03e8e2,243.79
eval_01195.png,novel,f551e0bfb7eb12b8eb6fb659a323d645fc693185fcdb1d0047e6eca75dc1f79c,223.4
eval_01196.png,overlap,ddff1a853c8d50add65ae337ccc614d19d3ccaabb36ba0a07c626bf967979c9c,244.64
eval_01197.png,overlap,324525404080b5ab77e57260e8f0e0e9b31e866f4c1c20e4fad80777b6bca1b2,159.49
eval_01198.png,novel,7d6db4e6ecab0f766a71bf14e495948ad01e6ddb8d543aa8ce5b2abb9ac9f4b6,94.55
eval_01199.png,overlap,90fc7b6769694f343ba2d5093e1cd2faacd1f4682aa0a87863db2d8de1d87bfa,24.76
eval_01200.png,overlap,ba8784144d783465e50da61fc69ce4bf997d3ad2b0f77082061170c4ed8d3ee6,109.5
eval_01201.png,novel,41cc487edc0008402b0ad2660ea8f60051c64f19065483633e44b8476dd326b8,103.01
eval_01202.png,intra,c893b7f994b3a775e6340c3112550b606859c49d5010b949553dcfbd507a0140,110.81
eval_01203.png,intra,86696826715009592bef6a3c33b2cbe555036005d8156275e26963184abb84fb,61.43
eval_01204.png,overlap,e15d1c5b38c69ef1b73dee37f82b003c53c19810e0f6afbfc07d41e09cb0ff37,159.88
eval_01205.png,overlap,8b0f632f7bfbc3014ef5faac914334cc9d19350d42b367bcd44b93a2e1885c74,127.98
eval_01206.png,novel,40489d493fb36cb00020a4c83f8f6ddb49cd08b1471780bac5e57ec8bf826de6,6.24
eval_01207.png,overlap,4532cc82aa351c7a389730ee2e9da76cf2eeb1292725a90a21e6c9dd15f220be,143.28
eval_01208.png,intra,53de85664d69f7c6f3f500c607382f90bcc42dbeca78219e84d3a096d290f5c7,309.5
eval_01209.png,novel,4b64976f4b07c9673d8365192f56730b996ab4ea7ef8b17cb0604eb82abd76fe,170.61
eval_01210.png,novel,3169c6c8747ffcc96edb6f380d795dbd0c32c208e6c8e675db13491d762caf37,320.38
eval_01211.png,overlap,2f8a378967e9ee19663e31b5a1d3631e693071bba2fdce2d7d1b58800d325850,286.92
eval_01212.png,novel,b1821d939953b597b6535d6e6b524659436c969452912480304d27212a5a7b8d,265.91
eval_01213.png,novel,1e7f147b2502b10ab782cf80c0db2e1c825417015f7aec22c56e923ea3a4d480,157.45
eval_01214.png,overlap,69a97c3a3c6b766d5acd3117351cff0a6ff409ee8641f84a68cfb2b60d8e3911,98.45
eval_01215.png,intra,1e795d6953beb6e2804c0873555c5f247b55d2a5b0476bd77dade08fe6a92993,116.29
eval_01216.png,overlap,ed81fd12a3235dd43583ba7c6c4a3030e0707e82fd701bf6b3ea48a5572cb3cb,135.17
eval_01217.png,overlap,9eec9c5393f647a3b86d4b6d6e2a70cfaeb804b3387626104414c927f3077abd,167.41
eval_01218.png,overlap,453983fed1f84de03ede3a631c7a4c8b6811ce1e5b84f449b51d8dc0b0e7a1ba,123.38
eval_01219.png,novel,d2e2d8d926cc55605299db41c07f9f7f5a80ec1ff4d2dc42449348eb3768c7ec,151.93
eval_01220.png,overlap,3c26bfa8f2c2c1e92644e434bd3b88e4e23d86799e29e5c404e3ff6512057b30,128.81
eval_01221.png,novel,03f34e061944d35d6d507c0bf482a4fad71dc765edf91409c6227f537d335c0e,148.75
eval_01222.png,novel,8f292637326900dc68c2d585d5fb92dbfab1a3323b12e4ca0a41db42f56f0a5b,351.51
eval_01223.png,novel,7ca87692313712fd157d0a6b74d263677f9b6e7b4740ecba6da6e242561720eb,342.76
eval_01224.png,overlap,bb5deb758b3af81f7e2642d64842ebc446825c58ecda2c9d359779301c011cb0,161.48
eval_01225.png,novel,872ce1c9b607e4ef391f4bac99ca2c05d8c4fb257f7b3aac81edb7a2cc8d592c,212.76
eval_01226.png,overlap,c00bc079f0a52b547aa68be394105d3edfbf9064f06cb9dd3d071237cd2ea8e3,20.77
eval_01227.png,novel,e763e988cc305b34f8bfe0dafd9faff168cace44fce25e93d1c8f650e4620e16,274.51
eval_01228.png,novel,9245ea21930ae5fc05d344d9b441a96922ca3bc5a8bf6e649f96e85d53c62bee,138.25
eval_01229.png,intra,1b7ed0e318ad23320abd30176ec768364181f3dc4512f1be28d29db46302fa79,150.26
eval_01230.png,overlap,3b9c4af61b6f0f19786d63fa86924a9d1383d2fce71ed99ba06dac57532fda5a,95.44
eval_01231.png,overlap,32fefde7cea258687a7c559ceae63576fd12354581c0f292729f30c7b5048958,119.02
eval_01232.png,novel,6dc3ccff319f83945da650b196de9683e275296410986ae5011bbf95414393cf,121.18
eval_01233.png,overlap,2080608af7fb4041e8966ff8bd499c187b50e3555342d4f0fbe28a641bf10a2a,134.94
eval_01234.png,overlap,3a04c4e192a29089926e1b1cd74887dc11d470355f39c3190de327ae46094338,120.26
eval_01235.png,overlap,98dd20bfef53e90a7dcbfe986bcaf22efcd30c3b2734921b9ed4fbba6afacb79,62.06
eval_01236.png,overlap,293f186726d114b82786404b0fc90cb729a6981a369b71a2f928fa5ad59c5955,167.47
eval_01237.png,overlap,9084ece9edfc4d0a3b8be976cb04ebd3ef3bdf281fa8c0455d9144142530bc52,87.59
eval_01238.png,novel,d9420f1c04dfdc85999c95df88bd9aa7edf65260a23ee824f66f747dd084e0e3,52.01
eval_01239.png,overlap,2d153a949682f483f34deaf6bb17aeb85fc5c1a6a2b9ac5159c3d12f37bfe162,359.35
eval_01240.png,novel,1f5973937cb0eeb41cf75ad44db3ba48a549a2a0c84d9f575a6c7e15bfdaed56,181.29
eval_01241.png,overlap,994f76c221998207da541082123dd467e3ecb915b48ec8c5ad803eaddba52ad5,112.62
eval_01242.png,overlap,028de32d00e261bd013d6d1abe95a0b0a6da8446106cdf4bddb944d1020a686c,100.85
eval_01243.png,overlap,b4695730645f049b5091c0ca847e131f39fa22d2badab17d256c7cc34ac8c43f,155.06
eval_01244.png,novel,cd6948740159a2dbbecce0c84bde31d4055324b3708d1a77d2ce2b0fbe4c8590,145.79
eval_01245.png,novel,5bee1294bef8331896876faeed3fae96dc2b7a0315ff0660d8cd528c3e0031de,94.57
eval_01246.png,overlap,3dbb7698df027207408f7c004bc34ecfbfda93e6d772c056fcbae2387586dec7,112.65
eval_01247.png,overlap,67047bcb327ebb19a3fbdd6498d6a088adccbf73af7b0ffdfcd88b683491b318,101.46
eval_01248.png,overlap,d88c573f10d4f767cb30c54da05a9e171a236f6a6bfcf0fa41572e2eae801610,127.08
eval_01249.png,novel,db9dc64c16e71051a1ea0f325af284fab7128b19f8ed44152ecb44973966dda6,150.64
eval_01250.png,novel,b195245b0098db293864371ad0e82acc8807efcbb4098fed8843bf64d0567d37,54.77
eval_01251.png,novel,3a51297d03e745dc81c7a5173c36a13c297d643d8cedd14a75f781ede61ab45e,167.3
eval_01252.png,novel,b7b5ecee853942982e6b4d090d3eabb4668a66bb27d539e06fb13d24881cb786,220.07
eval_01253.png,novel,1f878cbf1d6e3975d640135dd68ee6b29d85f89db6fed9dbdfd1724ad1e97641,138.16
eval_01254.png,overlap,2d3e77de2c9eb36c13b83b89d86f7b0136ab3b709b90c6ac9055263d3fdcf131,8.64
eval_01255.png,novel,dabba0f54b921fb6597d38719169392e8cc8be9b896c18a0f362353c331b94c7,96.48
eval_01256.png,novel,db194852e21ab71496322cea16fae51d40c969a48b0aacf02d0424b58d2a5aff,325.36
eval_01257.png,novel,732dcaad33d197337052a410b984ad671c19069df414c00bb014382a41432b3a,21.76
eval_01258.png,novel,8154c94e0975d6012299082b612dc3ac222324dc7efdd71142c40ea435a09a44,182.34
eval_01259.png,overlap,ce3655f1faffcecee4cc3c778050615c4b52e7ee9cc517da8089f3e999eee50a,177.09
eval_01260.png,novel,34ec3ddc2a1e9c47b63f903b5bec91963fdbf3c831492d45611e7698b22d490a,134.11
eval_01261.png,novel,d7efffcaf4f5f95da928d5eac9342d8a3504e1a910cbd9c4678e7ff79ecc3125,242.42
eval_01262.png,overlap,a6c59d3d7fef50275d20e88d43ea705fa9902765bab8034c6f3c7eaddbbb6202,142.22
eval_01263.png,novel,1ad581425c7cd0ad83943db773b9e9c2901d6075a7d80312f37c96b3a98bcdf8,186.63
eval_01264.png,novel,e2a8683dc2ee95a532ae62875e4483eb1ca67a57860b132775bcc5b47dfbb51d,121.39
eval_01265.png,overlap,169589c15488873114631299414befb84e41ae0f7b7fb36a0bbbec219a370a2e,76.18
eval_01266.png,novel,6f4f9d29b9a9b72505f3cf888bfef9ea81739e93c473b6612f3323b2e4653cd5,113.2
eval_01267.png,novel,ed2fb3ea3b524fcafc24766a0f7e57c4ac23947b65f8287ac62d64d1d4262307,132.18
eval_01268.png,novel,8544fa39535a9624090c68129b1c14afcb3ee4401bec06c2225cb1eb8211e92a,299.9
eval_01269.png,novel,41e335e7dad4a203d20fb8767adeb5d04e8b640b7b1c732f39722a4624c612f6,92.04
eval_01270.png,novel,10c5493788e7d523a482d069da0bcbf2c228b201f4542b1d5dd23c2878bc35ab,62.33
eval_01271.png,novel,9f287368d88fcc85b8cf590a298a6193ae320be60c95f89843d1c608adfd7cb0,175.53
eval_01272.png,novel,b100ae8fa7231b9772dc14c19d48c993eefca9fefd89b652b0619a2807aefb8c,180.77
eval_01273.png,novel,fe2a4ea92a94349d80c435154aef78141577064f76fb30a0200d9add56fadfb1,163.91
eval_01274.png,novel,3de7239fcf8ed35b3a7af2201b023cdda8d44325d631d75ee2b0066832dbe80c,248.73
eval_01275.png,intra,9d0b9b184e4f6afbfe00cd56f5f652eace1baeaba17ef133d752f3a06df30436,136.77
eval_01276.png,novel,3d5626c9c422b5bd5f9f6d8fc80ddf7cabab8da98b3982043c6aa655cd1fb656,164.25
eval_01277.png,overlap,2b359441518a1158da060f4c90dd85da642c4ea15e0f31e3c035aef240339f39,162.91
eval_01278.png,intra,11c88ac281d90e8c330f5c39db55b5c3135e43a427d3238d1d47b96b6aa984cf,130.73
eval_01279.png,novel,5175b482d3297fe89aa79060e69bf591a875b01c929d66f19dc17b28dcfb86b6,143.76
eval_01280.png,overlap,7d4228b28265b52a759aca9828135ddebde4a74593d0b35b8a84681f76c710ee,199.74
eval_01281.png,overlap,082816f26d01fd219ad8cefb0c8e31b3c3c8bda37d54c345a9630ca6f72da589,176.88
eval_01282.png,overlap,dfe325e8637855186a69d050c354ce4aab2b598a173fa2af2263140413e5f134,40.54
eval_01283.png,novel,3694d01c60d9c62982a9c4a57a19692427602318686c23dd19b3f50405fb343b,211.56
eval_01284.png,novel,c01d71733e27648d049849d3967ecd1e5b6889a5791bbb2561e8e8e0ff6f74b5,224.97
eval_01285.png,overlap,1d5c44764ba3ff19db32f6fd57bbcf5d7dfb760f61f6ab8cb8bf41cee237d1d1,124.37
eval_01286.png,novel,f21772c305e56c0a32b6f7721491d0e53514638565b50fbeb5134f99d6ab2398,100.31
eval_01287.png,overlap,28c3de2461996a3f31b6c7e0d86164e41871df3259f598090f123f76b2999b3b,72.89
eval_01288.png,intra,1508aa6b41b6bbb6f87abee453a7d2c1d42622d66147113a40c25a3778440caf,173.01
eval_01289.png,novel,83bd9ed8475923f4ec61ebd4d9e9bec7ccf032fd45fdee00f2dc019458c8e0d4,103.41
eval_01290.png,overlap,9b7a2702d56dbca645fbbcd79e3263a4e6c23e0cf0a841eb6c0d5d483bb92121,114.33
eval_01291.png,overlap,c7ed1e76d62d4a64b2e2923d649dc4f66252b197a022f6dab78babbf43a1ac92,261.93
eval_01292.png,novel,4b21ac145acd7121ddc988bda3a20bd65d12982d9b8d04a8a914c85c0d3c0744,90.39
eval_01293.png,intra,7e6f0803558ed28965ee97c720de1a04167109707ea9a37adb01e66fed1203e2,151.43
eval_01294.png,novel,7e80c489390135e13147a669d2973c0192677f91554433f6ec2bfbaf08915ec1,16.24
eval_01295.png,novel,d5151ffff78830858e84c6239f7c36d3bfaa90344371de2a36b5712d118e7775,131.85
eval_01296.png,overlap,9ff41f735fb694957a2a4e8149fb07b7f8b0291f51458b6e723de61411dabe94,353.42
eval_01297.png,novel,6504de93f905a99840eadc9817b6b41f4f2200fc3af7d3eef701f4c96f535c98,93.37
eval_01298.png,novel,d5cd8ed4099bda4d46e955b011dac98e4b261d66353b590941a2d597905cf7c3,59.67
eval_01299.png,intra,75cffabd6bab16d668c856310cc598d11204ae1ed922af2c15afec0720fbe3ce,117.68
eval_01300.png,novel,ec7f584960ec7b3ad8e6dea604e619c179752f27e4ac8a9e5750c5525c7a6e49,129.32
eval_01301.png,overlap,6a87f97924490bebd3669c9dfd19a723e6e8f8d06b09d110d2d833a2de623278,144.54
eval_01302.png,novel,d816105d0b21e220cff6261a95166385f80a6393d1fe2fc34c59b01819da3bc5,154.43
eval_01303.png,novel,c55fd48e0c03d84bc62981a197dc4ff94ada5c09cad93ee29a2e90aa7b0db6a6,146.89
eval_01304.png,overlap,18fff72662ac5617b35ceaed09f299e9f2c8b3695719aa1166c7306522d353e1,353.98
eval_01305.png,novel,8f95c5ca39e98b0a40235b724456d90e4bdb4db22f79587b7c36402e3cba03db,303.28
eval_01306.png,overlap,19f0bf27d56d30bcaeb6fc18b3d272ebdfdcbbcc6d025aa441ae13ec32379062,4.58
eval_01307.png,overlap,c81e83582af43b76e4860bd5ab22a14296feb4af23125db08c281a3e513b7355,171.56
eval_01308.png,novel,88243a4a27906d1c1d14b9ef936ede118502e8f3797e1af01ab833c525c16ba6,118.58
eval_01309.png,intra,4387795ac01a9760206b3b8aa24c2c728fe9160193219716ce05b35a9b68f238,58.8
eval_01310.png,intra,2321383f5d1e060a0c77afc2b26733d9be9f092b68cfa137cf206a4e887f295c,355.82
eval_01311.png,overlap,6b04da9730a01dcab9eee17ea4b4624c08b0abf54a4477e96346922479585e69,282.71
eval_01312.png,overlap,f689c71259579cae4cbdf62c12f2c5f108eac094c624bd11c677e0461d145dea,254.93
eval_01313.png,novel,aa16960de77e201c9336fc1fccfafa4705794f2727390e6453e05a85ba9cf547,173.48
eval_01314.png,overlap,e93af99f4b1223e64c5b4c1de309c08df5fa328d6f6ca7e3cf3714b87b00a952,109.22
eval_01315.png,overlap,df6cafc8c001d002c8ec8f18ab3bc3244a9a6b001e7171043134e7eb0bd7e085,167.25
eval_01316.png,overlap,ff65feb8c5ce318cd574d2fc29b141d8002f4a81b422880ebbefb7759bfafb06,322.08
eval_01317.png,novel,3cd0eb884ebcd2784898bee52bbe7f6f817a5a2b182a36c5391b231878215ef9,128.74
eval_01318.png,overlap,202bf5fcd0b879fd8cb7fe1544fa841ccb1f3a6b7ae8fa2e6ebe684c3b5885eb,98.66
eval_01319.png,overlap,a40f4862afa8e6022394509bb525a4fa7b09c4ff453677dd36ea10c2cb6783fe,90.96
eval_01320.png,overlap,7d7d55e10301fbbac342068fa0f840da97d35d9fd116ac414b8b5f80250ee928,152.17
eval_01321.png,overlap,afeafb5a5e132e2e67353f4e7831177f6ac64a0dbcdc76a75fa0c3f035de5140,98.43
eval_01322.png,overlap,ff95f9f30c47b7a0c4678c9d4cbc424e46b4006c45e79d7f453c6116b80eb178,92.86
eval_01323.png,novel,0d17e57814b7b5a7b398f6568f247edd0c42d5403a0380596f16cd8b005a539a,231.42
eval_01324.png,intra,f5ceddd73ed46f1f9fdb156cdad15b164ba5ba55b3de079c3a0587690175e396,27.87
eval_01325.png,novel,8cba93a29f4da6e9fdb5348100f425eb4fd7c0b99a277c1818cf79d1102f6a94,61.13
eval_01326.png,overlap,68a0cfdf1c41ba58f57cdccc50a95ddfc532013de2c42bdccf2847865b238639,132.85
eval_01327.png,overlap,1124f7f76e7ef4f026c1db1dd10e376b20cc471507da989513a34de7eead9cb5,308.15
eval_01328.png,overlap,ac74aaba0eb2b451fd8406e23073408c7d2b4bd96f1988d138c70778f3301579,96.79
eval_01329.png,overlap,8e8cb0653b83fe7c95e749e9f549b21f31c1a8f8597bf10ca381ea837cc6c15c,173.57
eval_01330.png,novel,71ba0d70d0fe00aa97aeae130ab31ed8bb4e648be033f99877807e05c16ae11f,83.09
eval_01331.png,intra,4c8eb2113f25b19578055ec0b80677743d4476cc20d69ae148d3c4db8aa73b13,331.48
eval_01332.png,novel,5654e7f3f31838c7326ca46f94ee8d267f845d8096d6e863e2c5e07d43b73268,91.7
eval_01333.png,intra,949ef1731523c7d3cac1752bff27f6b7bf51285b5c7697fac6cb8284101e909b,283.75
eval_01334.png,overlap,0c3168bf7d9dfb89c078942f0505d75c1d0769b8a5612539ec1e1b8b4bd76c43,98.34
eval_01335.png,overlap,07584d1dff794c081ae63fa69de1b7cf69057dcc3e95643ad9e9dc375d214048,244.27
eval_01336.png,intra,9d0b9b184e4f6afbfe00cd56f5f652eace1baeaba17ef133d752f3a06df30436,352.16
eval_01337.png,overlap,c915b7db070b3bcc15768c6967e62403195f6b53df93902aed2e9be35c41326f,168.88
eval_01338.png,overlap,33d33762439016ea356946093a1c99f87a64b8d7c7b310192421295ea975b490,132.0
eval_01339.png,overlap,6f0c17a2e4d435fa98028ddb61268169d4b914069bea2a16ee030d53a0fef95a,89.17
eval_01340.png,overlap,ea0e1567b5cb604bac6e0856f6d6101e0ddc3d226123fd84e426baeab5bb1517,303.01
eval_01341.png,novel,232bdb796a3b83bf4583b37890d316fe7b863085dce39ee3feb1f30c21c99fd1,195.27
eval_01342.png,overlap,87300aa0bf8e29a0c732f7186019a9bd7356c52111d7c2c9e5b04c2deca53615,250.06
eval_01343.png,novel,a655e41fd6e79eadf12f55c0c40065d873b8ea434aa694b3716878c38a5cc035,152.18
eval_01344.png,novel,3d1f81a0fa7f3da90b4659ec66a42c768906be101d44b6926f86917194044d4e,233.85
eval_01345.png,overlap,2704671df7166ac316ed640f4a79060936c5aee777145c2cba38e8935da8ddc5,128.82
eval_01346.png,overlap,9807ca5f2df98fc9ea24184769696fc26bfa1bad083939474d2af81c40bd64a9,173.7
eval_01347.png,overlap,4b8d82c6e5cc2202af34ba27542b79ccd2df49dacca254260b739b1beb301598,108.35
eval_01348.png,overlap,8676f9b36f33da948691bcd2fb1586c8a32b89371a2dc72e82b7abd709e53ff5,171.48
eval_01349.png,overlap,bef8e6772128685e59cc8991d7368c03a4b751a9209b99f8b682480d627af40e,109.55
eval_01350.png,intra,75cffabd6bab16d668c856310cc598d11204ae1ed922af2c15afec0720fbe3ce,91.68
eval_01351.png,overlap,d2bab1edb92e00d42466e3b388710be76e95cf1bc7770561bc4cf5811e0d68c8,213.88
eval_01352.png,overlap,450d6c1634da410f6271d9d52c6e8d1f742fde0f7a1498c6554eb49a913a44a9,136.95
eval_01353.png,novel,554e6e27a544f47370504be27cf5dbe081af1e8497c2fe51033550bc8e2cdea0,167.02
eval_01354.png,novel,1465ceba0bf6bd6529f9158dc9b9c0dd7f09338d348489bcad2c7501323bf3b2,123.47
eval_01355.png,overlap,80a0c91260747f0a8c41f8d39ad9fba5e066caea1f19d1a2fc84dc2513090cc7,219.32
eval_01356.png,novel,2775660fec7d7902b8eb3824a7ca34e1a38657f94c3d53e90e6c98acd2524a80,83.28
eval_01357.png,overlap,11759caaa689072986b57fb6f8a95aeebfc602de6858435bb6a5de2a0dfc4aa7,309.55
eval_01358.png,overlap,522ed8b72d8b28543a9b300b54dde55c41a2b5a254e14a7f8a4ba15cc0aa0ced,165.72
eval_01359.png,overlap,470618c987416c19334cdd6ea0267b80af59377b4ae62223aca665014638aec5,175.91
eval_01360.png,intra,8841f0bebf67e6903405b1878b66ece04dbd03261d6604b37256be6db4a63af3,122.2
eval_01361.png,overlap,d8ce3184a7d6fcd499b1fed5352947695b1fafd4de7aad6d51be77c4cb08889a,244.82
eval_01362.png,novel,f61600f18adf983a01a33e6a3b59b3f7a9f768cd31a84f9e4a8231b2a8e857fc,109.05
eval_01363.png,novel,a078262d389aa0776dbc2a1837d9b39b6d8a66ea3634873e3ca4418b1407765b,158.89
eval_01364.png,overlap,464570dc32a246976149910e4e0e1d4a727c469f84ee4c978b3f91cf94cf6eb3,196.93
eval_01365.png,overlap,627e579ba50d77b7d364bf0bd367105242e8cdbf5bee290f4c96af04f49c7790,96.33
eval_01366.png,novel,f275f0d481368044d9422ecd70a4b6dcd4cf81274fbbb73c86a224ce47677dfc,157.27
eval_01367.png,overlap,8dc98bd5bcb021504313c7b5b29b73d69f97efaf6a3aef8c4c0deecca7ccc116,171.44
eval_01368.png,overlap,f97e997ae0167a420ef30db389c519c392ea8a4172e1c94b714b2c82b9a0e8dc,156.48
eval_01369.png,overlap,1cc829029d89b6d1d453c3d3ddaea4fae4696ca8d1198b9882d4af61f52cb560,268.71
eval_01370.png,intra,edbf7137620c9cba01c6dbfac9f7df4389fb9fbc4c1b4579d5c9c3d0ddde4c18,137.61
eval_01371.png,overlap,d0d349dd7b35ff63acefb6b27d4eb3a12fcfc472df4ce63848a847af4da6d7da,155.64
eval_01372.png,novel,2e5e33f69c7d139fe08a8d3ee5cc36906dd91e9849015f63b2b44649b3dd9e53,200.45
eval_01373.png,overlap,960345e312c4c966119f9e5139b1ef4c2ffa64dd194a8cd3dc17bdea348aa368,146.84
eval_01374.png,overlap,d1a17e5be5f749385241ea2802966ab9b0b25e1b1a6a5eda7a298887a057f43e,103.93
eval_01375.png,novel,255db19ae29b5c0b3f07b4199ce280ed0ff59d8cea614b8ae6c97d3bdb1cb5e2,112.14
eval_01376.png,novel,bc798bda082ebd85d6d1f9155771bca0798d54cc38ec929e4be3a516b7f85114,147.79
eval_01377.png,novel,6cc9b7057ff185e22bde067b6c9191c81f638c28425d9eb2fb630af85ac1c5ea,134.84
eval_01378.png,overlap,9aa977da65e00b760eccb603d96cec5da6389aabb2cd1f89609d563203f8f8c9,94.88
eval_01379.png,novel,0eda2324d29d053589321b4975915fce238e04da3a6367d76657cd1aa64b041d,271.11
eval_01380.png,overlap,bc8577c3163e826065c1b3b63553381c70e9cdcfdf524875915735e640eb0425,243.44
eval_01381.png,novel,fbd04e1127254fa04590e7b1a588d20e6cc2d03a1aa25f81c3ef2ebcc17d22dc,166.48
eval_01382.png,intra,a9e5194a396ae0468d32d3738be03378b8924857d8cdd407e1f810e3ed3959f9,123.45
eval_01383.png,novel,dea992849de081034d15b66077ed71cffd4ed464a87b3b62f94e650d1aa7bc72,18.79
eval_01384.png,novel,420d362c807c46a932959817671b1167dc23131cfcd6026b4883164bb78e77e4,139.99
eval_01385.png,novel,cd25e24d32a00546d92d641dfe93965059317ebd36f8d9cc46fbda66002b38b1,192.79
eval_01386.png,overlap,37958fe74b80b40118a23bd13394491142dfd683b54f71f5e8d75a4a21a425c3,155.24
eval_01387.png,overlap,4473a998f398a0d432cef27ec06046e0be37f31dad50e584b5137c159482f620,157.9
eval_01388.png,novel,b65314d9db487182c1401dedf1a527fdd54c9fa98d184cc4516c6d413ca62994,149.26
eval_01389.png,novel,c221abfa0784288f68bcb64089c5abc3e6d76cfcb984400508a9d3c30e563e40,72.82
eval_01390.png,novel,2a6f4ead153ca36fd1d543da1fb80ec6f501a6fa55658e7335948bc71e766b4a,110.45
eval_01391.png,novel,66170bf22d383eccb2c6f1c219377b68e7bb3fa8c3b11b1c5b4229cb97e1d29a,103.83
eval_01392.png,novel,eb89208710d337c5b425482ea684dc4154dd58bd229c03a6314c0b29786b743a,320.05
eval_01393.png,novel,eed40291980a879414fcc9811525f6b1d46c40dc6c0885fd21b7f8530eec4884,118.15
eval_01394.png,overlap,00597d3428669eef5d7c90518ecbdf27fa85fe92520cd01652dc7493aef20651,147.57
eval_01395.png,intra,99b055329ab3163f197f7106db3e971d2e9371429a626ebb2f09d6f7faf91ca7,269.24
eval_01396.png,overlap,a38a0475ed4f8be86bb5af90a423456b9e192bdbeb85eee93d334b07287da744,72.53
eval_01397.png,overlap,b847ef3b066d311aaebdd719f35413f7667c86b998f82da73ae100427fca0a9e,135.34
eval_01398.png,overlap,da6b1633e9a4d528604735ec801e4f0f8f1fb44630da046f9dc46036894eae09,121.12
eval_01399.png,novel,4127978ac6b7a973e83dd5f0115824e5b55aa85466ce575ef5edca068e507b51,42.43
eval_01400.png,overlap,1db73bec4909086ff8b9efa65cf6d58ab31df734a4afeb7303bb27feaa370373,272.71
eval_01401.png,novel,6f3676a0f2dec66979b2ef906e16bc6ce9fa85de966ce7ad947052e6bed7d582,108.52
eval_01402.png,overlap,f253e2125c84b69363efa856b5808c0aec8d1edbfec92392cc47efc5e4e790b2,109.18
eval_01403.png,novel,cd6c710702f5095c95896de70907505350bcc8b47fb53a86c655ab129bdc0087,102.55
eval_01404.png,novel,70e5e4a29a1efd3dcfb34cbda40d28478b0dfcf52c5b34fb176fc7554f0a28ee,117.86
eval_01405.png,novel,75cf5013b4b2d89e0926385993244cc2ebb1d81772ea4906b7373f3edf5bd20c,201.83
eval_01406.png,novel,80fdb773650b37e4672afb4ded5f061eb9f4db18a2a36125614e0b64a81b9676,263.07
eval_01407.png,overlap,ec063823563d3f34d88e342c9dcf2e90f66f0d7de8190c7b29cbb94a2a8bbdd8,135.6
eval_01408.png,novel,f38383f4c0629d73f0fb8df7f3b3fd7e61651d886d22b4f5bd78d7973d324e34,66.36
eval_01409.png,overlap,3e5055d8c9d6f1cc680feb4ce059f8ef45cad26e78cdd5bc657a2d488ae87c9d,244.36
eval_01410.png,overlap,cb7bcaff2e5ff9adf7431504edbc962bce5a7a94f81cc8347a68ac1e5b893b92,101.8
eval_01411.png,overlap,bda7e481964fe652aa798d5136b6164d360f356c0a977545766e63813e4b5731,126.09
eval_01412.png,overlap,c57dfc921c637e6872fdfbc9c17de4604f2e3b948616ae1fb9018eb2f43b4f1d,160.05
eval_01413.png,overlap,96b61dfac7d41067907407e9d0813e596c705f62e2fe7cd525b9ee71d5c47bf0,120.01
eval_01414.png,novel,e2831a197dbdd43084ca2c7aa29fdd8715e60a41a04a2fe7a3aacfdb5e218254,342.87
eval_01415.png,intra,e9632da60a8042251888a431aaff957b92d2a52b030c27f26496c427f1258ce4,110.01
eval_01416.png,overlap,b1724caa7df648b1299ad53d32772a26578b9265f8431f59d64df017e8e5826c,125.36
eval_01417.png,novel,a7e07db3b41e23667ec14ccb9f2a29dcbeeb3ecca014bb02a857195e621338fa,268.89
eval_01418.png,novel,aff05dd4cc5947e313181ac8376138650ae2428ba046396841def8dcbe52c3cd,68.97
eval_01419.png,novel,80d106ea5463fbd62da0f307e72b01b629337d35028b0fa6d8816d13f51e33c1,165.36
eval_01420.png,novel,c1e8d8f19e2040f3fe24a7804d656456bfd73d3072ccdb1047edb02678895c20,140.93
eval_01421.png,novel,cd8106b5f6b35ba50816cd4a03b229fb3ff38c6fb2f3f68958115ac64cc017b0,143.42
eval_01422.png,overlap,29a3f83dca6c1378150354367af9ae5e68efe488707766aeea5660bb12f9b586,109.16
eval_01423.png,novel,32e7691806922acbb3896f2fd59f81f1cc2e7ba242496c6bdefa294483d0e89b,177.27
eval_01424.png,intra,d618893335a05e716d7ce88077857a5350908fefcc9b2dcbf78d7aa6aa0de6af,164.63
eval_01425.png,overlap,42609377c91ef97b9ca7df341446eb4c5b64d3db67cd12287cc444cbabf4cccb,66.94
eval_01426.png,novel,0dc4404718634a0dc25bbc256ae563abae7202d17b09b76c7aec869e0487bb69,331.2
eval_01427.png,overlap,881d190ed1be43433eca5e9ef0a40c3d7d64c342a05276bc8828fd18a575d502,314.21
eval_01428.png,intra,8301d748e56b4072123d2dc2f56cd4f7223066a90972c7c7b2adf8f6869957e3,22.01
eval_01429.png,novel,b908af05462ec89b0e8d3e0262ad3aab3840c15a59850015c2cf29bef9a55c3b,107.02
eval_01430.png,overlap,38d03e2f693165e6c3945b6d7233703643f03ebaa6cf37596cc4798210829f86,104.22
eval_01431.png,overlap,36644f3582ae8f74bdaa5cd17223cc0f12c8efe7d81141b2e9fb010571838ecb,126.29
eval_01432.png,novel,d6a36135c987010a19c23fc3717622cd879a0ca59cbbd93a543917dfefeaf807,203.9
eval_01433.png,overlap,bcdf63416274d3aea8c736133751c530178dd7a7a5729a3540f0410f0df6f010,77.15
eval_01434.png,novel,6f69fe75187d2fd937c1b14e9fef060714ca40ce5f5cfe0242619e1b175c9e76,123.64
eval_01435.png,overlap,5f85bb8933c958fc1c119ad0f728e03d78fd30be3bc70c2a4ff834cddcfdfd0f,164.6
eval_01436.png,overlap,1108d104c2e0c36a120f8f7003561c6c70eec12cb4c02fc33d1e3be871ffb2f0,165.47
eval_01437.png,overlap,043cc803d6a13cd64e376c3a45326c9ca0771be8425394ec15cba23a7ba2e171,117.07
eval_01438.png,novel,1fbd09be4ff3b6fd4894a843f50d6caee52b3343b3053546bf80537d6b5be068,132.89
eval_01439.png,intra,8782abb16bf3434028cc85efa3d6b9f72bcd30f0e08cd2c436d4971fe286376e,141.71
eval_01440.png,overlap,f0b8dfead584e65ed74b18241a582f2951d0498caf30b36885bb4f830f23020e,198.68
eval_01441.png,novel,c398d791123455c424cfdcadc9aceb71d891e63d0b66c55db59ebbcd9d5fa4be,352.99
eval_01442.png,intra,cb40c77e5bd66a7d5634b83a45108396c63e2609a3931327a58dad4840b05aff,59.14
eval_01443.png,overlap,d07950d3ae16213bce34ed05e45a3f2170d2402bfddcb1ae02346c7f6500d970,109.86
eval_01444.png,novel,756166dfa794019c6a75a326f5c58030622c41e57f4d7ca3564f5a13870edab0,156.25
eval_01445.png,overlap,d4817f4b89b77417d7eaee0009535adc0643e70681dd6e829e8c06bc27565a25,300.53
eval_01446.png,novel,73d1d8b05bf04c994ffff4ced2b51bf91cc6113945f75b903c429c32722fbc54,269.68
eval_01447.png,intra,fcb03f526a9a3004c979087f49664a11a6fc8f909ee8cbd21be23aeb2427504a,314.29
eval_01448.png,novel,4cb730024732d1c2b35d6b9a9ffe4c11d10209d595fb9d753b3efffd09753b09,87.64
eval_01449.png,novel,d50550acf5dbc1592fc4efba002b788845c04702e339d3dd82b2ad0cd8b70025,257.22
eval_01450.png,overlap,da76461c6f957448ce0f64044098146e4828baf0cf629ce8bffedebca8fafc7a,160.84
eval_01451.png,overlap,9a2337da7f271417f4c2fc61a3f8c0f50dd7c82c62a9a34e6ce11cbdbf174816,171.21
eval_01452.png,novel,f5963654ea4972b3ace689ab437fa43fe748e989938e159c78f8cbaf407e600e,157.37
eval_01453.png,novel,d0d1ab1fd03dc143cbc0ee81a2e0dc5c4800b4e93c3975fca2045f78052a81df,143.52
eval_01454.png,overlap,7cf111e686debd91a3908161c6a475e9d411167799259d71fdfbcca3ed340a01,189.8
eval_01455.png,novel,f8747d40d1efbe4059142299b8be9618ff1b22ab3ada605f487d7bb124d1056d,100.28
eval_01456.png,novel,ca6f9efef6810ece3a9d085709736b37e22e688d2c1cf37c514b75d715cca402,111.85
eval_01457.png,novel,8a6136e17af228d3c08c7740184172003839d5c01afb5bd9becfdcc75baa97ec,150.28
eval_01458.png,overlap,65c6542f1e19cd058c5432d55113ff22e7f65e01ef591bc1eb539433bfdcee38,146.28
eval_01459.png,overlap,eafb15d56f1b74c373c7fa47e30311ca5821716e70d89041ae6b892693cbc717,98.37
eval_01460.png,novel,0f613ae83fb6522a09e47b757f59288ea36403e9f078e7cabe26f056be797be6,231.24
eval_01461.png,overlap,4147798cb44e2cc40f49cf7b166b5395cca548f8399ead26783526ff010f73fa,200.45
eval_01462.png,intra,36b3ee97c5224b22adc604c17480c2c07b54046d87167d0ee5614d2d4e555adc,94.38
eval_01463.png,overlap,8e9ab2af0427a08424e1785c617672ce764a0d586bb92574b36cde272644241a,148.28
eval_01464.png,overlap,4d26d758d1c314e9e500cceca78f16ca83b55e8285dc2fb28ff798df11ab3e26,141.75
eval_01465.png,overlap,de210b1a4dbaed160e55632af23ef376229b335b4f3b03c7d5ede1b742e251b2,139.74
eval_01466.png,overlap,075d294c2f08dface7385c7e26eab2987782b44da8be195c74b76ec2b98dfd92,173.18
eval_01467.png,overlap,e173662803dfc0d92e9e8ba6aa88e20961fe6bc4120fe1f9b715c27753a2cfa9,260.67
eval_01468.png,intra,738da7bca103b06cd8795fee8d15cbe1a7b108705d20edfb5e37237956d21be4,105.42
eval_01469.png,overlap,4cf1711642b6422e31cb974887d56cb89f5deb3d6f755fe00610323a9489c147,163.58
eval_01470.png,novel,6abd41bf07fab30f907e15438cdb20f29f0eb6ebb04b9c7a0f932df3606354c1,137.93
eval_01471.png,novel,3d0c4e2886bb7cdf77cb750fb34a5973a78c34ee4a3e67f35cfad7014bbdc7e0,115.08
eval_01472.png,overlap,2539320d07aa4fecca2241de58bbc85cdebb5acb687f98f7555ba4a5ba5f2dfe,117.35
eval_01473.png,novel,c411d9c524e2313f9cd3dcbd720731869490b1f7156ace75b39443af7e661411,355.53
eval_01474.png,novel,698dd616dd80ae792e1d31eee562758e7a0c788d6ca7bd0bc40a7f4e4fe9ea1c,194.93
eval_01475.png,intra,60fe641289785dac77a04d9d7a00643b0a27b0804fe5dd11ac4fd1176ad33b16,159.33
eval_01476.png,novel,a2ef14015d948b884aab818a94edac3a94c4ede1d4e40f15ad141a294d494815,102.86
eval_01477.png,overlap,424553805fd8f48800683418b742701767f49f179bc7a8205fb600ef6ebe4514,104.0
eval_01478.png,novel,d6f0a8dd1ef33f5b9c0b8b5c0ce70292d5928c6278ebc08565f10757e16d7508,135.9
eval_01479.png,novel,156cb3811c694c616b18d97902cc484b50c9de29d35e64c6286bff3a3bf1986b,322.54
eval_01480.png,overlap,b70a3b659a4a778459ed7d1e2a7b6e609b28478806a3bbe29ddcfe2c92c8a92a,139.21
eval_01481.png,overlap,ea1eddba7944db935ed7e9c475d6b6c98db428acc3e3506221f32d2a74e746d0,161.61
eval_01482.png,novel,dd0db418512fdc09df9748fbc1e22fd76fb6140c9715cfc006c4b4a7ccddafe6,113.59
eval_01483.png,novel,4199753781a60c8ecad2b66f904efc5278966f9a8f021036ee19a217bc91a300,354.76
eval_01484.png,overlap,0100fb2cd31885430472383fbaa1eaa90c2765ee1e3f2c569354070d71d6d969,124.42
eval_01485.png,overlap,f5202b9ac090ddc8a076efe81d95c595a96b2a629027c5ff1e447fd80c098261,96.5
eval_01486.png,novel,35ee69456f91e157d039a084d3df983c690cf9f36347de2064c89baa5ffdcc6f,91.09
eval_01487.png,novel,8958af42fca3d2aeb394261d58cd07e788c8d35877e79251f0373054d1cb9636,113.0
eval_01488.png,overlap,ff63efb701ae4dba1f43ab029ec710717e0603f8aba96af470b197cbbd0a3545,166.93
eval_01489.png,intra,7cd074df9257304f6094671ad27a316499558f67e67a238d40ac19cbc733928c,154.24
eval_01490.png,overlap,21aacaf07f90160809cd58c82f1ab195d5251b3e17627300a5d0991597761abd,163.18
eval_01491.png,overlap,b70b961ac8e090c9ac3eec5d07327e61d9a55b91790d29adfea59f21038ee2d1,153.51
eval_01492.png,overlap,cfabdd6e869d150f4cedff7122844979b03517272b475300fd583e8b71e9f56f,40.25
eval_01493.png,overlap,1c6128ed2d7370845fac6e68b14d4b1a3abf63c8afcfbfccfcf36c9f1b95694a,13.4
eval_01494.png,overlap,b547237c38b1cb755d9f80ac0ab5ff00a953b68e6821d5fffe8366cf633fff9b,140.73
eval_01495.png,overlap,93881d3c79b3719452f94650c3031ff9cc8298a5980d74ef1021ea1a18b7201b,112.25
eval_01496.png,overlap,a793d89f7ee09491882cc9644d606f9cbff1c68f553624a5a472bb75041e4f5c,123.35
eval_01497.png,intra,1e0754cda18ffd9f9d2ed234a0e0483fafc8d31747ce0dcfb2d415c78de24024,233.54
eval_01498.png,novel,d31b485db652a5f07aad8b3f16965a775f56920affdb7f3fd8931e0219785490,283.36
eval_01499.png,overlap,4e37903919a60395957cf11d24946cdaddb98e128698e8aab79c4a739f24edc0,164.8
eval_01500.png,overlap,b7301e9cb5d11ce13d3ee60f6e3d3c92c5994e569367006df200ce909be26139,337.75
eval_01501.png,overlap,ee2ce8b8f8466bd64d1b0acdd4b79e69326fbc57de4631cfc4cb1e6626c1dba8,8.81
eval_01502.png,novel,4a21192f7ed11e93570f6b54e44552a327fad6042e03b4b89650239442275039,147.31
eval_01503.png,novel,b7085e62981a27e6a84d56f387b68b843bf3738b66fdab2a1f159188ea937dcc,196.09
eval_01504.png,intra,183b484be55901e17f06e6e164c8d0c38b42edbb6e21307b72f007bdc663b6a1,171.33
eval_01505.png,overlap,00ff82d717120c9ba4c6c3c35e6ae985583a238fc7af865e70ac6893c1032a22,104.31
eval_01506.png,novel,1dc01ecc55bb07242424b23c34b33d0ce5ac5dfa9fb9c8183d00f1513867f50f,192.78
eval_01507.png,novel,755ac3fc42651c85a75c0b1627a8382118c4a3c11f3c4e13ed445f4536a78fe6,46.37
eval_01508.png,overlap,0f250236190505bb9467eb70ee82b0416f6879bae99f5075cc5f958e692fc44a,170.75
eval_01509.png,novel,475f8a24f52535e60c7729b1131b04a1873c5ba59a354b2991302d33feeecb85,49.69
eval_01510.png,overlap,8c1a9a10bc71a76cf456a304129105435e8c216a1b26184aadc267faa4d5f737,109.71
eval_01511.png,overlap,6030631605269eeadbeab6f3ab5812e94242aa57acf6c0e98d6f42a083059c9b,294.56
eval_01512.png,novel,54db47a08374b9d366637b0d22dc52f803dd29c6960dbab041285855d2dd2a4b,39.81
eval_01513.png,novel,94c4a3c22f61907fa83193ad3ab44ee7a7b3314c7a317e82da04f971431980d0,115.8
eval_01514.png,overlap,7e03dfb2680e20a51c4e3d8e3ae68e05455fd0b63c23cb02fe857ffed3f6202c,169.48
eval_01515.png,novel,f27060556690d9e12f5148c67c17588127e496efffca8c656d305a46a22c59c4,334.8
eval_01516.png,overlap,fed69d2472d8368449403d5766fc4c1a033e0e58c73f423384cbd09676ac4864,20.88
eval_01517.png,novel,0ef73cfc536070e04c9d13871bc1b8449982f3b4ba58b45c3b001b64ac8f4796,161.92
eval_01518.png,novel,67d39dfaeaae911da4c5b5b5083c96fc2a3232e4e53c42657524ce4bf5081131,95.27
eval_01519.png,novel,fc1559be5632e5b59930cd02eb4ed18c9e2e19a29bea90bd2c748619795fff16,116.5
eval_01520.png,overlap,2748e05f9d6081f7bc0271a8d3bd9c7f8c355730848c8796142b671fb3ee3dd9,139.22
eval_01521.png,novel,241ce583baa2d36dfdbc5113e06aa43a9102cfcf58495456c78ffdada26e2aef,157.7
eval_01522.png,novel,dd39213b7e010feac8125f4f36d0d67e9af0df54ac5d3fa48a8dab05239d96e7,281.1
eval_01523.png,novel,e17df074b16b947a48724ca2c8acfca9260f436aa69a37c19b00e9710d3f0919,115.73
eval_01524.png,novel,0c35f01b7393ef172b4180dd89c3ec4b1e5e4fcf167128dcaaf2e81853ceb08e,169.07
eval_01525.png,novel,34a452436061912d6a38c572104fa8e36a6e64a5c57d93bfb68f74bd1f8c3cd3,141.38
eval_01526.png,overlap,900d4d8ea1a5b9b17d3e73e4cc5cdc66dd4ee476b8941d6d5ec43c7bd815d79b,97.07
eval_01527.png,overlap,e6050ef1b1d00d25561f0280efa87067a46e46a0b05d2041aae85af3c8678a53,97.34
eval_01528.png,novel,0764410f9ffe739ed281daf30a6b411de4564dc074e7d4319f9cbc77808483ff,125.11
eval_01529.png,novel,e2fcae1925167b0f557c4b5aaf30287e12244d9b572fdd59d9c24e65cd7bd08d,119.78
eval_01530.png,novel,6a75e7a67b4c4707ea0f433038b5e9d077cc41a7d09bb930f4a378b0a071c8fd,102.28
eval_01531.png,overlap,6961ecc95aceb6acc2bfbd5a80d17366d57210519fc3eb20bde8d0ebf836f955,165.28
eval_01532.png,novel,8dca30a5dd05f135633c618b3febbe9af1b7916767d3cdc395306ede401b729c,179.35
eval_01533.png,overlap,420d279b9ca713744c46a4c894e2375ccfb09396add0ed545952cb01a91d2d87,171.77
eval_01534.png,overlap,e9d468ccf93bf0445cf1844a8d4f4a4a3435be4f0646138ddc13fa6cb9e87c48,123.02
eval_01535.png,overlap,c92bc79b5d3623ebcfdbb234d9f1dacbfe83dc01f491a3f029940bf1eabd7572,240.8
eval_01536.png,overlap,ad00816309557b098f9a9459b50360aa45e5b3db4ce70b943d6446d3dc09b989,93.51
eval_01537.png,novel,4d98cd49e462cea359e298a71f45f9263a9d17c03a401bfe16d30fc0e75bf0f0,283.02
eval_01538.png,overlap,5e3ff90b420f9d46a6c3c2799f0439c0e9042935f6e370b230fdee4b87da80cf,141.42
eval_01539.png,overlap,f27d5b6d8f52efba93a0743f391d59e2bc14143d46709c2699f84e0b0d922f11,155.78
eval_01540.png,overlap,eb47b6229d1d4b036b634e7a78a0c7f8d6a156f8b89c15ccdffc06443c5bcad3,116.24
eval_01541.png,intra,d4a84b99d02b51cbc4dc6eb2d9988df54fdf958b8e13e83b27c0799a0508db73,145.15
eval_01542.png,novel,d5c94bca2864468185964f4d15cb28ff01013f903dd6ca660ed5b0c127b07d05,3.45
eval_01543.png,novel,c72496ed230370815e991f4d427afc2e9b25a6b7249e29f988409a50490a5632,281.08
eval_01544.png,novel,323f891ca12ec25ede747c4cf5da258a3cde4679d1fe914cc8f28bc98081f343,318.53
eval_01545.png,overlap,bb65eb10a755a565ee2ac68d1ef13da0e3dbceea73815e2f96bf9c30ddcf9d4c,93.09
eval_01546.png,novel,1920ddccc5729b0e7b20da338b943d895afa4fd7e85f09c03c032dc385541158,26.44
eval_01547.png,novel,35125f0c5e1b239cf555144e0b451ed572aecb582f6d438011065fed2baf762a,355.07
eval_01548.png,intra,79bb353feaa89d77ad8f8a2b0f3f11e3587d2e4270f517b46fc4834280e0a8d7,163.86
eval_01549.png,overlap,ed8352bd0ccc2e6830b8171d2ae87d63bf6cd8e0b2717f3ef57026894e619aff,202.0
eval_01550.png,overlap,af2c0e328afb39f87d1a3ac810b9531c95d7aaa26c6b69eae6387fda5c5c3aa0,96.66
eval_01551.png,overlap,0e5d9d3faf5679d69566229cdee8669912ea6e6a7b867c14ada42ebd2bdb23e6,147.89
eval_01552.png,overlap,034e36e554558405f586ff8bf2c34f5a74e9c972688c6aeaa61e5bcb9dcecf50,165.91
eval_01553.png,novel,53d9dc09a92adcc6c3c27e1693c7a9dc98a8eda9ad4225ab080c7e6a26f0920b,156.81
eval_01554.png,intra,7bf4369f6d9cc8243b9d879ed675cb6f4989659d9f782c4ece5623b4430ea1fc,325.59
eval_01555.png,overlap,e96a3ed17c52b98865d52b91492eabf5dc85dcfbb786b3fc4e96805288e699d4,126.84
eval_01556.png,novel,4d0d1eda97d2b79f4c413b85a76891f36a16449109f9ad487e6ea675af203aee,110.81
eval_01557.png,overlap,132be2712857b01ed877f9fca41dd5fade48ab74287c1c2a36351a2081e6457d,338.91
eval_01558.png,overlap,d62f60c75b2060484235adf1f6b992a6968dbed86c7dcab7fb5d3d77488711ae,117.42
eval_01559.png,novel,f721216de40fdc05f6e9fda480f630d1dba4a04cfc2810b962de44544eff4232,149.65
eval_01560.png,overlap,b1a55a396dea6b2c47c406d7c183329b43b9ddbd1fc8d6ea656fd37c85802e60,159.86
eval_01561.png,overlap,dd188c8ce63eb5fd36b8f00b7c4125eaa6865d63d6ff34eaeee2bd2b5a163f21,139.73
eval_01562.png,overlap,cceeb4b2bc18abeb757920974e88ea3b22a4acc364a5e3ca6d7854c852cc86ca,349.23
eval_01563.png,intra,534cb368b00fa619349d211c6d0ce5d0fa873de443f79f7f1cfda627c48c30ef,268.48
eval_01564.png,novel,7faaa9c05979ebbb3d22511ce215fb0e61044a4e6a3cae47aab1f2bf90f1b319,294.9
eval_01565.png,overlap,f52ee53665cbe471f3968aabf4bab4c4d6b5ca95af2bee0e566f6dca703b67c0,115.51
eval_01566.png,novel,43317995853e919c963a798de8c3364b7c50dec806c57875a0ceabb1676b675e,155.15
eval_01567.png,overlap,bd24299ed4a6859466ac0c99e7263ecf12aa5c6cf89a8bd09b2c05a9ea49f12a,178.57
eval_01568.png,novel,93b6213c3e6e26e2b40a55d3271505c6a08d8068407606f7cabc5278a6cac1f7,170.45
eval_01569.png,novel,9291a7694ce55e0121868a881e0f2b3420cefd1930b1313adadba21ecc7e8162,334.68
eval_01570.png,overlap,d6d67b0ec04c8324e76dca03e7ad5209c279cf996fefa5432f5db6dbba572f47,96.43
eval_01571.png,novel,d1c8b21416462679ea1b38a346c944c73edc6225de95cb558d2324cdfb2186a0,107.1
eval_01572.png,novel,085603b4e60ad35282aa5cc0920c39c8fb865537bfcaf01f67c3af055c219379,111.44
eval_01573.png,novel,24a437c1f52aba9a2b3ce5630379c57da62fb1928826dff55a9429d707e6f453,133.82
eval_01574.png,overlap,9aec62b5ee85777ab821904a78fa23588eda03ceda66fa9896dd3ae32bbb4254,102.55
eval_01575.png,intra,edbf7137620c9cba01c6dbfac9f7df4389fb9fbc4c1b4579d5c9c3d0ddde4c18,157.6
eval_01576.png,overlap,152f9b949a93cdb631fea4075fca89645d35bb5bc3d05a29264042967d0784fc,128.43
eval_01577.png,intra,d03d4da89c2d0678c46f5274ccfa714f0e386aa92f79d9bb1e455eb8cedbb99d,190.76
eval_01578.png,intra,c5b3808bee72f6c0adec27ea1e7cb7fac00a01443db975c8f10a55a72703ea42,297.79
eval_01579.png,novel,bd419bef216b25ad6fa319436d269c2ad3c382fde27638b97fe531f57784015c,168.52
eval_01580.png,novel,7898ccc7eabe6964ddf89121a2b5d828361709bed2a44172bb18ead88b47b768,298.35
eval_01581.png,novel,4b8f44b0a15c651606facc07eb7ca7a7e5852e3cfc25b2a698b3a7b5c4e876b4,111.34
eval_01582.png,novel,a8d0796a125d9cee0fcec30dd968530746b6aa5dffb94ba8e6065297e94a0d0c,116.12
eval_01583.png,novel,23293712f04216d5f2f5714465dd488391f976792451787a3db43789885333d4,154.76
eval_01584.png,overlap,234c67ac1111ca2e6ca32bc4c957ad893d933b49fb9e1555d8b44ed0dceeb130,142.65
eval_01585.png,novel,5a92fe172df46000dbd38a8b6ab5ab25d88c2193ac006643d611e8d4f936c23b,143.0
eval_01586.png,novel,d4a14568c21238637666e631f7f9233ee215895faa15b23b50f69d64fb6ffb8a,205.96
eval_01587.png,novel,9fdf5e998d667d6f9ef0e62cace1897b58b7c47db5eca7118323e0a924f2723a,352.5
eval_01588.png,novel,4e8062d996d569a8cdd0f5b3e4b6f1856f5100e9872d1ffc9edc9d4dc8671e55,157.58
eval_01589.png,overlap,86583e10b1d229ab163375b9069c9f91d6cc4560cd78fab3ebaa112d45794a8e,90.6
eval_01590.png,novel,5938f2994a31177c341fab0697395e7b1a0b6a5d239c765adbd1c90df6e98a4f,333.19
eval_01591.png,novel,6794eba6cb731afb506fc6b0c4efbb24bff0b942e51b770ae16b83f4f4da44c9,146.94
eval_01592.png,novel,5f8317591f137a828f991340471a0b00fa963faba3ce9f858f7b54c343a69730,124.02
eval_01593.png,overlap,04119410be53b7cd98380a187d81c012d6b305137b893a77e7d09f67bff5116a,71.73
eval_01594.png,overlap,c46c6005560077d3014127af0d6fc57745d869630823e31a418e0de72c2ab13d,102.05
eval_01595.png,novel,ec84844c9ef6a2cc89c15f9d605882622fe148616ab730d35ef6ab934ef9a8db,97.1
eval_01596.png,novel,36fbc207d2950cf13740ae8d58963e52eb8ccbf737d7752f0ee0f5cb35c7bc8a,228.0
eval_01597.png,novel,75b002332ffddd721420ad204f7545a26f2c134740b5388297b4e661274dd433,113.29
eval_01598.png,novel,cc48d22c83a03831f4fab0bf4c2dc75498d1d8c9173ae4409597622745611460,349.57
eval_01599.png,novel,9455a05ee0ae16c51373d262c4222a2a301dc1eb318c88b21cf9b3b87e16e229,102.75
eval_01600.png,overlap,1f2ddf46d9cb57d14ad09f79311443199c34d4cff073834f7ad606474897c1ef,306.52
eval_01601.png,overlap,d095e8ecaf877b42f172da097d44d4791ab46828a7f6bbaebac40ebc595ca720,107.97
eval_01602.png,novel,002d4ba90626179dacb873b64d2905198174a9e37dee040ecd4441607e0c500a,110.07
eval_01603.png,novel,0cfe3d365c2888b21ea0ce1b66081271b5f034eb01cde40318f0a78141b7dfb8,147.12
eval_01604.png,novel,fbe5e3560a0e962622d810239d1b49d1b0a7c846f572bbed7598033d7f88abc7,157.04
eval_01605.png,overlap,9a0a2220dd6d95ebe4b5ea3b3dff164d25614bdb7d56a56248c50f462b7b04c5,164.95
eval_01606.png,novel,2b9ca963e3d9c989306608c8d1572d02ef343ae1d797476ec63a6f34bab76065,104.06
eval_01607.png,novel,391230a1ad184c5a0ce72f3bfda2d9fa88a3d083d9bd3041519c2c08b9acd7ec,168.68
eval_01608.png,overlap,cfc48c56753047ecad286dab681e0620200b466d449e75e5790068682fbb1b5d,334.07
eval_01609.png,overlap,b4ad51baa2220c41687ea92725fdf39ba89742811bbf6802b1ba379b7cf5042c,244.68
eval_01610.png,novel,007f6eed3aea340f609c69c8025936f5e74542d61abb43c02f1fb28d7fe9286e,114.92
eval_01611.png,novel,ca145db2dc923e66b03870916190c5d08f0462f2b2328deb6468631fc9c0c00b,90.64
eval_01612.png,overlap,36994f7b823509788606b0d3365e521d9111027cb309a69d159d991cdc383013,90.65
eval_01613.png,novel,e5f997951b757ded654b8822cc5766f73b5e4acc24a65eb148c28bf309c7b639,36.41
eval_01614.png,novel,415370ae6f62655c4317ac9be5dc07557b8387b9972d45937002d251518ccf90,231.03
eval_01615.png,novel,bd9d433361926ba07d360a0a7d653dac7ee76e478a99c4ccac3e7d17a6fbfaad,140.15
eval_01616.png,novel,284c5cf1a65dc39a689a7277c6fe8dbc1419b3176cda85e66ba51aedbf06104a,138.39
eval_01617.png,overlap,f2cfd4dd73a364d2335a02d952b156dd5a11aec7b83783ecaab397208b1c5355,293.62
eval_01618.png,overlap,c2bbde383bc81909a87e2739ad9ef4089a472993e33fbbf4ad491a8e31dda6a1,126.07
eval_01619.png,intra,738da7bca103b06cd8795fee8d15cbe1a7b108705d20edfb5e37237956d21be4,185.39
eval_01620.png,novel,cfad30117891abcec41907333a94942eb5706c8b674dd19bf0dc06f79d382cc3,119.77
eval_01621.png,overlap,c30f9cbcb7c0a9184564103bc93e56636c21781aa9178475da100b378e254f1e,36.12
eval_01622.png,intra,7e604dd1d993a7ab1107f4e9be5844cd951527f68470d2dc601434df65c86da9,206.91
eval_01623.png,novel,5018d05f91663a8206dc61c5cfee96ecff21b932fd61be4a9e36ea0e08d4e260,287.74
eval_01624.png,novel,1fc082321c2f524a397949bfde0eb727162f15e93043fe5ea6cb2a62af8985a5,91.76
eval_01625.png,novel,527354a57233ee217842f4953e7f4d74c2358076db277350da8c60b8a96fd7a5,70.64
eval_01626.png,intra,8782abb16bf3434028cc85efa3d6b9f72bcd30f0e08cd2c436d4971fe286376e,353.35
eval_01627.png,novel,1f8a54e1bd02b2a639530629a570931185395b7cd65ea6a0952243bf70b1a515,33.6
eval_01628.png,novel,012b369d187395c062febfa63e3540953c80d9d2506411f0aa2abc9a53b030a9,84.61
eval_01629.png,novel,85269a5fe40d21ba42c73b82e94a57de5ebe764f693bd5bab2e759172b87f4f8,140.73
eval_01630.png,novel,aaaf899fed5955b499539b28295ef110f0c611c326e1e3eaa57ba9ac0acd6585,128.22
eval_01631.png,intra,242d7ac78c33c2724cbe9ad4eab5f21e40c315e35d1399f0d40d01afdb20db74,158.67
eval_01632.png,intra,1aaa690f3cc4e643f17ab1e565b8c8be0df3380463d8c033b3e8903ff66fc70a,124.28
eval_01633.png,novel,d7f47e13bad9128a1b21f56e6c6cf7b514a3b9b9a40c2ef140119e25522f9453,227.34
eval_01634.png,overlap,7926c92c636ba289240f3092025797972be775029d7fa6a49567720268c7b1f8,94.36
eval_01635.png,overlap,3d98d6fb038a9dde6ac22e39cc020364d56dae98b6b6e1e21aacdb7304349de5,274.25
eval_01636.png,overlap,e2ccb7ddc6d2445b15c40f69807b24efab8c4594ca2f3ece81015e67686bf2cb,170.72
eval_01637.png,novel,b5007421e9924692026a51b9562295a221d29a8cfd1b375ea0eac349fe384f04,91.15
eval_01638.png,overlap,484a3287c2b97791f5064b14288749225d12033a9c539e5faffc336507f63d6f,174.81
eval_01639.png,overlap,0a708dd4af12f344dc6b66b8f3821090088dad1c3aa7a741345f651da49d6de0,338.84
eval_01640.png,intra,57ccd02666f9fd35bf8c675913d21c23e194fe183846115938343f0af7df407f,245.46
eval_01641.png,novel,d474f8821366c7a2c8bcffd8aed82f0d0a6b77436b403849d6418583bc14c624,130.5
eval_01642.png,intra,55dd2dd9b1e359b66401ab6eaeb6fb2170b0d859c8bb0250efc674352e032922,283.73
eval_01643.png,novel,e1cdc8346309e286d3ebee3cc6459724d4eb800bb6f814f82e6d50c9d3a2c527,11.95
eval_01644.png,novel,7167c26bafb507331381d836601dc1811283e9b2c47e34fd5e55ca4b0a0806b9,315.67
eval_01645.png,novel,8244726745ba59aaf1e3cecadd8c36121683f875ff390cae92a6891b508b1973,173.89
eval_01646.png,novel,89c4a9d932e61c9c49d09867b2384a43d18e80cc271770b6784311c4b1bbbf3f,68.46
eval_01647.png,overlap,3a3d2d97666b765c804e3fc12ba1eacef3dd89e47af8d743fb07cf2a0d3405e9,288.82
eval_01648.png,overlap,637e412bdd51e8daac9ae4b4184543bca94b53b679da2dd14b3203409d9f4d1f,92.5
eval_01649.png,novel,e87405befd595f9c4dce89a51db3b74a5953988de34d86adfd30521ecefaa7e6,104.76
eval_01650.png,novel,13d5a5fc6ef90cee2b7bd31b61acd40c0af6618b9b9312bbe4b611783fb10864,235.77
eval_01651.png,overlap,6362c9d4bd2c2a2253660296f2e4ebeffbdfd4de02b23d2f2d8d0eefe4084d1b,104.83
eval_01652.png,intra,2ba203702928d6b7bce9a03efb0307968c35dcacbf0cf5b91c06d5bf47877ac3,123.09
eval_01653.png,intra,ec448ef2444ba99fb7ca0f4ba0062f495d2a03eb11d077e82234add286ab91cf,164.04
eval_01654.png,novel,6aceefb1cc5066490622fd077a039da1aa1ba61fb5f086f9bfcd40262c35117c,90.64
eval_01655.png,overlap,e151c12562f9c2d4706b96dbe76f5dc6f7d79e7d4fc1b1c7ae5d4b89f6baa0af,143.46
eval_01656.png,novel,10888e2a0139dce483f3cab16c11228db18c5231295d50da35a71f970cde7883,165.4
eval_01657.png,novel,2441a30cf0d2973ba12b3a5792ebc3301107bb2bb3c5ff664364e61f7d01be8f,329.43
eval_01658.png,novel,84eda74985e6e7c96170db3ea3f6fd9d5108f130157f4f93db54e190648215be,80.69
eval_01659.png,overlap,7edc8ea5c37b2e1191bc9feb685e762b9b7f5d93206be53084917a58be2fb838,150.53
eval_01660.png,novel,5eeed5ba440d86ad8c755c0b8dffb4235d728588e1520eeee6fc1fb342acf69b,280.13
eval_01661.png,overlap,dc24f327ff3232ca838c3f679840f82e24b6a1a1e7ae3a217e608b8a5cb09bdb,154.1
eval_01662.png,overlap,07562757f4b08a7522e59550425802c0e24ac08b60120173543c264b87e818a6,252.01
eval_01663.png,overlap,2cbe473889d3d580525c386d52bc1cc1baee81ca57d90d2c6dfcb41882c87ffa,104.1
eval_01664.png,intra,99b055329ab3163f197f7106db3e971d2e9371429a626ebb2f09d6f7faf91ca7,125.86
eval_01665.png,novel,2b8057f10cb70d639c3941378f290898ba4fe551318c0780d78e6039d4917b1e,240.26
eval_01666.png,overlap,15e9a5977c8c1535b935ed62ab0b87ebcdcbe9c8e17a6fa463f69da84950a15a,153.94
eval_01667.png,novel,3afda79c80010fb2092378536c50ff451f6faa0cc228abd761238a4eb8166b69,31.74
eval_01668.png,novel,d130726f18ce1b7b329ccf8650219caf6ee26ece2d1e791edac18af0e3a5369c,121.81
eval_01669.png,novel,c82ed0105e7e0df5365046de24cf4d5ea7018d2169f47779885d1f2c18fc2269,264.32
eval_01670.png,novel,81f010434e3744f34b6de1f3464d9e4f6a0849318d979bc6b847c2cb1f35a294,313.61
eval_01671.png,novel,b10640dc47b90d25b8c6382daa0706c48a4dd55092e20adf511e78febf4511ce,133.93
eval_01672.png,overlap,841b5d8c74c0940f2619f2a3d81fe53960e3c3d54f3fa6de0b351b0d3cb72bb4,106.24
eval_01673.png,novel,8fba4d30f11dae44d344728c804ce73ba55e25c0033a2b10c27ce3a65ab0d93f,86.41
eval_01674.png,overlap,1ac14bf58be49f7757fc6b7c80775deb3e0c96ffd6255aff9b9860655b3802cf,102.69
eval_01675.png,overlap,82cd5a265f889821d6112555da475fb7d84ca527f033ca7ef29df902edf3be99,356.3
eval_01676.png,overlap,241f3dfcbb9809e3fdbef81a95b6a2a1baf789bc842d9b6677c05b976f8a212b,223.61
eval_01677.png,overlap,356e682bf6beb92748ed0aaf93d29d09ab7b2cd13d625408f619de8f84c04c8e,211.84
eval_01678.png,overlap,7191fe2563f372f21205ce2a6bae63b29719df58cd21b57dc4fdb5236625a67f,153.43
eval_01679.png,novel,0babb63b5e244317bdb5b47c50ff838002b5fb6b8247f0a769cacca141b9d61f,163.43
eval_01680.png,overlap,86f5a1e6e6f88dea949d6fee0b35256662ea4c94455439ddf5d2ac98cc3b6564,110.25
eval_01681.png,novel,38df31da5e09787ee7e94e9af490359deda9c48ecc81c2f9d6907213a9e3c825,182.8
eval_01682.png,novel,8ad5a06554c268b024ec2d884b668e546f4e11afe1c15cb0eb3189a689bc9ce3,50.37
eval_01683.png,overlap,625743fe79767629839a92a0034cd1ccc89e4a5e2fffa4124375368f0b5559e8,163.04
eval_01684.png,overlap,4c991383c635c06d154cd75bc5bb2ba1183ee51e5932fad6765e5b74edc982ac,310.01
eval_01685.png,overlap,ac3424b2b0d73f8c58dd9969a17266276cd57fd04ba1a7f13862973955560ca3,179.99
eval_01686.png,overlap,462d46524808701a358985920114092861e6fb42eb8e0e3b023067dbf6015670,90.17
eval_01687.png,novel,d785942bbb8a7ba8068153177825d7023ee1406ccdcd96e0a28b7b21c7c2b78a,209.44
eval_01688.png,intra,be051a5e63a691c441d6b0bba54725f3c2e04545b73dded6d180293661ff1b87,348.72
eval_01689.png,novel,e629ed67c08f70b15f49e8f635c743524d6ff3aaf32281f1febe75f7c02f61da,103.06
eval_01690.png,overlap,1f8cc9d1cae2af6e6dfa07bd940b0e14674dd78f88fb4ddb02eceebe82965fef,225.32
eval_01691.png,intra,d618893335a05e716d7ce88077857a5350908fefcc9b2dcbf78d7aa6aa0de6af,198.71
eval_01692.png,novel,93843b7953670d42554d5e04eae2f7a0ca2e839a7a4fb1e0514d171e6260aed0,126.05
eval_01693.png,overlap,9f4516c2aa8b711a550e0488470a24cc0ab1cbd33056461a010a2fc45c882989,105.26
eval_01694.png,novel,4cd8571416eabcf38937b463a90e94adee902c38a7f322b4c379b9e446644d05,258.42
eval_01695.png,overlap,c9f28e0fd20d388a016df5563185fa16d7eb9d2ee24f6abcd8fad8fd45da17c9,90.35
eval_01696.png,novel,e59e042e7a5f38f0a4405f4c60a0483a6b16fc58149e4973285e7a35948e9b1d,355.29
eval_01697.png,overlap,84589728e88a4caa98e99ec61093f4aa20c7446dbacfc41097bb2aa835f0efcd,95.65
eval_01698.png,overlap,46363155ec99d39c1a62750da8b7050b1b42080a1a12b71ca6ae04a131d64f18,314.68
eval_01699.png,overlap,5d9530c577eeb339b8d4a6a45243925122d5fce7886a18c1b86b686a4f227ea1,159.46
eval_01700.png,novel,e946cec5cd4361f4052f2e1b39d1d4f755f1f9d64eccd927d38d28676feba6ce,307.77
eval_01701.png,novel,cad6c314c66489b41afe43891e5ca7e6305590d6c7251caf09d507b0451dfd6f,142.3
eval_01702.png,overlap,113fb585be503acf3fc719ab936e0203d7da5ec0ddacfd797ac9446d24de2dd0,160.81
eval_01703.png,novel,b5788d0381310bf65bf87a23bc8a5c72015bacc2eb62aedfdf51420aaefe0fec,140.79
eval_01704.png,overlap,8274df5db6dcaf1c634f35f103f55567f9b1ff4ffc8edc550524212a6f39d80c,148.65
eval_01705.png,novel,1ee399b59ac8e32943ccdeb416a18bb74c7f65d1e80ca1d41ac399f97d4735f5,242.55
eval_01706.png,overlap,43a46c45714c710806d3a460f3b04fbb943fb0478f613a650f4e5ba3bd4fbfae,161.43
eval_01707.png,overlap,dca03758fc7d29bbf3a5b04cb6eca93b815ec8ed4e25b01f76bc5e6f9cbef984,105.2
eval_01708.png,novel,5a6b79fe226f0d3c23855e16a1a0f0060d9a6441f98892d01dba92bb5328b1dd,228.24
eval_01709.png,intra,6fef97563c9d0ed61ceb4ae62f876b121a551ae10f5c4dae6d833fd2bdffe558,148.03
eval_01710.png,overlap,4612c7d3b99e511026068ace316d962d0fb607aa240a06945a599de1ddc0ea4b,111.41
eval_01711.png,novel,0790866e7406541c2dbcffffe201e9883957999e4d0628c43e4815f0e582b0c1,147.14
eval_01712.png,novel,8f923c5f0aed2213e620b11d7525cf01c9a7b7027edfebd10e33f9b7c596f396,99.26
eval_01713.png,intra,f2f6c230192883220fcdd93c5529fa0fa4f1632bf834069c55605c2074d09e5e,140.79
eval_01714.png,novel,09e4c58244c45650f948288fd8b4d549d66b81a0dddf9d301aebcef384b05e71,169.55
eval_01715.png,novel,8e8c01b002957664f09bcfc48697f46cd3fbcf86b420a971c8ef5e8d154e3284,350.15
eval_01716.png,overlap,0add1a18c2f8440a592789004a17ca6b4b1b249cf6a4283b18beb9b8e14280ee,164.0
eval_01717.png,novel,19984aef0600da27444a4ecb0c9611c2f51d0b23e9c9a8777ddefafa4215f06d,339.06
eval_01718.png,overlap,751c84f5bb16662d6f7978d71a735ce1972d66224e6cc013455093288086ffb5,148.54
eval_01719.png,overlap,d17ecf94d7232dacea06626d788e07e7468e1a80845b363a059fc8df6644ea64,149.63
eval_01720.png,intra,4ba4b26cc0e59c375b065ee3021bb17ad25633123cca3ba707af11590426288a,333.61
eval_01721.png,novel,92016ed8bda5ae9513087aae35dfc5a2049f50d6938749851e75c58032b6f020,328.77
eval_01722.png,intra,ec448ef2444ba99fb7ca0f4ba0062f495d2a03eb11d077e82234add286ab91cf,180.5
eval_01723.png,novel,07fca8b07a0dd6dd4a3301866a778629c5965dc1d0f2c972cbf07c30a3ed2239,192.79
eval_01724.png,novel,195c5c2d5ce08060730f44a5dad60a9e8cc0570573fc6a75568055a08b0fef33,300.41
eval_01725.png,novel,798faedbb7a8868377af34ff07ec8d72f51787f0ea47e4f215ef3f3bc5148369,319.22
eval_01726.png,novel,6b84ef95ddf18ad49458c676de154275bf02a7510ec35471ec5a23de308980cd,211.09
eval_01727.png,intra,f20e55169a824255e2454d349cf5fc87ece00ba34fc6f9fd81c79b07e1d4e1fb,113.97
eval_01728.png,intra,fcb03f526a9a3004c979087f49664a11a6fc8f909ee8cbd21be23aeb2427504a,92.74
eval_01729.png,novel,45222d88a950d1be64bdf25410f5abcd00c9cbbabe5308fef5bf6fcd68bda181,34.65
eval_01730.png,novel,fc185bdb3015a6e3ceba69f29d96d4f7e58793e739f269ca7e65e8364fcd3ab5,116.41
eval_01731.png,novel,221bff78f2521d6d721f9af7aff84600e462509e599fcd9b918f9c50d12f6e93,259.02
eval_01732.png,overlap,187b2089eb4f5a04985e90c5849a39d04bcb1b51889b2d48a1a1e47e8271d62a,167.58
eval_01733.png,novel,92160536db75eab74006af0b44676f23ad63e27c1f1e7f58faf0da62e64054a7,102.85
eval_01734.png,overlap,37fe87661c9e1a46f71079cca647d1076a4edfea5a1173712a24884caddfb51b,138.18
eval_01735.png,overlap,79c0f0cfbcaa67730ad58b879d91563680d3288f9f7354633d2a0a5f022eda69,94.85
eval_01736.png,novel,389db23bb124b902756c857d15176c6ebc224f8e66bc6eca0b80856b93de2911,135.45
eval_01737.png,overlap,daafc214aaebff5e17a14eb5f7e890316d842a59ddf7d3b19ca33ec6b7a60358,14.38
eval_01738.png,novel,4ba93635ade843f3d5874a24b37c2f6ab894d8f119a665f8fb7609e8f8df054b,103.2
eval_01739.png,overlap,3c0a7f13d5de64c38085d8b48676aa39b68d95298cf072d8590e8d29dace0341,298.78
eval_01740.png,overlap,31a1b784f423f7e6b36a5c8c33cec89a76975e9f152a3ec585652b2564e6cda1,141.46
eval_01741.png,overlap,7e3c76f7b70185332c934b1a1018bed85f8f3640574d6221c14f7e567bae5c79,91.52
eval_01742.png,overlap,95bbddd94e5d7460cdac7373771d054c4ce09978dd7439b3b3be7fcad7d6e764,47.1
eval_01743.png,novel,2c772434dbf0a976ded56b01a33aa0fb11c12b6633955230e82877f9badb3202,39.47
eval_01744.png,novel,902c73376716d5f2f88b7b84d45c2e6ff05f47bb5746fb9ce2bcc119b71c6cd6,305.55
eval_01745.png,novel,178695c00cfacdebf5580802015766d5350090de87ad1d142f39205c028b399d,63.06
eval_01746.png,intra,d9cee24cd10f127ae9a5ccbd92ba506be8dc4216bc074e53a1c5f632d92b9654,292.72
eval_01747.png,overlap,1f88c0289a6691f37b4a02fb8d0c77359c7746ebd54646a5458d41b1a18d6174,173.26
eval_01748.png,novel,bbaa0e287c180b4a99797c5b1e9f2987fdf34c2ce3b377275d690d00d4e54fe4,205.72
eval_01749.png,novel,0d1f0f5bf60f9cf7edaf141fb87b459941d88bd47365f2bdcc5af6d7788f1e0f,2.06
eval_01750.png,novel,cc698c5664bdec0aeecb05f4ccf58c7ac716d51d3940e156d8bf006a97eeb46b,11.54
eval_01751.png,overlap,008eeb0c333248a7b09b77a25f25a1b25f2d4fe07785dd35daf62e59b4652ac2,139.38
eval_01752.png,novel,521901f8ec8f117aa698fe0503f2064774f36c16a37335a88ab330f86b2d0ad0,346.97
eval_01753.png,novel,a838578a002092f6285473c9e9606975e77615436bfb99dc937b8c1a950e5b95,278.4
eval_01754.png,overlap,c801d7e270478090de08a275724e19d43f4187b17a76c85212bd955adc8e28d8,128.78
eval_01755.png,intra,2ffde1ea718c57e7698ca5d85684b5e3a16bbd47493d49c222de4794fd293259,257.81
eval_01756.png,overlap,b7fae37c3c27b854042b9d4b6bc2a10b492695b2923f7886b17b18caa79886df,102.75
eval_01757.png,novel,82bba8cb61aacf6e7e1c6d08f8145b5cdf8a8f42b0d711a0fdda371d9c70dbc8,180.26
eval_01758.png,novel,93203d7f1691c0842a68857ca22447f558b11491efe88f071b3e783e5ee4cde4,251.99
eval_01759.png,novel,9a531ad0e276ac377d3e8a07d6cc9d589ebdf9c0d5253a70cc2ccdd55d8d94d7,220.83
eval_01760.png,novel,a19bc160e61132bd99c826fa2349a5befc80d0d4342c9cb0dc8111a21fc7ce0d,10.72
eval_01761.png,overlap,5586ce65d70297297e1bb1541e01bd5055b8535921f87c734aa877572608a027,167.87
eval_01762.png,overlap,63db3ab403a9e995d83f865e00a153c3327a8d763ade93a4c8abc9d8e4927b1a,142.26
eval_01763.png,novel,3d62d4f4606257ec8903ce7ffcd1a656583487d565f093e9b9e452c298038c21,257.3
eval_01764.png,novel,5ea05486c87a25dab465b924ab9e8f1f9e9db424836713ac63ea92b342bee783,242.93
eval_01765.png,novel,2b57708a1972b4ec1173ff9390ee538706297de67f649409c1acb1eaff348869,101.49
eval_01766.png,novel,e988f323536f6426346f25e044edd0b8fbfbf7badaaf3c64a6fb094efc7632ac,161.81
eval_01767.png,novel,ca16d3bbbd5549f13701b70d3e3ce61b2439adb3fab7d14a6ad50cbc4f146dce,327.42
eval_01768.png,intra,4387795ac01a9760206b3b8aa24c2c728fe9160193219716ce05b35a9b68f238,98.64
eval_01769.png,intra,d8c54688c8de194955772fd2f52aa010cd94e0c7809db5a85d3bd90547fd8c08,128.61
eval_01770.png,overlap,8fb8aa26b9e0aba65ac1acf18b9fe02a84ec13e852d0afee7446f107e259ac6a,162.79
eval_01771.png,novel,10a79f8aba7581a9642ff2041b9808e3cb1fe21d367aa5155a670ad27c14ec30,172.77
eval_01772.png,novel,17dec077c6264e2176e5ef06bdbd4d8d8ee8955bca0a1a1748eabb88fb7b19a1,272.64
eval_01773.png,intra,f2f6c230192883220fcdd93c5529fa0fa4f1632bf834069c55605c2074d09e5e,310.47
eval_01774.png,intra,9beb5892b27f3790aa2e295497b71ce6ec336068caa5d674889744d4cb896463,200.38
eval_01775.png,overlap,2bc954810966a498d3438795d84a7b0269384b1fe610bbcccf709d640c41d435,167.97
eval_01776.png,novel,71eda776fd7a673608eb513429dc4efefe12245959ac91694f83193b7dd753af,85.11
eval_01777.png,novel,9e2263a5961f96bdef619b5232620ec277b05e8f71ecc877881c5d6fca3124e9,275.62
eval_01778.png,overlap,cd52116b3d53481a1e88f2ee13e58e603688e10dc573a011a407fe89bf228895,199.81
eval_01779.png,intra,4ba5a14f8d8a8977a41bbc4608b2931e8082b0116623528737a4830ee49f9c28,276.02
eval_01780.png,overlap,300626d1bdc02f82301229894e69927fc523e06430ae0bfcf0a39f7d4becd424,285.97
eval_01781.png,novel,7294e7d63d28cd3dea06ed9ef5a669f0d243c8b8a129fc5e7a8fb7a19f0ce23f,319.72
eval_01782.png,intra,2b391cc923242f81842c6870506916c6a0c084247fbb83beb0e2d9b7811a99e2,302.53
eval_01783.png,novel,7fe42eae75dd5fcc150444eaf2ac75bbc9332dc343967939485fa6a48a20f2ec,183.15
eval_01784.png,novel,1eb9ddff4b12a0c68de6b010b5c711371d536f3b27571c468a39ce8c14f8d168,190.51
eval_01785.png,overlap,60ea052ec28610ffa4c3a3641f3bb6b8b2f286e857a3a964a115beefcaccff4b,100.95
eval_01786.png,novel,5a136e76a2fbb481d5f06cdbec6c71f19321ce36816f46682831ed62ddef6133,173.03
eval_01787.png,novel,f9eeef52ecd661c428d21e73adb1c7a378bc2adf04e4d6ba8226d617d34ab744,172.98
eval_01788.png,overlap,07e2e584b649c1893eac81f97f366b3f6850e5402b3db74006b6a96c718c1992,67.11
eval_01789.png,novel,80cc68dd261e8ca6ec67854edfe11c684d35f4c8906892050233400b7ad4e933,219.35
eval_01790.png,overlap,e2669216d3999c29e9c272d79b4edbf869c86439a512b819a72d3455916fa15c,159.45
eval_01791.png,novel,a88323eb49e8542d46a4147d1ae0bd2daba2dfc254286fbd6c13f1ba91d54442,139.68
eval_01792.png,overlap,b702815d7c3d84c3f9e8854ef6677e0db4c11984a82a612928dcacfd3caae24d,120.56
eval_01793.png,overlap,aa52600271d40e9dad673ea845b8063b42c595c00344f771020764c851e272b0,203.98
eval_01794.png,intra,e5c70fa2fb638a42a5a5d05f92b885eb360787b7be0eb9faba9e5569088f64b2,7.27
eval_01795.png,overlap,cae53ac4a66bb341bee242bac041be6c8fcaf81b41492218c929fda66b7e5a99,217.99
eval_01796.png,overlap,2861fc8ebe5a1a33e18b10b739544dd853ced72f5aaab9a2638cf095e522af74,40.39
eval_01797.png,overlap,5ae7f1021a7b5738a66bbba200f6be2e50a6d730b2e4242edaa5c90a6594a801,178.26
eval_01798.png,novel,cf989777561f88cc4d0d5054495e8b69f2525391e884bd48f3ef7f0ef967a356,89.24
eval_01799.png,overlap,a7eb8d07b32a5247ca3e8d41df8fd73368df6167b4c74bd9fc541733fed31585,110.6
eval_01800.png,novel,1e3ba4f4ccf802d3c965c84db7fcf8513ce19e2de90f2224d1c303831432db13,63.22
eval_01801.png,overlap,fe5f6fcb9388891eadbdd15ebaeb1c016c007378f3bcdadc3fdeefc821eae46c,292.73
eval_01802.png,overlap,9eb073a1a60a7071b5ef6bf519aef23e4fd0feb49347f3ff0dc4d91558f44f22,177.31
eval_01803.png,overlap,010f1fa166ae8ce13b0d4a1645dee4131f7edfd3b44be996319dab05bab16cf5,158.45
eval_01804.png,overlap,bb4e939deb139b605a130b933997dc68cf8826344306f9cf2e15229605fe61c2,329.12
eval_01805.png,overlap,16d579e26955ad308aba9f352cec8dcb891455102fb8bcf8a75bd601b3e2ffb5,137.56
eval_01806.png,novel,35332be26e37e0830db7cdaeb67227259c8a97a7e8f2398c6b345fd291263f73,73.14
eval_01807.png,overlap,bb57ddf4c90b7ce30622a24db49e7567d324c02caf37b478ec40af0d78aeae44,100.72
eval_01808.png,overlap,0ca006eaf12c7bd35509a9d68460a769b575abee084a94b9a3aa09266e6e9e66,25.62
eval_01809.png,overlap,4c00822e420aea7afc7c2460c2066031ab2873e8bf3912974b2a22522406b64f,116.17
eval_01810.png,overlap,8d22b96f0d139f3888e14ea10bdac15432be3c92091b645787e5f7e3eb4ae459,120.04
eval_01811.png,intra,534cb368b00fa619349d211c6d0ce5d0fa873de443f79f7f1cfda627c48c30ef,179.33
eval_01812.png,overlap,c5eba324918630ce7010b3e503fe96efa55ba79a890d733aaab627412712ea47,144.73
eval_01813.png,novel,b26f87b43f7f3a78d07db1e12ed82a9ab4932bbc0d6a30d48f82fc6f24eba993,22.34
eval_01814.png,novel,01d421ca384c68b0ff65ee80737a0e3bff95a24640edbaf28064bbe5d437b862,13.67
eval_01815.png,novel,cf3a14b3ab8d3e0e0ae3833da1be16a22262979d6ec9d2cae43868faa81c77a8,19.23
eval_01816.png,overlap,ca8904c0ac561d2660f022172b7a5351271b30f9c6be2a457be07010ca6726d6,142.01
eval_01817.png,novel,58ccbcfe07bccd6c003b49286c4a14c33a5df135206fa35edb09414d4a941790,71.76
eval_01818.png,overlap,be5d2c2e3c2efe9697694123005c40ccd395f061fe082870b10d3c4dd76a8adc,66.05
eval_01819.png,intra,e735d2790751f059f990c7b0dad2168d10aaf32832ed32a9a73ae12a5cef56da,171.2
eval_01820.png,novel,b0c71264638f6f1675c08fe9356dce47a384de99fa2bc41569a968cdd1392aff,156.05
eval_01821.png,novel,b54bc99c0a2b3b9f22d08801c2163786004466da5c5e35c56e475ebd3c595480,167.17
eval_01822.png,novel,51ee853e912c5855160c7f33fe501d88124bd652a67f99e36f7ccb9c58d25f55,149.35
eval_01823.png,overlap,08c671cd2535344e09b820c54edf2adccfd8f609dbabd6dabb4d34e2ceca9fe7,104.58
eval_01824.png,overlap,98ab70ff5217631f7deac4c5028ad33150db0c53c5f42f698f4693bdb5715796,143.17
eval_01825.png,overlap,6aeb7de68057923e816e9227a1bf904058a60450d17fee22ae4484c9fa4a6af1,286.07
eval_01826.png,novel,aebf6fb4549601edef3ce11eeb56ea46367c5fb20dbeb1aaf014ea554cda0bf2,296.36
eval_01827.png,intra,7e04075c0cb5787347927add1e8c05a694c18c775b09350fc07b643e4446b68d,319.71
eval_01828.png,overlap,3a0b635c6efaddf469902e77810469228fe467d1979dd1a4e4e81b1ec31e8f64,303.55
eval_01829.png,novel,89d900de63cfd4d98f80e4bbc12458dbade1ebaa2fcc463cd1ee00fcdf264229,179.19
eval_01830.png,overlap,dc862798929e484fe442d49899df785ca247ac5321a00a6446f77d5edc8aa692,105.02
eval_01831.png,overlap,66186e965beec14961de5d43737a7eec6ed9cc1be65072d6994024ec30be4ae0,157.92
eval_01832.png,overlap,faa533ae134f9cc3de02f8ea74ed7d65ee379220cfd901d10d7b5d8787557eb0,13.73
eval_01833.png,novel,6ee4d8337f4e62ecc6b985c92ad753504a36781a42b3c19442ce644a54666e50,101.35
eval_01834.png,novel,157064342f8949267b8f012cd499c289c5f8d4ffd721758d38176fc780da6c6e,277.15
eval_01835.png,novel,4f866fcad44ae9dac66ad0be69487bc84bf155004b97b456b281e327a4dca4b9,177.46
eval_01836.png,novel,0e6a8db65492292408045f5204fdc9c43c2d3b77e8b338a8e68e5e74940bb783,106.78
eval_01837.png,overlap,ba015b29dd98ec7dcda404ecd991b30224375029db15de516035a3e5f56e3c23,109.21
eval_01838.png,novel,8ece06d03663a1b54923aaa232fd4670d597730cc071ed003955f9d838e99bfe,162.36
eval_01839.png,novel,30bb10c5315c18adca00fa7ebaa4e4cacce73e0fb3e552d9b79f660913629282,317.79
eval_01840.png,novel,f3d5731243f8726c6cae64bd04cc905e31a628ed6a6ab943b1c865c0aac1defd,137.85
eval_01841.png,overlap,997fcee756efcd0b4949a53c12be0da5462f6f375f76f74428431bc0baddd491,125.13
eval_01842.png,novel,4030d60c9ca5f7435d88b28dd492c4e99ba7b81ea6a152090f8bc8be54f33cc3,177.49
eval_01843.png,intra,a9e5194a396ae0468d32d3738be03378b8924857d8cdd407e1f810e3ed3959f9,251.1
eval_01844.png,novel,715e416fb531ad7c82823b7aa05c49a2c6814607e64999b6114eb92f8ac70abd,19.28
eval_01845.png,intra,2b391cc923242f81842c6870506916c6a0c084247fbb83beb0e2d9b7811a99e2,168.5
eval_01846.png,overlap,f884079a7918ee63b55639a3af8365130fa3f0d36d9a71a6d782df2d01a8bc01,123.58
eval_01847.png,novel,fdda342367b0ab47c0b61c32a99a846f35458a7aaadd758e2b83f2b4894f241c,116.76
eval_01848.png,novel,9dd5d2d1a985c79c780430021597c72d040c9dcfa84c74b5128bce25117b44b3,92.98
eval_01849.png,intra,e005817a363513a3c6c2c80fd56e0e56022b8237532268db18219d2185dc835d,69.92
eval_01850.png,overlap,f584e356490a1a53459525955cca87d9e9a7a4c0713d4333dd87f1811958266a,147.94
eval_01851.png,overlap,43d37f69a18e3fa17f0e7bc6549e8884a23a54f6245b75d1a99a97e7a3732353,205.34
eval_01852.png,overlap,2d435630f4a3fc5f4cbe549e33c1920466c56961387c4813efd344074e4ccc66,162.3
eval_01853.png,novel,dfa0d95661c64e00cbd5ad841cb5d73921d5eee7ac4de9a242dd4c7fae48177d,213.29
eval_01854.png,overlap,2e5ccbd6614379dc7e75a4dc70a5b2cd745e68632baf4d6db84e099b89594c47,313.01
eval_01855.png,overlap,2edffd50aa8f3efc2f31f718a068cb7666457e98d51166f547d13cb1a9377c43,96.26
eval_01856.png,novel,62a066c6743d968e0e955b270b8145a5d6635aa4de18eec5f11387db833da51e,153.76
eval_01857.png,novel,792b03d7e6d053774161629e76af755a99eaa7e227518e6006d502ed593343f9,131.43
eval_01858.png,overlap,27852ef94f4482d5ea3ad47568e477d7caf33eccf5d95d906481fa8b8c1e4e14,79.94
eval_01859.png,overlap,efd5053466b0039e29e3332b3fe6acbea1b61a5b8a193b89f1d16ad9fc48e060,111.53
eval_01860.png,overlap,561ebf437d1ebff61fa277f2a1af2214b1faf736a24b4cfe205d8a2e472ddbdf,101.99
eval_01861.png,novel,129ef56c22b5cb348991c7716a7443a041a5b9a4576c9908e53dea7b4d9ae66a,14.5
eval_01862.png,overlap,9acc6fbc899704ffb45ff0dd133ded76176572bdac01b0a474845fca35fca370,298.38
eval_01863.png,overlap,1a3b540a8a9155914735e6a66e6debb519b697c157b03f8747a4356f669bf5f6,151.09
eval_01864.png,intra,d8c54688c8de194955772fd2f52aa010cd94e0c7809db5a85d3bd90547fd8c08,273.96
eval_01865.png,intra,2ffde1ea718c57e7698ca5d85684b5e3a16bbd47493d49c222de4794fd293259,107.05
eval_01866.png,overlap,101025db7a2ac0c5bfb69bd0cd8a428d885bdc47b724b0a9d361ed1f61350f73,88.89
eval_01867.png,overlap,2ba1dbdf2f9db191db2faea0b2e32649e933848053c008d58c44a66680d36b0c,334.34
eval_01868.png,novel,8f5104e620fd0423bff6a8477ad42edc2c56d1df68f516c0551a62abe587818a,105.21
eval_01869.png,intra,8184f00034b4ce5aeb1baf4080ed822ed1ccd7b049466ea99f37c7b4e4dc9be7,270.01
eval_01870.png,novel,676017d019e7c8620d1ed95fc416e5dc05097b8eab6cfc022e47352c115211a6,128.94
eval_01871.png,overlap,9b714779cef4e3ebbb9ee986576f4aacc484edb32192fc4eb7af8858cbe0e648,290.13
eval_01872.png,novel,608343dbf90c49fe8ad093bd7720eeae3b5cc4826afe450189c3142332a309ed,117.7
eval_01873.png,novel,1469147197f65aaf0dc7d34389a33d38078d28a5ae8170d2bce8ddfc3ca6bc13,322.57
eval_01874.png,overlap,9b81f1bd8eb0a3e36a0df73a08252ef3f64bc31f128df0a2c455a6e16e90c22b,260.95
eval_01875.png,overlap,3a49c0a26557eb6f9f8a4367efa597743147be400de40777280538bfbd4e9f4c,107.1
eval_01876.png,overlap,010161b09ab6422e81bc5374af49f0bb44d40570b8a96924e51e836b2d30d234,165.44
eval_01877.png,overlap,5d067cf30131e15842ccbf99a4c7ae2d583e003d4ad8a72b3e71aeae00b9fb5b,145.3
eval_01878.png,overlap,99d2a9213799a8e2f2b159cc0f904540c84cfd02b61447483468a630a90ab5e9,153.89
eval_01879.png,intra,7e04075c0cb5787347927add1e8c05a694c18c775b09350fc07b643e4446b68d,171.04
eval_01880.png,overlap,f87a914175f9a04769ba83d21138eeee752cdc81c9980b584d2c74ff76eaf07a,173.95
eval_01881.png,novel,7797c28ade3d599a7b197ef671cf514ff5470c639c67e617e29e196ea108d0a4,130.82
eval_01882.png,overlap,54fdaac65e375fce3764112a3ace0e052bcc19e8c0b60fde4da8190eb87aea22,132.73
eval_01883.png,overlap,097f2cd406e3d88f257acae2d1598032a2590183d88fbbf725af28d44217ceff,107.78
eval_01884.png,novel,2d6c3d7eeebf79a7e012f3e160ce58b771fcfdddd785978381fa0f2e9f380114,163.09
eval_01885.png,novel,6762a047e7bea220ba0679704a4f45d1b1dba87320f4cb31c008516851c19bfb,117.73
eval_01886.png,novel,761e61abad84dad6a5c89bbe4a18c557cc1add544ca60f6a8f0bf4ddd703d9fc,88.0
eval_01887.png,novel,a6f032792953ae1cbdb273fe45a83717d147d56c38a468c3855f25dfecfa6401,120.26
eval_01888.png,novel,756e94eeb6b7552d8140c0e43de7f7de353af925f79e47fbae9827007dd5705c,171.53
eval_01889.png,novel,2b830cad7c0a4c292835d5587162f1bd31187ddce55f9d9768df1472a7c1be21,235.24
eval_01890.png,novel,11a99c159dbc750642334de0412f4254d7fa1af685934f66f2defb683c84c214,232.45
eval_01891.png,overlap,3b4c06d4f5a331712ad67060d7b099c09e642e6d6084c4d80675d509c9d2fa1b,351.07
eval_01892.png,novel,ce5f90694253abe2ea0d32a019e138ccc3785a5c07bf7b738e37c08efcf53ef8,89.48
eval_01893.png,novel,334045aca815c77b52bbd7e1a04153bf842c2a776416e31f4cb3c1284fc058e6,169.45
eval_01894.png,intra,8841f0bebf67e6903405b1878b66ece04dbd03261d6604b37256be6db4a63af3,191.2
eval_01895.png,overlap,997c0270655d99ad8133adccb2238296cc01d74eaeddded443b3bc82b290b347,128.81
eval_01896.png,novel,81a0a2a1efa351296256420f02a2a2518b88d6e0fb30bc373a1af9d66774ba03,288.96
eval_01897.png,overlap,562d74b25cae46a8557fb7a238f65504681ecadb32c9dfbe63d5bead4c55358b,161.53
eval_01898.png,overlap,b8e469b3e846e0311830e0b6d54838bccc27da70fd4c360640a21d37ed9baa52,99.91
eval_01899.png,overlap,2069beac4941989dd3721019abf728d79c56e083412db19f56b6d09c9fc847a1,133.38
eval_01900.png,intra,e5bd4db12f30600d581c1da71d9a37cb1eebc703ee15c76f77a5406657102a50,103.66
eval_01901.png,novel,db8b4a0472e2ba01ac96c480f2221811513c8628e7434b093c771ffd36dc4bb1,144.24
eval_01902.png,novel,61a98806e56f3224dea131e2f81af1c0d4254c510806a7066c7d4c74f84ed60d,125.89
eval_01903.png,novel,57b549bb5cc3dcb7ce327ec077b9a216eb8cd2bbeb1f145cf546462ffb767d79,147.33
eval_01904.png,novel,a0ded5f07b772ae61e4a2ab4511ea083708a52fd264aa1169f174db69800fe01,99.73
eval_01905.png,novel,cf0c1addb2a2e6b94eb4014c089e1e2ec455827724ecd1e5696c36fe21b7e44d,294.24
eval_01906.png,novel,0f5ddf5eae712ad91d1508146da1585b6ba0b21273df758e7652723baa6e3784,247.82
eval_01907.png,overlap,ab9a8efba40677863ceae9ea88741851be419b5236fdb80d393d177561052a32,86.83
eval_01908.png,novel,7b2169fdae9b6fb7c998e5942fd61e9b07cd61cecb4710721edadf67fa3c5f77,142.83
eval_01909.png,intra,dc600d61dc449790f71e8eb10feb04fabeffe2ef9b78198a3908b6f28c2c9175,144.06
eval_01910.png,novel,b490d6498654ed0ef300e6946be2f5042053f05872af975437feb633b6cfc890,153.82
eval_01911.png,novel,4afb870cce0ce4c50de3867fee0c74635c0b8ce53eaedbee8dce8d983e450745,331.34
eval_01912.png,novel,aad5fd4c2bf83f4b4cb958d03ba857ee3ab31a298bc65dd3b3c6329009ff094d,324.88
eval_01913.png,overlap,c7c748d3bf9468374aa763b43cc965892aa8d7b64f4e0378bb6c3c4eca259091,145.4
eval_01914.png,novel,ec65389637e8002d281c8d3eab4d987216f1dc5e04ff47bb8c351c693105b868,221.38
eval_01915.png,overlap,1a1da1c9329c9623410337726caf7ff8320bfad6dbfa6f61e9af653e622f6403,131.12
eval_01916.png,overlap,75a4013a52d8d095023700a715cadec1974dd551fb7f8c69f8fc87b3953eefef,150.41
eval_01917.png,novel,042522446015d51787aeb1f936b1a23acda4a73d32bf2a6c37307df32e1347a0,96.58
eval_01918.png,intra,b2354e308098d5e9d09a34a2de1b48d6e9fd26cfb139bccce2a2fd88c718b67f,120.16
eval_01919.png,intra,5630ba932521e464fffdb01d7b5b75564554cb2134718d8199416e178eab80d2,94.97
eval_01920.png,overlap,bdd8c7f023385c763073c1cf58c86b8efde187f8d1be58c5e08fee39c41b955d,145.27
eval_01921.png,novel,7764907a988f7419384d3f8fad78a21adb5351bb6917f04bc3472b082efbc652,115.33
eval_01922.png,overlap,2fe9d71e7c0318527a3d716a304f4c4ce0308bde04639b2d20fdb53c9fba15cc,261.11
eval_01923.png,novel,7a00df193cff79415564a70d5873af82acae282757bf3bd1d5d49f3544c4ef07,67.82
eval_01924.png,overlap,4a8b25717a0cf6da6cb98b04113da37e9fe3e5daae338e2fbc2b9c10a90a30d7,244.45
eval_01925.png,overlap,922f0a9249a5f83ba2161812c32930c4bcd20a5f2f5b4a766e121aa293e4b93d,167.62
eval_01926.png,novel,21e8810d446930b2b4520b581c6b3da4ca9f1b086314239d59760ea4ab9d7fbf,257.44
eval_01927.png,novel,f9f27a8dabe9c456027d4a8d2cb5705ad4cf8cca910741841ccc9d8b548c77fe,129.05
eval_01928.png,intra,e005817a363513a3c6c2c80fd56e0e56022b8237532268db18219d2185dc835d,119.67
eval_01929.png,overlap,450f95e8d76142dd332fa00e6891f9538446eb31601eb5e0200d05e9ba849442,131.56
eval_01930.png,overlap,ee751cc326c93e7bce2ba83246962e596f144d867376b58203069d7088249f7b,145.07
eval_01931.png,overlap,39eb6245f12a1e5de642fb82a63a2bbd579197afe39be8627e50c92b0a35f121,173.06
eval_01932.png,novel,32206d9d3459a2c5769d77d71dde9ff09c5d586e5d7dfbec8f95638b6a2fd0ec,150.76
eval_01933.png,novel,0a05ada0a878889eee98425826164bec628bf27f13456d8661951590ab692e05,129.44
eval_01934.png,overlap,7b375236420712baed9d907f3ad9c0394b2375f8bb61a8a3c0bc1123a1cbeb44,126.91
eval_01935.png,novel,5dc96a1d9d67e9f3e4ce871711e98be4624347e9eda5d599d2b2b2dfa160d92a,150.4
eval_01936.png,novel,4d6fd14963e6b445dc91fc196b7f3364c420d96955f5fc3de8b5988e67bdec49,276.98
eval_01937.png,intra,949ef1731523c7d3cac1752bff27f6b7bf51285b5c7697fac6cb8284101e909b,149.34
eval_01938.png,intra,7bf4369f6d9cc8243b9d879ed675cb6f4989659d9f782c4ece5623b4430ea1fc,103.33
eval_01939.png,overlap,924007716491c5b3c179afc4b78ddfae05f8ef5eaf7d35b32612cf50f8769d84,115.21
eval_01940.png,overlap,564a216cbdceab253bafc3aaddf481d4a6e059fd5b25ec38c7760cb27210e657,125.22
eval_01941.png,overlap,fe5fe13bd625864aedad1bcfbabfb950f0151711b6c70747e3cd5c8bd22cb0ad,227.22
eval_01942.png,overlap,e79fa8ee45c9ff2460e91661953964f84b974d7e2a0e69be2607681ea7fcb1eb,119.16
eval_01943.png,novel,6e40cede9005d7ca986c6d7c94da11ea845d80e00cf34b76e2525a9bdc5c5a2e,52.95
eval_01944.png,novel,ab8f16b4cd30c7772d7404e2d79a21f26b6a132a9226bbef22a845f60c58f10d,107.16
eval_01945.png,intra,00d0d27a9444d41db5f4620db582e63a45bd41c3e3e4aace90248862e3db06ac,124.41
eval_01946.png,intra,1b7ed0e318ad23320abd30176ec768364181f3dc4512f1be28d29db46302fa79,45.51
eval_01947.png,novel,49aa5f801e7abacae3445b40c11663ffff4d950d9839cdf5691d8a621a5ec898,118.39
eval_01948.png,novel,2be8cc6c600b6aeb4c7005e78fcc0ebae665177954260962bf5df993eef4b476,50.23
eval_01949.png,novel,48b8277018493c74eeaa2c62aabbb86de1a6ce58e624bd9319153f63bbdfae6d,171.13
eval_01950.png,overlap,adc0b8993505977c75625e342b39d5df54da7d724346b4ca319b2c3e8a67fc45,274.66
eval_01951.png,overlap,d688a56ee2379976f98b0906f6592c8fbe74cf469d14f1b7c66e4c1ec673ff9d,177.6
eval_01952.png,overlap,9e0e10feaec112759d2663020370b4177f790fed5d1b6baee293bf416cbdebf0,128.7
eval_01953.png,overlap,23946217c6099c82a6768adf5ad0ae8cdbb61cc4566e6c2f9ef0a3406e808fa1,137.9
eval_01954.png,novel,cc387e0e9379a66d080bf90684f56e2f7b11738b4ddb55a2f8d630c187c1a236,260.9
eval_01955.png,overlap,ead9b586a09ab0591c0a1f4f072e9eaf28ec000939fbd9db7431b99e407697de,170.44
eval_01956.png,intra,71075d11bb28e20c2bc627717c8ebd79f130bbc3ba8d0fb204d0f99aaf944ab3,126.8
eval_01957.png,novel,b93ac86053970f35f6775cab10f719ba30b08a211611c21db070185266ca4b9a,208.26
eval_01958.png,novel,1995f3763a0e1405c13ce7799affc985fee2f0d82b34304452019081b1fd82d3,292.72
eval_01959.png,novel,036df081fe62ef0fe26fc0c523b7e15668e33c8c22b87f3fdc893628e215484a,148.91
eval_01960.png,novel,0fa1308fde681115f0e45372f164cd87f47cc6ddd6ad403f74c56a07cae4adef,354.89
eval_01961.png,overlap,f4de132ebf146470b9c0df16521856856d5b51c52e652f6e2c1acbf313f28518,113.82
eval_01962.png,novel,e98ff8b284c7f9028ee13d87ebe740545d994466bf2e225fc63b07880ebf7a5e,325.2
eval_01963.png,novel,9b16c7a2a2b4cd39acfedce9d57431d8056e1bfba7b49c41ac66a042107c24d4,98.64
eval_01964.png,intra,9f7983f5fea3b3c8301946c329f4042b7c4e5dc66cb888b1345f41e042288723,100.49
eval_01965.png,novel,b79a413221bbe88cde841c43fe783d4a7c893f8c1296923070105cbe5b9b9090,127.81
eval_01966.png,overlap,5d6cafab591a074161d0f5e7943027d2924cbeb4590436122f675b3bf5620dd5,173.87
eval_01967.png,intra,dc600d61dc449790f71e8eb10feb04fabeffe2ef9b78198a3908b6f28c2c9175,22.11
eval_01968.png,intra,ecdbb164c5bccc6b83c02ee2712ad334e616eadd36fe60dc2fe98ca584533ef1,157.79
eval_01969.png,overlap,75e2ea983644439a3758f36bf702569c6d9f35543b73de9db6dc4d50753fefde,352.69
eval_01970.png,novel,84a96d08ed55aa800ebe86ee71671818264772630277afb620a524c712bd947a,147.61
eval_01971.png,intra,57ccd02666f9fd35bf8c675913d21c23e194fe183846115938343f0af7df407f,164.97
eval_01972.png,novel,30ac329bae461cd566c823e8def56db15d2f89462f0130604a42ff9ca05606c0,141.64
eval_01973.png,overlap,af823304472899067a3f52a0e086bd69171c5ac904624189c3b85d5a847d1fbf,91.22
eval_01974.png,overlap,da7c03b4fa74da28a04f47553802819a06e7998b5133826183f879c66f6511b2,111.41
eval_01975.png,novel,455e7ce2f9aa4e3cd4a4a4ef200f80ba7ee345ce32e92dd2732c8686507cea87,356.37
eval_01976.png,novel,657784949605fdcdfc08b76423c88a4362158d72aaafbfc917e3b2dc55d472a2,330.27
eval_01977.png,overlap,acd7bc862da9e463d9517670d676567dbed7658f05c2009c6a3933cc67f77566,166.56
eval_01978.png,novel,a911275748b515a1acb38d2532ea740c52ef5d264b8a4a4ee89ae91d91d6ccb8,153.92
eval_01979.png,overlap,d9ccaf6505282da22517520e969e514ef5923b0db864471da82924f7a762ade5,283.19
eval_01980.png,intra,bc4a5d7225bcec77fabaa1e6468f5036f4165301f8eda747d2d696a0e0adc321,60.71
eval_01981.png,overlap,e8075c53ae100d90c153f12fda765aeb6c8cd3f654848b3c35d66c4d0cb67f2a,130.94
eval_01982.png,novel,a75106b14aa940342ffaaaa5fdf0775cc4a9bde012992766d126f413d84542ec,243.28
eval_01983.png,overlap,33da6a7e7f39eed1e2b0ca9356365f4f4e971430d4766e0e89efb9ae64e7e251,111.73
eval_01984.png,intra,11c88ac281d90e8c330f5c39db55b5c3135e43a427d3238d1d47b96b6aa984cf,302.19
eval_01985.png,novel,381cc874809324ee7a8856ff283112e8777e0f85f73c27265b300338d7b2e259,260.52
eval_01986.png,novel,55a1864b27c73d515a2b5cc4e17358dd6301b12d0b4f5bef3ba28dbf420087b8,99.86
eval_01987.png,novel,83e38918b9c49be6bac5a7253e8573ef4283e66912f2717f091575d86e453011,185.2
eval_01988.png,overlap,d807bb720bd20f6e0be8a053e1c3fdf18f6a58ca5ce9cd676566664fae8789fa,119.28
eval_01989.png,overlap,82a40db5d78e2e17827c6eced810c45052baca39423ca9ab4510dc55e4cbaebc,27.73
eval_01990.png,overlap,0c748c95a01fb4cad1fe4bd5172725eccf4c3763826028d4861c61d48748036a,119.88
eval_01991.png,overlap,e54528643b2f298e19d632e5d37172a5395508e4ca649a1941f3170f866536a5,149.45
eval_01992.png,novel,6b17100f0d6158bedc2bb2a21ecc418df5f80af4412372815708d6bd36bad19d,295.43
eval_01993.png,novel,002efb8bb5a9c16f75ccd3131797a331b886871d999a9886ad4ce20410c55d93,34.9
eval_01994.png,novel,0f9711835a09dbe20d68ca7b480f1d732f191632db0956ebae7ecf60205155d6,298.43
eval_01995.png,novel,4638179338832f00b67c2e8459dd42baf0d8575ba58824f6cf7af9130eb6feba,268.25
eval_01996.png,novel,cabd915d0482c21f1eca91ffb1db78d4fb4f5c7b16814d3b44d1048138f48837,137.47
eval_01997.png,novel,c0b3c3169debb5b8a17c5f25cd65a6abf50125c917142070bbf0bd2b69e98e98,198.48
eval_01998.png,overlap,f922b9f1274acdb2032b55d5bfbcc30ad8a4d7ca873f81a632d5ff80697ef308,179.41
eval_01999.png,novel,dd338bec0f7af96c4f5e11530b5805eef782bf2c2aecb5d0882dd444be0e343c,20.66
eval_02000.png,novel,60f39cd6606fddcb89e5eb80b2cfc9d239a98594557a68ee70653c2e4617be05,133.32
