hash,train_image_ids,train_labels,train_azimuths,test_image_ids,test_azimuths,azimuth_same,circular_azimuth_difference
0054f28f159574b1b415a5760deebc9c79a1502a44a0785928c3b8c35ccfaef1,train_01668.png,1,9.64,eval_00495.png,101.38,False,91.74
00597d3428669eef5d7c90518ecbdf27fa85fe92520cd01652dc7493aef20651,train_00420.png,1,45.74,eval_01394.png,147.57,False,101.82999999999998
008eeb0c333248a7b09b77a25f25a1b25f2d4fe07785dd35daf62e59b4652ac2,train_00560.png,0,330.51,eval_01751.png,139.38,False,168.87
00ff82d717120c9ba4c6c3c35e6ae985583a238fc7af865e70ac6893c1032a22,train_02059.png,1,134.01,eval_01505.png,104.31,False,29.69999999999999
0100fb2cd31885430472383fbaa1eaa90c2765ee1e3f2c569354070d71d6d969,train_01577.png,1,77.56,eval_01484.png,124.42,False,46.86
010161b09ab6422e81bc5374af49f0bb44d40570b8a96924e51e836b2d30d234,train_07301.png,1,5.78,eval_01876.png,165.44,False,159.66
010f1fa166ae8ce13b0d4a1645dee4131f7edfd3b44be996319dab05bab16cf5,train_05461.png,0,332.89,eval_01803.png,158.45,False,174.44
016a26e3f4cc1906f919e335f389cb700bc1a2e486603f280756a8eccf3a2044,train_07293.png,1,93.57,eval_00344.png,119.52,False,25.950000000000003
01b346b4e3e6ff4513e8fb1ebf5df149af0ab31d6c4a8e23d66ca498c94bc1bf,train_01270.png,1,296.05,eval_00175.png,168.85,False,127.20000000000002
0266f997a7420729b6bebeb42a6b9a0d3f489ed84b999044d26babcc0c7042a0,train_02294.png,1,22.48,eval_00361.png,113.64,False,91.16
028de32d00e261bd013d6d1abe95a0b0a6da8446106cdf4bddb944d1020a686c,train_04620.png,1,118.00,eval_01242.png,100.85,False,17.150000000000006
03173b83f874948c016dd770a3f48359a2338a96492d6a230c8eed35aa0d60da,train_03026.png,1,356.98,eval_00240.png,108.84,False,111.85999999999999
034e36e554558405f586ff8bf2c34f5a74e9c972688c6aeaa61e5bcb9dcecf50,train_01597.png,1,336.74,eval_01552.png,165.91,False,170.83
04119410be53b7cd98380a187d81c012d6b305137b893a77e7d09f67bff5116a,train_06086.png,0,272.29,eval_01593.png,71.73,False,159.44
043cc803d6a13cd64e376c3a45326c9ca0771be8425394ec15cba23a7ba2e171,train_02856.png,1,132.42,eval_01437.png,117.07,False,15.349999999999994
051431cf2a81623f2ca4287b2f1571d74fd9b881eb3a772bef911604ffd9e4f4,train_00680.png,1,118.77,eval_00787.png,126.10,False,7.329999999999998
054e4fae0b6f23339e64cb11b90dc1a15038b8a5133adbe49231b3c986763e78,train_04790.png,1,265.82,eval_00101.png,132.05,False,133.76999999999998
07562757f4b08a7522e59550425802c0e24ac08b60120173543c264b87e818a6,train_02825.png,0,343.49,eval_01662.png,252.01,False,91.48000000000002
07584d1dff794c081ae63fa69de1b7cf69057dcc3e95643ad9e9dc375d214048,train_06960.png,0,331.87,eval_01335.png,244.27,False,87.6
075d294c2f08dface7385c7e26eab2987782b44da8be195c74b76ec2b98dfd92,train_01152.png,0,270.10,eval_01466.png,173.18,False,96.92000000000002
07e2e584b649c1893eac81f97f366b3f6850e5402b3db74006b6a96c718c1992,train_02246.png,0,317.15,eval_01788.png,67.11,False,109.96000000000004
07ebd91ec0ca4092948bf53325988ba32d339b0f4f377bd847706187dc2a8d1d,train_06151.png,0,359.61,eval_00375.png,332.36,False,27.25
082816f26d01fd219ad8cefb0c8e31b3c3c8bda37d54c345a9630ca6f72da589,train_07498.png,1,34.88,eval_01281.png,176.88,False,142.0
082c05b16235b46aca21bd13f7b26925edbf23ae9f9cdd73a0dfda3bd1771a74,train_04488.png,0,343.60,eval_00306.png,2.03,False,18.42999999999995
08c671cd2535344e09b820c54edf2adccfd8f609dbabd6dabb4d34e2ceca9fe7,train_04583.png,1,233.34,eval_01823.png,104.58,False,128.76
0956caef22d74ca5ef640b022ee49aa61456d785043549fac4a208fcc7a65656,train_03112.png,1,221.06,eval_00763.png,108.57,False,112.49000000000001
097f2cd406e3d88f257acae2d1598032a2590183d88fbbf725af28d44217ceff,train_06459.png,1,186.05,eval_01883.png,107.78,False,78.27000000000001
0984db326bc53c32e26a0f59580a02fb4d5657987b13e55365831c076b482a0d,train_05177.png,0,303.13,eval_00988.png,182.15,False,120.97999999999999
09ebec8a9c7ebabc3213d01b7443d6c5e670efc6751c168b78203f16f3a44e4d,train_06910.png,0,280.99,eval_00888.png,347.90,False,66.90999999999997
0a708dd4af12f344dc6b66b8f3821090088dad1c3aa7a741345f651da49d6de0,train_02667.png,0,352.21,eval_01639.png,338.84,False,13.370000000000005
0add1a18c2f8440a592789004a17ca6b4b1b249cf6a4283b18beb9b8e14280ee,train_06991.png,1,275.71,eval_01716.png,164.00,False,111.70999999999998
0bb5b841c1a921d9732ca58829ba75c847833bd865d05ec87fa01add24522376,train_06667.png,0,289.84,eval_00293.png,48.35,False,118.51000000000002
0bdbf1bf99d6ddc4e78a4a1ed87057a5518199e2d95549841bb51ca64ddc85ec,train_02201.png,1,153.88,eval_00328.png,114.95,False,38.92999999999999
0c3168bf7d9dfb89c078942f0505d75c1d0769b8a5612539ec1e1b8b4bd76c43,train_05533.png,1,125.81,eval_01334.png,98.34,False,27.47
0c748c95a01fb4cad1fe4bd5172725eccf4c3763826028d4861c61d48748036a,train_04944.png,1,271.98,eval_01990.png,119.88,False,152.10000000000002
0c88b740357e54f32331ac7b91fec41a329d7f733b25ddf5ceb84d4d08439f97,train_00747.png,1,168.90,eval_00046.png,96.84,False,72.06
0ca006eaf12c7bd35509a9d68460a769b575abee084a94b9a3aa09266e6e9e66,train_03378.png,0,349.13,eval_01808.png,25.62,False,36.49000000000001
0d10482517c13080d612386d70cd30cf464d022c395091e0be18a08494650b23,train_03856.png,0,316.09,eval_01191.png,314.23,False,1.8599999999999568
0d59c1dba1950630c0e105eaaf634b42ae00e76df44b40c9d4e11b1953919eec,train_07288.png,1,313.22,eval_01139.png,150.73,False,162.49000000000004
0d75560efc6e1cb28bd58d973b0fe5d96c9ef5771ccd70d9dda77670a910dc0d,train_05586.png,0,305.68,eval_00184.png,342.39,False,36.70999999999998
0dd08be9e70d19bbda9dee017bd62eb34c4b9a5f4da8bee4ab3616207b6e855f,train_06778.png,0,334.75,eval_00813.png,294.28,False,40.47000000000003
0df7937e541d7c1f465e062d5843963d9775f2b4b340e91b2fbcd86f68fad514,train_03854.png,0,311.61,eval_00880.png,279.66,False,31.94999999999999
0e5d9d3faf5679d69566229cdee8669912ea6e6a7b867c14ada42ebd2bdb23e6,train_00667.png,1,258.94,eval_01551.png,147.89,False,111.05000000000001
0ebbe04380e81e2d40964fe2b35f30958384b034cd1f81c35b1a518d1b89691c,train_00572.png,1,190.22,eval_01157.png,115.95,False,74.27
0ee487d4c2d392c6e4d235a2e2f3bcd69bdb2c19317fde8355580b0a141c4212,train_00714.png,1,50.69,eval_00713.png,175.42,False,124.72999999999999
0f250236190505bb9467eb70ee82b0416f6879bae99f5075cc5f958e692fc44a,train_00926.png,1,240.39,eval_01508.png,170.75,False,69.63999999999999
0f74ee63b9bae6e5bb9fc6b18c928ac5dbd54a9bcd2312887b53294041d4f2a6,train_05176.png,0,358.56,eval_01056.png,4.74,False,6.180000000000007
101025db7a2ac0c5bfb69bd0cd8a428d885bdc47b724b0a9d361ed1f61350f73,train_04192.png,0,272.62,eval_01866.png,88.89,False,176.26999999999998
104a1ae7a576cd727984702452fb34d26ad0bdc09680fc63460e5c83a5bb3325,train_02430.png,1,79.64,eval_00512.png,161.91,False,82.27
10e6592b225ed9119455d4fe780e611f117ebf5b9bf48fa9b74768f17fc235da,train_00365.png,0,354.00,eval_00217.png,87.48,False,93.48000000000002
1108d104c2e0c36a120f8f7003561c6c70eec12cb4c02fc33d1e3be871ffb2f0,train_00877.png,1,44.14,eval_01436.png,165.47,False,121.33
1115ef75dbbfdd4fa43f495f6df05dac162fa61df62b7174fa9fcb2fb0a3af7b,train_05273.png,1,85.33,eval_00502.png,172.87,False,87.54
1124f7f76e7ef4f026c1db1dd10e376b20cc471507da989513a34de7eead9cb5,train_03617.png,0,276.04,eval_01327.png,308.15,False,32.10999999999996
113fb585be503acf3fc719ab936e0203d7da5ec0ddacfd797ac9446d24de2dd0,train_06316.png,1,274.22,eval_01702.png,160.81,False,113.41000000000003
11759caaa689072986b57fb6f8a95aeebfc602de6858435bb6a5de2a0dfc4aa7,train_01434.png,0,310.20,eval_01357.png,309.55,False,0.6499999999999773
11c46f7ed6bac08680661ed61c0bf96f5dfd493e1213d64b3b94ffed7f95f8cc,train_07443.png,1,214.53,eval_01137.png,114.75,False,99.78
12a64c253261daff9aaa4cfed48308bd44bb129c68d87d557b200652cd9f04a4,train_04048.png,1,163.77,eval_00500.png,155.80,False,7.969999999999999
12dccc72047ee9bd97dbb4003050c00ba354a77a9fda8f00906793e1786caae7,train_01314.png,1,225.88,eval_01188.png,147.97,False,77.91
131161ab12d30bee6dde0efc38207c54f350355d67756183fa940289a8cf5486,train_01281.png,0,319.92,eval_00848.png,23.12,False,63.19999999999999
132be2712857b01ed877f9fca41dd5fade48ab74287c1c2a36351a2081e6457d,train_04612.png,0,295.65,eval_01557.png,338.91,False,43.26000000000005
14cf6bc66cf4eb2b92178a1b12b82596aa5b4b37d64a83501f798409bc9d0b6b,train_05302.png,1,130.43,eval_00351.png,147.47,False,17.039999999999992
14d29e8318cc8b6ba0927af9e8b01dc4cef2e1a4d3ddc282ee9fdcfd6bb5deaf,train_02502.png,1,105.34,eval_00258.png,98.31,False,7.030000000000001
14d30cd5a86614a1a8a4d6a1da7318376474a7c02e120747ad00c8926b6b3c12,train_03776.png,1,192.14,eval_00449.png,176.79,False,15.349999999999994
14d53bb9ef4e6bb988f5f5674a260db96672410979dde2996e53aa0471c6ab56,train_05335.png,1,260.03,eval_00130.png,179.12,False,80.90999999999997
14efb2fbe7cc46b469fc01fee0e8c23f1c2925176818cbcd2242333623555020,train_05261.png,0,309.96,eval_00792.png,261.53,False,48.43000000000001
152f9b949a93cdb631fea4075fca89645d35bb5bc3d05a29264042967d0784fc,train_06508.png,1,147.36,eval_01576.png,128.43,False,18.930000000000007
15339ae7b6acd85b066cd4092718e20df9647df6afb4263839706a5b1f27b666,train_05846.png,1,166.99,eval_00511.png,140.95,False,26.04000000000002
15e9a5977c8c1535b935ed62ab0b87ebcdcbe9c8e17a6fa463f69da84950a15a,train_01043.png,1,313.52,eval_01666.png,153.94,False,159.57999999999998
169589c15488873114631299414befb84e41ae0f7b7fb36a0bbbec219a370a2e,train_02457.png,0,334.00,eval_01265.png,76.18,False,102.18
16a03942e7fea076d8a34287f87d75b13079f5b8efaddc75a8669195f0189044,train_04200.png,1,264.21,eval_00457.png,118.79,False,145.41999999999996
16d579e26955ad308aba9f352cec8dcb891455102fb8bcf8a75bd601b3e2ffb5,train_07564.png,1,147.24,eval_01805.png,137.56,False,9.680000000000007
170bc5a3375caa1012fdecd29244bac19e61a5fbe0e4490946b863743c9e4418,train_01630.png,1,349.60,eval_00364.png,158.84,False,169.23999999999998
171d39eaf8f1c3ee4593df62c106fe1fc3a993f410ca210a50a1325ee87c81db,train_04705.png,0,320.40,eval_00141.png,0.34,False,39.94
172dd944867be0dbf1c70bc9e3b33a922b25e7a53b1d33e58ffccbfffc7181dd,train_06004.png,0,296.16,eval_00625.png,239.42,False,56.74000000000004
175e1bb74fdb9de4f71383c32e64eac46599635b3372816057e44babb8c0b0ac,train_00366.png,1,177.88,eval_00592.png,163.98,False,13.900000000000006
17979d259842579df1adb3439d523b527ff04d6ec989b3d0f6cc4c317e275532,train_00973.png,1,224.13,eval_00362.png,100.81,False,123.32
17a978d29090aa73e3adffe7419c3425c4f9409f98edefcb3bf0b9a22ed313f7,train_07698.png,1,174.01,eval_01167.png,113.63,False,60.379999999999995
17cf06218bbadafcd68059945fd0a353fc5d715813b308051a114ecb186a8ac2,train_07064.png,0,333.09,eval_00369.png,330.11,False,2.9799999999999613
17e7e5d9eb17e4cf142a0af999b0ef53218e2fd2dc4923be035e6af8c2d633af,train_03131.png,0,318.99,eval_00379.png,101.17,False,142.18
187b2089eb4f5a04985e90c5849a39d04bcb1b51889b2d48a1a1e47e8271d62a,train_02779.png,1,10.97,eval_01732.png,167.58,False,156.61
18fff72662ac5617b35ceaed09f299e9f2c8b3695719aa1166c7306522d353e1,train_00792.png,0,298.89,eval_01304.png,353.98,False,55.09000000000003
194a9f702b1365e8a8c9fb5db3c644572d3779f8595072b239b0fedd4d031fc1,train_04441.png,0,273.23,eval_00668.png,355.92,False,82.69
19f0a52797d20db4791238e2885b08ac03ed90a27afa4494138846e72fe13ebd,train_03196.png,0,350.89,eval_00320.png,30.48,False,39.59000000000003
19f0bf27d56d30bcaeb6fc18b3d272ebdfdcbbcc6d025aa441ae13ec32379062,train_05569.png,0,353.77,eval_01306.png,4.58,False,10.810000000000002
1a1da1c9329c9623410337726caf7ff8320bfad6dbfa6f61e9af653e622f6403,train_01082.png,0,271.75,eval_01915.png,131.12,False,140.63
1a3b540a8a9155914735e6a66e6debb519b697c157b03f8747a4356f669bf5f6,train_04228.png,0,319.52,eval_01863.png,151.09,False,168.42999999999998
1aad116de26e2ea72e3c7a627b91dd4144eba56f2497f99d59b27c3ce6173b77,train_01939.png,1,331.06,eval_00060.png,165.34,False,165.72
1ac0e949be44a349aed7a6dfc02d2ea0044759268dbcffb39fd52fb68ff7ad11,train_02475.png,1,109.51,eval_00526.png,123.82,False,14.309999999999988
1ac14bf58be49f7757fc6b7c80775deb3e0c96ffd6255aff9b9860655b3802cf,train_06703.png,1,285.67,eval_01674.png,102.69,False,177.01999999999998
1ad62d070c3a1ef2d190754c3ef4f80f46c994eea4967a6b3dc6fd3a984e151b,train_00154.png,1,195.37,eval_00286.png,145.63,False,49.74000000000001
1b685074298fe1528eaaa6eb2f2d7ab283186c1b7f3665a8ebe4582d5b432d67,train_05854.png,1,73.60,eval_00439.png,95.42,False,21.820000000000007
1c172020b178b7f4a0d630304a18532cffffb20cd7e59497d4ca742867c887fd,train_03187.png,1,56.44,eval_00365.png,147.95,False,91.50999999999999
1c231640e0122028f4cd7895a8db4a455a256a5db24ccefe8e53da82c595fcf1,train_04296.png,1,36.08,eval_00561.png,160.99,False,124.91000000000001
1c6128ed2d7370845fac6e68b14d4b1a3abf63c8afcfbfccfcf36c9f1b95694a,train_01782.png,0,155.68,eval_01493.png,13.40,False,142.28
1cc829029d89b6d1d453c3d3ddaea4fae4696ca8d1198b9882d4af61f52cb560,train_00562.png,0,321.32,eval_01369.png,268.71,False,52.610000000000014
1cd4c3c011379bf0bbf73e1c463d6817428a940995e5fb88767f0b8b41ab3206,train_02846.png,1,233.90,eval_00192.png,93.25,False,140.65
1d5c44764ba3ff19db32f6fd57bbcf5d7dfb760f61f6ab8cb8bf41cee237d1d1,train_01390.png,1,305.00,eval_01285.png,124.37,False,179.37
1d8ae1078954ab0bc740262fb6e5fdab0b26cd3acfa6ac7364ca74fad81431d2,train_02362.png,1,349.79,eval_00795.png,145.69,False,155.89999999999998
1daeafc61f29b6f24e5df8280a3807f16a8987cecdb8f4b9f75af99309d37a85,train_04730.png,1,75.94,eval_00894.png,115.54,False,39.60000000000001
1db73bec4909086ff8b9efa65cf6d58ab31df734a4afeb7303bb27feaa370373,train_05590.png,0,274.90,eval_01400.png,272.71,False,2.1899999999999977
1e77c94ad659421bf67f909e0fc6d6b78b17bb8de89400ffdae9915098d68a7e,train_03232.png,0,26.02,eval_00406.png,27.22,False,1.1999999999999993
1e9912180f5b7e3c1b15a84198510ed21a15f0faad275a30c1d892e17ea9d61d,train_05786.png,0,286.13,eval_00425.png,249.34,False,36.78999999999999
1f2ddf46d9cb57d14ad09f79311443199c34d4cff073834f7ad606474897c1ef,train_03199.png,0,313.66,eval_01600.png,306.52,False,7.140000000000043
1f88c0289a6691f37b4a02fb8d0c77359c7746ebd54646a5458d41b1a18d6174,train_02446.png,1,344.38,eval_01747.png,173.26,False,171.12
1f8cc9d1cae2af6e6dfa07bd940b0e14674dd78f88fb4ddb02eceebe82965fef,train_02649.png,0,335.50,eval_01690.png,225.32,False,110.18
1f9ed85bdedd5ec402f843214413c5cc0eee1c770fbb77860e1b980c9f51c969,train_06729.png,1,322.49,eval_00463.png,134.37,False,171.88
202bf5fcd0b879fd8cb7fe1544fa841ccb1f3a6b7ae8fa2e6ebe684c3b5885eb,train_02293.png,1,193.71,eval_01318.png,98.66,False,95.05000000000001
2069beac4941989dd3721019abf728d79c56e083412db19f56b6d09c9fc847a1,train_03662.png,1,188.02,eval_01899.png,133.38,False,54.640000000000015
2072975c1c61ae22bbc311b53ea2183176d8ba98958b6d9e4fb0a22d322ad37e,train_02218.png,0,312.65,eval_01147.png,25.63,False,72.98000000000002
2080608af7fb4041e8966ff8bd499c187b50e3555342d4f0fbe28a641bf10a2a,train_07554.png,1,168.63,eval_01233.png,134.94,False,33.69
21aacaf07f90160809cd58c82f1ab195d5251b3e17627300a5d0991597761abd,train_04930.png,1,75.00,eval_01490.png,163.18,False,88.18
21f64fb3e4a757f81b44b435c7bde385d25da8b2408c78f60b91f66b7eaf9779,train_06172.png,1,343.41,eval_00447.png,113.40,False,129.98999999999998
22837e1dc426546f6ec06bb9e8e395797d38aad40d14be94ad63fe3b892724bc,train_03900.png,1,332.91,eval_00487.png,163.61,False,169.3
22fd9c15961e27a6d955f886b821e031234d5931a291cab8f8a31ce4a1280c6d,train_07625.png,1,159.98,eval_01146.png,105.53,False,54.44999999999999
2333952f01154dfda3074cbb1b75fd3c8f6dbbe49eaeebf831e701da1f0f3545,train_05330.png,0,331.47,eval_01143.png,140.50,False,169.02999999999997
234c67ac1111ca2e6ca32bc4c957ad893d933b49fb9e1555d8b44ed0dceeb130,train_06835.png,1,7.55,eval_01584.png,142.65,False,135.1
2386c0d5e2afc83c2862a5d5bb739017fd55915d9bad935a0737f51221b8b09a,train_00581.png,0,351.03,eval_00064.png,57.94,False,66.91000000000003
2390e5b4518f545f74e006df398cb96a210b97ca7bc2ad0e30c1ebc0ff7b1cbe,train_05016.png,1,359.39,eval_01120.png,134.44,False,135.05
23946217c6099c82a6768adf5ad0ae8cdbb61cc4566e6c2f9ef0a3406e808fa1,train_07764.png,1,140.98,eval_01953.png,137.90,False,3.079999999999984
23bc9a83677eb6fb2015dfb33674ab97c42ff32858996b0ee5820ea8bf7fe81d,train_04653.png,1,112.56,eval_00709.png,162.64,False,50.079999999999984
241f3dfcbb9809e3fdbef81a95b6a2a1baf789bc842d9b6677c05b976f8a212b,train_02661.png,0,337.67,eval_01676.png,223.61,False,114.06
246a632bdac5b823ca44a041dbd90bbba74313e0a0e16a639f7690f5f6044cdb,train_03930.png,0,277.00,eval_00372.png,345.50,False,68.5
2480a8df89754ced9fe56f770eec0a9b369fae2e74496644dc96e4ab6d5fee10,train_02670.png,1,106.96,eval_00488.png,119.51,False,12.550000000000011
24ab600adbbedfe979d31094a763494ecf52628a295767737e1e1fcc986b448b,train_00444.png,0,279.22,eval_01036.png,128.45,False,150.77000000000004
24e27d890dfa043504fe0e924fcf91b43a3b5a7b3fad6ab1552e5a0d794cf8aa,train_05079.png,1,7.29,eval_00102.png,153.16,False,145.87
2539320d07aa4fecca2241de58bbc85cdebb5acb687f98f7555ba4a5ba5f2dfe,train_00711.png,0,338.72,eval_01472.png,117.35,False,138.62999999999997
25435eb289ae031569621a33ade3023ca3fee3e066c4e083139a5f86ae7c63cb,train_05489.png,1,40.91,eval_00503.png,93.91,False,53.0
25c1860a1a32ce63080f250cd3e13e8e200433a580e9ca3a92cd662839babb65,train_03517.png,1,231.78,eval_00363.png,157.42,False,74.36000000000001
2704671df7166ac316ed640f4a79060936c5aee777145c2cba38e8935da8ddc5,train_06351.png,1,164.80,eval_01345.png,128.82,False,35.98000000000002
2748e05f9d6081f7bc0271a8d3bd9c7f8c355730848c8796142b671fb3ee3dd9,train_02289.png,1,104.17,eval_01520.png,139.22,False,35.05
275d31847c36f1224c2592177c81055eacf06dfb089875c17b0d144c4adf8435,train_02762.png,1,226.83,eval_00142.png,121.67,False,105.16000000000001
27852ef94f4482d5ea3ad47568e477d7caf33eccf5d95d906481fa8b8c1e4e14,train_01659.png,0,312.06,eval_01858.png,79.94,False,127.88
2796662e242a849d73c4046ec0e7c54a638006bba98f1db898b4ae4d532e92c2,train_00547.png,1,287.26,eval_00726.png,169.79,False,117.47
27c0dbff0121b3dd65b0d4aed04cd3bddd8932ebc42133f774c50c0f062e9532,train_02507.png,0,346.11,eval_00966.png,125.53,False,139.42
27e0b1d8658b27cd2bea75cda2adfb3d360638f252c76be44659bd998d605562,train_06617.png,1,78.29,eval_00959.png,143.65,False,65.36
27f40921d61e9b86f1b41ceccda34ef1e3e5dac01143be57a7fe671375791072,train_06532.png,0,295.41,eval_01151.png,141.03,False,154.38000000000002
2861fc8ebe5a1a33e18b10b739544dd853ced72f5aaab9a2638cf095e522af74,train_05901.png,0,297.67,eval_01796.png,40.39,False,102.71999999999997
28c3de2461996a3f31b6c7e0d86164e41871df3259f598090f123f76b2999b3b,train_04173.png,0,339.86,eval_01287.png,72.89,False,93.02999999999997
28c4bd81e0bdebdc70cef9ef042f6ce51776bb93bcedd5b1bd8a67c6520218e7,train_05326.png,0,298.05,eval_00573.png,78.57,False,140.51999999999998
28eb8f1ce28de0d473e1240975d442105755e74ccc0b55d81ce55e03a4ff6493,train_05627.png,1,89.53,eval_00238.png,157.32,False,67.78999999999999
293f186726d114b82786404b0fc90cb729a6981a369b71a2f928fa5ad59c5955,train_03589.png,1,294.31,eval_01236.png,167.47,False,126.84
29a3f83dca6c1378150354367af9ae5e68efe488707766aeea5660bb12f9b586,train_02559.png,1,167.71,eval_01422.png,109.16,False,58.55000000000001
29a45eb780707802d64beb273f3c82c59b21fab20a8eca26bfc75f35565f9170,train_01256.png,0,340.70,eval_00304.png,188.35,False,152.35
29b64a82518cf7704f8ea5a6b6b0ae6c7ae592ca6ad94ded9bc1047043c79006,train_04812.png,0,296.19,eval_00346.png,264.36,False,31.829999999999984
29d3dde99641e99afea70ae28db062dcac2761895cdb9c6092b29b51738b02c9,train_03455.png,0,314.19,eval_00452.png,212.14,False,102.05000000000001
2a0d15754ee88fc335bad6fa79e9e8e1959c9cb3391bbe8c1e408f15c1bd58c2,train_05902.png,1,176.86,eval_00552.png,158.24,False,18.620000000000005
2aabe3d31dd360fe30ee259c3d618dc401039e924f7f82b608685cb2a84c273d,train_05843.png,1,96.96,eval_00277.png,124.91,False,27.950000000000003
2b359441518a1158da060f4c90dd85da642c4ea15e0f31e3c035aef240339f39,train_00938.png,0,335.72,eval_01277.png,162.91,False,172.81000000000003
2b627511d0b812279fc168e5824ff03d201d6befcc8c242b849e3dd5013a572f,train_03489.png,1,280.92,eval_00635.png,159.38,False,121.54000000000002
2b7d654aa9722bb759c86facd36c93df523358f3ae98efe4230a8e6747da52eb,train_07138.png,1,268.87,eval_00877.png,102.81,False,166.06
2ba1dbdf2f9db191db2faea0b2e32649e933848053c008d58c44a66680d36b0c,train_03156.png,0,318.24,eval_01867.png,334.34,False,16.099999999999966
2bc954810966a498d3438795d84a7b0269384b1fe610bbcccf709d640c41d435,train_03938.png,0,328.00,eval_01775.png,167.97,False,160.03
2bf66f53a8c04924ebd3a9bfb739a33c52a21402aee1fcb4156b2d0b577107f3,train_00607.png,1,254.41,eval_00446.png,138.98,False,115.43
2c056c74a1cf78970edc788921b225cb837efa98447449d753521da3009348e3,train_06088.png,0,329.25,eval_00983.png,359.62,False,30.370000000000005
2c13604e4c75387d4b080d45853f133c7847da3d7a9a7b8b0ea6dd7c643de59c,train_06693.png,0,298.58,eval_01112.png,38.58,False,100.0
2c6c5380ee6eb3cfe37a938ab04b7ec86545990ffba995e15793ef30c241a0be,train_02378.png,0,283.84,eval_01104.png,304.69,False,20.850000000000023
2cbe473889d3d580525c386d52bc1cc1baee81ca57d90d2c6dfcb41882c87ffa,train_02079.png,1,254.17,eval_01663.png,104.10,False,150.07
2d153a949682f483f34deaf6bb17aeb85fc5c1a6a2b9ac5159c3d12f37bfe162,train_05061.png,0,343.01,eval_01239.png,359.35,False,16.340000000000032
2d178b10b362d72c3fb4b05fb911ed2a6428118fd7139879e0524984b535ff6f,train_06069.png,1,91.71,eval_01022.png,150.94,False,59.230000000000004
2d3e77de2c9eb36c13b83b89d86f7b0136ab3b709b90c6ac9055263d3fdcf131,train_05532.png,0,279.31,eval_01254.png,8.64,False,89.32999999999998
2d435630f4a3fc5f4cbe549e33c1920466c56961387c4813efd344074e4ccc66,train_00060.png,1,324.35,eval_01852.png,162.30,False,162.05
2dff6238ea4152d9eac6c50eb395988be4b891b06348c1d8b23676e40b12d680,train_01714.png,1,206.70,eval_00177.png,113.86,False,92.83999999999999
2e04d29d3fa9fc9ede0c369c6332017bf12c19cf7d347c707b9317f7032dc379,train_01854.png,0,40.98,eval_00343.png,315.12,False,85.86000000000001
2e3a9ae40630676ddb148751839af379f3d4fbe67085b72d42109c58e7399f5d,train_04735.png,1,61.81,eval_00850.png,134.86,False,73.05000000000001
2e5ccbd6614379dc7e75a4dc70a5b2cd745e68632baf4d6db84e099b89594c47,train_00546.png,0,305.80,eval_01854.png,313.01,False,7.2099999999999795
2e8f8cfeda7d3fbbeb75422ff64a561a8f6abb36be7f9220f137c6a53184967d,train_05092.png,0,296.06,eval_00428.png,117.43,False,178.63
2eca534248e9703a61d91c41bc52fd8da5d4a211a7ff7c328b656e6251059eca,train_04378.png,1,254.95,eval_00852.png,137.20,False,117.75
2edffd50aa8f3efc2f31f718a068cb7666457e98d51166f547d13cb1a9377c43,train_06448.png,1,134.39,eval_01855.png,96.26,False,38.12999999999998
2f2e591955387d06c44d8d66e58e82982797cbdbe6a0991ccd5810ee03842361,train_07735.png,1,185.45,eval_00186.png,136.21,False,49.23999999999998
2f814770ece01208834b373386f6d1d1ce92dcea6b8389e266a46869e6e21a78,train_03767.png,1,358.22,eval_01083.png,145.48,False,147.25999999999996
2f8a378967e9ee19663e31b5a1d3631e693071bba2fdce2d7d1b58800d325850,train_04756.png,0,287.54,eval_01211.png,286.92,False,0.6200000000000045
2fa090ad36119568cbbfc000ae61cc3e645dad07fc5599aeb076cf227ad3a016,train_06673.png,0,299.98,eval_00376.png,3.45,False,63.46999999999997
2fe9d71e7c0318527a3d716a304f4c4ce0308bde04639b2d20fdb53c9fba15cc,train_04796.png,0,298.67,eval_01922.png,261.11,False,37.56
300626d1bdc02f82301229894e69927fc523e06430ae0bfcf0a39f7d4becd424,train_04970.png,0,281.99,eval_01780.png,285.97,False,3.980000000000018
304e41e476118bd3769f3bdaac2baec2b06210c42f39d18b04a84535fbd7f7d9,train_06001.png,0,75.71,eval_00770.png,12.51,False,63.199999999999996
30f0072cfb00f66a5873479ae00887af6d3da517d3afeba696b3969b9370d94a,train_07134.png,1,79.11,eval_00716.png,107.93,False,28.820000000000007
310567dd407741f9f9fd38ac38f6174d7ffa1f4f6797fb61904443fa6e5ed0ed,train_03556.png,1,131.42,eval_00127.png,142.91,False,11.490000000000009
314057e4dbb13d2bdd20c1f826dd440905a3a95a80ac7d357276ccd6cf5ab53c,train_00350.png,0,310.37,eval_00229.png,28.76,False,78.38999999999999
319bf2a964ba76d8dee42b39b08cd7d29273ea870f6f679cde78d5708e8d91be,train_07369.png,1,41.60,eval_00929.png,165.79,False,124.19
31a1b784f423f7e6b36a5c8c33cec89a76975e9f152a3ec585652b2564e6cda1,train_05436.png,0,342.27,eval_01740.png,141.46,False,159.19000000000003
31d85e7e9af6b5a391bf789f5184553c3fbc1fdd78e256ec32420dd485dd39f2,train_03421.png,1,146.83,eval_00700.png,129.95,False,16.880000000000024
322da6426c7570bdb9e5f768ad20154cc4e4f7f45cadd8483ca2f5023eeae197,train_03105.png,0,328.75,eval_00051.png,315.41,False,13.339999999999975
32353640e10fcee7752bddcecc6634894469e0a4f47a511ec62395412af91d37,train_05520.png,1,211.93,eval_00524.png,118.88,False,93.05000000000001
323a5b17cc8c4eb6b7b5a6b1c8318c636749a281f56154d0a6f84d24ca6ca4a1,train_03022.png,1,19.94,eval_00648.png,164.53,False,144.59
324525404080b5ab77e57260e8f0e0e9b31e866f4c1c20e4fad80777b6bca1b2,train_04364.png,1,175.76,eval_01197.png,159.49,False,16.269999999999982
3297754b97d73bdbe603ffb2871e8426c5213440d66471a71c1ef24d5b9b891a,train_06578.png,0,355.69,eval_00117.png,245.21,False,110.47999999999999
32fefde7cea258687a7c559ceae63576fd12354581c0f292729f30c7b5048958,train_04113.png,0,346.38,eval_01231.png,119.02,False,132.64
33547632a7cc43e744d795e517f810e7094cdc7004c65098285be8b6631fe15a,train_02241.png,1,309.31,eval_00144.png,130.39,False,178.92000000000002
33791e9b84f9587d29c77de16817cdb235a380968a128294257c950b21669b5b,train_07246.png,1,240.82,eval_00952.png,98.88,False,141.94
3394527cc7e5624d8f98fa225bc8bba6d91a16f798da5071f268a756f44e97d9,train_01952.png,1,181.66,eval_00527.png,161.04,False,20.620000000000005
33bb8a36378db67bb39d6e0eafa711bf9ab2bf286463f4aa95992d2c5290cc44,train_02180.png,0,327.04,eval_00311.png,207.26,False,119.78000000000003
33d33762439016ea356946093a1c99f87a64b8d7c7b310192421295ea975b490,train_03765.png,1,345.31,eval_01338.png,132.00,False,146.69
33da6a7e7f39eed1e2b0ca9356365f4f4e971430d4766e0e89efb9ae64e7e251,train_00759.png,1,5.57,eval_01983.png,111.73,False,106.16
33f46f7869fe5c1c66529f1122e888cfaaffde66378dc69421bcf4c971d13248,train_00635.png,1,128.24,eval_00149.png,96.68,False,31.560000000000002
3443968d0a3356997a09ccd98d43e3d5262f2e5eb520d5b4ac2b7764106bd0eb,train_04003.png,1,98.25,eval_00601.png,163.88,False,65.63
344f858c64c853d721297e87dc941aa3fcd4abf88d329da0ca0757d65237733f,train_01873.png,0,275.87,eval_00702.png,266.19,False,9.680000000000007
34eab4d158c234585e034c99c0f718208e77ac04088e0a6016ece6d53e47949a,train_05617.png,1,105.06,eval_00223.png,171.66,False,66.6
350b9bcc73094473092f3b7dc9ac9a04df96c3a545c6bf2bc5d75e2dc8e1b24e,train_01694.png,1,130.34,eval_00718.png,101.76,False,28.58
354e95580d7a6370a60519b7c6d41dbd6486a4dfdb23f22c6b6749ccac818d5e,train_02454.png,1,139.64,eval_01043.png,161.44,False,21.80000000000001
3556fbb518360b91f889156418422f456f9831196a5ddae2af82b75e6af7cab4,train_00538.png,1,286.91,eval_00703.png,102.42,False,175.51
356e682bf6beb92748ed0aaf93d29d09ab7b2cd13d625408f619de8f84c04c8e,train_06969.png,0,346.55,eval_01677.png,211.84,False,134.71
361d7eae0d16a2320fd3f546f785f2ff244061f5b699bb11ba83614d48ba2900,train_07768.png,1,162.22,eval_00901.png,154.74,False,7.47999999999999
36644f3582ae8f74bdaa5cd17223cc0f12c8efe7d81141b2e9fb010571838ecb,train_05118.png,1,61.10,eval_01431.png,126.29,False,65.19
36994f7b823509788606b0d3365e521d9111027cb309a69d159d991cdc383013,train_00571.png,1,344.56,eval_01612.png,90.65,False,106.09
36b80ef69904c0999f9c134af5b4ccf0d3c2fc36f7ef04f2e444a4269a451f3f,train_05749.png,0,353.69,eval_00706.png,259.14,False,94.55000000000001
36c0fcc6c10d3181509d8b70b31397912395a75810f5a705b374bf95da34f0bb,train_05377.png,0,45.90,eval_00658.png,309.73,False,96.16999999999996
370b367222f9b03fd6460fe320abfc3f9eec7c6b965857ef33c675ff11d5948d,train_04358.png,1,322.93,eval_01093.png,131.93,False,169.0
37958fe74b80b40118a23bd13394491142dfd683b54f71f5e8d75a4a21a425c3,train_04251.png,1,189.63,eval_01386.png,155.24,False,34.389999999999986
37fd89c2fa2b31286426ef23bbd392f919698f7d0ea34e6165aa0417d7ec04bf,train_02153.png,1,18.59,eval_00395.png,138.10,False,119.50999999999999
37fe87661c9e1a46f71079cca647d1076a4edfea5a1173712a24884caddfb51b,train_05457.png,1,352.60,eval_01734.png,138.18,False,145.57999999999998
38038b042b9c94ed44e6948e1d2f75cf4c5af220aaa346e4d08fe85869a5ed47,train_07558.png,1,330.95,eval_01135.png,95.19,False,124.24000000000001
381b0d01820f05913787b146ecffeb590ad42f7211bc33f18c0bbd8bd550737a,train_05541.png,1,108.34,eval_00254.png,176.19,False,67.85
38c6056797be2352af0bbbc16ada2869d422de1131760d29757fe3122171cd0d,train_07821.png,1,107.16,eval_00970.png,170.56,False,63.400000000000006
38d03e2f693165e6c3945b6d7233703643f03ebaa6cf37596cc4798210829f86,train_00863.png,1,218.78,eval_01430.png,104.22,False,114.56
391cc8355ab207f7d578e7f561163e9caee2297f189f34d2e9b2d5e32282cbba,train_02865.png,1,216.49,eval_00382.png,154.78,False,61.71000000000001
39eb6245f12a1e5de642fb82a63a2bbd579197afe39be8627e50c92b0a35f121,train_07322.png,1,44.53,eval_01931.png,173.06,False,128.53
3a04c4e192a29089926e1b1cd74887dc11d470355f39c3190de327ae46094338,train_05570.png,1,288.92,eval_01234.png,120.26,False,168.66000000000003
3a0b635c6efaddf469902e77810469228fe467d1979dd1a4e4e81b1ec31e8f64,train_04656.png,0,341.53,eval_01828.png,303.55,False,37.97999999999996
3a3d2d97666b765c804e3fc12ba1eacef3dd89e47af8d743fb07cf2a0d3405e9,train_02645.png,0,31.63,eval_01647.png,288.82,False,102.81
3a49c0a26557eb6f9f8a4367efa597743147be400de40777280538bfbd4e9f4c,train_02319.png,1,121.31,eval_01875.png,107.10,False,14.210000000000008
3a99074f6e3c361e53eac8723d4ea74d91dcb4afe137545dc78fe2bfb73e8983,train_03390.png,1,345.60,eval_00422.png,168.76,False,176.84000000000003
3b4c06d4f5a331712ad67060d7b099c09e642e6d6084c4d80675d509c9d2fa1b,train_00537.png,0,328.53,eval_01891.png,351.07,False,22.54000000000002
3b9c4af61b6f0f19786d63fa86924a9d1383d2fce71ed99ba06dac57532fda5a,train_07144.png,1,67.95,eval_01230.png,95.44,False,27.489999999999995
3bfdc6ad795f2819a932c666c8b4199699c98bf46cc192cc7c94b8cfa245cfe0,train_03407.png,0,320.49,eval_00433.png,245.22,False,75.27000000000001
3c0a7f13d5de64c38085d8b48676aa39b68d95298cf072d8590e8d29dace0341,train_04992.png,0,241.48,eval_01739.png,298.78,False,57.29999999999998
3c26bfa8f2c2c1e92644e434bd3b88e4e23d86799e29e5c404e3ff6512057b30,train_00859.png,1,329.38,eval_01220.png,128.81,False,159.43
3c7b24d18f591bf37d7799e991ccc6b98b417cf16f23f2065a2eb754f2b52ea8,train_03868.png,1,130.24,eval_00719.png,175.33,False,45.09
3cc28d36112fc6ecc417cc3e6260e52f938009320af05040c11a231973cf3fbe,train_03624.png,0,300.90,eval_00224.png,264.95,False,35.94999999999999
3d02c05928130ea7ec39792accfcd186069dec9bb082d092d122d541c1ecfaff,train_06920.png,1,24.13,eval_00150.png,153.90,False,129.77
3d14f2ceff864405690f1b037529e57dfdb99d69e8f7a3580ae327da198ceff9,train_05495.png,1,299.30,eval_00134.png,119.88,False,179.42000000000002
3d98d6fb038a9dde6ac22e39cc020364d56dae98b6b6e1e21aacdb7304349de5,train_03649.png,0,347.97,eval_01635.png,274.25,False,73.72000000000003
3dbb7698df027207408f7c004bc34ecfbfda93e6d772c056fcbae2387586dec7,train_02950.png,1,290.20,eval_01246.png,112.65,False,177.54999999999998
3dc5ae98034e310e3b733895eda757aaf0efa4c717d5679b86658d06f332e830,train_03385.png,1,160.51,eval_00797.png,101.69,False,58.81999999999999
3e167cd518c34580833e843047d9309953816c585de58527d4a24a4f78bf96c5,train_01769.png,0,287.39,eval_00279.png,200.93,False,86.45999999999998
3e4248a2f774619ddd081e234a1cd2e890f9b209d634106ee5fe8d9cb526c4c2,train_00003.png,1,172.66,eval_00629.png,98.96,False,73.7
3e4aa752cd0c72c7c087ce125cdb9aef1fc3c73483affd8cf878c95c8f71e862,train_01262.png,0,210.14,eval_00562.png,69.33,False,140.81
3e5055d8c9d6f1cc680feb4ce059f8ef45cad26e78cdd5bc657a2d488ae87c9d,train_07814.png,0,329.19,eval_01409.png,244.36,False,84.82999999999998
3e569a1db99bb56ed79896f3dec1e8263e5752d93713b1a1f45593037c5ccafb,train_03977.png,0,337.09,eval_01114.png,256.65,False,80.44
3ea503fbc5465d80c393dd73e7e6486914888270f115e59c3ab726ea8002a2cb,train_04676.png,1,181.28,eval_00302.png,162.19,False,19.090000000000003
40d9587d9472ad4ce716e98637f4b81afc2d5c8b39eace0ac296388c1ff8739e,train_07424.png,1,59.91,eval_00400.png,157.49,False,97.58000000000001
411e35dac528ebb46e96a9a11a4bb6f69b6cc9b20ae839cafee8529d9c5fe319,train_03069.png,1,250.06,eval_00489.png,92.17,False,157.89
4147798cb44e2cc40f49cf7b166b5395cca548f8399ead26783526ff010f73fa,train_05737.png,0,356.82,eval_01461.png,200.45,False,156.37
4179dcb9e0d421baf10df8fcd74b2d3aa7dbe229262ec0fc4966f0322a5791eb,train_01549.png,0,300.78,eval_00327.png,352.70,False,51.920000000000016
4197219d35feec68c3b63def624f71261b8e2084924b66020dbf861759e5d618,train_04499.png,0,312.52,eval_00816.png,46.00,False,93.48000000000002
4208fa51fbc103625c6758caa65e1fb0e289bcf5df3a628b4c239945ebebef7f,train_06413.png,1,340.27,eval_00473.png,147.97,False,167.70000000000002
420d279b9ca713744c46a4c894e2375ccfb09396add0ed545952cb01a91d2d87,train_06964.png,1,195.46,eval_01533.png,171.77,False,23.689999999999998
424553805fd8f48800683418b742701767f49f179bc7a8205fb600ef6ebe4514,train_00825.png,1,99.86,eval_01477.png,104.00,False,4.140000000000001
42609377c91ef97b9ca7df341446eb4c5b64d3db67cd12287cc444cbabf4cccb,train_06063.png,0,28.86,eval_01425.png,66.94,False,38.08
42a5048b0354d07206631ab3bdd058bc6c7f044a46a71433dd7c7e306d121bc6,train_05354.png,1,5.58,eval_00345.png,130.87,False,125.29
4343f8d3839c2f7097e2b9a343f9f6b379531be31a1f832b3979e2b9bc3bacff,train_04753.png,1,284.04,eval_00810.png,139.25,False,144.79000000000002
436e23fd5e3ec81d60258014d7150eeb1a7b6bac79d0936ae4b29c4b7cf1e8c7,train_05476.png,1,127.61,eval_00589.png,161.34,False,33.730000000000004
43a46c45714c710806d3a460f3b04fbb943fb0478f613a650f4e5ba3bd4fbfae,train_00431.png,1,79.56,eval_01706.png,161.43,False,81.87
43ac359e5c67090005e3e14ab451b44ff638bc41f965496adc2b5f5fd37411e4,train_05802.png,1,294.11,eval_00733.png,167.13,False,126.98000000000002
43d37f69a18e3fa17f0e7bc6549e8884a23a54f6245b75d1a99a97e7a3732353,train_02033.png,0,175.63,eval_01851.png,205.34,False,29.710000000000008
444d2ea9b70fd01c655aa8fae7c8cf5553b10c8da4fb2d578943c1677c595b4b,train_06186.png,1,131.63,eval_00494.png,116.33,False,15.299999999999997
4473a998f398a0d432cef27ec06046e0be37f31dad50e584b5137c159482f620,train_03445.png,1,158.15,eval_01387.png,157.90,False,0.25
450d6c1634da410f6271d9d52c6e8d1f742fde0f7a1498c6554eb49a913a44a9,train_06984.png,1,191.51,eval_01352.png,136.95,False,54.56
450f95e8d76142dd332fa00e6891f9538446eb31601eb5e0200d05e9ba849442,train_06195.png,0,313.73,eval_01929.png,131.56,False,177.82999999999998
4532cc82aa351c7a389730ee2e9da76cf2eeb1292725a90a21e6c9dd15f220be,train_07482.png,1,74.55,eval_01207.png,143.28,False,68.73
453983fed1f84de03ede3a631c7a4c8b6811ce1e5b84f449b51d8dc0b0e7a1ba,train_04309.png,1,13.05,eval_01218.png,123.38,False,110.33
4541eeaf85b66d6b8175ad9c5cf4a715e3d02641ce88609710b0173f8bce3003,train_03434.png,0,355.72,eval_00593.png,160.35,False,164.62999999999997
4565662d89eed9f350ac16f706ea34f6121361bc04c51de1124ffce0bcbdba7f,train_07678.png,0,323.73,eval_00616.png,141.17,False,177.43999999999997
45fd7a1d6e888b95468517d171fdc880296e24370c29f7fa3af98f3a630570dd,train_06547.png,0,314.72,eval_00634.png,8.63,False,53.90999999999997
4612c7d3b99e511026068ace316d962d0fb607aa240a06945a599de1ddc0ea4b,train_00417.png,1,132.80,eval_01710.png,111.41,False,21.390000000000015
462c5bc4ba320722c9a6a949bf392b24f4e9dda7b53e4967a7b0309bfd2f8eef,train_05455.png,0,350.28,eval_01012.png,294.75,False,55.52999999999997
462d46524808701a358985920114092861e6fb42eb8e0e3b023067dbf6015670,train_07350.png,1,129.30,eval_01686.png,90.17,False,39.13000000000001
46363155ec99d39c1a62750da8b7050b1b42080a1a12b71ca6ae04a131d64f18,train_06265.png,0,311.30,eval_01698.png,314.68,False,3.3799999999999955
464570dc32a246976149910e4e0e1d4a727c469f84ee4c978b3f91cf94cf6eb3,train_02116.png,0,325.12,eval_01364.png,196.93,False,128.19
467d7102486a673546738f3cca634af0997a92dbf670b98498542bf37443a2ab,train_04006.png,1,108.56,eval_00603.png,153.32,False,44.75999999999999
4695649658e0ca636b92d4c96c53700526f2eb785f5e39694bad66986de6497c,train_02100.png,0,316.91,eval_00821.png,198.11,False,118.80000000000001
470618c987416c19334cdd6ea0267b80af59377b4ae62223aca665014638aec5,train_01181.png,1,340.76,eval_01359.png,175.91,False,164.85
476cc7f507c7f931c21294bdebbefce8568259659194138a36fadf056ccc4fad,train_00333.png,1,91.45,eval_00076.png,124.68,False,33.230000000000004
4783a0230ffaf9344c3c1c01e0ac2f4ee5720eca4e02e440c7262e51547649f6,train_02594.png,0,286.65,eval_01042.png,203.35,False,83.29999999999998
47c7a681d8f7748a5c37daf5bb53c1e5972ac236ef2dbe78ef42d75d6a82ce33,train_06003.png,0,309.53,eval_00549.png,324.43,False,14.900000000000034
47e1e9bae22bfda18014ee5ef531a9edd6f6deb6b86abe002ded83911670b49c,train_00517.png,1,350.05,eval_00736.png,129.36,False,139.31
4837a3a01aeb0a4bc577f5aaaf3ed3d7682cbf6b41fe331fa69e4831612fa84b,train_06247.png,1,307.06,eval_00826.png,124.52,False,177.45999999999998
484a3287c2b97791f5064b14288749225d12033a9c539e5faffc336507f63d6f,train_00434.png,1,38.08,eval_01638.png,174.81,False,136.73000000000002
48914de9a254326f00debf525e75a4b614083de21a1cd1b43f5512f76232d5ef,train_02199.png,0,225.64,eval_00644.png,163.97,False,61.66999999999999
4909cd4bf554378eb60f733132267476da96d547c6712af2393958ebbb046f51,train_01184.png,1,10.95,eval_00809.png,179.01,False,168.06
49189ca61ef0431367e332fc4d8bebeb082c3e44758f60b0dbad1ae37771b091,train_04333.png,1,50.96,eval_00529.png,159.75,False,108.78999999999999
4a779ba88b98fe482ea1e387609d54a861d3af0636dc99d52da2dbfd64d13109,train_02028.png,1,137.82,eval_00734.png,151.06,False,13.240000000000009
4a8b25717a0cf6da6cb98b04113da37e9fe3e5daae338e2fbc2b9c10a90a30d7,train_01077.png,0,306.13,eval_01924.png,244.45,False,61.68000000000001
4a9e7defeb7e1f752cef5362e9bb1e53edf3f8dcc7860843ab7d6a2886862190,train_06139.png,0,355.81,eval_00953.png,327.43,False,28.379999999999995
4b8d82c6e5cc2202af34ba27542b79ccd2df49dacca254260b739b1beb301598,train_07186.png,1,331.57,eval_01347.png,108.35,False,136.78
4c00822e420aea7afc7c2460c2066031ab2873e8bf3912974b2a22522406b64f,train_07107.png,1,353.44,eval_01809.png,116.17,False,122.73000000000002
4c991383c635c06d154cd75bc5bb2ba1183ee51e5932fad6765e5b74edc982ac,train_05998.png,0,353.23,eval_01684.png,310.01,False,43.22000000000003
4cf1711642b6422e31cb974887d56cb89f5deb3d6f755fe00610323a9489c147,train_05996.png,1,301.80,eval_01469.png,163.58,False,138.22
4d26d758d1c314e9e500cceca78f16ca83b55e8285dc2fb28ff798df11ab3e26,train_01110.png,1,123.88,eval_01464.png,141.75,False,17.870000000000005
4dfbd7ae07779f0c134e9b901328c8668c97c5e901a8adcfe844f0704864f6a4,train_02814.png,1,23.20,eval_00636.png,91.83,False,68.63
4e37903919a60395957cf11d24946cdaddb98e128698e8aab79c4a739f24edc0,train_03614.png,1,56.86,eval_01499.png,164.80,False,107.94000000000001
4e6bff211c02be5745bf7d44d30cad3a54ddd327f573eb3dc005ba14c1cb7001,train_07854.png,1,225.94,eval_00026.png,151.84,False,74.1
4ef99f951572d73ee8ae20c638bb392f6cf4255ade6cd3794c04a176282e5f39,train_04536.png,1,106.87,eval_00730.png,103.40,False,3.469999999999999
4f4bcecf86d05cdd73f4bc5bf12453243176746e17b0950be2762f389908ef84,train_00743.png,0,281.26,eval_00083.png,209.21,False,72.04999999999998
502994432080801d9f206f939b47c6a23f474fcbf95e81429677e2cf9affe50f,train_02052.png,0,26.24,eval_00143.png,220.67,False,165.57000000000002
51219969c2ef658fcc568ea1c32b0a8f7e7949c20111243508341441d27ec4e7,train_07827.png,0,199.70,eval_00819.png,114.98,False,84.71999999999998
51f3cce76f63437440659ea9c1e9509bc343fcdb9d59698f74887b4e21989d6c,train_01918.png,1,129.00,eval_01099.png,92.56,False,36.44
520746f4079d460ff7e590fbda0de81b1427327f10d724b3855da5a77b39f488,train_04661.png,1,149.26,eval_00541.png,124.60,False,24.659999999999997
522ed8b72d8b28543a9b300b54dde55c41a2b5a254e14a7f8a4ba15cc0aa0ced,train_07060.png,0,176.97,eval_01358.png,165.72,False,11.25
525154d519c2fc7ee92c94ab0740cc55ea75439ec6adf5d84066983abe8e5775,train_04538.png,0,66.35,eval_00456.png,85.08,False,18.730000000000004
5251bfcbc066f77b2bbab1e05e7c930f13122116058d1d7206a29afdd765c159,train_03792.png,1,213.58,eval_00602.png,165.07,False,48.51000000000002
52b99a8b794ac0c5f17bd056cab0e7ab0e0e4a0e1f76963af4abf2f68a305a73,train_02054.png,1,6.33,eval_01060.png,174.63,False,168.29999999999998
5320f34e5b8da124e47b212c0a8d634a2962d62f35f172b7b61a9778895a7d01,train_04107.png,0,343.31,eval_00860.png,185.03,False,158.28
5371852df3e80e247bc3a7247b4a275a0cbb00d5390ac7ab96ed0680fd483cbe,train_04081.png,1,11.11,eval_00273.png,153.96,False,142.85000000000002
5390fe334df06113276ee1a9a5c7fae3c64b11711d3c73b6d952b1eef99821d7,train_05645.png,1,123.64,eval_00889.png,144.68,False,21.040000000000006
53de9c0d644cc395ff260cae603155452fadc66890446a03b380c6e13b8093bb,train_03705.png,0,20.13,eval_00621.png,11.30,False,8.829999999999998
5443e09866760146bfc5ef6fc8b131fc0f21977dd42854c968b0cd6543f564dd,train_00291.png,1,115.96,eval_00807.png,126.89,False,10.930000000000007
5451f939c33efc445ba849d7bd4010221cccb9e80df24eb6b98df1ee86594b61,train_04363.png,0,343.84,eval_01180.png,50.52,False,66.68
5480f9ba03812eb6012ee4faad29dee50b63155e5288e19c28e7b30a1fd37906,train_02628.png,1,68.29,eval_00528.png,121.71,False,53.41999999999999
54dfe33275f1c2bbde36d52bea35abe22aca5b2f532b9b1295aedaf6c3378f09,train_01010.png,1,349.64,eval_00044.png,158.31,False,168.67000000000002
54fdaac65e375fce3764112a3ace0e052bcc19e8c0b60fde4da8190eb87aea22,train_04728.png,1,281.15,eval_01882.png,132.73,False,148.42
5521c3351c9c7d3be4ba25df0a40d78844ad1ab1c476557bc1b5e6e46e94eb78,train_00490.png,1,166.80,eval_00923.png,149.82,False,16.980000000000018
5586ce65d70297297e1bb1541e01bd5055b8535921f87c734aa877572608a027,train_06522.png,1,43.76,eval_01761.png,167.87,False,124.11000000000001
55a2ba1e36fe80ad330e8c4daee76ad2af01d57ac359675066773ae7db0094f0,train_06216.png,1,220.67,eval_00219.png,96.69,False,123.97999999999999
55e974f55638dc6e34f21769bf80168f1cfa7732e5bd256c18225ddff80ba6fd,train_02344.png,1,266.41,eval_01103.png,93.53,False,172.88000000000002
561ebf437d1ebff61fa277f2a1af2214b1faf736a24b4cfe205d8a2e472ddbdf,train_04764.png,1,249.94,eval_01860.png,101.99,False,147.95
562d74b25cae46a8557fb7a238f65504681ecadb32c9dfbe63d5bead4c55358b,train_07018.png,1,8.96,eval_01897.png,161.53,False,152.57
563cdc33f9a45f04f104ffb267fd62d9cd96bd8ea94b517c75816f9f3b47af06,train_02303.png,0,324.25,eval_00537.png,228.32,False,95.93
564a216cbdceab253bafc3aaddf481d4a6e059fd5b25ec38c7760cb27210e657,train_07776.png,1,20.93,eval_01940.png,125.22,False,104.28999999999999
56bc9af49dfdaf65df552ec8b8c6cebe62811519ecf3f49480d7646f7d93a7d1,train_05744.png,1,322.17,eval_00230.png,136.72,False,174.54999999999998
57255bca78057f6a99bd2b6d28571e952b83dac58703df379532217cc534b9d0,train_00751.png,1,274.20,eval_00352.png,111.52,False,162.68
57422accf6fd6a54172216324cf009aaab1fe273de7e5d74736eac8bf1644d64,train_07193.png,0,314.60,eval_00851.png,13.52,False,58.91999999999996
57e7be95ba8167aa50565f2183954f8161b579abe9ad95d42720ec8035c3bd49,train_00270.png,1,139.81,eval_00472.png,119.29,False,20.519999999999996
5826f2822154cad61050d931a18ac2eea370df3ceed03378f95ee45aa26c6826,train_06354.png,0,299.74,eval_00580.png,175.87,False,123.87
58bc25e472ed819e12923f80b43588e756f5a8e6802dee0de8d62c95b6bf1e3f,train_03555.png,0,318.69,eval_00558.png,124.22,False,165.53
5917d02859442c9925caf2390d7d59b912f91eedb88acc7cdbca1e66c6536148,train_01106.png,0,358.75,eval_00313.png,35.16,False,36.40999999999997
59564be1a4de6d47923d614715cb53a6a39c0a32203c5d7048d1c56c368ed46a,train_07514.png,1,116.37,eval_00535.png,131.33,False,14.960000000000008
59c8b49b5c3e32c0039385ce2e2cdcc1c2d9d9bcb518a487a505a0652c479f6b,train_00382.png,1,316.56,eval_00246.png,147.04,False,169.52
5a06ecd71e76d714f95b05bb7aeb5d042166af95c3db06f878e9eaf442090689,train_06741.png,1,243.79,eval_00866.png,141.20,False,102.59
5a8b494706a9b220560317ae3f9a4707872f8c9cc97a3982bd2c8efc37f2b7a2,train_07784.png,0,337.40,eval_00242.png,80.43,False,103.03000000000003
5ae7f1021a7b5738a66bbba200f6be2e50a6d730b2e4242edaa5c90a6594a801,train_02173.png,1,355.10,eval_01797.png,178.26,False,176.84000000000003
5aed560e1b51990d9492fdd0324b6d77cd872e470176b77fa58390881bbc891b,train_00492.png,1,347.74,eval_01006.png,142.67,False,154.92999999999998
5c625768ffca8942457d38f7ed49f6b843f7044330edae1d16eeaa465bde57fe,train_07070.png,1,120.93,eval_00781.png,115.07,False,5.860000000000014
5c6d33b2543117ae26dfbb372bf71865d0ae2028ff46d8d3b460dbdb3670f3ab,train_05958.png,0,320.29,eval_00765.png,282.12,False,38.170000000000016
5c94233250bba1b46d07d91260aaa0590fbaed5bab8d298c777f27f9f408acad,train_02250.png,1,169.69,eval_00642.png,122.85,False,46.84
5cbeebd4d85cec2672b6bfd466007258ef88249feec061427588207eea50d439,train_04991.png,1,130.47,eval_00673.png,137.21,False,6.740000000000009
5cc40081bad21a5aa496aacace800481da72c4a36d42fd30fd18bda6b7e3c06f,train_07135.png,1,279.95,eval_01175.png,137.38,False,142.57
5ce7a929502eca7217289d8f30924f5855d3f2e2b9076b0e2b5cadadd3452d30,train_00780.png,1,340.96,eval_00461.png,95.61,False,114.65000000000003
5d067cf30131e15842ccbf99a4c7ae2d583e003d4ad8a72b3e71aeae00b9fb5b,train_00519.png,1,103.45,eval_01877.png,145.30,False,41.85000000000001
5d6cafab591a074161d0f5e7943027d2924cbeb4590436122f675b3bf5620dd5,train_02449.png,1,192.00,eval_01966.png,173.87,False,18.129999999999995
5d9530c577eeb339b8d4a6a45243925122d5fce7886a18c1b86b686a4f227ea1,train_01444.png,1,193.09,eval_01699.png,159.46,False,33.629999999999995
5e2f64154c912574915a83efb8b10ec67a7e7a53ffd087b0e28d02afcc1d0515,train_00435.png,0,53.78,eval_00735.png,227.51,False,173.73
5e3ff90b420f9d46a6c3c2799f0439c0e9042935f6e370b230fdee4b87da80cf,train_06213.png,1,34.55,eval_01538.png,141.42,False,106.86999999999999
5e77267af7038dbe9b34885d86a92fff398bfe2712b33a06d90f3f8b5ddddd02,train_07563.png,1,104.75,eval_00675.png,144.08,False,39.33000000000001
5eed6fd18c3c833797fb8cc71a1ece3f87e46ab024ba3d2e8b7beafc7db668b4,train_06044.png,0,288.79,eval_00319.png,42.79,False,113.99999999999997
5f59b8dd94a2bbd88e24b4c10347c13247f43dbeaf06667af0f54cc5adb2972b,train_03348.png,1,170.77,eval_01073.png,156.81,False,13.960000000000008
5f85bb8933c958fc1c119ad0f728e03d78fd30be3bc70c2a4ff834cddcfdfd0f,train_06092.png,1,125.13,eval_01435.png,164.60,False,39.47
5fdb1446cb273987547aba812147f8e0e4479de93e09c06c4ba28042d0de168f,train_01348.png,1,276.12,eval_00871.png,177.22,False,98.9
6030631605269eeadbeab6f3ab5812e94242aa57acf6c0e98d6f42a083059c9b,train_07337.png,0,18.81,eval_01511.png,294.56,False,84.25
607726de4f5d2faeac899abde39f39059e39c0ce9d0f09f1ee88e3174e02c0f0,train_04981.png,1,9.35,eval_00539.png,171.87,False,162.52
60e45537e03ea4d58927d34fe0971255dca3570fb15cf5068a7bdae596f69773,train_00272.png,0,326.98,eval_00752.png,76.33,False,109.34999999999997
60ea052ec28610ffa4c3a3641f3bb6b8b2f286e857a3a964a115beefcaccff4b,train_06107.png,0,138.80,eval_01785.png,100.95,False,37.85000000000001
625743fe79767629839a92a0034cd1ccc89e4a5e2fffa4124375368f0b5559e8,train_02811.png,1,65.93,eval_01683.png,163.04,False,97.10999999999999
627e579ba50d77b7d364bf0bd367105242e8cdbf5bee290f4c96af04f49c7790,train_02801.png,1,359.39,eval_01365.png,96.33,False,96.94
62a63fe96a0324fbf39301dd2fe2aa03c1e812770188e7a948492b52dc02d46b,train_02911.png,1,306.46,eval_00133.png,174.17,False,132.29
6362c9d4bd2c2a2253660296f2e4ebeffbdfd4de02b23d2f2d8d0eefe4084d1b,train_07265.png,1,347.86,eval_01651.png,104.83,False,116.96999999999997
637e412bdd51e8daac9ae4b4184543bca94b53b679da2dd14b3203409d9f4d1f,train_03448.png,1,283.54,eval_01648.png,92.50,False,168.95999999999998
63db3ab403a9e995d83f865e00a153c3327a8d763ade93a4c8abc9d8e4927b1a,train_01949.png,1,303.72,eval_01762.png,142.26,False,161.46000000000004
642d11bf92b9bb97141c5af8156ae0ee6113c57ca29fe2a7e12cbecfb8945477,train_04697.png,0,320.76,eval_00712.png,247.81,False,72.94999999999999
65b9e461ba011afc83720f6ee66afa0c4ace40d828ec202026defe8e346f7a78,train_01638.png,1,19.71,eval_00575.png,90.84,False,71.13
65c6542f1e19cd058c5432d55113ff22e7f65e01ef591bc1eb539433bfdcee38,train_04097.png,1,211.19,eval_01458.png,146.28,False,64.91
66186e965beec14961de5d43737a7eec6ed9cc1be65072d6994024ec30be4ae0,train_04633.png,1,90.45,eval_01831.png,157.92,False,67.46999999999998
6688b3db36b63ba8ed790896c06700433df13f9c2f262528f8e20ec365fe11a1,train_04915.png,0,341.20,eval_00649.png,251.21,False,89.98999999999998
66d4ee09d47a6df52b48f0862e57019abcc515463c98f1c121e6336469fb9ac1,train_01204.png,1,175.91,eval_00842.png,165.36,False,10.549999999999983
67047bcb327ebb19a3fbdd6498d6a088adccbf73af7b0ffdfcd88b683491b318,train_02914.png,1,241.46,eval_01247.png,101.46,False,140.0
68a0cfdf1c41ba58f57cdccc50a95ddfc532013de2c42bdccf2847865b238639,train_05734.png,0,85.72,eval_01326.png,132.85,False,47.129999999999995
691b7920706cce670abd5571fa1c8394771a342659d52d8fd69394d008663409,train_03557.png,1,301.07,eval_00693.png,175.45,False,125.62
6961ecc95aceb6acc2bfbd5a80d17366d57210519fc3eb20bde8d0ebf836f955,train_06230.png,1,71.42,eval_01531.png,165.28,False,93.86
69a97c3a3c6b766d5acd3117351cff0a6ff409ee8641f84a68cfb2b60d8e3911,train_04718.png,1,188.53,eval_01214.png,98.45,False,90.08
6a29deb652d7516d9468a89fbd0a105f51b2ac86f120f8f36d8f3b05f292cf42,train_01981.png,1,307.74,eval_00031.png,173.28,False,134.46
6a87f97924490bebd3669c9dfd19a723e6e8f8d06b09d110d2d833a2de623278,train_03470.png,1,133.87,eval_01301.png,144.54,False,10.669999999999987
6adf12cdef43ac1a285970fe0234fe1fab09b853fbe7577559ba97f8bf478ca6,train_02044.png,0,113.48,eval_00181.png,333.79,False,139.69
6aeb7de68057923e816e9227a1bf904058a60450d17fee22ae4484c9fa4a6af1,train_02316.png,0,355.02,eval_01825.png,286.07,False,68.94999999999999
6b04da9730a01dcab9eee17ea4b4624c08b0abf54a4477e96346922479585e69,train_03480.png,0,320.34,eval_01311.png,282.71,False,37.629999999999995
6b94a6f97014269e233ff891352ebe3bcf0501d980dedf15c4c76ef2d6f4e05f,train_05376.png,0,327.21,eval_00972.png,256.69,False,70.51999999999998
6c34f7482a55cb28e8a88c08374f6d0e7ba2fbd0dd8e096544d67c02278a25c2,train_03724.png,1,336.56,eval_00538.png,98.12,False,121.56
6c55293f39608f9bb577bb2238d35f7747bdf7464bb84cba9421b2ce0c7dc21a,train_07608.png,1,142.21,eval_01183.png,158.09,False,15.879999999999995
6cbc28b32f81efa3f5d6d1fcb950321ee6a65a22bd2a8b4051f265cf78b4039a,train_04883.png,1,162.14,eval_00221.png,132.38,False,29.75999999999999
6e8b8e41083ba88f3cfa3b91fa2483d42dfe2535760de084c4ddbba0b01a81d0,train_02905.png,1,241.56,eval_00876.png,167.50,False,74.06
6ea89010e06b7971d5b07611bed67fdb727811af6ad3b43fccb672d73192789e,train_07168.png,1,319.74,eval_00699.png,159.13,False,160.61
6ed83b1e33e1957afda024929bfdae70ca8428c06b254f1f70b85bfb3ad3f00a,train_07249.png,1,44.60,eval_00414.png,101.05,False,56.449999999999996
6edeb55b89f4521618a825191ba29089663b0a65e40b045958a060faa2d8e853,train_04533.png,1,342.74,eval_00206.png,112.39,False,129.64999999999998
6f0c17a2e4d435fa98028ddb61268169d4b914069bea2a16ee030d53a0fef95a,train_07720.png,0,335.82,eval_01339.png,89.17,False,113.35000000000002
6f689d31cfc653b3afcfae8616b87238fdd89785a5cea8d0addc5a909f77bdb7,train_06530.png,0,327.04,eval_00758.png,66.29,False,99.25
6fe507d10d8124fd7103feba1e67117c29c54e3a63e19a3e04aff1707ee68777,train_05934.png,1,196.32,eval_00954.png,120.29,False,76.02999999999999
70c27b91117a4a929cc40d11c4ffb9f3a29b01f98ac29946f51a648bad2778c0,train_04700.png,0,298.16,eval_00934.png,215.29,False,82.87000000000003
70cfcb13634bf80c6a3bfd76ef97a8b0c43c95f0f1401e7783dbdefaa7d54e23,train_07105.png,0,294.15,eval_01057.png,243.75,False,50.39999999999998
71123fedb47bf0be03012486dda84ceeded8b68fb2f173a5ae133af15a434e09,train_02070.png,0,341.93,eval_00665.png,172.89,False,169.04000000000002
713e97f8efdf45f749926e546744372fd5093ef2eee74bc6d570448adecf5e4d,train_03063.png,1,181.02,eval_01193.png,97.11,False,83.91000000000001
7191fe2563f372f21205ce2a6bae63b29719df58cd21b57dc4fdb5236625a67f,train_06804.png,1,265.20,eval_01678.png,153.43,False,111.76999999999998
71d89ddbc83b111d1e62ff32485ce89c2e311939ed23275bdd19b1938f5e12f8,train_02652.png,1,224.03,eval_00859.png,93.53,False,130.5
72045f333301d04386899bfba62e20086dbffc2bb932ec61ff6ffcdcec093864,train_02372.png,1,255.13,eval_00387.png,158.86,False,96.26999999999998
73510bcdb7099bfc939caa2ec73baecc9f6ee5f5ea02d70c17b1a4bf354ddcea,train_05287.png,1,156.02,eval_01119.png,120.73,False,35.290000000000006
739d9c7489beee29cc42e19ca11c5fa16c7db560bacc191d274c1dd757e0516d,train_00392.png,1,22.31,eval_00218.png,107.30,False,84.99
740f32ba92a3d48b6190c235658918c809ba8c113118d7090d3aa49cf5a991e2,train_06757.png,0,332.08,eval_01141.png,168.56,False,163.51999999999998
751c84f5bb16662d6f7978d71a735ce1972d66224e6cc013455093288086ffb5,train_07585.png,1,21.17,eval_01718.png,148.54,False,127.36999999999999
75a3275f99abfbeab166b59e8b66e27d05f3aa31c2e940dbace57f07c38e31ea,train_03057.png,1,312.27,eval_00278.png,145.25,False,167.01999999999998
75a4013a52d8d095023700a715cadec1974dd551fb7f8c69f8fc87b3953eefef,train_00866.png,0,353.31,eval_01916.png,150.41,False,157.1
75b2515d399a9a0699cc9d8dcee56dc97a9256c6b0ae6af3c7ef6603f4258373,train_07283.png,0,359.60,eval_00906.png,249.41,False,110.19000000000003
75e2ea983644439a3758f36bf702569c6d9f35543b73de9db6dc4d50753fefde,train_03911.png,0,26.24,eval_01969.png,352.69,False,33.55000000000001
75e80dc5e6a4cf872cd3c1ee01627eddea29e898f04aa645abd475c35589b810,train_04271.png,1,242.73,eval_00832.png,175.86,False,66.86999999999998
76aac9eb906b6ad90fe993e6e5786f1404b47e0f8c106b03c5e61e99bd1d2901,train_05274.png,1,125.76,eval_00824.png,108.60,False,17.16000000000001
77529e406de42f3d67d6a7378843dd70b1228da461994f140c5bed3541570970,train_04671.png,1,313.77,eval_00662.png,114.73,False,160.96000000000004
7765efa952e16699d5efcfb6fc61caf19aac450a0bece66849e6246b3761d2fe,train_03882.png,0,356.85,eval_00197.png,270.41,False,86.44
7834c24592d5633174722d3e3e648506dd1d82c88adb936aa4784d3fa37f1ed4,train_00280.png,0,306.91,eval_00291.png,264.14,False,42.77000000000004
78fa232af65360768352d42df18e215619ebf09d484b83ad179ab2dcf8a03cae,train_05189.png,1,146.98,eval_00236.png,172.27,False,25.29000000000002
7926c92c636ba289240f3092025797972be775029d7fa6a49567720268c7b1f8,train_07461.png,1,21.11,eval_01634.png,94.36,False,73.25
7935169baee71b503a3b16be47e5159b31828588dfacfa58faef534e467a8e98,train_00213.png,0,327.89,eval_00299.png,238.08,False,89.80999999999997
7941daf318dd5bf4297a8716855d8ac0c5a3ac0bcb157e6f2aec359ced3c1990,train_00816.png,1,348.14,eval_00867.png,140.42,False,152.28
794f0dca4506af95bf70d93df3b271249c64b7e68be241a6b1bbc6d42872f0cb,train_05767.png,1,163.14,eval_00484.png,97.82,False,65.32
79c0f0cfbcaa67730ad58b879d91563680d3288f9f7354633d2a0a5f022eda69,train_06338.png,1,238.13,eval_01735.png,94.85,False,143.28
79c7a43052eceb065e5b3943d7fbe4c2454ede1b8af89d69c771c89c90af00b4,train_03665.png,0,280.07,eval_00690.png,327.99,False,47.920000000000016
79c97d961798f8ae8287230e7ef05366f2452aba039d4b94886f5abb84ee69ac,train_03425.png,1,334.95,eval_00825.png,137.02,False,162.07000000000002
79e74dfe7edc65b2c1032119a49be4b080d41ed2277ac3e20528cc87cce67177,train_05355.png,0,225.45,eval_00694.png,245.60,False,20.150000000000006
7aee50dce3df0b2a62b3f810458a7d7a75e53d8e49fa0dc9a6f8d6f506712c7d,train_03883.png,1,113.47,eval_00199.png,147.88,False,34.41
7b375236420712baed9d907f3ad9c0394b2375f8bb61a8a3c0bc1123a1cbeb44,train_04179.png,1,333.12,eval_01934.png,126.91,False,153.79
7b9db43f03cdce114f121050447d0f363618be91beed43f387e33d0d13b7d325,train_04020.png,0,329.31,eval_01066.png,359.51,False,30.19999999999999
7bf579f5346d122a4ac25d3e64089f0e0dc5b840cac97318ce8e50408d3c71e1,train_02176.png,0,326.11,eval_01009.png,147.92,False,178.19000000000003
7cc8287c38cd3225b30d414ad92333c959faeb294a8b9bbac194addf6fce318a,train_04235.png,0,276.43,eval_00913.png,57.68,False,141.25
7cf111e686debd91a3908161c6a475e9d411167799259d71fdfbcca3ed340a01,train_02229.png,0,329.69,eval_01454.png,189.80,False,139.89
7d4228b28265b52a759aca9828135ddebde4a74593d0b35b8a84681f76c710ee,train_01517.png,0,321.06,eval_01280.png,199.74,False,121.32
7d7d55e10301fbbac342068fa0f840da97d35d9fd116ac414b8b5f80250ee928,train_04990.png,1,154.21,eval_01320.png,152.17,False,2.0400000000000205
7e03dfb2680e20a51c4e3d8e3ae68e05455fd0b63c23cb02fe857ffed3f6202c,train_04637.png,1,234.35,eval_01514.png,169.48,False,64.87
7e3c76f7b70185332c934b1a1018bed85f8f3640574d6221c14f7e567bae5c79,train_00601.png,0,331.51,eval_01741.png,91.52,False,120.00999999999999
7ecad2864fd3da279111bc20b113c645883b0be0a541622ef987590946908589,train_04148.png,1,37.88,eval_00664.png,127.80,False,89.91999999999999
7edc8ea5c37b2e1191bc9feb685e762b9b7f5d93206be53084917a58be2fb838,train_01856.png,1,212.03,eval_01659.png,150.53,False,61.5
80a0c91260747f0a8c41f8d39ad9fba5e066caea1f19d1a2fc84dc2513090cc7,train_04884.png,0,301.32,eval_01355.png,219.32,False,82.0
80cc30dc8a59a016dd7fdd5fdb8e0928b08ccf9b8c91c2a39f8eb2129b225436,train_03397.png,1,46.64,eval_01019.png,116.35,False,69.71
810eaeea0c2b751c407b2022fe4ecf6dc87b16cea5ef5c4b5998b1168994c1b0,train_06108.png,1,278.43,eval_01166.png,158.64,False,119.79000000000002
8274df5db6dcaf1c634f35f103f55567f9b1ff4ffc8edc550524212a6f39d80c,train_05584.png,1,225.54,eval_01704.png,148.65,False,76.88999999999999
8275fa394f34f657a37528e1906f3362b55c305449ed415d0821fe5b706d9b67,train_04969.png,1,352.73,eval_00093.png,168.01,False,175.27999999999997
82a40db5d78e2e17827c6eced810c45052baca39423ca9ab4510dc55e4cbaebc,train_05443.png,0,289.51,eval_01989.png,27.73,False,98.22000000000003
82cd5a265f889821d6112555da475fb7d84ca527f033ca7ef29df902edf3be99,train_01560.png,0,327.67,eval_01675.png,356.30,False,28.629999999999995
82ea58a8ee272523273f69e450e1c870856f4fc557e70d4ff26b96a08554d319,train_06839.png,1,73.73,eval_01004.png,175.20,False,101.46999999999998
8308e08a3ba7934ef2050b9f14ca365be800b2587fb94b67ac2da9d71c842ffb,train_01732.png,1,159.30,eval_00015.png,138.20,False,21.100000000000023
8338faad91148e21409e620023f957e5ce6d46d39b1d7537c6c186a7f46e62a5,train_03336.png,1,339.71,eval_00417.png,170.87,False,168.83999999999997
83611def1297527f36bcc748cd608c91578977e884a48d53f600e7fd669452cf,train_05127.png,0,278.87,eval_00944.png,170.21,False,108.66
841b5d8c74c0940f2619f2a3d81fe53960e3c3d54f3fa6de0b351b0d3cb72bb4,train_00462.png,1,172.57,eval_01672.png,106.24,False,66.33
844b4937ce90a63df9147866cfea00910a0fa2f36903eab02874af331f886dd6,train_03913.png,1,134.16,eval_00639.png,138.91,False,4.75
84589728e88a4caa98e99ec61093f4aa20c7446dbacfc41097bb2aa835f0efcd,train_04341.png,1,220.93,eval_01697.png,95.65,False,125.28
84bc147eca4d351d8cd6447415216059215f1edd8c12520e78cb271f31005d78,train_03101.png,1,169.79,eval_00612.png,173.21,False,3.420000000000016
85b5c9b34e1d86605fc5b157557ced6058e2f49e5dc53731df36886f149d2f99,train_03206.png,0,344.87,eval_00767.png,297.68,False,47.19
85f0c724e8aad715374f7959b2374084418058cc6369715e84ee99bf512440fe,train_03731.png,1,118.64,eval_00119.png,162.83,False,44.19000000000001
861d6cba9b4027d1412fe1a9fdb9a705bad15389f3394acf056f815488fa1fa9,train_04943.png,0,26.48,eval_00618.png,38.63,False,12.150000000000002
862144b12aa4b6dc4f2b278949f499c63139156bd3dd5e7e50db949e2ee5e6a0,train_00356.png,0,301.40,eval_00532.png,50.78,False,109.38000000000002
86583e10b1d229ab163375b9069c9f91d6cc4560cd78fab3ebaa112d45794a8e,train_07701.png,0,329.99,eval_01589.png,90.60,False,120.60999999999999
8676f9b36f33da948691bcd2fb1586c8a32b89371a2dc72e82b7abd709e53ff5,train_06742.png,1,180.54,eval_01348.png,171.48,False,9.060000000000002
86f5a1e6e6f88dea949d6fee0b35256662ea4c94455439ddf5d2ac98cc3b6564,train_05087.png,1,189.91,eval_01680.png,110.25,False,79.66
87300aa0bf8e29a0c732f7186019a9bd7356c52111d7c2c9e5b04c2deca53615,train_02282.png,0,353.71,eval_01342.png,250.06,False,103.64999999999998
881d190ed1be43433eca5e9ef0a40c3d7d64c342a05276bc8828fd18a575d502,train_01368.png,0,348.66,eval_01427.png,314.21,False,34.450000000000045
88aa333f6d4f927e8b3e98a89be71abc405570c771cde590f02d8f76353ef65a,train_06411.png,1,62.79,eval_00386.png,118.90,False,56.11000000000001
8a206c6cf4e1e8100d20a919823a03fb28bcb8951b051dc601a21a93aaf09848,train_00916.png,1,302.00,eval_00697.png,153.18,False,148.82
8a29e851e98676ef30b4425bb175e66193c48f2fdca9a5e506ca861bf8b39a7a,train_03822.png,0,96.79,eval_01041.png,348.35,False,108.44
8af17954c03a9d765da9996c013d40a12b9d5a4ab8821026d6c8422c8e87e6e1,train_05434.png,1,32.89,eval_01178.png,149.73,False,116.83999999999999
8b0f632f7bfbc3014ef5faac914334cc9d19350d42b367bcd44b93a2e1885c74,train_01601.png,1,100.65,eval_01205.png,127.98,False,27.33
8b2f3422685e1cafa05c9309b6a07bf3e5c5ff5f7830980ca10221f55c6dba71,train_00694.png,0,295.70,eval_01136.png,343.29,False,47.59000000000003
8bace2b87f42ba116d754409257f8f738080e7c6085cbbb04a80a1119cc95284,train_02858.png,1,95.79,eval_00895.png,112.69,False,16.89999999999999
8bdd86df423229e9189026b6049919de0288be7381f954c73116d943d8f17118,train_04739.png,1,353.96,eval_01107.png,93.36,False,99.40000000000003
8c1a9a10bc71a76cf456a304129105435e8c216a1b26184aadc267faa4d5f737,train_02361.png,1,191.58,eval_01510.png,109.71,False,81.87000000000002
8c8c8b349668954d9c451d4d4858d17403b7b3c6957f8bcd83e1cdc6d5d19ad1,train_05150.png,1,145.34,eval_00887.png,115.62,False,29.72
8d22b96f0d139f3888e14ea10bdac15432be3c92091b645787e5f7e3eb4ae459,train_00070.png,0,312.47,eval_01810.png,120.04,False,167.57
8db23b950e2bd87ca6071e355eff20a25a8ea2b59e0c0ecb276c04176e64abdb,train_03852.png,1,87.07,eval_00105.png,106.58,False,19.510000000000005
8dc5afb2cfa61d6de7798162c479993c1e41fe3fd8fe5c09c1d46773e5d2deca,train_06518.png,1,331.96,eval_00974.png,132.74,False,160.78000000000003
8dc98bd5bcb021504313c7b5b29b73d69f97efaf6a3aef8c4c0deecca7ccc116,train_06070.png,0,308.50,eval_01367.png,171.44,False,137.06
8dd9cb229a73726ff0c6f3a85b71092894171b13b4a1093feebf830df7ddeb0c,train_01338.png,0,132.46,eval_00919.png,13.28,False,119.18
8ddea4a1c3212dd9d5341cee071a790a60e8c4aaf8fdff096016fca221292734,train_06988.png,1,141.39,eval_01035.png,178.84,False,37.45000000000002
8e528f1dfe9da43473bbe71ed8730b4a183114ed5114d06069ba55b4299dd75e,train_04451.png,1,180.33,eval_00967.png,174.70,False,5.630000000000024
8e8cb0653b83fe7c95e749e9f549b21f31c1a8f8597bf10ca381ea837cc6c15c,train_02891.png,1,164.48,eval_01329.png,173.57,False,9.090000000000003
8e9ab2af0427a08424e1785c617672ce764a0d586bb92574b36cde272644241a,train_02081.png,0,340.72,eval_01463.png,148.28,False,167.55999999999997
8fb8aa26b9e0aba65ac1acf18b9fe02a84ec13e852d0afee7446f107e259ac6a,train_03511.png,1,356.47,eval_01770.png,162.79,False,166.31999999999996
900d4d8ea1a5b9b17d3e73e4cc5cdc66dd4ee476b8941d6d5ec43c7bd815d79b,train_05619.png,1,22.58,eval_01526.png,97.07,False,74.49
90422ecb6d9055e13016ea1dd53a9e4941f9148509dfca2a1f75cac2d85c2ed0,train_03238.png,0,125.96,eval_01154.png,313.53,False,172.43
905e815ae9c6aa1526755fd65fc1186160e15dc66718e64d6d0c0fad17f742ee,train_05912.png,0,330.03,eval_00025.png,262.48,False,67.54999999999995
90821d7a55d00fe590d0902312103c41e0c8e6dc258866b7df83c9d790adb308,train_05422.png,1,273.95,eval_00800.png,97.55,False,176.39999999999998
9084ece9edfc4d0a3b8be976cb04ebd3ef3bdf281fa8c0455d9144142530bc52,train_06220.png,0,322.04,eval_01237.png,87.59,False,125.54999999999998
90acd966a4604af10f263ef937d7cbebb1b01e603da2c156cddf81a5121df49b,train_07448.png,1,359.04,eval_01127.png,113.25,False,114.20999999999998
90fc7b6769694f343ba2d5093e1cd2faacd1f4682aa0a87863db2d8de1d87bfa,train_03809.png,0,340.24,eval_01199.png,24.76,False,44.51999999999998
917203e4edb1348d8561e20db3c701b7d360fcfa4d32ddc06f2d7f295b3e2ff2,train_01702.png,0,322.22,eval_00285.png,110.20,False,147.97999999999996
922f0a9249a5f83ba2161812c32930c4bcd20a5f2f5b4a766e121aa293e4b93d,train_01187.png,1,147.55,eval_01925.png,167.62,False,20.069999999999993
924007716491c5b3c179afc4b78ddfae05f8ef5eaf7d35b32612cf50f8769d84,train_02885.png,1,111.19,eval_01939.png,115.21,False,4.019999999999996
928348d9ef2615c53405a490001694e2300688a68d9019c3122ec13705708727,train_05384.png,1,253.74,eval_00483.png,159.06,False,94.68
92b03f885665b3c65982b3b54625aeb6d2e8de17ed6438db0900178ae9cdeef1,train_01135.png,1,316.90,eval_00893.png,155.80,False,161.09999999999997
92d9c21858c35d5bce9e3b9a6234fceab286acbc21de84b8ca9e86506d16a0f5,train_05905.png,1,269.15,eval_01153.png,154.91,False,114.23999999999998
92ed63ffc6a892ed95349b7258eca201ba07d492a187b042a36cdb2cbef8a75d,train_04751.png,1,318.54,eval_00054.png,139.66,False,178.88000000000002
93881d3c79b3719452f94650c3031ff9cc8298a5980d74ef1021ea1a18b7201b,train_01258.png,1,308.73,eval_01495.png,112.25,False,163.51999999999998
93ad7d9b748cefe998e0d1ca48b41ca4112353a0cee1d807cd8118dbfce923a9,train_06388.png,1,236.38,eval_00839.png,90.32,False,146.06
941e5af22c7775661e4222d0b4ef5c7d582279c159dc000bc468e8297056336c,train_05055.png,1,241.27,eval_00301.png,99.14,False,142.13
94ad041e0661d9b033defa01991520a708f53e752beb416456febd2ef29fc5e4,train_02777.png,1,139.66,eval_00055.png,98.99,False,40.67
95bbddd94e5d7460cdac7373771d054c4ce09978dd7439b3b3be7fcad7d6e764,train_00304.png,0,291.02,eval_01742.png,47.10,False,116.08000000000001
95cecd4c41fbf6a6d034268ee4f8a7a92ad65af401cc9b449836edc8acc07a93,train_07199.png,0,312.70,eval_00955.png,315.69,False,2.990000000000009
960345e312c4c966119f9e5139b1ef4c2ffa64dd194a8cd3dc17bdea348aa368,train_00097.png,1,209.17,eval_01373.png,146.84,False,62.329999999999984
96503bfdff4a1d881de8c69faecfe0247f58184df1f83e8915337fac96385577,train_02302.png,1,13.60,eval_00707.png,108.46,False,94.86
96b61dfac7d41067907407e9d0813e596c705f62e2fe7cd525b9ee71d5c47bf0,train_07838.png,1,154.31,eval_01413.png,120.01,False,34.3
976b99218669031343b55922f8d41e7a49dfe260c3d1b0eb3e766976f97f1d0d,train_02824.png,1,22.76,eval_00858.png,147.94,False,125.17999999999999
9772157201a5e197801f4d0134a35a945db398808603ca875a1cf1eab02b0c2f,train_06613.png,0,296.91,eval_00322.png,129.01,False,167.90000000000003
9807ca5f2df98fc9ea24184769696fc26bfa1bad083939474d2af81c40bd64a9,train_06294.png,1,248.58,eval_01346.png,173.70,False,74.88000000000002
98245ef45362efd12d8052185cd2514996089a1dd6e6a2c802187d636ca88297,train_01467.png,1,5.03,eval_00661.png,123.05,False,118.02
982cc033590aacdadfa299ca81bd07c3484789f45e0e07d35ccbc950a53c6cfb,train_06245.png,1,20.52,eval_00069.png,134.50,False,113.98
98722323dad6a84788f82e9d020ad9cbff1649b444fe2dd080ba02302418086b,train_04820.png,1,223.08,eval_00034.png,96.05,False,127.03000000000002
98ab70ff5217631f7deac4c5028ad33150db0c53c5f42f698f4693bdb5715796,train_02778.png,1,327.43,eval_01824.png,143.17,False,175.73999999999998
98dd20bfef53e90a7dcbfe986bcaf22efcd30c3b2734921b9ed4fbba6afacb79,train_06497.png,0,275.80,eval_01235.png,62.06,False,146.26
993795edc7f7a43707d2de557418877cca6625f18f03624d03175d0fd6c31858,train_06958.png,1,92.90,eval_00125.png,119.99,False,27.08999999999999
994f76c221998207da541082123dd467e3ecb915b48ec8c5ad803eaddba52ad5,train_00670.png,1,157.92,eval_01241.png,112.62,False,45.29999999999998
997c0270655d99ad8133adccb2238296cc01d74eaeddded443b3bc82b290b347,train_07044.png,1,292.33,eval_01895.png,128.81,False,163.51999999999998
997fcee756efcd0b4949a53c12be0da5462f6f375f76f74428431bc0baddd491,train_07602.png,1,116.21,eval_01841.png,125.13,False,8.920000000000002
99afc48f068613c581b71363e895baf414482ab5e89e658bed944d175957b5c5,train_02793.png,1,53.88,eval_00062.png,104.02,False,50.13999999999999
99c171006cddfd9432689226ac9aac294f97657df53e44a8b447fe72a0a8f9e4,train_03826.png,0,176.95,eval_00035.png,155.72,False,21.22999999999999
99d2a9213799a8e2f2b159cc0f904540c84cfd02b61447483468a630a90ab5e9,train_03344.png,1,284.44,eval_01878.png,153.89,False,130.55
99e79c1e72c6a02d674a70f14f132b8f34e720ff4c916aaae0829117e9321e44,train_05775.png,1,245.68,eval_00731.png,177.20,False,68.48000000000002
9a0a2220dd6d95ebe4b5ea3b3dff164d25614bdb7d56a56248c50f462b7b04c5,train_00460.png,1,41.14,eval_01605.png,164.95,False,123.80999999999999
9a2337da7f271417f4c2fc61a3f8c0f50dd7c82c62a9a34e6ce11cbdbf174816,train_00627.png,0,344.13,eval_01451.png,171.21,False,172.92
9a7b639cfebe2da08d6973e6a1271c4f0c0d697691e6deed7861fdeb35a914bd,train_06399.png,1,117.75,eval_00667.png,163.71,False,45.96000000000001
9aa977da65e00b760eccb603d96cec5da6389aabb2cd1f89609d563203f8f8c9,train_03608.png,1,175.74,eval_01378.png,94.88,False,80.86000000000001
9acc6fbc899704ffb45ff0dd133ded76176572bdac01b0a474845fca35fca370,train_03498.png,0,332.10,eval_01862.png,298.38,False,33.72000000000003
9ad9d5a179295cbb67ffd84faeadf44fc7d89d7fd66261687b2d92e65218389a,train_06476.png,0,283.03,eval_00341.png,269.31,False,13.71999999999997
9aec62b5ee85777ab821904a78fa23588eda03ceda66fa9896dd3ae32bbb4254,train_03436.png,1,229.70,eval_01574.png,102.55,False,127.14999999999999
9b093eff311bee667fb110250af1b9639a29808f639c9b4bc013a2dc378d0f3e,train_02682.png,0,32.27,eval_01102.png,142.24,False,109.97
9b6735d88ea5823d6f775b11f3fdda134039f5dc8c111847e69c408cef7ae023,train_02240.png,1,1.73,eval_00705.png,159.23,False,157.5
9b714779cef4e3ebbb9ee986576f4aacc484edb32192fc4eb7af8858cbe0e648,train_01393.png,0,272.44,eval_01871.png,290.13,False,17.689999999999998
9b7a2702d56dbca645fbbcd79e3263a4e6c23e0cf0a841eb6c0d5d483bb92121,train_03490.png,1,18.05,eval_01290.png,114.33,False,96.28
9b81f1bd8eb0a3e36a0df73a08252ef3f64bc31f128df0a2c455a6e16e90c22b,train_03373.png,0,301.90,eval_01874.png,260.95,False,40.94999999999999
9b8579557c8e642c7e0e14ea3c53cffc918e89b4189c95ab18e51eba6649a26e,train_06456.png,1,194.07,eval_01113.png,104.25,False,89.82
9c12100cadc0478ee781261fdb6ee38139b360a07ef22e7614bb57cb130cd1af,train_05068.png,1,199.22,eval_01160.png,99.04,False,100.17999999999999
9c5fca32b9a5d2f5be05cbcabc241a5fb07f94d455bfbba60ac295c79646e626,train_04957.png,0,339.59,eval_00627.png,11.28,False,31.689999999999998
9cf054326d24e3c504c20a55a92a813d2d9937476e9abb2ca1c7e551a1acd6a5,train_02228.png,1,47.60,eval_00078.png,116.05,False,68.44999999999999
9d3bcf0848f3a205ad2ceffedefd76adfc5f89e2b22333a425d578cf3db7e854,train_06266.png,0,289.08,eval_00225.png,177.10,False,111.97999999999999
9d60a5ecaf51275a1f4cf74ce2f8516fc470935bd76ae664e6c0779ef92f4b21,train_01354.png,1,114.48,eval_00861.png,141.28,False,26.799999999999997
9df31e57fcfff9c70be632660966e765ac4dcad68ae0b764c07b65fe9aa81734,train_06023.png,0,342.09,eval_00557.png,227.08,False,115.00999999999996
9e0e10feaec112759d2663020370b4177f790fed5d1b6baee293bf416cbdebf0,train_03304.png,1,358.52,eval_01952.png,128.70,False,130.18
9ea98cee14aae19e279daf170b8ba81c3cc0aae6bfcea7acf096a3c364439f81,train_05308.png,0,276.90,eval_01152.png,222.07,False,54.829999999999984
9eb073a1a60a7071b5ef6bf519aef23e4fd0feb49347f3ff0dc4d91558f44f22,train_06058.png,1,173.41,eval_01802.png,177.31,False,3.9000000000000057
9eec9c5393f647a3b86d4b6d6e2a70cfaeb804b3387626104414c927f3077abd,train_05564.png,1,50.02,eval_01217.png,167.41,False,117.38999999999999
9f2217c12a4819840fe2ee9b6001f5733a3b9fb2496eeda1a6d07c6f6ae269d9,train_05581.png,1,180.25,eval_01010.png,142.54,False,37.71000000000001
9f4516c2aa8b711a550e0488470a24cc0ab1cbd33056461a010a2fc45c882989,train_04604.png,1,158.59,eval_01693.png,105.26,False,53.33
9f6fc906bd9ac67b354a66559399a9cd85c1f2ce44493d64564eb469f1105ab1,train_06272.png,1,105.45,eval_01109.png,94.77,False,10.680000000000007
9fb9ac01ddeccf5b40808c32b65792b7239c14d8a963101652410a6d50dcd069,train_06161.png,1,230.53,eval_00937.png,179.40,False,51.129999999999995
9fdbea5e97125df40be150e8f1599e35a24aff44569c5aacb9d0981cd8d16571,train_04713.png,0,271.25,eval_00038.png,91.02,False,179.76999999999998
9ff41f735fb694957a2a4e8149fb07b7f8b0291f51458b6e723de61411dabe94,train_03834.png,0,139.15,eval_01296.png,353.42,False,145.73
a01cb4a6e2fd7e765b10ccd5dbdcfaa8a88524a220cbc13a176db05a95d7fdc7,train_00343.png,1,64.88,eval_00793.png,121.02,False,56.14
a17c0ee458d2cd03fe6a7e772a55421cf6cfe3709b854b36ad783b6a1d615ca6,train_05758.png,0,320.70,eval_00413.png,14.59,False,53.889999999999986
a38a0475ed4f8be86bb5af90a423456b9e192bdbeb85eee93d334b07287da744,train_01515.png,0,274.14,eval_01396.png,72.53,False,158.39000000000001
a40f4862afa8e6022394509bb525a4fa7b09c4ff453677dd36ea10c2cb6783fe,train_06792.png,1,266.79,eval_01319.png,90.96,False,175.83000000000004
a461157b23892bd46754ae8d588c89c2bb4682521c006f0d18d5bf93699564d1,train_03332.png,0,347.41,eval_00932.png,108.21,False,120.79999999999995
a4bb28050f68a2e4e558239340c6915c757b1ea575ed2bdf405bcccb418ef6d8,train_04393.png,1,19.31,eval_00460.png,150.33,False,131.02
a6c59d3d7fef50275d20e88d43ea705fa9902765bab8034c6f3c7eaddbbb6202,train_00378.png,1,322.03,eval_01262.png,142.22,False,179.80999999999997
a76bcd438caa0022b0133830d3a28110ce3c4c2940e7d1ae753f875aa02d4954,train_06465.png,0,282.15,eval_00189.png,16.53,False,94.38
a793d89f7ee09491882cc9644d606f9cbff1c68f553624a5a472bb75041e4f5c,train_03924.png,1,110.07,eval_01496.png,123.35,False,13.280000000000001
a7eb8d07b32a5247ca3e8d41df8fd73368df6167b4c74bd9fc541733fed31585,train_05766.png,1,256.29,eval_01799.png,110.60,False,145.69000000000003
a7f1425208c19e2e1f267f34fbc9d6c33bfae79c975d5a35bb9b625c3e842171,train_06726.png,1,203.56,eval_01021.png,176.18,False,27.379999999999995
a810e6174de93ccab5ff68138fee724cf9a1d941fa67bd47cb010bdfa7a077b8,train_01539.png,0,294.17,eval_00027.png,10.18,False,76.00999999999999
a8c4723cd72c843c85da99b5a3c0c77ca929b5b0d59faac0c2ae5cb1c004b95a,train_02157.png,0,313.96,eval_00474.png,21.11,False,67.15000000000003
a8f10efbb040aac595c0459606a94ca27f0e593e874715edc08ca3c740b45304,train_05565.png,1,272.36,eval_00875.png,128.04,False,144.32000000000002
a9001fa2889d1d51831b0aa33b16f008323378843a4db29a6ad9655d2ef30e41,train_02129.png,1,64.90,eval_00577.png,145.80,False,80.9
a9189a15885b2f4abce1f684b80b0889f4074592b363332957be015ce3eed921,train_00852.png,1,133.28,eval_00249.png,90.81,False,42.47
a9764e9862839a80eaf41edfee642d7fe5c142d14ef6808e063b8fb3673f6cab,train_05544.png,0,359.77,eval_00701.png,289.71,False,70.06
aa52600271d40e9dad673ea845b8063b42c595c00344f771020764c851e272b0,train_06506.png,0,75.73,eval_01793.png,203.98,False,128.25
aa602f563fa0714580ebcd1408f9ea6d666c2fca758d0ae89204bb5483f02b59,train_02480.png,1,156.10,eval_00900.png,124.54,False,31.559999999999988
aa6e2ed539ad3754b842d638f6b1ac9f4078030da0d65fd1757caf1192223615,train_00415.png,1,57.34,eval_00479.png,90.65,False,33.31
aaa7cdfb780f0cb5386c7b59455a0c88dc088cbf7c2f8e4a8a7c83be759d9768,train_03811.png,1,285.13,eval_01086.png,166.97,False,118.16
ab9a8efba40677863ceae9ea88741851be419b5236fdb80d393d177561052a32,train_01579.png,0,272.82,eval_01907.png,86.83,False,174.01
ac3424b2b0d73f8c58dd9969a17266276cd57fd04ba1a7f13862973955560ca3,train_05730.png,1,126.26,eval_01685.png,179.99,False,53.730000000000004
ac72411373037d0d26b63093c7058d599091082246c60c47352b0cf8b1600387,train_05173.png,0,54.02,eval_00233.png,30.13,False,23.890000000000004
ac74aaba0eb2b451fd8406e23073408c7d2b4bd96f1988d138c70778f3301579,train_07351.png,0,327.90,eval_01328.png,96.79,False,128.89000000000004
ac9bdb30c6fcdcca3e14e45de893ca44cac3d825ea53d86ede2908fc45846576,train_05463.png,1,92.83,eval_00029.png,132.57,False,39.739999999999995
acd7bc862da9e463d9517670d676567dbed7658f05c2009c6a3933cc67f77566,train_07285.png,1,280.28,eval_01977.png,166.56,False,113.71999999999997
ad00816309557b098f9a9459b50360aa45e5b3db4ce70b943d6446d3dc09b989,train_00098.png,1,23.82,eval_01536.png,93.51,False,69.69
ad22fe94575d45cc9bf97888a8d2d52ec839fc0c708f7a3ab8a1827f61806df9,train_05651.png,0,335.07,eval_00704.png,170.76,False,164.31
adc0b8993505977c75625e342b39d5df54da7d724346b4ca319b2c3e8a67fc45,train_06231.png,0,343.41,eval_01950.png,274.66,False,68.75
ae4c62d602ec4f04248410a42f3beb7d6718a29deed1b418482b87cd0b77cf52,train_06743.png,1,281.52,eval_00987.png,144.83,False,136.68999999999997
ae6fc7748483b4452864e512a4c8cf43babe505b6af4e2bb1a1538a1fc51c31f,train_02111.png,1,175.54,eval_00146.png,177.34,False,1.8000000000000114
af0057898a3c4413dec45206bab2c7f77c33b7478450676658d3216c03a7e0ec,train_02877.png,1,135.09,eval_00049.png,120.33,False,14.760000000000005
af2c0e328afb39f87d1a3ac810b9531c95d7aaa26c6b69eae6387fda5c5c3aa0,train_07397.png,1,27.65,eval_01550.png,96.66,False,69.00999999999999
af823304472899067a3f52a0e086bd69171c5ac904624189c3b85d5a847d1fbf,train_01215.png,1,316.83,eval_01973.png,91.22,False,134.39000000000001
afeafb5a5e132e2e67353f4e7831177f6ac64a0dbcdc76a75fa0c3f035de5140,train_03027.png,1,174.25,eval_01321.png,98.43,False,75.82
b082b90395ab30bb50d6bb2921837e11da69d0665e1a1387b0f259d82e39d92d,train_06818.png,0,285.31,eval_00022.png,6.23,False,80.92000000000002
b0a658ad466561a25adbde470515c0e4aa556b9a49bfd786aaa175ed8741e3c7,train_02699.png,1,152.32,eval_00124.png,117.72,False,34.599999999999994
b0e07aebee16b1cbc98636edf8020fd761073b4515ff35960ac6a01de0c5a416,train_06236.png,0,310.00,eval_00123.png,140.06,False,169.94
b0e430d207839a78ad4341be58424e34eaaf04f0917633b571cd883bd489f90c,train_06903.png,0,276.81,eval_00168.png,181.84,False,94.97
b0f7b98faba7307616cd957ab359b30013bffbbf2f97f088393b03d21cf49e63,train_02746.png,1,44.86,eval_01068.png,141.52,False,96.66000000000001
b12663423ed15bb2f7d824af0be8f4584c53b9b435b0a00d890b01280490900b,train_01033.png,0,280.21,eval_01059.png,313.96,False,33.75
b1724caa7df648b1299ad53d32772a26578b9265f8431f59d64df017e8e5826c,train_01936.png,1,320.44,eval_01416.png,125.36,False,164.92000000000002
b182ef8b794cba1513ca9afb32670a432df774e9322b79d2b7d200a1d3021644,train_02074.png,0,346.72,eval_00820.png,11.56,False,24.839999999999975
b1a55a396dea6b2c47c406d7c183329b43b9ddbd1fc8d6ea656fd37c85802e60,train_01634.png,1,174.69,eval_01560.png,159.86,False,14.829999999999984
b1ad02d9586ab6e389acfceec663a1d9ca1917d51ae527b6338c5d62a8814ff3,train_04706.png,1,298.31,eval_01000.png,152.78,False,145.53
b2be3c93ea179eaf82b4635d61d88b13360818099a00cfdc318876fdcac2ad40,train_07366.png,1,222.53,eval_01174.png,173.90,False,48.629999999999995
b31d35c88990f941d9bf5b71d539e6e43f3fa8ee9082ce9118d0373a6967fc6b,train_04997.png,1,28.73,eval_00268.png,153.76,False,125.02999999999999
b34419b81eb69cefcf22753faa6d32a0669b752f9d8a0925f7877e01b1e129f4,train_06005.png,1,255.66,eval_01049.png,162.56,False,93.1
b38d2cc0e4a265bc0024cbc9d2f15cadb2298af3562b1728395dd4b738d1486f,train_05979.png,0,298.51,eval_00650.png,40.74,False,102.23000000000002
b3e58d847a451eac579efb183b6e2b982f6eb6dad15422fad8ced24a792854a1,train_02554.png,1,176.25,eval_00804.png,95.41,False,80.84
b3f7bee45c28e19865e99560963b61f073ee05b2044b843657ee96e8ef2583bf,train_06138.png,1,113.88,eval_00309.png,121.45,False,7.570000000000007
b4695730645f049b5091c0ca847e131f39fa22d2badab17d256c7cc34ac8c43f,train_06391.png,0,301.76,eval_01243.png,155.06,False,146.7
b4ad51baa2220c41687ea92725fdf39ba89742811bbf6802b1ba379b7cf5042c,train_00141.png,0,293.27,eval_01609.png,244.68,False,48.589999999999975
b547237c38b1cb755d9f80ac0ab5ff00a953b68e6821d5fffe8366cf633fff9b,train_00069.png,1,2.14,eval_01494.png,140.73,False,138.59
b5c4f1959b45bc0cef2f1f59296ccceffeae218b6873a0ef155934626fbe4bbb,train_06912.png,1,67.75,eval_00879.png,96.50,False,28.75
b6100c59efbdc2f79c5ce4780116b533ae086bc7891a5edc95db78ada1a47935,train_07747.png,1,77.52,eval_00243.png,101.70,False,24.180000000000007
b702815d7c3d84c3f9e8854ef6677e0db4c11984a82a612928dcacfd3caae24d,train_02604.png,1,201.78,eval_01792.png,120.56,False,81.22
b70a3b659a4a778459ed7d1e2a7b6e609b28478806a3bbe29ddcfe2c92c8a92a,train_01474.png,1,247.26,eval_01480.png,139.21,False,108.04999999999998
b70b961ac8e090c9ac3eec5d07327e61d9a55b91790d29adfea59f21038ee2d1,train_02800.png,1,331.85,eval_01491.png,153.51,False,178.34000000000003
b7301e9cb5d11ce13d3ee60f6e3d3c92c5994e569367006df200ce909be26139,train_05374.png,0,314.42,eval_01500.png,337.75,False,23.329999999999984
b7fae37c3c27b854042b9d4b6bc2a10b492695b2923f7886b17b18caa79886df,train_01649.png,1,284.03,eval_01756.png,102.75,False,178.72000000000003
b80fbcc990bcaa9b300d6acf8b45b5234756fc9122d25f6c02b26819cfc3e06d,train_04045.png,1,98.29,eval_00585.png,111.37,False,13.079999999999998
b83ab4f597633120e0b4ea54da23758b7d88f7056c98bdf7f2fe26111351cfd6,train_05369.png,0,278.96,eval_00160.png,231.35,False,47.609999999999985
b847ef3b066d311aaebdd719f35413f7667c86b998f82da73ae100427fca0a9e,train_04362.png,1,188.20,eval_01397.png,135.34,False,52.859999999999985
b8e469b3e846e0311830e0b6d54838bccc27da70fd4c360640a21d37ed9baa52,train_00652.png,1,89.24,eval_01898.png,99.91,False,10.670000000000002
b8f7543ef9ed01e22dd37305cd44feec67805d2aebebbb702a1724f56e98bda3,train_07473.png,1,263.35,eval_01101.png,178.14,False,85.21000000000004
b976b660b7835cc1e93d6c08817549d6990e2126e1594cdfebc82c9700b10fb5,train_07273.png,0,292.61,eval_01055.png,119.24,False,173.37
ba015b29dd98ec7dcda404ecd991b30224375029db15de516035a3e5f56e3c23,train_01526.png,1,176.10,eval_01837.png,109.21,False,66.89
ba1732fa1e8f86dd3829a9c171051df79d9ffd431f890b2ecbf3b9b9ba972197,train_02355.png,0,22.04,eval_00307.png,0.41,False,21.63
ba1e6e2b8fa14ded77b1e5b238e20100474b99de621c1a56bfcba232ce658fed,train_03762.png,1,226.33,eval_00419.png,96.70,False,129.63
ba76a5db3a1ba1f186803eda464630a47d08ffb5436a61c5b712f6db428e0253,train_04085.png,1,123.44,eval_00790.png,90.51,False,32.92999999999999
ba8784144d783465e50da61fc69ce4bf997d3ad2b0f77082061170c4ed8d3ee6,train_04038.png,1,37.54,eval_01200.png,109.50,False,71.96000000000001
bb4e939deb139b605a130b933997dc68cf8826344306f9cf2e15229605fe61c2,train_07388.png,0,288.59,eval_01804.png,329.12,False,40.53000000000003
bb54c22891517b9e160b4b89666acbe3e7702d8e0d891de3c1ddda3dafe4e247,train_07817.png,1,338.81,eval_00332.png,175.98,False,162.83
bb57ddf4c90b7ce30622a24db49e7567d324c02caf37b478ec40af0d78aeae44,train_03149.png,1,158.27,eval_01807.png,100.72,False,57.55000000000001
bb5deb758b3af81f7e2642d64842ebc446825c58ecda2c9d359779301c011cb0,train_01340.png,1,128.84,eval_01224.png,161.48,False,32.639999999999986
bb65eb10a755a565ee2ac68d1ef13da0e3dbceea73815e2f96bf9c30ddcf9d4c,train_03526.png,1,241.10,eval_01545.png,93.09,False,148.01
bc505f473547595a4bc839b3ceccdc9843cc91bab9e198d21e66e0324286ca82,train_01203.png,0,281.53,eval_00610.png,109.94,False,171.58999999999997
bc5371101629127e0db4b5d34ae71629ff77ed65b7d82a241fcd6a048521c0da,train_01682.png,1,300.61,eval_01024.png,111.71,False,171.09999999999997
bc8577c3163e826065c1b3b63553381c70e9cdcfdf524875915735e640eb0425,train_04051.png,0,319.18,eval_01380.png,243.44,False,75.74000000000001
bcdf63416274d3aea8c736133751c530178dd7a7a5729a3540f0410f0df6f010,train_06785.png,0,318.45,eval_01433.png,77.15,False,118.70000000000002
bd24299ed4a6859466ac0c99e7263ecf12aa5c6cf89a8bd09b2c05a9ea49f12a,train_00078.png,0,280.10,eval_01567.png,178.57,False,101.53000000000003
bd80a6767ffbf2b88fc2ae7feac6d3ec34700a267eb7129f228c81404c29686f,train_05123.png,1,282.91,eval_00996.png,138.77,False,144.14000000000001
bda08c51decb3a6f531ac34c9ad0ac2564fee3ece72594f6a553d716812db76e,train_03693.png,0,270.51,eval_00808.png,53.99,False,143.48000000000002
bda7e481964fe652aa798d5136b6164d360f356c0a977545766e63813e4b5731,train_05159.png,1,225.87,eval_01411.png,126.09,False,99.78
bdd8c7f023385c763073c1cf58c86b8efde187f8d1be58c5e08fee39c41b955d,train_07224.png,1,201.87,eval_01920.png,145.27,False,56.599999999999994
be187aeab1a69b2903cf304633eeb8c659090949861cc5efc9208d2fcac25c42,train_01468.png,1,152.29,eval_01140.png,171.21,False,18.920000000000016
be5d2c2e3c2efe9697694123005c40ccd395f061fe082870b10d3c4dd76a8adc,train_07176.png,0,113.37,eval_01818.png,66.05,False,47.32000000000001
be6e4da32c4077caad5fea9da3ff5f0b108b75f8e9986f040aa0f69e1ea22d7e,train_02989.png,1,272.63,eval_00568.png,138.62,False,134.01
bef8e6772128685e59cc8991d7368c03a4b751a9209b99f8b682480d627af40e,train_01887.png,1,40.16,eval_01349.png,109.55,False,69.39
bf611a2bff568fd4f2c4f0a5e088cc88b9d987e2575709e29acc397e0a077322,train_05834.png,1,352.08,eval_01158.png,131.00,False,138.92000000000002
bf672d07a7ea9fd9df64dd2713c986cf926f31820251891493c89f92262bf9a4,train_01421.png,0,27.89,eval_00207.png,117.02,False,89.13
bfb612e26135477b385109d2397a2ad1b483579344533ae7812d5f46639ac8e3,train_00809.png,1,142.14,eval_00075.png,103.64,False,38.499999999999986
c00bc079f0a52b547aa68be394105d3edfbf9064f06cb9dd3d071237cd2ea8e3,train_04485.png,0,347.96,eval_01226.png,20.77,False,32.81
c1191280cc1b91aca491a33cd5bff718d482c398b16dd683e35ad1bc7337e6e1,train_00363.png,1,290.89,eval_00338.png,109.47,False,178.58
c2bbde383bc81909a87e2739ad9ef4089a472993e33fbbf4ad491a8e31dda6a1,train_03717.png,1,101.35,eval_01618.png,126.07,False,24.72
c30f9cbcb7c0a9184564103bc93e56636c21781aa9178475da100b378e254f1e,train_05639.png,0,301.74,eval_01621.png,36.12,False,94.38
c3132a095f55a86f1cbf99c022643655da6c691a5565cd1b2945924587967a74,train_02976.png,1,320.02,eval_00599.png,166.88,False,153.14
c3d450613ab9994de658e6ea84f207cab637b1e8c5c335f32591e0204cfcbc0e,train_03477.png,1,183.74,eval_00232.png,104.50,False,79.24000000000001
c3fb9db72a60da0e5bfa302d29c2be33af0015691309e2aed93d4ca6760e4383,train_02936.png,0,330.81,eval_00084.png,98.66,False,127.85
c410dbebe714c39c15b30875801be582d95278834e156ae1488baf62e53fc132,train_03622.png,1,6.54,eval_00619.png,151.82,False,145.28
c43d395a96799fdc1813a171b03a59cafe15f4fc902373d2a8d82f3bb771086a,train_05600.png,1,20.50,eval_00370.png,128.44,False,107.94
c46c6005560077d3014127af0d6fc57745d869630823e31a418e0de72c2ab13d,train_04066.png,1,217.18,eval_01594.png,102.05,False,115.13000000000001
c57dfc921c637e6872fdfbc9c17de4604f2e3b948616ae1fb9018eb2f43b4f1d,train_07662.png,1,134.74,eval_01412.png,160.05,False,25.310000000000002
c5d298faaedd2c0eb831709a2c6cfeff6986a4cab8c0d3001d3720b034352d27,train_07166.png,1,355.67,eval_00476.png,131.25,False,135.57999999999998
c5eba324918630ce7010b3e503fe96efa55ba79a890d733aaab627412712ea47,train_04871.png,1,170.47,eval_01812.png,144.73,False,25.74000000000001
c5ed447fc55b3fd5a943a28eea00ca3740630ff178e74f74f50c3578a3e09f9d,train_01427.png,1,83.51,eval_00729.png,132.40,False,48.89
c696be9bcde824a8e22ceead194dd1b42a9bad7432507a6443b9fe1e47c5b2b7,train_04375.png,0,270.28,eval_00941.png,354.79,False,84.51000000000005
c69e9b8881fa5188897df27973313f0c4c68e2d0470cd852496bc1433d60aa81,train_01568.png,1,228.23,eval_00743.png,141.96,False,86.26999999999998
c6fc707b5e3902f1aa93c42a1aa0cd1abb2800cded2462fe43fa2bfc3aed837f,train_05263.png,0,159.41,eval_01179.png,356.94,False,162.47
c7c748d3bf9468374aa763b43cc965892aa8d7b64f4e0378bb6c3c4eca259091,train_04521.png,0,335.92,eval_01913.png,145.40,False,169.48
c7ed1e76d62d4a64b2e2923d649dc4f66252b197a022f6dab78babbf43a1ac92,train_03248.png,0,342.22,eval_01291.png,261.93,False,80.29000000000002
c7f2a0ce507a0b8651d62e6ae0ddd26128e9be15c43a71de8f774bb1fde4162a,train_01409.png,1,44.36,eval_00670.png,157.64,False,113.27999999999999
c801d7e270478090de08a275724e19d43f4187b17a76c85212bd955adc8e28d8,train_07299.png,0,342.19,eval_01754.png,128.78,False,146.59
c81e83582af43b76e4860bd5ab22a14296feb4af23125db08c281a3e513b7355,train_06642.png,1,6.34,eval_01307.png,171.56,False,165.22
c8a5b07767c1de64b52a97b19f970ec84f52a2255230b5951eafca7c3c9dd3e4,train_01477.png,0,267.22,eval_00208.png,172.79,False,94.43000000000004
c8c8887cf20985a67c066048fe9a9d2464ca1b183873531cc010f6f9958b3cf1,train_06273.png,1,192.63,eval_00052.png,174.03,False,18.599999999999994
c90d3d24adb992d882b660af0b835d7969b424937350ff404e5f358b00150a8f,train_07644.png,0,147.78,eval_00053.png,79.66,False,68.12
c915b7db070b3bcc15768c6967e62403195f6b53df93902aed2e9be35c41326f,train_04178.png,1,104.94,eval_01337.png,168.88,False,63.94
c92bc79b5d3623ebcfdbb234d9f1dacbfe83dc01f491a3f029940bf1eabd7572,train_03592.png,0,315.32,eval_01535.png,240.80,False,74.51999999999998
c97d7f33082a8ca29ee7426ef33e3959958cf537e993f3bd6cd36b1c50e264c9,train_01140.png,0,315.89,eval_00578.png,319.93,False,4.0400000000000205
c98fb1956de4d70d5148e20dabd6289b5d33e750755864e857dc7cea497f3301,train_00216.png,0,327.25,eval_00995.png,202.75,False,124.5
c9ce6450ddfc9050935c60f782d612bbf38d2302bf302697b3d9b8fb5344c777,train_00082.png,1,287.59,eval_00692.png,122.11,False,165.47999999999996
c9f28e0fd20d388a016df5563185fa16d7eb9d2ee24f6abcd8fad8fd45da17c9,train_04658.png,1,261.35,eval_01695.png,90.35,False,171.00000000000003
ca8904c0ac561d2660f022172b7a5351271b30f9c6be2a457be07010ca6726d6,train_03737.png,1,57.23,eval_01816.png,142.01,False,84.78
cabaf8d0314758d77a2ffd25405389eb444d272b6eeaee537c90f0c4f2f71e3f,train_06665.png,1,8.46,eval_00708.png,107.02,False,98.56
cabd50951a163e5e65cb5989811de81cf3268fa273f599a2bd416b4fd1aab815,train_02141.png,1,238.93,eval_00833.png,148.23,False,90.70000000000002
cacb05457556795fdaa1b4aeb56456698e6a0415173808e4c349f37a37af1dde,train_04463.png,1,217.19,eval_00691.png,169.62,False,47.56999999999999
cace49d6a32cf8bbc155f11f755045ef09a8ec7960493af9e6d6db3a68a88112,train_04055.png,1,255.65,eval_01053.png,138.18,False,117.47
cae53ac4a66bb341bee242bac041be6c8fcaf81b41492218c929fda66b7e5a99,train_02847.png,0,247.78,eval_01795.png,217.99,False,29.789999999999992
cb7bcaff2e5ff9adf7431504edbc962bce5a7a94f81cc8347a68ac1e5b893b92,train_04835.png,1,155.39,eval_01410.png,101.80,False,53.58999999999999
cb868bc5f4a3387253744991b256f836cc961ed6c6ae9b043a5b8889dcbfd415,train_02704.png,1,49.10,eval_00007.png,172.03,False,122.93
cba0b223c60e97f53654b88eb99f69a0ec443dbf649dffdfd044f6387f46e587,train_02144.png,1,326.95,eval_01079.png,102.54,False,135.59000000000003
cc4576b631b88155dffe8b6fce453302c7f5f382ab15d980489f16c2944a7921,train_05798.png,1,189.88,eval_00043.png,176.56,False,13.319999999999993
cc4e86d2ed4cb4fdedd2bcbd8c476cefa1f6a1adef7f2c88d3f9ac65d940f94b,train_06009.png,1,219.66,eval_00678.png,115.95,False,103.71
cc7d4a424ef25afdea2b444aa698f255730b9b8ef9c825f5f5d9e7ae5199dea3,train_01753.png,1,93.98,eval_00110.png,128.56,False,34.58
cceeb4b2bc18abeb757920974e88ea3b22a4acc364a5e3ca6d7854c852cc86ca,train_02807.png,0,339.86,eval_01562.png,349.23,False,9.370000000000005
cd52116b3d53481a1e88f2ee13e58e603688e10dc573a011a407fe89bf228895,train_05248.png,0,298.71,eval_01778.png,199.81,False,98.89999999999998
ce3655f1faffcecee4cc3c778050615c4b52e7ee9cc517da8089f3e999eee50a,train_02975.png,1,26.27,eval_01259.png,177.09,False,150.82
cef3cd07c5c1ff82979c6781f2842eab344225dc6b639be2baa1dd0de8d63611,train_04526.png,0,59.95,eval_00540.png,237.66,False,177.70999999999998
cfabdd6e869d150f4cedff7122844979b03517272b475300fd583e8b71e9f56f,train_02564.png,0,270.50,eval_01492.png,40.25,False,129.75
cfc48c56753047ecad286dab681e0620200b466d449e75e5790068682fbb1b5d,train_00246.png,0,28.43,eval_01608.png,334.07,False,54.360000000000014
cfcd4ba3342b578fd4b8644e4d2c318c0fac19f28f7837684e8352f1aa554b13,train_06171.png,1,321.64,eval_00342.png,99.68,False,138.04000000000002
d07950d3ae16213bce34ed05e45a3f2170d2402bfddcb1ae02346c7f6500d970,train_03718.png,0,347.98,eval_01443.png,109.86,False,121.88
d07f4525841bba1631019de6a796e43c883ca36e16ca33f16b50067462f3f765,train_00103.png,0,250.42,eval_00248.png,262.54,False,12.120000000000033
d095e8ecaf877b42f172da097d44d4791ab46828a7f6bbaebac40ebc595ca720,train_06284.png,1,314.52,eval_01601.png,107.97,False,153.45000000000002
d0991d0544222393ac559101a1a5032f4e6f76fed0e7721cd0e82986e309e803,train_04399.png,1,203.30,eval_01097.png,107.30,False,96.00000000000001
d0d349dd7b35ff63acefb6b27d4eb3a12fcfc472df4ce63848a847af4da6d7da,train_05047.png,1,257.71,eval_01371.png,155.64,False,102.07
d1060ac5d31c4458910146ae519b068f724f504aded5256448810ffc48acfc13,train_00194.png,1,69.31,eval_00030.png,141.87,False,72.56
d17ecf94d7232dacea06626d788e07e7468e1a80845b363a059fc8df6644ea64,train_05242.png,1,154.52,eval_01719.png,149.63,False,4.890000000000015
d1a17e5be5f749385241ea2802966ab9b0b25e1b1a6a5eda7a298887a057f43e,train_05898.png,1,306.85,eval_01374.png,103.93,False,157.07999999999998
d28f4f2eab4f3c7317088a8c6dc97e91f0142602f907ade61d3a2a773638b3d6,train_04659.png,0,284.89,eval_00061.png,222.45,False,62.44
d2982ade30dbcd67219eae92e302ca5fb52d2f382571b65f43ff760f4a4a4e1e,train_04719.png,1,80.27,eval_00324.png,172.85,False,92.58
d2bab1edb92e00d42466e3b388710be76e95cf1bc7770561bc4cf5811e0d68c8,train_00046.png,0,282.61,eval_01351.png,213.88,False,68.73000000000002
d2d5a9d5cb25dd4758aa4cd9071ff03bf6e45cdae713bde4f22d9e24381e28c7,train_06637.png,0,352.77,eval_00450.png,138.56,False,145.79000000000002
d3a3e1c827738a5ef63817518d9901aefdd8610ca392b95d36dc7180add289d8,train_00614.png,0,355.44,eval_00090.png,154.56,False,159.12
d3f72f130a4b2630a7a9b82cf493d7a3a6756c832bb871e7b5afa3e5d5cfa1c1,train_02286.png,0,311.97,eval_00165.png,50.78,False,98.80999999999995
d4817f4b89b77417d7eaee0009535adc0643e70681dd6e829e8c06bc27565a25,train_06191.png,0,298.40,eval_01445.png,300.53,False,2.1299999999999955
d490f7bbafbeb0ca98265ce4c9280bdb8b6857d586ddfdd7396a9efe856b8ad0,train_00077.png,1,271.92,eval_00711.png,110.85,False,161.07000000000002
d51f6f08b4d097bf67558b3fbb16c44244ec49ac90bf0400b0d3567b5085dc74,train_05603.png,1,145.35,eval_00584.png,130.46,False,14.889999999999986
d557b48c4bdc4d2e4a8f2278a90ab36dcb136c96171518de571dbb9f9dc718dc,train_01122.png,0,290.46,eval_00132.png,82.48,False,152.02000000000004
d61e573f2eba0f91378fcf705bc2ff7eb9e11331d134aaf727a7a38cdf1c9bbd,train_02239.png,1,278.00,eval_00596.png,169.32,False,108.68
d62f60c75b2060484235adf1f6b992a6968dbed86c7dcab7fb5d3d77488711ae,train_06758.png,1,155.77,eval_01558.png,117.42,False,38.35000000000001
d688a56ee2379976f98b0906f6592c8fbe74cf469d14f1b7c66e4c1ec673ff9d,train_07383.png,1,348.92,eval_01951.png,177.60,False,171.32000000000002
d6d67b0ec04c8324e76dca03e7ad5209c279cf996fefa5432f5db6dbba572f47,train_05134.png,1,127.70,eval_01570.png,96.43,False,31.269999999999996
d720695dc5ff462b7595415452d43d94f1c5d94eee565e56b7a09c70dfa4e351,train_01039.png,1,215.75,eval_00366.png,133.86,False,81.88999999999999
d807bb720bd20f6e0be8a053e1c3fdf18f6a58ca5ce9cd676566664fae8789fa,train_07097.png,1,269.83,eval_01988.png,119.28,False,150.54999999999998
d88c573f10d4f767cb30c54da05a9e171a236f6a6bfcf0fa41572e2eae801610,train_02110.png,0,338.22,eval_01248.png,127.08,False,148.85999999999996
d8ce3184a7d6fcd499b1fed5352947695b1fafd4de7aad6d51be77c4cb08889a,train_06475.png,0,127.07,eval_01361.png,244.82,False,117.75
d90d0d8cde6005fb46f4c6a32364304000b103a4acc710079e32fd6bfbfa2a4f,train_04092.png,1,186.71,eval_00846.png,116.80,False,69.91000000000001
d9192f545ac4219243985127487b1e14f4db344c624317167f63c83221d00b99,train_02264.png,1,325.29,eval_00679.png,164.27,False,161.02
d94188cda0b07cfeab443ba1abd7cd3543d532f874cfec183429ffcdcb338edd,train_01692.png,0,290.94,eval_00037.png,69.20,False,138.26
d9ccaf6505282da22517520e969e514ef5923b0db864471da82924f7a762ade5,train_03400.png,0,349.58,eval_01979.png,283.19,False,66.38999999999999
da3d8b03217e22fb7cf79172a0e71a7c555ca4169563c15d3f2e55d6b19d38b4,train_05568.png,0,53.27,eval_00381.png,180.91,False,127.63999999999999
da6b1633e9a4d528604735ec801e4f0f8f1fb44630da046f9dc46036894eae09,train_00677.png,1,293.47,eval_01398.png,121.12,False,172.35000000000002
da76461c6f957448ce0f64044098146e4828baf0cf629ce8bffedebca8fafc7a,train_04241.png,1,158.87,eval_01450.png,160.84,False,1.9699999999999989
da7c03b4fa74da28a04f47553802819a06e7998b5133826183f879c66f6511b2,train_05524.png,1,77.08,eval_01974.png,111.41,False,34.33
daa164ab70aff51a8a537bfb546591ebf1a0a21a72ea7de343fe666e69e2ae50,train_04520.png,0,295.77,eval_00608.png,112.80,False,177.03000000000003
daafc214aaebff5e17a14eb5f7e890316d842a59ddf7d3b19ca33ec6b7a60358,train_03491.png,0,331.45,eval_01737.png,14.38,False,42.93000000000001
db12498dbab8ee5bc2e3d7945b23166c476ef6b911995496ab70eaa1c08ec5c6,train_05213.png,0,272.63,eval_01007.png,43.83,False,131.2
db463159b283ddaadc06a59a3537c4340dfcd8d5f2bf66ceb4c686c1e2b916f5,train_04322.png,0,307.42,eval_00632.png,255.23,False,52.190000000000026
dc24f327ff3232ca838c3f679840f82e24b6a1a1e7ae3a217e608b8a5cb09bdb,train_02188.png,0,348.77,eval_01661.png,154.10,False,165.33
dc41c8a46ff8659466409a684d7a41da1a6a3dc190da9885994b0646ddac34a0,train_06794.png,1,344.92,eval_00011.png,143.46,False,158.54
dc862798929e484fe442d49899df785ca247ac5321a00a6446f77d5edc8aa692,train_04758.png,0,337.87,eval_01830.png,105.02,False,127.14999999999998
dca03758fc7d29bbf3a5b04cb6eca93b815ec8ed4e25b01f76bc5e6f9cbef984,train_00539.png,1,309.82,eval_01707.png,105.20,False,155.38
dca47b24e462ca9a35ea8d411cd38317539e8d946bea0f2a5f285b4d0307cacc,train_01452.png,1,298.13,eval_00466.png,145.97,False,152.16
dcba4c25dab82652f07df5770295a43525cf43ea4b27b646cec0d1ef7c69aa4a,train_04945.png,1,57.86,eval_00415.png,132.26,False,74.39999999999999
dd188c8ce63eb5fd36b8f00b7c4125eaa6865d63d6ff34eaeee2bd2b5a163f21,train_03751.png,1,261.63,eval_01561.png,139.73,False,121.9
dd415d390e982007fb662fd48f1bcd00d16207898cdcbce9deec0fc4bddbd785,train_04686.png,1,315.99,eval_00106.png,136.94,False,179.05
ddff1a853c8d50add65ae337ccc614d19d3ccaabb36ba0a07c626bf967979c9c,train_01103.png,0,331.48,eval_01196.png,244.64,False,86.84000000000003
de210b1a4dbaed160e55632af23ef376229b335b4f3b03c7d5ede1b742e251b2,train_04639.png,1,304.84,eval_01465.png,139.74,False,165.09999999999997
de8f0aeb7091f47e9221de732f6197e42811cca51dcdc2f9c8810f94d262d6ec,train_04470.png,1,73.47,eval_00756.png,119.36,False,45.89
df310966c3f9cf3e053ff31d610bfd017f8d3a5cac79334ef2543b371d8125a4,train_02606.png,1,219.27,eval_00325.png,168.99,False,50.28
df6cafc8c001d002c8ec8f18ab3bc3244a9a6b001e7171043134e7eb0bd7e085,train_07300.png,1,12.78,eval_01315.png,167.25,False,154.47
dfe325e8637855186a69d050c354ce4aab2b598a173fa2af2263140413e5f134,train_01508.png,0,286.03,eval_01282.png,40.54,False,114.51000000000002
e01cf7bee3bc97184b9142725b6f094fc9b93fe237742c7aea2298e1f9f20494,train_01374.png,0,338.93,eval_00174.png,83.64,False,104.70999999999998
e134b336313e0c95e8019c32b88f22cffd26bc0e3798512dc55d87a59e08c063,train_05158.png,0,292.75,eval_00317.png,67.09,False,134.34
e151c12562f9c2d4706b96dbe76f5dc6f7d79e7d4fc1b1c7ae5d4b89f6baa0af,train_00051.png,1,12.87,eval_01655.png,143.46,False,130.59
e15d1c5b38c69ef1b73dee37f82b003c53c19810e0f6afbfc07d41e09cb0ff37,train_01920.png,1,165.98,eval_01204.png,159.88,False,6.099999999999994
e173662803dfc0d92e9e8ba6aa88e20961fe6bc4120fe1f9b715c27753a2cfa9,train_02399.png,0,239.33,eval_01467.png,260.67,False,21.340000000000003
e2669216d3999c29e9c272d79b4edbf869c86439a512b819a72d3455916fa15c,train_02651.png,1,51.07,eval_01790.png,159.45,False,108.38
e274e465c795004c4c89b757bf8d0fbc27ee88a3b0f100b11ccb53fc132f8d7a,train_02868.png,0,242.50,eval_00019.png,319.94,False,77.44
e2ccb7ddc6d2445b15c40f69807b24efab8c4594ca2f3ece81015e67686bf2cb,train_05638.png,1,294.96,eval_01636.png,170.72,False,124.23999999999998
e30b7e895b16f510534c6b14d5d13ecdc0f0ffe6b9860954ec1079cc2e617aad,train_03093.png,1,5.34,eval_01040.png,103.37,False,98.03
e3727a4f6919208ca156b8b94ebe59a374d9af28ddeafbe4161828f31c1c12b4,train_04018.png,0,84.61,eval_00921.png,231.71,False,147.10000000000002
e44a293cec26383eca48610608cf2425e3ae4ffd1698c459728bf185b7587b49,train_01916.png,1,137.22,eval_00041.png,144.91,False,7.689999999999998
e4be11113fc8910d6c26e2c158aacbcd499479cab3492b22df6c9f39cfb51395,train_06882.png,1,53.55,eval_00097.png,171.06,False,117.51
e4cabb7a87e44944b1881a7f93f9a4c4e72d9da27ddb13dc1ec1185a4ef6fce7,train_07763.png,1,123.17,eval_00564.png,115.80,False,7.3700000000000045
e529a549a65587ac60fb7e0d936899a1e88d6498b8bb57bbf3d38945bdef0a7d,train_04842.png,0,318.05,eval_00838.png,241.79,False,76.26000000000002
e52e640122fc726abdc19019d70df7f13af99ee5d74fd2dd2795a1e99bd06a54,train_06697.png,1,355.09,eval_00159.png,139.74,False,144.65000000000003
e54528643b2f298e19d632e5d37172a5395508e4ca649a1941f3170f866536a5,train_06132.png,1,357.61,eval_01991.png,149.45,False,151.83999999999997
e546eaf0ca3a9cb6167ea90650595de5c4f078d4da81365487f1fb4b3195da2a,train_02957.png,1,166.82,eval_00943.png,122.03,False,44.78999999999999
e55dfbd6d2af75616a5e8f59c556784737648c310db9e86fd9bcc04b7aa5bacd,train_04474.png,1,296.07,eval_00153.png,179.60,False,116.47
e5693025339f7d1e8f11e3944ab9c673df4706399baf6c65a10f4974513edbb6,train_04137.png,1,294.45,eval_00647.png,148.24,False,146.20999999999998
e5bc01327fd23eb9100403c93f0cc2269cb37c1a0b5cb3040922db08aaabbeb7,train_02393.png,1,9.49,eval_00203.png,129.18,False,119.69000000000001
e6050ef1b1d00d25561f0280efa87067a46e46a0b05d2041aae85af3c8678a53,train_07131.png,1,164.20,eval_01527.png,97.34,False,66.85999999999999
e686d7e5fda96eb112882931406961a63909646c725428f511e799e0d9a5a3e8,train_03145.png,1,333.16,eval_00305.png,140.92,False,167.75999999999996
e79fa8ee45c9ff2460e91661953964f84b974d7e2a0e69be2607681ea7fcb1eb,train_03140.png,0,285.11,eval_01942.png,119.16,False,165.95000000000002
e7e99f2d66de7d82bece21e21a5bcf2fd8962ca7e1612b5877d144d6a016c604,train_00484.png,1,58.00,eval_00215.png,139.14,False,81.13999999999999
e8075c53ae100d90c153f12fda765aeb6c8cd3f654848b3c35d66c4d0cb67f2a,train_05449.png,1,102.84,eval_01981.png,130.94,False,28.099999999999994
e93af99f4b1223e64c5b4c1de309c08df5fa328d6f6ca7e3cf3714b87b00a952,train_05462.png,1,67.08,eval_01314.png,109.22,False,42.14
e96a3ed17c52b98865d52b91492eabf5dc85dcfbb786b3fc4e96805288e699d4,train_02558.png,1,255.13,eval_01555.png,126.84,False,128.29
e9d468ccf93bf0445cf1844a8d4f4a4a3435be4f0646138ddc13fa6cb9e87c48,train_05438.png,1,181.10,eval_01534.png,123.02,False,58.08
ea0e1567b5cb604bac6e0856f6d6101e0ddc3d226123fd84e426baeab5bb1517,train_00998.png,0,308.89,eval_01340.png,303.01,False,5.8799999999999955
ea1eddba7944db935ed7e9c475d6b6c98db428acc3e3506221f32d2a74e746d0,train_01185.png,1,215.06,eval_01481.png,161.61,False,53.44999999999999
ea37b126a1fc65deb04de7e25e55a98254df655946c15816a2568854ce4f0977,train_03269.png,1,332.86,eval_00563.png,103.46,False,130.59999999999997
eabbcf6e5c08c5b6777bef7218e4b565c9edeb7ad0e0158e9b86d5e0ec316dab,train_00997.png,1,164.56,eval_00335.png,178.59,False,14.030000000000001
ead9b586a09ab0591c0a1f4f072e9eaf28ec000939fbd9db7431b99e407697de,train_01099.png,1,320.07,eval_01955.png,170.44,False,149.63
eafb15d56f1b74c373c7fa47e30311ca5821716e70d89041ae6b892693cbc717,train_06179.png,1,13.60,eval_01459.png,98.37,False,84.77000000000001
eb26e178ff1cbb6f7a856f983723189a8f02c73c076c12a2d165b27eb23d0613,train_01770.png,0,358.04,eval_00963.png,225.07,False,132.97000000000003
eb47b6229d1d4b036b634e7a78a0c7f8d6a156f8b89c15ccdffc06443c5bcad3,train_05271.png,1,5.03,eval_01540.png,116.24,False,111.21
eb631d4b009eb0d8f2f23feecf07ee630776c067fb5d356b1c0376ca7eab9d18,train_04854.png,0,277.35,eval_00930.png,88.78,False,171.42999999999998
ec063823563d3f34d88e342c9dcf2e90f66f0d7de8190c7b29cbb94a2a8bbdd8,train_01495.png,1,303.80,eval_01407.png,135.60,False,168.20000000000002
ed81fd12a3235dd43583ba7c6c4a3030e0707e82fd701bf6b3ea48a5572cb3cb,train_06275.png,1,216.50,eval_01216.png,135.17,False,81.33000000000001
ed8352bd0ccc2e6830b8171d2ae87d63bf6cd8e0b2717f3ef57026894e619aff,train_04829.png,0,102.88,eval_01549.png,202.00,False,99.12
ee166fbd6d8902ce2efe338716ec7769d70b3cab1a4ff04b5f99f188dc1e89a7,train_03775.png,1,270.00,eval_00836.png,144.31,False,125.69
ee2ce8b8f8466bd64d1b0acdd4b79e69326fbc57de4631cfc4cb1e6626c1dba8,train_07794.png,0,342.61,eval_01501.png,8.81,False,26.19999999999999
ee583945be0a9d3b7dfb80cf4a03aa2f565f8883ccde1b13a3730c60c08ded33,train_01710.png,0,292.94,eval_01027.png,276.61,False,16.329999999999984
ee61386339bb9d181c0f66e9aafa434de8ddf3a1ef91c36883cd10a250cfdc15,train_02125.png,1,19.63,eval_00971.png,124.27,False,104.64
ee751cc326c93e7bce2ba83246962e596f144d867376b58203069d7088249f7b,train_02822.png,1,174.32,eval_01930.png,145.07,False,29.25
eebb98d6a4c87161985e834580dc30d8945cc6c548d7d6308bbd0f311f34cb34,train_03752.png,0,303.60,eval_00607.png,302.26,False,1.3400000000000318
eeda3fa39012a5f9a499a81413db4ea5ad25302174800e8660fa36b076ba6fca,train_02679.png,0,287.95,eval_00604.png,261.15,False,26.80000000000001
ef93937c8578f1e2d3cc58ee0b0512dbb13a248c0d28371c7a4a6758c86dac0c,train_06678.png,0,334.69,eval_00722.png,199.73,False,134.96
efd5053466b0039e29e3332b3fe6acbea1b61a5b8a193b89f1d16ad9fc48e060,train_05019.png,1,30.73,eval_01859.png,111.53,False,80.8
f064c0d3469f02326d2f5614a09c1631358b8cbd3799cf88f687c8848953282f,train_05765.png,0,323.48,eval_00085.png,23.99,False,60.50999999999999
f0b8dfead584e65ed74b18241a582f2951d0498caf30b36885bb4f830f23020e,train_07164.png,0,349.51,eval_01440.png,198.68,False,150.82999999999998
f11874204e6004f87b3afac4512a884e7f1708eab635f956889a15db833bbd5c,train_01943.png,0,297.16,eval_00818.png,7.10,False,69.94
f1dcf4437a6d57257c85a3a2a505ef65ab35e560ddf0cd5d504e038069166bc1,train_04286.png,0,281.98,eval_00725.png,59.96,False,137.98
f20a50e7277c15762feb6f1e957930146f360c86f7b0b18488bc8f07ad4164ea,train_02959.png,1,134.98,eval_00834.png,148.35,False,13.370000000000005
f231b4792059be7f5db369009ab8e3b90df5bc0c438282f82be5c7f26a99b42d,train_00563.png,0,292.25,eval_00501.png,195.73,False,96.52000000000001
f253e2125c84b69363efa856b5808c0aec8d1edbfec92392cc47efc5e4e790b2,train_04569.png,1,173.71,eval_01402.png,109.18,False,64.53
f26d3e2f4b87c08ac15f91c694014f5aa367abe27299950836aabf099ef1b7db,train_01095.png,0,295.37,eval_00074.png,179.84,False,115.53
f27d5b6d8f52efba93a0743f391d59e2bc14143d46709c2699f84e0b0d922f11,train_06751.png,1,36.41,eval_01539.png,155.78,False,119.37
f2ce21469359be206ae628cf533e4124a5f362f7dabaed21ea005c5b36833ffd,train_03788.png,1,8.03,eval_00296.png,92.93,False,84.9
f2cfd4dd73a364d2335a02d952b156dd5a11aec7b83783ecaab397208b1c5355,train_00616.png,0,306.88,eval_01617.png,293.62,False,13.259999999999991
f45e23550ae21eccaac645a5fcfa4de025ed1c578deb29bcfb5334d9082edb5d,train_04860.png,1,257.04,eval_00194.png,150.48,False,106.56000000000003
f4de132ebf146470b9c0df16521856856d5b51c52e652f6e2c1acbf313f28518,train_02003.png,1,240.21,eval_01961.png,113.82,False,126.39000000000001
f4e7e2881f20e27ef34ca5351f78f90cd0989204a59efcc785e1f6af30b6ae6b,train_03803.png,1,129.64,eval_00161.png,177.77,False,48.130000000000024
f5202b9ac090ddc8a076efe81d95c595a96b2a629027c5ff1e447fd80c098261,train_06655.png,1,54.71,eval_01485.png,96.50,False,41.79
f52ee53665cbe471f3968aabf4bab4c4d6b5ca95af2bee0e566f6dca703b67c0,train_03520.png,1,4.90,eval_01565.png,115.51,False,110.61
f565678bb0d18cb65844e174ba3cea1139bfc1270d6c71a0e9c203f6609e0b08,train_02409.png,1,47.46,eval_00048.png,112.07,False,64.60999999999999
f584e356490a1a53459525955cca87d9e9a7a4c0713d4333dd87f1811958266a,train_04193.png,1,95.25,eval_01850.png,147.94,False,52.69
f689c71259579cae4cbdf62c12f2c5f108eac094c624bd11c677e0461d145dea,train_06887.png,0,321.15,eval_01312.png,254.93,False,66.21999999999997
f7441786d3f094a1d592b19e03eb40c2d3bde0883aa470d5690ad515c936adad,train_05214.png,1,0.20,eval_00643.png,177.12,False,176.92000000000002
f81584b335629b48bd870508b94c877c937b2058aab940a134d1e99022b3d815,train_07252.png,1,145.45,eval_01038.png,169.20,False,23.75
f87a914175f9a04769ba83d21138eeee752cdc81c9980b584d2c74ff76eaf07a,train_06283.png,1,71.13,eval_01880.png,173.95,False,102.82
f884079a7918ee63b55639a3af8365130fa3f0d36d9a71a6d782df2d01a8bc01,train_05714.png,1,24.70,eval_01846.png,123.58,False,98.88
f8d0d7ac57ef8b6c651899c76ebdbef7a33292c020e8356489d6b989f28717a9,train_02486.png,1,188.74,eval_00533.png,122.87,False,65.87
f8e2503f63b1ab036066e81a0547cb8f7fb0f9d1d02f6129d323548477a64a2e,train_06041.png,1,240.46,eval_00314.png,178.98,False,61.48000000000002
f91510e91fd421791c8727ff2d75f484b1bf6361f5e4537aa3485129f66d5ea2,train_00320.png,1,161.31,eval_01130.png,176.62,False,15.310000000000002
f922b9f1274acdb2032b55d5bfbcc30ad8a4d7ca873f81a632d5ff80697ef308,train_06406.png,1,75.02,eval_01998.png,179.41,False,104.39
f97e997ae0167a420ef30db389c519c392ea8a4172e1c94b714b2c82b9a0e8dc,train_02147.png,1,304.32,eval_01368.png,156.48,False,147.84
f9d1d2aeea8853ac2b1da54875bc7e3fdb0ff32727a4ea786d63c4bfd8740846,train_00555.png,0,272.32,eval_00104.png,184.14,False,88.18
f9d40dd7720f455ed499745fbb86eb51aed3ab25b046eb134abcd7828f9f0aef,train_07528.png,0,311.58,eval_00761.png,141.93,False,169.64999999999998
f9d964f1c5c0ffd71f3a6a754873e3b7f80f47ece21961a2acc83f95426896fa,train_04794.png,0,309.64,eval_00883.png,332.69,False,23.05000000000001
fa0f4d138e7762d56aa23089a1903e41a621f6991e34f584073c80df786ee307,train_00641.png,1,8.12,eval_01128.png,171.72,False,163.6
faa533ae134f9cc3de02f8ea74ed7d65ee379220cfd901d10d7b5d8787557eb0,train_01171.png,0,292.13,eval_01832.png,13.73,False,81.60000000000002
fb07e018c1cd3758b9586875d4b9ecf6d10450b825ddbd38bd72e8f2cb16c270,train_02904.png,0,188.34,eval_00057.png,242.10,False,53.75999999999999
fb33cbd05842748ee1d6b75dd5c40d18255fd7f377d1510d13162ca1be6b1cf7,train_07425.png,1,330.23,eval_01069.png,154.79,False,175.44000000000003
fbd10455ad201e6467303cdead04b1eed805fb4abca44f1845d1f1fc1a5e583c,train_02799.png,1,152.05,eval_01089.png,178.65,False,26.599999999999994
fc88f52ff25ffffe7b68bda7beebbcb481a078ee79b61fa9eb72393fc0a0baba,train_02505.png,1,278.42,eval_00444.png,112.34,False,166.08
fd0fd9d2ae2105e84d9088b9e01946f404ac1db48096c5c9029f2e5358521431,train_03946.png,0,357.47,eval_01096.png,171.19,False,173.71999999999997
fd84be2c0f3779f67e1952af8b15a747c03ffd7ca0c74e5fb7ba056f00115c55,train_04323.png,0,276.40,eval_00945.png,193.11,False,83.28999999999996
fe5f6fcb9388891eadbdd15ebaeb1c016c007378f3bcdadc3fdeefc821eae46c,train_03969.png,0,320.31,eval_01801.png,292.73,False,27.579999999999984
fe5fe13bd625864aedad1bcfbabfb950f0151711b6c70747e3cd5c8bd22cb0ad,train_04028.png,0,285.42,eval_01941.png,227.22,False,58.20000000000002
feb9778eaf368f7cc0c5d5e19bd081f3bad572bbc76633925eeacb40f73ece42,train_00908.png,1,211.91,eval_00405.png,136.99,False,74.91999999999999
fed69d2472d8368449403d5766fc4c1a033e0e58c73f423384cbd09676ac4864,train_04009.png,0,284.58,eval_01516.png,20.88,False,96.30000000000001
fee9ff837dc16e7b56090ebdcc25b733653c04ad3f798ad8ba6e3af616508c52,train_07802.png,0,296.60,eval_00006.png,162.83,False,133.77
ff63efb701ae4dba1f43ab029ec710717e0603f8aba96af470b197cbbd0a3545,train_04044.png,1,244.84,eval_01488.png,166.93,False,77.91
ff65feb8c5ce318cd574d2fc29b141d8002f4a81b422880ebbefb7759bfafb06,train_02328.png,0,357.33,eval_01316.png,322.08,False,35.25
ff95f9f30c47b7a0c4678c9d4cbc424e46b4006c45e79d7f453c6116b80eb178,train_06718.png,1,242.18,eval_01322.png,92.86,False,149.32
