hash,image_ids,labels,azimuths,num_images
0014f69111dd918f3eb66a67322d776e7639a81d7b20f93930ebd1cf8c34734e,train_03333.png; train_05451.png,0; 1,242.72; 127.14,2
003311ca15a08af421c076e3499b38d60578202ce5fbe37b3336ccae3b532617,train_00589.png; train_03920.png,0; 1,306.41; 200.86,2
0081849a31d70be955fd488a059e055f585a35ad40d0ebe70df8e0c0fe4e4249,train_03083.png; train_04838.png,0; 1,316.40; 51.93,2
00b0911af0e2dbfaafb6bfd74c2d0fea1169ea8010d4ed03b82fac6a983472fa,train_03593.png; train_07629.png,0; 1,312.15; 35.90,2
00b68fe26d7c6cdcbdc88edccb047beddcea9cf9e589560d643bfd77c7b65dd6,train_03672.png; train_04404.png,1; 0,98.40; 307.19,2
00f1e1b6bb565297c54547a37fc81c181a2d1f59d80cbc2bb60bf413a90c09c9,train_02459.png; train_06163.png,0; 1,320.64; 88.28,2
00fc4b6605656822a652380101d1779d5d55409a379251949861d3490b93e503,train_01055.png; train_04665.png,0; 1,296.55; 134.07,2
0111d161bb29c00a7d81310e71c957d1d7d6d480237d4024c01d9ce946dadfab,train_06019.png; train_06035.png,1; 0,178.64; 285.89,2
01adc1e1121265375a7a1b27e5d3b600a58befac812aed201c79db654e5b4895,train_01380.png; train_02954.png,1; 0,323.76; 349.17,2
01be017c6e47a95062ae4d71d053cfa22df85e498d98d0e59fda1191b1b21fc6,train_04640.png; train_05812.png,1; 0,330.13; 271.43,2
01cc7020de4d067664ad9deac1c0cee3dc414dee7e52ab067a9d6ca1b5304d5b,train_00645.png; train_01564.png,1; 0,258.73; 182.09,2
01f0ea9b2f4d14e7baab2cbc9872714f658088947bd0560622a6318153b28f3a,train_04222.png; train_05364.png,0; 1,292.31; 350.50,2
01f399b0c21f2d46142485973535c4db1138ec8fb66835b2acca02437e27dbab,train_02341.png; train_03987.png,1; 0,341.67; 151.60,2
02186b8627ee9da9d89f0604f6edc485307486c2e020506b8ec40a8ca364affe,train_05964.png; train_07305.png,0; 1,300.11; 179.01,2
021d1c0cf0364369b75dd403de300c4caf237e0b38c4b5f1d6e672c58db9f1d0,train_03001.png; train_05795.png,1; 0,247.04; 311.43,2
02c7bb7f599f107c9dc842ad079d5e04d16b9c4a1719316a2898330442a50ee8,train_03062.png; train_06892.png,1; 0,270.05; 317.11,2
02c98a1a0d92109f35bfce16119b2a7da79643688ec8b165d13782cd366a0681,train_00543.png; train_06905.png,1; 0,183.68; 313.47,2
033e65bc472fe22cb21e7a494604ecc44ed5a2e34aa7e7b7521273f81c795982,train_00681.png; train_02712.png,1; 0,295.60; 263.81,2
0397890883a7c87b0d7f5c066e1d5ec903c750ac5bbe905b8eface6563f8bf2b,train_00758.png; train_06874.png,1; 0,181.18; 309.17,2
039ade76c25e6ef7222f4da4b7dad5ccb2794e7c039eef6bf6aaf0ba0d4492b3,train_02072.png; train_04316.png,1; 0,303.47; 358.64,2
03e3fb7b69b247c2431052eba94ab173a59bad37a61cd193ef6836e974df1595,train_05926.png; train_06973.png,1; 0,189.64; 13.45,2
03f263a78e0b669379c6612c39434787c0ffee424d09ddf5d03221a214e24e1b,train_04950.png; train_05067.png,0; 1,321.76; 110.55,2
03fe8bfd825a1d87bf2b28c13c1696dcd41b15804a7d6798fcd0c4e46f5448a6,train_03011.png; train_03585.png,1; 0,18.63; 306.22,2
040ad73cc76f315d934cc0c90225d381889b3e5fb3e01c9797024d82453a665d,train_00797.png; train_01555.png,1; 0,173.30; 319.40,2
0450c3c293884788d5f14b52f58e91ee621d1031b3b7a7396312aa2cd0a536cf,train_03937.png; train_07571.png,0; 1,316.66; 338.07,2
048c37320c4402462ab2995a7994770f83beeceebc71469f031e58f67d05807d,train_00081.png; train_04985.png,0; 1,340.18; 44.95,2
048e54a8fa3f566db50237fc5475b71133046e22883c96a4ea54dfcf7433f10c,train_01644.png; train_04797.png,0; 1,303.29; 168.98,2
04a6f7bc787d2e72af47c99d8fb3df283dbaca36918a8a6605fb684853bd1977,train_05112.png; train_07517.png,0; 1,253.77; 7.44,2
04bbf26ee374871955471eb56d7f43f86f110010da425358dc168647506bc69b,train_00226.png; train_04657.png,1; 0,82.79; 277.20,2
04fc52ddeba4af0eb33f240b1cee9ffbf3fa5960ec649e15e06385a985163db4,train_00389.png; train_03759.png,0; 1,313.47; 77.83,2
050595d37f96d6199d879d9417305d618cb47d9d99ba1339c543f2ea8149bdc3,train_00529.png; train_05971.png,1; 0,197.40; 349.94,2
0527411f25466f649289a5c39b6396c9c15e887d0eaf863a18b81ec60b3bed2e,train_06250.png; train_07584.png,0; 1,358.13; 245.87,2
05397991cb20b32947f51c957b2e55463a8a8ba319f7907b2bb4273579b33846,train_00994.png; train_02544.png,1; 0,316.16; 294.05,2
05cc7627a9a68f225827e2c7dd485d4a0efea7ab9cf757e13fec8a553e52f72f,train_03874.png; train_04008.png,1; 0,297.70; 287.97,2
05dfa4e6421b0ad2ba87a9978ff48c8225af4e487201061639d729e123f333de,train_06310.png; train_07167.png,1; 0,55.31; 287.11,2
06b09e5939c28a3a3f1caea93075b316047e10320ccc893098cda64e35ff44a3,train_03727.png; train_05347.png,0; 1,345.52; 61.03,2
06c04f9e965a5235ec6d8a43e5eebcc6216087edf009f017f26684d29cb23c36,train_01417.png; train_02137.png,0; 1,326.82; 74.17,2
06efbc4d6dd2b3c5484859788e8a2e78bdb8b958a6f04989e952c14d8ae1fe1e,train_02775.png; train_04390.png,0; 1,312.10; 328.24,2
06f08a214d8ad21b6222f8c0dab8d2a5ad434bde8e2939c0342673933de33fc2,train_01016.png; train_06870.png,0; 1,291.71; 110.32,2
06fc109fb583d1674800bdfcd03f32d056421ce78e9e2cd7cc55acafa50cd35f,train_01547.png; train_02913.png,0; 1,329.34; 136.33,2
0705d0ccbe6aada548c1450a727c4794172dfae210c37c6f96697ec55409739e,train_01255.png; train_03396.png,1; 0,20.03; 354.28,2
071424ab37a86eb494f77e55ed98f18a787752a9d10ba5a2c48a54062633606c,train_02022.png; train_07755.png,0; 1,312.63; 79.80,2
075827dd4dcf7ea1726405968e7b829bd66a89806534bf01f2f2e3fa418ee935,train_01071.png; train_07181.png,1; 0,271.85; 32.90,2
0781fc9ab17481222195185d61051bf37f1b1a207118ade1bb7d632739d2fe23,train_03780.png; train_05947.png,0; 1,54.68; 283.03,2
07a0d258864648ed20162942eeb81f7632ee6a4a55f5e15af5d8421092c20c1b,train_04913.png; train_05306.png,0; 1,340.82; 53.87,2
0852a195c57ac521621817e232e1d4dee2ced9b58470103fbfb65558c5da2ec6,train_02150.png; train_05338.png,1; 0,169.47; 331.03,2
087314d5a80669cc5b8ad31cf7979f72da4074fd040eefb9547f4936a2da6546,train_02134.png; train_03541.png,0; 1,201.51; 43.78,2
0873e33faafdc6fbefc39d2d6432ae876c8beb36bb4c2f1156a1159d07acc7d0,train_06976.png; train_07694.png,1; 0,68.31; 233.82,2
0883835bdc1948036f2f7fe415f408b388aa1cd830563a1090e56c1cb47936c7,train_04802.png; train_06538.png,0; 1,108.44; 50.41,2
08a1e54f8f21f484c5dde3261706b29219b1b8a83854098d8e47fd0b174cab75,train_07319.png; train_07655.png,1; 0,201.59; 329.91,2
096da76a4f776be701e935bb874cfd36484f8a560a99120f1c74d551ca012fc2,train_01745.png; train_04900.png,0; 1,305.03; 296.36,2
09a231c18757f0cb2c5077f0891701ea5e557b3528609cac6535411ad30652fd,train_06795.png; train_06813.png,1; 0,266.34; 308.86,2
09d59b6d77d73e0c16ae10034a05d242b171b31d4f5455a7a9dd8a4161f106cf,train_03728.png; train_07798.png,1; 0,204.18; 333.76,2
09dcf7826ef35de09a508bcb054933d545279e0c71f515f96d4e7bc675ae7a88,train_01804.png; train_07200.png,0; 1,327.32; 103.66,2
09f043831fe8ca932a0084038ff0145e5210ebaccc3ec291643d00fe59940dee,train_01767.png; train_07072.png,0; 1,55.03; 231.04,2
0a0209cdc46be733c2ee918bc5e80d7dc5b4af8341368310c911f102803972a4,train_03271.png; train_04325.png,1; 0,272.52; 349.75,2
0a0534b446e6c646b3ca2789e85d3334327c8c95620b9c70c309691d01a50881,train_01313.png; train_07372.png,1; 0,158.81; 139.67,2
0a808d2ce6ea2eae84719010e953a158879521bcf2af07a2c0e1228d6198d83f,train_05894.png; train_06205.png,0; 1,31.82; 316.20,2
0a9257913dfbfb9f5bdad6a02e12bf16db1e897760fdf9be55aea183ace12d15,train_02816.png; train_04049.png,0; 1,287.44; 115.09,2
0a989dbe91e187a84ee312d21ad6036a5cb37c144dbba4cc731d3fb830cc72c7,train_03167.png; train_03719.png,0; 1,358.43; 9.37,2
0aadfaac2858dd2ee9d6fd21c1116972e52854bac0c0575c424a6ae55d6a8651,train_00207.png; train_02492.png,0; 1,179.63; 38.52,2
0afd541cd451d9107e098519aa885791fc08d7cfde91d37a4e4c9ce23d93143e,train_00170.png; train_04515.png,0; 1,327.23; 177.92,2
0b570b0855ff45b3d91661032933a3f53ef96f7a0e3929ffc6f4bd3b6d388ca3,train_04402.png; train_05245.png,0; 1,274.93; 100.80,2
0b64c7518b5aaaa16f2bbfce06817733c05bd06f67586d100bad21696c5681d7,train_05372.png; train_07335.png,0; 1,277.53; 162.39,2
0b6f56825c7fb324855f3951bc287b884daaba5eaabbfd5e214c9eae98c4b1b7,train_01369.png; train_06625.png,1; 0,245.45; 344.92,2
0b9ad7b28047a6589978b1103a57accd6cbaaf52e22c92b7f746e7ec02a46e87,train_00156.png; train_04832.png,0; 1,305.45; 20.17,2
0c1483a4beb636f264ea93e556c75056a0d799bcb47e900594127b0885df1b65,train_06153.png; train_07547.png,1; 0,17.05; 312.14,2
0c3f340b022eb207dbd4493c00927bc44bc0f2729d16dc6b5a711a3095212ecd,train_00990.png; train_01779.png,0; 1,328.24; 69.90,2
0c40a466539e7fb2db40a3311e76afdaa46fa791d7ccf0dd2ba3a10935794863,train_03666.png; train_07613.png,0; 1,329.45; 284.35,2
0c959de5e2d3cdaf42ebcbedc159f4821be7e04488f8b3542736022964b66dcb,train_00996.png; train_06993.png,0; 1,292.64; 129.27,2
0d49c7578a3f71710b54e90e2db7dc51eceec1f4e671519c96155c9626b5cd5b,train_01764.png; train_06303.png,1; 0,285.56; 326.20,2
0d89c5b8e7f00ff1fc681fbf8624e8a69f7a982faa59a0903cbe223a31693f51,train_00050.png; train_01017.png,0; 1,123.83; 219.41,2
0d8aa5f0fdf88b218ae56bb6c45c758b23074ed9e0b33626d2068328ffb5ed12,train_04063.png; train_04458.png,0; 1,358.42; 212.40,2
0dc60cc1c5eeddec8ff7537e58bac3e904bbf6e0599abf6f91300aaa08b9890a,train_00904.png; train_07016.png,1; 0,244.62; 354.24,2
0e2d2e78a3951c28e2f9a5eecb7c4fcc669fe0d78960a5c72d8613dee2f91f0b,train_01806.png; train_02663.png,0; 1,312.88; 26.94,2
0e48eecd1608b32543d4fd9ecb02241e3726c26d85394904ad9de9eec7f33ce3,train_01271.png; train_02855.png,0; 1,325.43; 293.12,2
0e8e2aabe0f1c78d1966bf875d5e7541882dd35d2519b29f610d849ce4373b7a,train_00929.png; train_05796.png,1; 0,95.37; 291.17,2
0ea40950140fd45b6731716c823ef145f79520b7edf2331be1a096fc8ef41353,train_02193.png; train_03538.png,0; 1,327.88; 161.12,2
0f0d9b52ffa73eb80b363ed6ea66b1cf62b85273ba37cd8b6bfeb8b279466fd4,train_02706.png; train_03036.png,1; 0,18.60; 350.31,2
0f6ef791ba18301ebcb17d097fe24ead64febf94f0176cd012d1a07c18ff72ea,train_00448.png; train_04614.png,0; 1,209.67; 236.24,2
0fb0aaa86500a6592247ae6808923f8a03e773533f6ab4a41f8e5b7ba7a1f90a,train_03169.png; train_06682.png,1; 0,307.97; 291.43,2
0fcc76da05c48d02675408811becb328bef3bb2dc9d906061321e5af14cb5bd7,train_03895.png; train_05106.png,0; 1,347.63; 72.00,2
0fedbc6a9f2924796ea163151192f89fb30d2389b68b576442540ea98a2ec07b,train_04157.png; train_05793.png,0; 1,303.18; 256.54,2
104259b1815d555ce6d53b323eed5264afc114ae97853e83fe57752de5db2a79,train_02542.png; train_04544.png,1; 0,318.30; 351.98,2
109cac752788ced0a018b973429a50b5a1eeb9b192bfdb14f0b26da892a2460f,train_02962.png; train_07848.png,0; 1,281.48; 131.00,2
10bb3c228331aafbba888c64223c5c437ce2086602776a72307837ef8db14dbf,train_05764.png; train_05782.png,0; 1,284.02; 162.48,2
112c732b9b8208ab45889d784b6f6f5b0b87ab2af4a353c9f9b0d1c65b45769b,train_01212.png; train_01274.png,1; 0,146.28; 355.17,2
1131880f06fbc9e28a89fecdbd506dbbc25e6bcba5acec665a51c28f40b1d25b,train_01325.png; train_07509.png,0; 1,359.01; 310.42,2
11a1e10eb8b978464d354518d602212b6398aa189e3538d901024d6a6a03e197,train_01175.png; train_03035.png,1; 0,48.40; 339.38,2
11a5d7ee2be614e7a635b19ba4cceba8bba9d64e7fad5e177b32ab5e7987df53,train_00849.png; train_07310.png,1; 0,34.18; 197.95,2
11eb9a859d482e5c154076bdada39e9468cdc5693ae112a4457aef87b5f5c862,train_05122.png; train_07478.png,0; 1,334.45; 178.02,2
11eec725b07f59ed8da2c6a1cb2ae0fe625f17af61cc8ac03f4ac0cf459c6bc4,train_00235.png; train_06989.png,0; 1,309.00; 37.28,2
11f24571bb99333ac2c466035847d63af80012f39497d6eef27e020cfaf60cea,train_06133.png; train_06517.png,1; 0,238.61; 95.80,2
11fbfedd0abccb35844540da0dc2b148b1e0c22531c95b71a194c3994d65e697,train_01363.png; train_01615.png,0; 1,316.17; 22.41,2
1258129f7f56f81d8f7937518d10a7b80c75cc3ceb253d8886028b253caa8b19,train_01222.png; train_01691.png,0; 1,311.24; 197.32,2
12832cae033ad0b7aa0e94b8466397963e64c4369634baa525cc0cf446f77b28,train_04868.png; train_06690.png,0; 1,288.95; 345.16,2
12c4d6648d6cfffc8fc87e22b745f0c804b8c9431fa3bc44e7a56ee21fc50486,train_01127.png; train_04118.png,1; 0,35.90; 26.73,2
12db8fd47907b9f1ccd074c6543cc68b231e6ad8cb03b8d26d995883866e25b7,train_01543.png; train_03117.png,0; 1,333.50; 77.01,2
12ee54cef06666d1dd191e254bffdaca72e4df40e9ec3c59e1cb4054b9deb65c,train_04400.png; train_05970.png,1; 0,294.29; 271.74,2
13069dfd4c92a58ef62efde3a2d51a07b57f587a595767bd3e88a28d588812ec,train_00330.png; train_06996.png,0; 1,286.24; 287.30,2
136760c2020b0adf71393d0a503f77cb44b6deef923b59edea0005badcae0c8a,train_03549.png; train_07412.png,0; 1,306.51; 352.59,2
1449facef698506e1292082a6ef0e53cb18eef1cff4c3d964eb326ef74a27742,train_03031.png; train_05283.png,0; 1,335.72; 176.98,2
14758257a311344554f3e9eac8f1c4a152270a888e0a00d86863402941acf901,train_04734.png; train_06444.png,0; 1,280.99; 9.95,2
14830e247b4f61d0c47a9d61b24cc654eede9ad71f48e779de5d94165453c29a,train_03677.png; train_06104.png,0; 1,345.51; 359.97,2
14baef3eb0dfe7280d75d9ad69b716ff2c3962e986a2aaf1de58c1eef00567dc,train_04329.png; train_05340.png,1; 0,111.34; 321.31,2
14bc077a175b504c26390ce611875a74956e3a94976c50c65d31fa1f5289d091,train_05052.png; train_05289.png,1; 0,92.55; 297.19,2
14d7db0fdde2069325b03bb2d0583bb8d140a316d795c6726a071baccf161cf2,train_01717.png; train_03046.png,0; 1,327.44; 206.52,2
151479f343cac8d43a168fd9ffc3c5b028c498f71fda90c5a3cb44ce90f40e31,train_01734.png; train_03990.png,0; 1,335.53; 61.75,2
1519f3ba56132848eec0e6de63bf99f97864a49ae1900a87ad89be0c8c6bf44e,train_05897.png; train_05904.png,1; 0,11.07; 351.37,2
1522bdb59f4c04ef54f98c8f37da4089bf08e6f6f113976748048ac1c082a983,train_06598.png; train_07248.png,1; 0,327.87; 354.48,2
15335a3b1fa97a0f4674bffa5fd0f5e67c18108eca027b4b684a6dd88f6738d5,train_05859.png; train_07133.png,0; 1,250.57; 109.48,2
153941c4d2a89d322bdaff38d2cc097aa575ccafc72ba11c6e601b965db39df4,train_00474.png; train_02377.png,0; 1,328.69; 280.88,2
153c5c5c94fbd22780b0db666f4d34b1286d751cba367ec374ff776ceaa7f2c5,train_03805.png; train_07130.png,0; 1,310.84; 89.09,2
159288761e69c14a5ab2ea85ab7136a2d87c3313c14b1910774bf781a22f155c,train_05327.png; train_07085.png,0; 1,259.52; 322.56,2
15b099430e72262f139bce29b4c03300c5e7933a9eedfc06a7d68b8bcf49d161,train_02237.png; train_05119.png,0; 1,280.63; 88.98,2
15de4ce6df33882701b7414bd9147cd8f6d7b9aaac2bdd3a2aa0fb7d07d2c8da,train_05534.png; train_06215.png,0; 1,327.31; 150.82,2
15f7731da6e08ad86214e5bc65c1819038b4bde0733c8da99c1f4c8673d8a2c2,train_02196.png; train_07239.png,0; 1,195.37; 58.52,2
16062bd7885a1ae2ae69925e439cced96b4b6a89ce523cd136cf027fd73c0f5d,train_02402.png; train_05138.png,1; 0,259.97; 292.98,2
16321997048c9801399178ca3e713d393ca56ab21c03553f4fb1b226bd9328ff,train_04901.png; train_07389.png,1; 0,8.04; 295.86,2
1658d1f1e9bfda37219653c96c17ff0568810582d6d5ebc39d7d9fc4911ce99b,train_01370.png; train_02190.png,1; 0,357.86; 276.07,2
16c676378d596076efc319e3b89b60df0bcb7bc539d30b1ac8f4fdd362fa7b35,train_01113.png; train_04136.png,1; 0,241.75; 329.74,2
16f62e4dceff59a3d86488673e6f788232429041b12bb0c9933d1a1ffe677795,train_06020.png; train_06254.png,0; 1,302.92; 312.91,2
17126d6be32d6282efc502e0743a5dceb2535a8891ca463ada8c3a881d9e129e,train_02693.png; train_06276.png,0; 1,270.89; 167.27,2
172872b0219d139a3d934e5d6f78fd16b612d2db30aedc071641996873658ec9,train_04631.png; train_05088.png,0; 1,294.23; 99.68,2
172a0e776ef0511b587101f16b4d4623d39b6a291750a41962699b4be69405b6,train_00530.png; train_00801.png,0; 1,312.77; 321.80,2
178077759f0854d4a040158318cde1b6b6450e45807bc172e965b7a3eadee5ec,train_01378.png; train_05203.png,0; 1,349.00; 153.19,2
17ad6f1e13f7351c6e22981a0c36cfaff2b133e55d9d33a14d567641d0daacf3,train_06619.png; train_07441.png,0; 1,288.51; 17.47,2
17c39aee01616c99480a7afbbe7c755ae87463ff24b1252266d44186d0084664,train_02136.png; train_05684.png,0; 1,288.35; 193.77,2
17e089fc59fa8a951f6529fa8a9ce4738a7499d61ff2395ff2af2013f373964b,train_02012.png; train_06260.png,1; 0,185.11; 355.77,2
181c3e4c4e937e2d9df546c62641f45e26d7d322d83e55cc0ddf24636a9504dc,train_01024.png; train_01890.png,0; 1,306.79; 254.01,2
184ed4ba8ae6ef7d7f0629ff75a559e33f03bc57771d18503459cc0656d32732,train_00881.png; train_03799.png,0; 1,293.77; 167.83,2
1869c624a869b9c5fd5207b4223ed788fef9d63143bff6538f4c70ecd81276dc,train_02883.png; train_07411.png,0; 1,273.43; 325.50,2
18bfe0af5e2408533df4e4278bba8120958b70a63f40ac679dfdc05f0ba53298,train_02232.png; train_05480.png,0; 1,350.33; 166.27,2
18eaebf6bb822e43be6e34130f763530ee2460830259b63be2c22e1e6a956778,train_04126.png; train_06633.png,0; 1,321.59; 335.91,2
1902e64f5ac7491cc65ae611a4faa05a20ae601de169332799d9d2e0da8aafcf,train_03999.png; train_05732.png,1; 0,335.75; 304.21,2
191cee6968da350cba0ef2bf3530abbefd87e86f6947688e7b540bd71c1f3c2b,train_01089.png; train_02182.png,1; 0,295.43; 276.84,2
194bef90bd184e86a1f38cb4a7c3befc53270e87fdd14426c61eff25f9dd88c0,train_04083.png; train_04373.png,1; 0,63.75; 284.96,2
19a9fa339d46bfd05184242ead88fca17d9e33eb2cdd167b0b2597ad61dac6b0,train_00150.png; train_03364.png,0; 1,82.80; 255.28,2
1a2c4e786234a30644e5b22af7e1adf9c8c6a3237a6615e1352ff9bc46f050d4,train_00698.png; train_03785.png,0; 1,338.57; 231.79,2
1a68508675bf8b01c77eba46cafe8debfb1852899453fd9d5d0634e952d475b8,train_00951.png; train_03314.png,0; 1,307.79; 186.59,2
1aa98a356d56e4982f6c0f57ac26b9faa74297faad376544789e163bd62ab500,train_02966.png; train_04190.png,0; 1,210.02; 210.02,2
1aacd5c10062342d7d6e5f58ca64ac3bb7eb5408f2cb89bfbc7b32161346b7ef,train_02050.png; train_03616.png,1; 0,44.31; 313.27,2
1ac017eef09fc7721c7e9e4c0f18c38a7e709418953e29fd1371088e8feef279,train_00013.png; train_02557.png,1; 0,248.34; 302.92,2
1add860359c0bfb064d0d9ce58db70d3c6b6fa8c313c2cf2d2504daa27fdf04d,train_02909.png; train_04239.png,1; 0,32.61; 284.58,2
1b25338dc430e763be14098a8185adf00ba49df1fe46a225ca3aa56099357f72,train_02744.png; train_03632.png,1; 0,99.39; 106.75,2
1b436692a7e46545698ec1a5b35df33e7f52645f94ed45b9ad7d56f587ccda2a,train_04101.png; train_07422.png,1; 0,160.32; 300.40,2
1b59a1487ecb31ff43fd69f0b5c01d09671d9a563a4e5efa4bae244168a4051d,train_00544.png; train_03341.png,0; 1,292.04; 319.80,2
1b5ba198456e0969ebd3e674ec138ff4502b078b3a0755282d629980f923e368,train_01189.png; train_02870.png,1; 0,339.54; 340.11,2
1b97659b952aec32e504e67fc9923ef58fb510f062915d9a85a7e53ec78f9d46,train_02600.png; train_04535.png,1; 0,237.28; 329.99,2
1ba1b128e642dd2b7d5558939a292e2f2768c0385dbd9c488de8f797a03478c3,train_03680.png; train_06525.png,1; 0,346.67; 304.88,2
1ba4177ee4ad5a535fb531f23e10da28bf40b47188b45892c892bf1eed23150e,train_05415.png; train_06392.png,0; 1,79.74; 297.71,2
1baa042fae7b737b5c593ea7c6f98ca82037e6993062e0807d599ac911edbbc0,train_02571.png; train_06970.png,0; 1,344.86; 238.50,2
1badc3daaa324dc3d5fd3f9d740056658b0fb79628fcd6c00042be000bf4afed,train_04440.png; train_07538.png,1; 0,306.90; 267.66,2
1bd04f197109e8cbdecd3e607d03ae53fcb883e4a046bdb7ac3ad1b36587db9b,train_06575.png; train_07752.png,1; 0,178.17; 288.86,2
1be07f152312368b99daa981f2046550c231f2a4033fe627d8cbc8f3a35a9277,train_03925.png; train_04319.png,1; 0,322.72; 277.49,2
1c899cd861effd10a25d4cbe1d8bf33e9b299524f829868219231fa4f5e1d7ae,train_00697.png; train_04559.png,1; 0,165.78; 298.78,2
1c9ae77e010a2a2bdc8630a89d6a96fdd6d739d311ad633696c2c26b217fd185,train_00124.png; train_02742.png,1; 0,215.05; 314.26,2
1cc3f16646b64e797d756da642b10f0dc7747423ec34d8490cd9a15860b3c41b,train_01458.png; train_04057.png,1; 0,36.29; 324.45,2
1cf6532b53d11e8094ba9b064fb696f42b29dc61cd2551b249d46752ab367731,train_04623.png; train_05059.png,0; 1,346.82; 208.42,2
1d0cfd5613c6a416f7584d1732dee8372632ffb574d46d4a2fd12e5aa341a49f,train_00461.png; train_01284.png,1; 0,300.68; 124.21,2
1d1433dd23c605f3c71bfb4a059e74c2370fbc684c8080f14ce99c1cff1f393b,train_00357.png; train_00468.png,1; 0,107.66; 286.81,2
1d16de488f8954ecf7d51297b58504056c0e172ba15b9ce92d336618b4601444,train_04698.png; train_05759.png,0; 1,301.10; 300.51,2
1d281cc1f9a486eb6465649d791e536638210bd504f013cd8f341c85a0b5aaa3,train_00974.png; train_02708.png,1; 0,339.63; 285.98,2
1d7736e818aec4d607252d066bd7f5b63bd34f3a23927873edc59c99b9706398,train_00134.png; train_05484.png,0; 1,271.19; 106.40,2
1d8d7d1db1c368502a2344f64437516d1a58f9b8635b7aab86343b715a6ae98f,train_04484.png; train_07140.png,1; 0,216.64; 348.49,2
1d96f0850ca0735956fe601943738d21d7eab0699c7364794da3e08125125b9f,train_00504.png; train_04908.png,0; 1,293.03; 196.93,2
1db1a27f5dd953bdcda694e02395249b8c3a7a7d2f9e116c16c302a690c14608,train_00505.png; train_05841.png,1; 0,154.47; 278.01,2
1de16cccefb030f976584da33d283d0d280a1032509bcd7f46c36d3f9f7cf533,train_03195.png; train_03234.png,0; 1,358.87; 353.01,2
1e3db2fd24595f60bd4fa458eed0e7b258fd86d352bc9d89ddbfb224fe7819d5,train_01789.png; train_06382.png,1; 0,147.43; 311.78,2
1ea5becc13aca501ce7f0f2ed9f424736edd3ce2491dd2bc526f215c4d75eef8,train_04105.png; train_04692.png,1; 0,260.19; 339.02,2
1eb6e4c0ca6b65a98c81b6136ed18f283bf28ffacb77f3ddcd82ed38d2f5ecd6,train_00039.png; train_03049.png,0; 1,161.59; 206.12,2
1ed15f2655ad75b7129df5006f51363104e7918577c024e8a825cfb14a7b6bce,train_02253.png; train_07506.png,1; 0,319.22; 313.41,2
1f23f5cf8fd81d47bff93dcb85c197b8de308be41709d1ad0a7cacc682025b65,train_02096.png; train_02818.png,1; 0,168.50; 344.73,2
1f45d67a7c3e71d053be6ba95cf4f8afa25fbb3a76835b71ac2fb7b950b05eea,train_01123.png; train_03162.png,0; 1,287.26; 156.94,2
1fbd4ba32ec8d46013c1b01927ec1667c3d2f90fd9f1f08ef384dcf2c4abbd81,train_06184.png; train_06389.png,0; 1,281.52; 206.89,2
1ff6b488e3bb1e9845d74eb930e532367531d70959c953186abf3a9b4a2614b9,train_00445.png; train_01362.png,1; 0,102.64; 338.68,2
1ffce4daa0a332236db536075c01ce6dd4c206bb584e8828a7b58f06a5168f8b,train_01910.png; train_01919.png,1; 0,185.38; 324.70,2
205a20e6e6d275b480d9daf826f3f085603b6a14cf219ec4aef4eef03daaa8da,train_01251.png; train_07405.png,1; 0,150.00; 240.20,2
2083617cc00f998bf8df3b011776bd249002b493d090bc7c73739ae951d6d05f,train_02217.png; train_03859.png,1; 0,116.49; 81.37,2
20b4bd14816536bc830a9ce596eaaca4ce0236fde26204ef458b70c30b4c7be3,train_02027.png; train_05857.png,0; 1,344.03; 294.92,2
20c6b1deafedf4546a3965c91ed3ca3e8623a68fe80382abaff84a782b67aae9,train_01389.png; train_01935.png,0; 1,284.01; 44.00,2
20ef7c41ba2f11c7c598a50fce8876a7ef226847e5a1179dc995c08d5b273a13,train_02426.png; train_07385.png,0; 1,228.63; 177.16,2
212492aa6a3aa165aed29ddc3d8a0f83f0bc5d6f56535a5394c8c3c728d34f17,train_01379.png; train_04523.png,0; 1,289.10; 76.84,2
21506a83d2a9d4cec058dbe4ac59987d3a9282285040646f90aeb3501a255c22,train_05472.png; train_07726.png,1; 0,306.34; 336.19,2
216f3a907646ed6e0eab8838923a007f209c41bdb9e67ae817507d2b31d98ea9,train_03370.png; train_06566.png,0; 1,61.86; 66.68,2
217a9a1fc50725262ad36abd3d932f2fe004d5bb5b7a74af60821b295090fd98,train_02963.png; train_07143.png,1; 0,256.14; 285.85,2
218ed46cccbcb45d176f90a47b1803c58598650de9b2343863ca86a44b09075c,train_01413.png; train_06558.png,1; 0,183.74; 278.02,2
21d2b581a534a7b16bbea597e02b720b1c7d8ef60557e01d4140e2a0d4c51f22,train_01589.png; train_05314.png,0; 1,308.53; 284.37,2
21d2db616e7c205236ecc05a0be21820b618072c81c6b90d6a99e4bfbe5b503d,train_04132.png; train_06032.png,1; 0,338.20; 357.94,2
21e9a6182583ad32717184df923c7b63c34e4009304807a7181ab040fa774652,train_00883.png; train_06116.png,1; 0,10.95; 356.22,2
21ed3331f4a8909b820bec5a7cc46f51278d2dee9c3aa446f13c1e12b5b5e623,train_01463.png; train_04330.png,0; 1,272.54; 213.36,2
222670c98ae39793360940e2f82ec8738b1d497b35b6f1eeca6c22a4a303eb87,train_00361.png; train_03790.png,1; 0,234.06; 18.31,2
225494e359c83a19748b1c997f739adbe38b1b6d46ad52a19fc589481578702a,train_03416.png; train_05290.png,1; 0,157.99; 202.09,2
22cc0777efb00680953da87706a994ba48211052233a7efe045c772c00c2bd02,train_04859.png; train_07365.png,1; 0,232.23; 342.21,2
232ba03650c05858e441a9f7579538fb2b278cb414f78228ce0eb828a2d6548b,train_01684.png; train_03710.png,0; 1,318.13; 133.60,2
2398c10c36d96c282cffaf0bce3f117c30f5219ccc8fc41d3f634757918af1bb,train_01420.png; train_03433.png,1; 0,236.11; 314.91,2
246797e164843d8c010e2518b3c84d01e281b7109eb13a426be9c26cb5f9fd72,train_00663.png; train_02903.png,1; 0,101.27; 340.59,2
24a5c056e9b760ea432a1ccdf98bddc1e91a869ab68ac1655ff3fdd8e74d785f,train_07264.png; train_07402.png,1; 0,258.02; 252.99,2
24ce34a5c23a6d558bb673411f734e56795c77356a0309e625a8a514a4bb54c5,train_01494.png; train_06333.png,0; 1,309.16; 116.35,2
2513b8de67ee94b9dd7660d9206a0cacb0167ddd6b2fa57bccd59db7883ea0c2,train_01550.png; train_06746.png,1; 0,55.96; 305.32,2
252287d616b1932d6e6c8292a4ccdf2a3820d5b9e5b0940d9f9a4b6bb8675317,train_03879.png; train_06669.png,1; 0,23.37; 317.20,2
25574312ab5ad39a3e5fb236d0bd2d1c0efe76490e23a108e2f59c1466a22f3d,train_04245.png; train_05551.png,0; 1,350.31; 0.48,2
25630363cd82cda43bee88074a5a3f203c5192f0de295b73b47363f84a3a72e8,train_02186.png; train_07562.png,0; 1,301.36; 130.98,2
25763a22b756b31c00b840ef43b00cdc7bb5037e77bca22232145a1523c1adc9,train_03462.png; train_07820.png,0; 1,320.75; 136.49,2
25a2a9d3045283750dcd622c437152ebc8d1c15097acc4e487559bb064ab62df,train_00475.png; train_01810.png,0; 1,48.31; 299.70,2
25d48cb5e4e54b2a153b5e6ac2027e624f185f1fd8e690d7e9d60e4e6986242a,train_00611.png; train_02025.png,1; 0,218.99; 273.19,2
267ddba80849d1ad8370d7b4efea833e1ca41385229d2412b99d3d25f6d3ea64,train_04572.png; train_06542.png,1; 0,175.51; 313.09,2
26cd23f447438191cc4156a512310d553a4e1aeedc8afe6764b422cfcb525cc6,train_01454.png; train_03109.png,0; 1,294.23; 358.61,2
26cf76fbfcd2e1515bb1490d3e3ff63ea606482c41e121c0dac520b9a4ebfffe,train_04326.png; train_06180.png,0; 1,277.65; 188.78,2
26eeea4199f023a312553f104a861fc7dde91ee438bf323fc988488f1e237dbe,train_00293.png; train_06501.png,1; 0,321.55; 225.25,2
27263d07929c549177ee24152e4430d2c9223e0c39d5596fc1f33ab9fe555852,train_02450.png; train_03192.png,0; 1,336.03; 87.64,2
278a657e8e29a319fc42aec52d0122fad580c7f3c9f275ae74cf66ed9d67a100,train_01242.png; train_01319.png,0; 1,323.27; 351.77,2
279d16bc542a6385413e9a78572d07361ece79169caf5a425d953a47a541b727,train_00922.png; train_03978.png,1; 0,254.02; 8.78,2
27a9cc517701306778a4df0866fb0a18a1980fee3ad536497168eda8ced3a09a,train_02023.png; train_05346.png,0; 1,333.43; 236.21,2
27b3587c0f414ce6fad8ef0e9351240953b6f29692583707b8e8f89a88671a7e,train_00168.png; train_01686.png,1; 0,251.73; 47.62,2
27b8808761c954ae72279177f7c249dcb33f172573ff453c43d5ff399ac91427,train_03182.png; train_04217.png,0; 1,294.08; 225.31,2
27f4c4d96c5495145095f81fa6f40ffbbca76eff1c9ad89bcb2021786f7c2670,train_01829.png; train_04278.png,0; 1,354.54; 324.66,2
2829aceb8bfa570cbcd6150b31e6e03835da7d2ae3728d7ca2805ad73645d93f,train_03657.png; train_05395.png,0; 1,97.34; 82.14,2
294922f7795a071f6143503394e1ae551174cb3d872894cee70d06560525fc47,train_02567.png; train_05057.png,1; 0,320.92; 348.80,2
299baf5b1bbd0fce80d7a14c71b071067de185db012a441eff2983ca1dbbaaca,train_04678.png; train_05017.png,0; 1,278.25; 78.36,2
29c8d303dcbf7861c165ed66c058d58f35b2f8dd825de7816fd44f7cdaeb0e64,train_01803.png; train_03323.png,1; 0,113.88; 326.07,2
29cbe1be0ff3390619d703ca1f49f4850adb329acf7917c0b55942d2ca863298,train_01384.png; train_06144.png,0; 1,272.00; 215.68,2
29ceee543232eb6705b6df419fcaff11e750a9b352fd5bd7dabe9510701de894,train_00401.png; train_06715.png,0; 1,338.65; 207.13,2
29e0e6239591d18de4ab530c6e4edb86f5412717b01600be29b408a991948c2c,train_01533.png; train_05682.png,0; 1,273.24; 60.34,2
2a4ea2a1e0159d2120c7ef3aaf9a1157ea1e6cd32e9dafc1a3f41bc6cc22f2ad,train_00404.png; train_05797.png,1; 0,179.94; 283.46,2
2a529f35255238d0ea90e584326cda0d2c11ed531ca9e21d08b20764cffa42e1,train_02406.png; train_05269.png,1; 0,301.13; 292.24,2
2a52da3e800d501b72acf6605afc03cf3b4bff0fce1a15e20c58fb44badc1e56,train_03321.png; train_06940.png,1; 0,331.90; 328.77,2
2a68508db571a51841f9e81d755dc4fd63dbf6a6d81f3de85417b9bfec92b40a,train_02103.png; train_06051.png,1; 0,120.14; 347.05,2
2a6ab9e09614f5daf9fdbea2dfd031c6a7b7d804e33f49801be0600bac4a6dc8,train_00843.png; train_05747.png,0; 1,271.85; 87.23,2
2a87ddb8a840f6bee85f53800a151384008386d6aed47584717db84993503cbb,train_00542.png; train_01032.png,0; 1,333.53; 79.17,2
2aa7205f39f1ace7f3637bd2b875069470175d65f958c6457eed8b889797d187,train_01775.png; train_02026.png,1; 0,119.30; 121.99,2
2ac3650d2f9060f1811287a55033c73346c3959cd420c98f6161f81ee3edcc86,train_03807.png; train_05036.png,0; 1,275.51; 139.82,2
2aebe56e2ad19b0aa817a64e13d36a9d08f7d318ec66bd0fcbe23e5adbdede67,train_01740.png; train_07666.png,1; 0,268.40; 200.54,2
2af33065a28f6a8f38d14c652428d6199168ce67842b255e139141818e0fcc9c,train_01482.png; train_04430.png,1; 0,266.69; 321.51,2
2b18fc345677f827444cdb57d2f3f617b1c46cbd77f2decfe1bb968f3916418a,train_05111.png; train_07364.png,1; 0,82.44; 94.42,2
2b5d2d361c2e0217c80fa10ef8c8a52d6ff8cb8337fea648fbf02e5d59591ab8,train_00172.png; train_06862.png,1; 0,209.23; 318.99,2
2b8f0466659eac4d8315106763740d4a59c51112cd8232538f34c00498763852,train_01776.png; train_06647.png,1; 0,130.04; 307.58,2
2bae64758629cb1c19948f03c60f20f04ea8433fee587047d39fbc13a0a36d78,train_00068.png; train_07610.png,0; 1,346.16; 155.76,2
2bc65dd395d4cb0251a75eb6dbce64dc19cbfd63a2adb8aaa215f368178a0293,train_00298.png; train_00403.png,1; 0,61.14; 270.63,2
2c291c1871a2ff5552559ba72c60a5d7f3b5c88fd6dd923e00e0ce95b0ed1e2c,train_01882.png; train_02668.png,1; 0,273.50; 354.45,2
2c3e13212fc514474a1d54b88e8801d184519ec62c768bc1a018033c3194404a,train_01028.png; train_03581.png,0; 1,270.46; 254.35,2
2c40722dd9516b0811180364da2fae18baac4f57faf8c4e6537667e8581808a7,train_01326.png; train_04537.png,0; 1,343.99; 274.09,2
2c6e0effbf1c832a7f11f6569ea217c170af52c32e4ce3894d7027fb9278c3d1,train_04916.png; train_05130.png,0; 1,301.65; 293.40,2
2ca90f764f161a300cf0f15c7dbe4d3b1c40a303880cfb153dc14abe976d232f,train_01483.png; train_07191.png,0; 1,348.39; 79.18,2
2cd7697e58a221f1ae10586196aad479a1c2d646801936fadfbfded8fcc4043d,train_01731.png; train_04354.png,0; 1,270.98; 83.69,2
2d11e5548f4e0ee76bb0620cd02f4c0fd9bb8e6fb881f24fd3803b19e2d73e4e,train_01078.png; train_02731.png,0; 1,306.68; 258.94,2
2d9909a1e68d76d598ee3f5992e10fb40688f03da2013b251728b656fed7095c,train_05726.png; train_05777.png,0; 1,278.22; 313.25,2
2d9b600975c778ae01d76d54e75c65bce942fd484f0988f3418be86c47067072,train_02515.png; train_04306.png,0; 1,342.52; 359.06,2
2ddb3f51a4a28cc68518ab9271f74f4c033a11023216e5ed8ccd1b4bed36aa95,train_00249.png; train_05077.png,1; 0,100.39; 280.04,2
2dffe7beaa3c03bc48b601584e1267e482b9570e17ecf16d7ce2d7b9d0e22614,train_00442.png; train_04585.png,1; 0,251.36; 310.21,2
2e10bce0bbc01193b78ff041ee3af86f3170fcb4c0a938226f5c3dfbb451918c,train_02192.png; train_04965.png,1; 0,261.86; 300.57,2
2e13f5ca1cad28112a8b97ba8f33f90d095b1839ad98e26ffc25313ab49188f7,train_02040.png; train_04371.png,0; 1,348.07; 134.63,2
2e1c880af0aac837920c4c68db2f6003963b8a6681e8b959fabbcaea98553444,train_01698.png; train_05216.png,1; 0,129.28; 350.09,2
2e42e6bdde6a9363dbd54f205bb34f8c6d5540de0f8d146b43d864e1cf04dbd3,train_00026.png; train_04762.png,0; 1,289.84; 154.13,2
2e591245bf2822973329c009f60a22e3c29dd9985dfe8d6202ae7225cddc6980,train_00099.png; train_01130.png,0; 1,319.61; 108.86,2
2e7171ebb19bf396e9636f6349fe140f0812022c4402e32c673eea067767d7db,train_00094.png; train_06282.png,1; 0,213.46; 282.05,2
2ec08a61bf855ae5c0ef736615a741b0fae8fe85409398c8a767a7d3981eb187,train_03164.png; train_07203.png,0; 1,197.59; 212.92,2
2ed5d3af1ac84eb42a7774ec053b91a7d38b011e38e6ed89b382d9d16d11faeb,train_02168.png; train_07254.png,1; 0,137.53; 280.09,2
2efbfc2d2b75eadff33dd1767f0362eb03b5435da4d0a30f3fc34d2763c90ee8,train_03483.png; train_06721.png,1; 0,275.24; 342.51,2
2f0802daa61c4f1943a387ea3dccd668cdef11ef450636dfdbec24c7459c45dc,train_03353.png; train_05128.png,0; 1,297.38; 90.29,2
2f1322b29f831519349a0950bc076b56b0e676f43d73b2f81ea9fb53b217b959,train_05303.png; train_05488.png,0; 1,295.06; 280.56,2
2f29252373a7ebc3b8b67f578d5912202d47ea12fef80d08ef0113c30289e0a3,train_06181.png; train_06302.png,1; 0,144.69; 271.25,2
2f9cfbb5044d9595ba13126ee9e1248afcbdc8b5a7aa12f858ee4f0b8cdd3c67,train_01966.png; train_06055.png,1; 0,305.99; 311.20,2
2fa63ade92ee8014f251b0a36aa3be12eb59e2fb12a064aafef9908b47f70ca9,train_00887.png; train_05553.png,1; 0,220.50; 287.03,2
2ff5a243d1db8fdd3a4454f3cb4149f11f2b6a031094a0aa8e292b6450c87a58,train_02373.png; train_04145.png,0; 1,288.05; 125.59,2
30083134bb36d7220c55c225603e122db8a2eeb72d16d93f34d395a637a660eb,train_06999.png; train_07486.png,1; 0,280.32; 323.49,2
3019337ebf048a142738e2ffa8f28661c152883a8dd7f292b1ba1e51c6f74b6f,train_03203.png; train_04534.png,1; 0,283.09; 325.50,2
301b25a31d7355e55e19bd283523fab73930dbe5d33620e8bdfe82c59b47cc59,train_01876.png; train_05962.png,1; 0,212.91; 280.27,2
3072f8cdaf712308036bdd197996d5fbd90d51c532ba0504ca90e2a56508d983,train_02469.png; train_07524.png,1; 0,222.39; 282.06,2
317459f6d3f06a7cf8156f0ae429b8d70ae93d3119fdf924b205e07d1bb6f964,train_05439.png; train_06053.png,1; 0,291.84; 321.87,2
3199fe7159e755ff9ae8e2862135840d5aac04f5fffceb5f21be99a38eb9edad,train_02665.png; train_03014.png,0; 1,358.35; 20.58,2
31fbbcaafcb629872ce023d3a0d4035cb9150239f10cc8250798e04c2738797d,train_03338.png; train_07673.png,0; 1,334.21; 210.41,2
32217d36a6192022a801a429290de501b16d022eb365d3df92047c2c7d5d1b45,train_02595.png; train_06926.png,1; 0,155.31; 300.81,2
3248272fe0bd8eb8f3f9a36e39a82f2b0c858a73034d03ed7a8a240276b54be0,train_01580.png; train_01901.png,1; 0,46.87; 339.73,2
325b0d5f916db51df5c594e68c84eeb3c1b34ac54b8c518a2de469a689ce0d4a,train_06082.png; train_06628.png,0; 1,310.39; 308.29,2
32768ee0169ed4d65f25653b10633cd83eabeefea4b19de8e13bbc0bb036dc88,train_06589.png; train_07762.png,1; 0,287.21; 314.09,2
327b2cee34dcc496904ac5350536a0538d00393c9358be9c89de98172130ecf8,train_02133.png; train_04624.png,0; 1,273.54; 60.52,2
3280596cdbfcdedfd516f5a779c6a66cd74bf11bc4ef4c47c6c780cfad8c8b5a,train_02572.png; train_05430.png,1; 0,348.16; 47.36,2
32b6c3ef1b63dd3b88461b857928ce5ab66ad45737be104f2a9bd07f03add71a,train_02011.png; train_06398.png,0; 1,349.01; 257.79,2
32f5d580752ff29c6163c9364b1e08a7790878ef490c008ccb352f781bdbc609,train_01441.png; train_04110.png,1; 0,213.30; 265.64,2
33215eb687f244f1da2395cec5e215281b084e3d248ac6511f9f0692cca9cf5f,train_03572.png; train_03873.png,1; 0,168.18; 28.84,2
3325b1c11577c7a687047eeb8ade4b0acab09cdb012af46932d7a7c178337d4a,train_05180.png; train_06278.png,1; 0,277.85; 93.39,2
333c1902d8451b095d1f794a8174d1f76a8ef867923553208dc4383f54b2b93a,train_03629.png; train_03721.png,0; 1,280.75; 279.11,2
33968fbd576d0e21724f98b1f909929ac6fcddc2643abe1947f63ca7e8602999,train_04524.png; train_07845.png,0; 1,319.17; 288.42,2
33e82edf6c06c6aed737747e9c9f8705c220056fc0c8562018077e0f0c19bbf2,train_00760.png; train_04817.png,0; 1,290.15; 94.29,2
33eb3ccb3c75b587c18dc30ac6e00a126aef167f203941ef6f6db21039911e80,train_06079.png; train_06370.png,1; 0,96.93; 296.57,2
33ee8fa7688eefc182772ffb7008a3b9a76fc72bf7c8dc9260cc31e4a6feefe4,train_01139.png; train_04744.png,0; 1,126.26; 236.69,2
3419c3fec55d48b93c64df53860ff96c776192eff64f527b11aa4f73940ff912,train_00737.png; train_03073.png,0; 1,349.53; 138.65,2
3483e504a6a74a3dfcb8e7958f6b75d2033384353e1fac31759cddfc07c55bbe,train_00034.png; train_05920.png,1; 0,6.60; 198.47,2
3493b035f99339491ca8854b5b6dab9002250741b9bbc233df68fac32b01965a,train_02918.png; train_04475.png,1; 0,147.54; 331.50,2
349afb546f4ca3dc98d1e8da67c8ec6c856bf6d74d4a9ba953afa8a1024eeb7c,train_00030.png; train_02265.png,1; 0,277.01; 334.63,2
34a77c12ac819b92e557a3280495a53811fa5dbab3e552db7a80c3724fa3f4d4,train_01559.png; train_05446.png,1; 0,202.78; 324.33,2
34ca2250b097a7a60cb7dbddfe648eeae572bb2d352217936bbe077142aeabf6,train_01990.png; train_03427.png,0; 1,177.43; 53.88,2
351316bf32dce231d5934890ebed43cda58a77d227eb22986d614f3d2fde1562,train_02644.png; train_04321.png,1; 0,337.60; 354.94,2
35281dba65114f80c4129c949f63b33300b6abae46e9f8cbe1d3d88f182d2613,train_02119.png; train_04840.png,1; 0,30.43; 341.43,2
355a3b00d9994f686b7712e10ec598ca09bb10139c98fa425a62aaf048428aa8,train_01640.png; train_02227.png,1; 0,290.63; 308.83,2
357f1a754d7f4b58a2bdbe8f03465a229832f8d878844c5c91746876126e2b51,train_03324.png; train_05801.png,0; 1,341.07; 114.15,2
35b5776060ad94ee986d8a97b033d2444eb2471076287be860e51ff33607dedd,train_01279.png; train_07078.png,1; 0,242.88; 150.39,2
35be9c0cb8c4a41257eb558a31a527cf851f768a65e8602fcb205f5eceaa48e6,train_01287.png; train_05636.png,0; 1,272.22; 247.67,2
35eb75cac9b72d6965b4c11b4665e185b5e6a2521f7b27107a890d4fb72ff879,train_03954.png; train_05508.png,1; 0,331.96; 334.26,2
360d3f26d33f68ae671fe3b6971aad385f9464f569e7e340f00c2e2cc758cbad,train_00741.png; train_06935.png,1; 0,82.75; 345.70,2
363c423009165b6d25b7e78d36f0b0c1b7108a2f9e504752a2e0ef47f86ee522,train_03855.png; train_07452.png,0; 1,318.36; 272.99,2
3650ab6ec8b6c8a44a1b900633a0a17f96ce8c427007f5f0cf41c3274a15b778,train_00981.png; train_04789.png,0; 1,317.82; 336.27,2
368015b144fc75d0c14228d81c0f3dce242678de195f1f967442a078d261e22d,train_00113.png; train_02732.png,1; 0,265.42; 108.33,2
36bab81072b83853f4412bd87ac88c6ef742e4365a01eeaf19e0dcce218f847c,train_05658.png; train_06253.png,1; 0,84.57; 288.49,2
36e8e57096f98dafeadd19f7c3aee0931efcf5c9a0b08198de8a1303a9251008,train_07041.png; train_07396.png,0; 1,353.30; 60.11,2
37470a3ec08f90ed68dc57641fc2e33ebeb24a8274130b8c93b88054e3395f84,train_01986.png; train_06167.png,0; 1,297.44; 260.59,2
3764d4e550c03fc013077eee20edec53a4309d33172e9abadd38eec916026b3d,train_01118.png; train_06749.png,0; 1,324.01; 350.11,2
3797f4c9e61fecddfe236cef851bdd05163864db0d2ce865b368e7ca616ca49c,train_02014.png; train_02685.png,0; 1,317.42; 66.66,2
37a1b023a3b755105bc3149574bec27a55e1bb8c02201a14816ecf719bdb3dde,train_02398.png; train_05728.png,1; 0,122.02; 339.94,2
37bbf34f9dd3652b9bc218a2ba1f173cf8d443b3eac939f799f5e8499f938a95,train_00515.png; train_01058.png,1; 0,67.38; 274.42,2
37d29785adbcbdcf4869b44639b106dfec22a1bf8916e254019f64c3bd73ba19,train_01673.png; train_05599.png,0; 1,328.17; 289.28,2
37da55486a8e109f9d41a2a30d90bb9983ed721e158e28763af263bd858bc389,train_04021.png; train_07636.png,0; 1,277.66; 255.69,2
37ff1cd540b5b120cf1a0aff1c52441dc3eea51c60d4457740973d60ca3e4f28,train_03310.png; train_07595.png,0; 1,338.34; 266.33,2
38064814e47a592d068259aaaac988c6c48fba128689c5afad399cb0d2236278,train_01861.png; train_06809.png,1; 0,38.30; 312.23,2
381e0cf99567a6e6e3a51060f250bfe026e124299d6de218d234134e9de77fb7,train_00012.png; train_02593.png,0; 1,286.20; 356.24,2
3820f37300bb688d7bca89cc59a007ea3e56c47699565110fa116cf8079b1da2,train_05705.png; train_07451.png,0; 1,305.99; 236.42,2
38348fb6265c34344bda7aa21cab7f0c545492a80944c362fd13d69a884146ea,train_01096.png; train_07573.png,0; 1,322.24; 244.60,2
3873ce443b2a2a400828c47b6c53b9539739b5e630c605031377b58ff6b7ab27,train_00618.png; train_01414.png,0; 1,279.05; 131.19,2
38966c2f013b23c44fd6c85b3ede717f0b2a1d2a0eeb6f8b8107371faad511dd,train_03281.png; train_07197.png,0; 1,303.06; 84.77,2
38d5982f21731c512dc729ada7f3fb91122ffe068a61706c571265f75f651f9e,train_00736.png; train_04869.png,1; 0,312.48; 305.35,2
38f0def14811dcdc806795e99f6683f25340f5ea257599afae31a25f8c3663c6,train_02324.png; train_07330.png,0; 1,249.09; 284.88,2
3905720ff5d7ecd11e80226e757a96c0f47ae97e3a8d3413abb37442b780c1b1,train_03146.png; train_06017.png,1; 0,339.11; 89.00,2
39ab629b7fc7b46dc10cb761d11f5b159b786f989d914c1f8deae4ff0bfa6a05,train_01172.png; train_04308.png,1; 0,211.23; 324.64,2
39b8ef8cdffb742d8596a6d15235880ea8a9c74d42da2f7766f8e78706eea8a9,train_00513.png; train_05977.png,0; 1,288.55; 77.84,2
39c298c6e886852fcd8126ed52fa21e0c27445318f0353794a97f79d77aa9f4f,train_02780.png; train_03723.png,1; 0,81.53; 346.44,2
39fc3ae7444d7691a34a009baa95247c20df89831dd7fac9fe485fced61cdc67,train_00631.png; train_06520.png,1; 0,352.97; 340.66,2
3a1c9e624162ba6a5ec2eff3708f37df875e65c2b4eed4dc831bd5a1b29e36a5,train_00918.png; train_07055.png,0; 1,302.09; 184.08,2
3a4f0cee915103154bcc80d24eed3be0438eaab7fe2d248c5c18e809b7e162d6,train_05402.png; train_06886.png,1; 0,129.02; 314.37,2
3a7374210e3001141a3909fe7a230d2f29241b5c3d0aebc2fd9d40405f573dc2,train_00745.png; train_05220.png,1; 0,78.41; 352.27,2
3b0c37f0409439a85ad33d31fdba2134f9c77674195b2b0971fc7b9124271ad3,train_00528.png; train_03071.png,0; 1,4.78; 96.05,2
3b32d679a10216289481c2467e74e19ee50b51616dd11e174bd80cd40d2bf220,train_05166.png; train_06061.png,0; 1,182.54; 235.74,2
3b51f1f9d03ac665cb553020d611350320ed4881ba837502e3e6ccf72c225f23,train_02967.png; train_04555.png,0; 1,324.10; 275.18,2
3b5d5090280a15fb4329c8f2c8f0df668497cba8ec336c6f475e72a26a43105f,train_01500.png; train_02017.png,0; 1,295.98; 167.75,2
3b94d224f254e29d6a063dd8e00877170a0d0479de9e1472e6b238b835f9a5f4,train_02941.png; train_04574.png,1; 0,52.87; 103.49,2
3ba5244757a6f89750acdeb0d2935ef9305190bbdd148b426d962297a921c34d,train_02437.png; train_04909.png,1; 0,319.37; 350.12,2
3bae3ee2d517e72994c0c9afaa89c35b8958ffb9e06a3b160a079195822ce7f3,train_00864.png; train_07061.png,0; 1,286.27; 98.69,2
3bc13382c403cc5eef2f97db47da4cca0952ff87c1efaf080edf36ca36f5a2b4,train_03460.png; train_06744.png,1; 0,84.31; 222.56,2
3bc9916a46e31ba2c590aac74b822f528fda83427270a943220d44824add9242,train_00493.png; train_05298.png,1; 0,300.33; 324.87,2
3c14bbd70fca4a9939ce57d3c144e47ae0fd17f312e38360702893289b086865,train_01645.png; train_07490.png,0; 1,307.84; 344.70,2
3c16664467939fe3cb521e0b93a16094ec1d7600bf982e6d0b89d6e859acc6cc,train_01999.png; train_03787.png,0; 1,343.64; 188.63,2
3c79a569c757b76f1aa6b8f6fad3bb7a16714631b7f565271dfa4874bd0566de,train_03627.png; train_04680.png,0; 1,316.27; 85.13,2
3cc1eb9e2c63884f8bf2a4c62ca8c43eacdef101aa3fc6a6f82af66d529b40e1,train_02991.png; train_05417.png,1; 0,31.17; 58.09,2
3ccf9577851897257f6a0795bbfc235c2f786d51f8eff37651561ec3dfb41ef8,train_02986.png; train_04528.png,1; 0,132.47; 281.66,2
3d3296301f1dd52a6da43678e2c737c53944568eedf883d9dc120abe34cd38a3,train_02207.png; train_06928.png,0; 1,284.03; 170.56,2
3d4139b70ba1d2704cb67cca2a69f0743f9ca6d361c5b5171ca9114f8c801295,train_01381.png; train_02287.png,1; 0,76.15; 304.94,2
3d4f6478af8837d28f48a0d1f447ab133af107d27d0ded4003de03f0f462b9e0,train_06562.png; train_07813.png,1; 0,134.51; 177.31,2
3d7742e533e88ff7cd4e798427eb4e5613f7b683c74c55a79b91c6855f6fdc42,train_00525.png; train_07309.png,1; 0,122.48; 209.97,2
3d848616fd411fbef9c33ec21c4021e467561e51dccd1b8e62595ce563c2963c,train_05546.png; train_06405.png,0; 1,351.22; 96.62,2
3dc979d23dcf7cf186c4c3f1a58e5ee048270ca6053e29f1a0d348298a70a65f,train_04035.png; train_05342.png,0; 1,30.17; 259.80,2
3dcd358061a32691c4d97797341a8e3b6c2c7323a3455110cab995ee5ff9c1c4,train_03287.png; train_07652.png,1; 0,159.80; 342.21,2
3debba0a77be8a2d486d5019576d45265b88d97ac785fbf364d3c51fa82d660b,train_01041.png; train_07626.png,1; 0,287.53; 338.24,2
3df0775c7fd7b61c215cbb558af9309fe47226a1cccf0c8ba9f43254c2ce3f29,train_05787.png; train_06209.png,1; 0,151.08; 321.91,2
3e7aa8370ab67bbf1f11061a270f31a71dc5480847bd0d98f1d2503fd983ba6a,train_04903.png; train_06767.png,1; 0,25.88; 329.40,2
3ea1dd3a2a640c78810da039828645ee02eabcc6bcb3c5fb4e9df0e64bff3f5c,train_03832.png; train_03936.png,0; 1,295.86; 27.58,2
3f0cbf2430f8837e48ffbf2304b2a33a447d637f2773c8a063556c4f958a0add,train_01021.png; train_03540.png,0; 1,308.26; 99.35,2
3f168921f7d7a10970e2e89dc62f90d0dabe280976c2207cf9fca447069cde29,train_00368.png; train_03389.png,1; 0,149.79; 247.08,2
3f18a24fbddb406888163c3de93e416f0593b1c40ac4ff84ace9720b4ea716a1,train_03943.png; train_07738.png,1; 0,289.12; 354.07,2
3f1a27929ec7640ef414f198a7351ec0d8b1c70fd9acaf491ab250f199b33155,train_01824.png; train_05571.png,0; 1,348.00; 181.16,2
3f1b1ccbdde392cac1fa4441b1b104fb8d17605fa6baf34c7d183d60994c4c0c,train_02621.png; train_05071.png,0; 1,342.02; 225.59,2
3f28021355839a23ecec7fe3e3af3cc20daf9e1071408f21ddf4e2971d7fbc9b,train_04983.png; train_05012.png,1; 0,161.26; 315.26,2
3f4fda37f198ef30b04fc6946d0f1e1b8289ed9991e0717d44f91e19acbfdf3d,train_04161.png; train_05469.png,1; 0,288.15; 354.57,2
3f6fe464630fafcadfe75f3dbeb13ea36c7a62a5fe9829447a0f41e9d4e107d9,train_01971.png; train_07741.png,1; 0,202.57; 293.18,2
3f75d060e5f1491ddb0b434d98872848b60cdb079152f17ae4471601e2af1381,train_01057.png; train_07600.png,0; 1,323.00; 240.09,2
3fb3621177d659e5cff8234bcc7a7d66219fa97c6f9a67b0c417d2d9ddc7b27e,train_00882.png; train_07502.png,1; 0,257.58; 280.76,2
3fd96dcb53065df6046f4880fef18cea14da88974ec5324f4de2b35ea8573522,train_04039.png; train_06424.png,0; 1,278.64; 88.13,2
3fe8cd08d7d2addd48fd7dd040b3ba63131c32a80222726b6f5292b29679453e,train_00143.png; train_01151.png,1; 0,346.35; 282.02,2
405562d8f59b6c0b6e997a477d522b8c736dae3793770fb28123f66d2cc775bf,train_04858.png; train_05359.png,0; 1,335.04; 337.41,2
4082e6372504fa2b5084b4ad9d0112401f96dcbae34392d4f4793431f74664af,train_02347.png; train_02537.png,1; 0,99.27; 209.29,2
410c44732c9f161b2b9eddea3ed277cbf6b10bf70be57855d566634e9784883b,train_01801.png; train_04560.png,0; 1,339.49; 19.78,2
4116a8765d1183b3d3c7486977e8db636a54179cb44d4ca6b7c0049f64629749,train_02279.png; train_07611.png,0; 1,343.46; 84.85,2
419d18fc985c7446df606bf260b16188f62ba3ec238c44a006a11bdea349faae,train_00329.png; train_02998.png,0; 1,297.02; 53.42,2
419e1b2084990bbed86df6e3eae4f7b0b6c72471ad393e9b379016dacca279fa,train_01234.png; train_02978.png,1; 0,81.88; 300.71,2
4229cc7e81b33fa0c6ecc49c777fe1ebe756b3e8dbedc2d2b10466298e32039d,train_06257.png; train_07555.png,1; 0,310.16; 329.42,2
4256b4f193859eabe626c9f2c0fd7b5706cbf98af6e5c255009af91dbb51e46e,train_01107.png; train_03274.png,1; 0,11.95; 231.41,2
42a0191609d5011c194d535485cc3b104e1b968f315265a160a47a0e381f4ee0,train_02126.png; train_02172.png,0; 1,272.49; 120.64,2
42ebd48dc0c133ccb9a255a362a4433d84619cc86796d27a16ce477ecb95cc64,train_03711.png; train_07507.png,0; 1,336.44; 152.47,2
433cc32d585a2ddd1af7f0ed63a78102289ba6fee9531320387e9c2c209c5e87,train_03268.png; train_05329.png,1; 0,274.06; 342.74,2
43a9df55a87ad1f4f0ebb74d735e467f45b82061db2b7baa516492e6bfd8cd49,train_00771.png; train_06860.png,0; 1,291.65; 86.60,2
43ba990889ce5ea3f0728484cdbe0c149ed8da916869abdda634e3a58e89b240,train_05545.png; train_05753.png,0; 1,350.55; 150.93,2
445f7660bf4dda6f583311a7eef17a52c3a393430c2e75ddbe0adba8dfa296b1,train_01954.png; train_03574.png,0; 1,285.37; 315.47,2
44945b89acba9869ae9de44af1facf89c7803d60e6a4a8fadaff76dd6b7b7562,train_02410.png; train_07623.png,0; 1,272.69; 127.67,2
4495ef1a62f857f174e581d6828bd6b66d9314d3edfafb2aac88612431004acf,train_01241.png; train_04850.png,0; 1,306.55; 91.25,2
44c14c60f9fd89d55034bbeb2739fdfcee81b0048c12cebbebb30b6f7abc98cc,train_00214.png; train_03644.png,1; 0,173.86; 337.85,2
44df80b8b2337ceb3e17be8d9468dfd0f40ed0e238809f6bd51e0580dc928d6c,train_01196.png; train_05152.png,1; 0,270.37; 284.87,2
44e5b6dc6e044739433a073d53578db1065082c79161a1632913ee70de804317,train_00196.png; train_04289.png,1; 0,18.13; 314.41,2
46a4a340b529a9b82c596f3a7bda275b3ea41dc2c414813969b0cf0415645253,train_04103.png; train_07668.png,1; 0,95.93; 318.61,2
46b140c6fe9a47433e7c8acdf8357b40ca6d20638cc1cc1c0faaccbf7ebd33d2,train_00964.png; train_07658.png,0; 1,345.45; 25.01,2
46d51136c35b01eabae0c545bd586eeeb65fd48b5f14327ddad132ceafe48e5c,train_01471.png; train_01570.png,0; 1,348.51; 30.68,2
4707b519d41a39cc638629ad87700ac2dc9c506f51224443fb019b5cc9d52508,train_02494.png; train_07380.png,1; 0,231.71; 332.00,2
471d5fa6bdde264ed46b7c6382cc4923b4bc0e23ac73bfe5613b60c10936981c,train_02985.png; train_03684.png,1; 0,237.42; 343.23,2
47cf58890a1e883aa7b99af5c9a5d9e0b59bea4aede3f542757510cc7b8f512c,train_01566.png; train_04154.png,0; 1,313.21; 220.78,2
47d3b535f3331d83b80ced7d7e142f0e6c61955d2030e0e8f8fdef78e1defb61,train_02331.png; train_07852.png,1; 0,190.37; 312.13,2
47f5e144c78c00c25f476825ddcc914e3e1682cf7dbc270384185f804c17204a,train_00169.png; train_07619.png,1; 0,180.36; 115.39,2
4801423faca1f5b579267e87f37817a936dc6a53b19be124a913befe9d4dac11,train_00131.png; train_00961.png,0; 1,273.97; 243.27,2
48187496d834b53530dfbcd8a78e58f3e6dff9ef212e96ce3e51fa59f82987cb,train_05146.png; train_06022.png,0; 1,344.24; 35.47,2
4819c7dc35536923e0a671b47b9782e7cd8eae44551efcea740301a792074c57,train_01511.png; train_05413.png,1; 0,53.38; 289.01,2
483cb758d010453473c9379e9b803c23ed9dfc8f4913e8f53c1818f6070aa3bf,train_04682.png; train_05252.png,0; 1,312.45; 300.69,2
4841543f153ddff2ba248bd32e114c342f359c2a176733c5be240528634da7fb,train_00100.png; train_07615.png,0; 1,321.88; 61.20,2
484e5628ebb1d448083694d3503ed67cc703038a7d55967dd178b9e8d7e73a55,train_00450.png; train_05399.png,0; 1,357.01; 172.50,2
48561d51bb38fc5d4cdf5117fd1297098a7cc2ebbe180c00e9140d9b17bbe875,train_04034.png; train_05095.png,0; 1,298.32; 63.80,2
486255b8a7f0830c13e171bdcca9de30f33481b9faf2291b1c90065c5f9efe59,train_03225.png; train_03536.png,1; 0,45.55; 287.52,2
486b1c377744febf0954125bd6e12df09d78a48cc67257184ea0daf9ab9bdb99,train_00454.png; train_06449.png,1; 0,343.29; 348.60,2
48700eaaef0b27b08571ccb6e67dff676136d83aedd5e24505a7ec22b8e69551,train_03139.png; train_03443.png,0; 1,306.21; 91.53,2
487383ae7aa1141304a519b4994f9f1228c7a04b69a71398c31333193391f171,train_02701.png; train_07568.png,1; 0,249.75; 188.82,2
48c0ed5773a58814b7d6b7be6c27cc2ad37c4b4508e9eb5988904d5a52d67ce6,train_01025.png; train_06590.png,0; 1,107.33; 18.93,2
48fd4273525107accc6ad88ba183950c8d99913ad33395e93724aa834f33eea4,train_00755.png; train_03413.png,1; 0,12.66; 57.73,2
493b7f4941310e04db3fd37aa0d5d9186de5ece7b54366840317b1105b719d58,train_00820.png; train_04873.png,1; 0,316.46; 75.89,2
4958810ac628b3974bef873f7871a96a066e862a90a2832b1f669f57e840422f,train_01823.png; train_07663.png,0; 1,320.70; 298.49,2
495c2a4aa3fbfb587dd0f8fcdb250bdaf95414dfb5e19e89dacaf6a2ee946d15,train_02444.png; train_04750.png,0; 1,273.16; 258.76,2
4993ce48e86a65b128e27ad3e7dd16a7d979e449936ef4256b3835fabda3bac1,train_00208.png; train_03070.png,0; 1,277.64; 344.98,2
49f4e55bffcef74dcde6462bcab36202e85c3a60392658656ba589efce68127b,train_04660.png; train_05155.png,1; 0,218.22; 277.12,2
49f65b07bd1f522642115a5d6d8450e6d910e2a5ed1b5f26989c75ac2887700d,train_04685.png; train_07352.png,0; 1,322.59; 66.25,2
4a0809798160caf4d5c55e0519823eb02a255049cc3387da89dc07ec273d1002,train_03054.png; train_05393.png,0; 1,332.54; 146.74,2
4aa6eef4923cc6b31c3a624c8147f0931f2444a54d8e47df5b9e11f45f1690b6,train_02107.png; train_06688.png,0; 1,353.16; 279.41,2
4b1455782505c5d63d62833a819517cac341457c763013f8c9af55251113a22f,train_04775.png; train_07375.png,1; 0,278.31; 346.76,2
4b2d57338cd41e11afaa96386327f81ac4fca66f81f6cc56bd77228d059c71bf,train_01209.png; train_06570.png,1; 0,212.48; 322.49,2
4b3718cda81ba3d7acfcb3fac8ff9b52ee674b27b4fcfaaafbf836ebb56f01ff,train_00209.png; train_03539.png,1; 0,301.22; 354.96,2
4be53730045069040214b4f0b7a0b09792c0b1dc47a7092dbffe3f0d7ded1d21,train_00706.png; train_00949.png,0; 1,346.03; 165.72,2
4c3dc5756dc20b63248296dbb5ebfcd7d73f2ea5f590affba41f4ac8981d1cbf,train_01960.png; train_04108.png,1; 0,168.12; 318.45,2
4c8d9aa4e41084846b3e9905c7789094d85addcadf5b76bdd356f34b17ed9933,train_06616.png; train_07141.png,0; 1,16.11; 333.70,2
4caa9ee19e646caa3b737f4c7680380e44a6de6438cd36fb01d488bb81a9ce3e,train_01945.png; train_06959.png,1; 0,87.64; 177.57,2
4d48546b4a6df8d6d2ced7f5f01f467c982e713bb82948aa162d6e1968108dc0,train_00621.png; train_05380.png,0; 1,313.68; 193.43,2
4d5ca8d64fc58305cec46e3bd4ccb42e0fc4082e135cf88f158d6bd0874413ff,train_03559.png; train_04505.png,1; 0,257.56; 321.66,2
4d5d6fb65e6710e0b4cb6fabed3319bdd9c909642cac9b297bfbab74ff41bb98,train_02243.png; train_04711.png,1; 0,135.41; 326.19,2
4d61eb5a9b1cb92203eb4fc25d726c4711230c928cb00428ce9c0b590797c16b,train_03687.png; train_04864.png,1; 0,17.75; 337.79,2
4daa05fa1332bb1c30d3374079dd2181e35413f66ef1cc6973f5fc18a745da05,train_02041.png; train_04870.png,1; 0,150.67; 322.83,2
4de8ca5755815ce0b0948ad646d93a3c7d352d703e46a1f1fb6197ffcd68c6fc,train_05589.png; train_07009.png,0; 1,279.52; 174.80,2
4e26a47da17f4eaa9110300ea1147f09b30470b2a31a78e0d3db377f5389dff8,train_06117.png; train_06368.png,0; 1,130.75; 205.97,2
4e2f138ea86748ba488df3bf16deef4300eb573a56c4853e212ee0199736d28c,train_01868.png; train_06972.png,0; 1,299.80; 196.56,2
4e36849631d9cd2a5ba281929b0c821e71785daffa732e6bcfc02625c04a6003,train_00954.png; train_01507.png,0; 1,357.89; 247.91,2
4e41b1963e63c1ffbdc7f81a82183d0315ee4e6d4664c29d0f596fe48a67658f,train_06169.png; train_06240.png,1; 0,306.19; 278.64,2
4e6c675bc23b4dc1ca6b84efa80cd7bd698e99248f8e5f8a6783c04d5493e12a,train_04265.png; train_06000.png,1; 0,74.99; 350.30,2
4e739d7acea1c00d485588ef39d60044e82b1d7ea69acbd2b7ab32a055e66dfc,train_04546.png; train_06047.png,1; 0,199.06; 340.53,2
4eb73ce595f2d983419b93b2f9d6c27d65aaae2831bf63cb6045e88440fc7c15,train_02773.png; train_07245.png,1; 0,23.63; 205.42,2
4ee8f8205ef3a5f9cffca5abc76441738b52b412cd60c18ae7260c8d31d604fc,train_02770.png; train_04466.png,1; 0,185.24; 338.67,2
4eea31545910ea74e184952f067e3a67d279550e2f4b7abe674343d1338ad625,train_03634.png; train_05882.png,0; 1,359.50; 46.47,2
4f52176ee26bec1cb2648bfca04649c47fa4bc072b0eeab77d3b78278804424b,train_00789.png; train_02063.png,1; 0,99.84; 339.12,2
4f6c8cd7ddeddf7098aac68523e74c19aeebed6a369d66d978b7e5cf97f150f2,train_00826.png; train_02841.png,1; 0,60.44; 339.76,2
4f7e473dbbdca61d2248b53595b04779e51250e9fa441bedda2dcae9f7742154,train_01898.png; train_03753.png,0; 1,219.09; 186.00,2
5054c7c601ef8f7daadeeb4a46e254856293f5990d51e465427c2c1bb293897a,train_00703.png; train_06838.png,1; 0,61.79; 307.63,2
50680adb69df63975786d0afdd35e60df9a31be88e3c631eadfa2f7647b24a85,train_01672.png; train_07488.png,0; 1,73.46; 335.06,2
509c9e5af03c43fdede7da4619b5a84e05edbcba2d23c5de6c32ce849e9304cf,train_03019.png; train_07785.png,1; 0,227.50; 359.71,2
50b8cb6b1e5c55da1cc23d93fe5ac76960685bd9fcb167b909d6c93ee47cb919,train_02127.png; train_06173.png,1; 0,244.21; 280.93,2
5100b6a6df8b343b0e490e4bf71acfb2db1922b817814779fcb5ebc058772f9c,train_03368.png; train_05724.png,0; 1,297.78; 302.84,2
5112e8a707e31b016f06042f9473474fc3f0fe0f26df3e633cd76f1aacabc15f,train_05610.png; train_05954.png,0; 1,289.53; 103.46,2
5184d32bad41790d3ab6da6a9a9fb7a85821bcf6b31704cb28d0df3bc5f17189,train_05076.png; train_06158.png,0; 1,300.45; 85.43,2
51bcf6245521ad6e684b17195ec24ce2794a335cf140f5c64ddf06ce0c8f533d,train_03885.png; train_03891.png,0; 1,124.43; 253.48,2
51be819371d1538095f47ac69694083aabb8b9a74a301f83b30e1d920eea2b70,train_01940.png; train_07225.png,0; 1,326.72; 186.06,2
51de588050c8bdacfae97cf7413c05040309980a7187806a63ece16b3a4a19b3,train_02578.png; train_03853.png,0; 1,339.63; 67.78,2
52512362e41fa75ffdf621bf1b02a76b452ce1142cfe70c18103c96830fb5410,train_01349.png; train_03468.png,1; 0,335.11; 307.31,2
527d8df75276eaf416efe4ca270e1d544b7e81e276926a583c69ff0fff624831,train_01031.png; train_03297.png,1; 0,282.89; 312.50,2
52a7de39a96b37e21a8b554a5edb7ed4867dbfe89fb095dc61a1bd876bfb101a,train_02271.png; train_04433.png,1; 0,46.49; 224.19,2
52c28d31daa6babac6f53de2f654157bac9a8a2652b23665653d96e624ea3cb4,train_00130.png; train_03236.png,0; 1,346.34; 241.17,2
52cc683faffb5bb70e8c11740d2b103d38c8ffa6e4c7fb3cd4f8429bb9107e85,train_01003.png; train_04139.png,0; 1,318.57; 182.22,2
52e56f0f51da21db31ee0851f13d9c8df1534a766e78c9a748816cfa36e39e68,train_04928.png; train_06943.png,0; 1,354.48; 202.06,2
5304ef4e70d082a93b0bccb9d8d2e5e135bc02ec722bb0cb791fe77945058724,train_03612.png; train_03726.png,1; 0,41.93; 205.27,2
534ab7ecad620aab1a6a55dae0a2e5c94d9df637186a238a8feabe7a3b73e21c,train_06071.png; train_07531.png,1; 0,211.00; 339.47,2
53965beac939c8919931833916b4756c7bbd8982b43be8f5ea1f0633f562d82d,train_00972.png; train_06067.png,1; 0,287.10; 310.88,2
53bfbf4ce9016417b851159089153237c521fdf90ecb55c0e15b7d66db514cf8,train_00036.png; train_06097.png,0; 1,312.04; 329.28,2
53e715f94973464715df28528b64ef32791f617ff7e66da3c304ff917f702a48,train_02131.png; train_03068.png,1; 0,182.16; 274.38,2
53e8165b3804e1a96f0eb95d296699963720a34aa0604184055a1331e0be307f,train_01145.png; train_07112.png,1; 0,248.10; 221.87,2
543d1cdf18069dbe6dab9dccf41ed5170b59966683e7a74de5ed38d3b2fb43a7,train_05291.png; train_05713.png,1; 0,178.50; 294.28,2
54558647c0bcc584276e4bb187f58df05053b4dda420c5b20d4b017b87b76ab9,train_01345.png; train_02771.png,0; 1,300.30; 303.25,2
54749fccfbd928f0e54dbb245cda466a066149d5d841217e9801080717abc408,train_01240.png; train_03058.png,0; 1,344.45; 175.06,2
5475c2aa54caf1c6a2d7130fefe0a3c532c0fbcd4f46db21cdaba39c0fdcfea2,train_02078.png; train_02278.png,1; 0,96.85; 328.49,2
54f7f1696299bcb12a042aa256867cb91b1d1b5ee88c355cca408ea8415e5aac,train_07487.png; train_07690.png,0; 1,289.33; 231.39,2
5502cdd0ed8754c85cf6ee88170c344d356206f03044970a724108ddc0b5ed97,train_00989.png; train_04668.png,1; 0,136.08; 334.77,2
5537c29096c83fe0cd1e08ec69cca68f3cda7323659f4e55fd2b6a352d4cfe42,train_03967.png; train_06950.png,0; 1,278.03; 172.04,2
556685ad8e7e2ba4309b51d83bc37e7bfea26019293cc5b0ce709e5bcf9cb0c8,train_01521.png; train_04054.png,1; 0,330.99; 301.99,2
55994cf985537037777edcf02004ba752da3162407f3f147a377cd85e751f687,train_02626.png; train_03092.png,0; 1,295.22; 93.06,2
55aebe66cddb39468a8f2a965d0834881f0ec91d4a187c3a9fdbb4b7e0dbaf5e,train_00153.png; train_04553.png,1; 0,329.45; 298.81,2
55c068372633e25094718080b3199a6d978308561c5dc234e287386de135e205,train_02262.png; train_02945.png,0; 1,315.47; 68.12,2
56294af55010c940dff3e765e8ab56bda509189304a49a3419619bd1b6a73ddd,train_01309.png; train_06702.png,1; 0,7.32; 274.48,2
5635a7d4a4e344dbf4dabe738c599d23d7aff53e560b51493e30cef84fe48184,train_04186.png; train_07633.png,0; 1,308.13; 104.38,2
5660900b61870dc729ea6eb55fdab4c3d93aebe8a66f8552639a9e62eaf1526c,train_03142.png; train_07031.png,0; 1,352.78; 167.46,2
56e2a6cd3e9fc36f0dca43dbb15b24fe0ed3c26e535c226c83ae3f62083e8e0c,train_03682.png; train_04313.png,0; 1,344.93; 283.00,2
57061fc90ed971f7a70dbd39ab63f1c82b952dda48888a9bf6daf9cf007c2c83,train_06083.png; train_06531.png,1; 0,15.95; 7.97,2
5724fae8c04db9e233d5f80dcd15e22e54e113d7b1c3fdc87ef44bab792c855f,train_01867.png; train_04519.png,1; 0,285.16; 201.56,2
578414412287af1e6fadb8cf08fec6feec529ce4e0cb90edd1d1bebd1c1517fe,train_06428.png; train_06814.png,0; 1,353.25; 137.21,2
57bdf0e9b2c6218967cba6c4a99f248f0933ac48d25db1eb25d97b15ac53d4de,train_00823.png; train_02008.png,1; 0,279.83; 112.22,2
57bf40304a6554c122cc49cfd689c7512e776b078866ddc2c2723dae1d8ea401,train_00910.png; train_01529.png,1; 0,306.28; 315.33,2
57fc4be68a53d40b8962bc15e22e04984a85e163d86dcc28c887c33fe2e1b281,train_06285.png; train_06881.png,1; 0,215.56; 299.44,2
58196e259c4eaf3d7ddb0b6d6d901dd23370d4d90d33bd605f6fbb17e13d5828,train_04960.png; train_05109.png,0; 1,297.94; 172.33,2
5824fad4d6e75002ff3a5a4a3e2fb6d40d0cf2dfd935ff983a307d53cac44c02,train_02709.png; train_07323.png,1; 0,205.34; 354.96,2
5860a6d6ce8418e0ac0892fdbf1c75af2e371ee35f36e6184096d5dd69593dea,train_01614.png; train_05110.png,1; 0,25.05; 64.45,2
5878cd9518a2c3f12f2672433bad49f5d27ea8e4a3c7e757496b55be71286974,train_06484.png; train_07696.png,0; 1,273.96; 7.62,2
5895228e1c4ab1507b5ec99f4a1da1034fbd87266cebabe963998bf832b9d604,train_03218.png; train_05353.png,1; 0,331.88; 292.43,2
58ad867266c49636523d13bd418733a30cfcac271b20dfffdcdce80807d91434,train_04164.png; train_04227.png,0; 1,332.77; 206.55,2
58c8b5ac8df1e74a77b7f4d682c10cf0285f1f618acae8700967ea43c18780f3,train_02155.png; train_03778.png,0; 1,287.79; 293.05,2
58e55cfbed0105550f4e38d448246f34fbd6a1f8a48d54312f1b137a535ddcf0,train_02852.png; train_04427.png,0; 1,287.67; 105.00,2
59201dd9bc669256ebcc4d19fca3a9a8aad199949a1526319bfbb0d03811b95d,train_05209.png; train_07098.png,0; 1,356.39; 290.13,2
5952030148e2daa05d5ed6700deda4e111b8d32f2b62b11d8cd158ef789a26d6,train_03804.png; train_04899.png,0; 1,163.50; 245.22,2
595b353ff2379720ecba38150d35c6652577eecc4d3626c181ab976d12cec64f,train_02500.png; train_05885.png,1; 0,293.70; 33.72,2
59626bc5d4e87630626702aa4650c40c45063f2bcb6614a7943fc1a99bf73566,train_01367.png; train_05085.png,0; 1,319.57; 81.68,2
597b27b9dac4b40f31cbbbb20fc0b5d026bcc73195aca354d946ac43c81eb951,train_03086.png; train_07260.png,0; 1,341.68; 71.14,2
599b9c6878c6c2a842934c71ae1c714b17ecced0807eb2275412cd59fc0e8246,train_03266.png; train_06917.png,0; 1,274.43; 345.21,2
59a1cb67dd72826abf08639e3a517be4bfa34c9dcd849f95718ac43d73c6ba12,train_02642.png; train_06094.png,0; 1,315.60; 91.17,2
59aedf7c72f193e2c4ec68e8bf5d3252f28f7da0b445a0a7a2696ee0c9b4fc67,train_00186.png; train_05486.png,0; 1,358.99; 329.29,2
5a079c4eebce250d26ae578be9de36cd29346e7f8690e64006f184a045f16841,train_03291.png; train_05716.png,1; 0,126.06; 310.38,2
5a07fc0db5831c1037dd18d2bb9cfdf2bfdc502c214a03ce6f465d77ad8838d4,train_03107.png; train_05192.png,1; 0,270.03; 356.09,2
5a2f35b07178619bc8f75640e6cea753ac687a9f0c4966c779f4efabbde8ef7d,train_04298.png; train_04853.png,0; 1,337.84; 213.16,2
5a74f0e83ce945fa931655eb79630003db15a35926e99bdfc6f38a8bdb207dd5,train_04725.png; train_05780.png,1; 0,42.72; 341.01,2
5ab41a4257e0747a07b576b71ad911f83d39c7a934c6330da4e1d122921bf651,train_00889.png; train_06852.png,1; 0,122.28; 123.52,2
5b1a54088812601b82189a9072845554f712f54a4159d06ed0864aedaed501b5,train_06550.png; train_06639.png,0; 1,277.97; 39.72,2
5b1ddebc02d0c6f5d4117fbf02eab0cf132586ec49ae52f8592bc141a687cad2,train_04702.png; train_06396.png,1; 0,97.62; 319.03,2
5b68c2ebdda7722825cda0a54504aa05f9048ca123364ba41e486f2950cea867,train_00297.png; train_05992.png,0; 1,342.28; 25.82,2
5b83e2202dbbd6bcf2bcc4b172ded979101461e7e39d4e33347e24be52e05d60,train_00548.png; train_01265.png,1; 0,50.50; 319.72,2
5bf77dfe70a3121322264359e3c03324449de341b8c01c2867f6e8a8555542a6,train_00127.png; train_04491.png,1; 0,348.88; 40.95,2
5c1c9029ec49b39430a2cae1da67f9d71c595b5e848863b446ab6d76a5d7869f,train_00534.png; train_06039.png,0; 1,13.20; 30.95,2
5c1ddd94e8d660f84000b91911b9f2ed4120ac8e23e1a462cd005853bcb196a0,train_03029.png; train_05208.png,0; 1,241.81; 351.51,2
5c2d70e41db794c76c6f7dcfb8219f5ab450ff41d56bee10cabd7dd4f5a1ac22,train_00939.png; train_02942.png,0; 1,284.97; 314.89,2
5c6939c2b31ee7c8e0e10bf72bdce01a91cef2e6dc19e87ab976f0e75b3ab91a,train_02152.png; train_05392.png,1; 0,339.54; 347.62,2
5c96953e4acdbecc9dde081795182ab2bdaddecc460263abb0bd08053c435dd4,train_01149.png; train_02553.png,0; 1,357.57; 139.83,2
5d007d4e97fe8b7af5c18a597ade35a186f37b6eabc6eb2407a8cf1056d59581,train_00340.png; train_04566.png,1; 0,126.41; 294.42,2
5d1ccd0a2839c6f8291360dadbbdf039ac54011db0c43ce4874d3819d909e7cc,train_00413.png; train_02504.png,0; 1,141.52; 170.36,2
5d6e1b06c896017bed0a01460133a126b1b791cbd4206c8659586fba9e9baed7,train_03201.png; train_04115.png,0; 1,287.70; 139.97,2
5d770bc314fd10f731ca35f4101ccec96fd83b9d2f1062a2423a32858ec73a43,train_04196.png; train_06691.png,1; 0,134.72; 294.98,2
5d80f3a549789d5cd5c9e97bf5e59ebc398ab4b6e1da1cbf732fdaa6109999ff,train_05416.png; train_05800.png,0; 1,137.50; 265.10,2
5dd3ff1a3dddbfc729e65d373e8a283c9992e4c42f5c3a713ef6cfe4937cdfb9,train_01991.png; train_04780.png,1; 0,121.70; 328.89,2
5e172a3296984a024c9b4f9f6dfd1e19103384099552d15eff2e3200c0415f17,train_05452.png; train_07161.png,0; 1,29.39; 141.13,2
5e3fb2227704389c5c5e5f8db7403c660fab6b2d012c6d30e88d137dc6e7e6e2,train_03395.png; train_05559.png,1; 0,259.98; 354.55,2
5ed52f9de60d281fcf5022b482ddad31d40f37b5e29605a2fbc1bec80f3af23c,train_00774.png; train_07057.png,1; 0,73.14; 295.79,2
5efad0261d94b4fa9c79ebf081ad8567658ab6820b54c2e5815ff043f01b1e19,train_01933.png; train_05644.png,0; 1,327.33; 280.67,2
5f26e9f74a5d40450ceef6136ebb275e75a6115f8d159541725fbd1ce7039e95,train_01372.png; train_06995.png,0; 1,273.70; 225.97,2
5f3e9bd7812bd022fb0c3d182f49c8024151b125099bfc9e2eeaf1f1735abd9e,train_01558.png; train_03360.png,0; 1,298.64; 162.75,2
5f6baef9ad254ea157debedfa21b3593097a9ddb1b294f08e3465d321eeacb5a,train_03358.png; train_05191.png,0; 1,271.42; 195.59,2
5f960dfb7c21c2520869f7863d8d30bafa9af211dabf51f0ee154ee353046aa7,train_02993.png; train_06695.png,0; 1,327.93; 31.91,2
5f9f0dcb32ecc425e9efaaf28c769ab0042fc5bf39cc8861d7d477dd1735ebab,train_03793.png; train_04346.png,0; 1,329.44; 281.88,2
5fd5b8bd6b9e2c607a66984378e2f438c9506f67fde203a1b49ae4e8cf61b3b9,train_00609.png; train_05499.png,1; 0,224.11; 30.06,2
60168c01ce2e622b8cbba3d0ebb93a6b26fb855430676ad2a2929fe84074de36,train_01302.png; train_07579.png,0; 1,133.37; 321.57,2
6023fd10d1acc79356a49bf7fef9c9eca946afb2d95d0aadf39272b41579e201,train_01542.png; train_03769.png,1; 0,22.48; 219.80,2
6026aa6b72100e74553faf3e04351332ba27a816e66d32e3ee970a4fdd1b49c1,train_04674.png; train_05046.png,1; 0,207.86; 222.90,2
603c7313c6e8d82937c7160c441226a5c28e42f9f032c2a00e69fe9482bbf720,train_07439.png; train_07649.png,1; 0,317.60; 347.51,2
606ca1ca35a25fbbc8c3552ebbab54b57b55ffcc48910291463520d59e9e1d3c,train_03052.png; train_06155.png,0; 1,314.67; 22.98,2
607956f7ea076b1a396cb01e35ec59c30d91c5617d61b5ceba556cb44e7b9700,train_01465.png; train_03226.png,0; 1,292.65; 319.05,2
60cdd5b7464e97d1330d69aa95c6e2023cd133c8856278b14f3cdf34d04d171e,train_00155.png; train_07719.png,1; 0,51.59; 123.49,2
60e2c206de781fb449d7cf92a101601db36705ee9c1344a0c5b485f891959388,train_00341.png; train_01037.png,0; 1,341.17; 155.41,2
60f89e06689e0daba295fda2bb1b0a2fde1a4f34f5571a9cc8ce8d055420e3c0,train_02512.png; train_06627.png,1; 0,144.98; 354.12,2
611a5a752fa9599a0bb5aa33f4628e601b365886740e9e9ed23fa1e5eb30dbcc,train_01086.png; train_04348.png,1; 0,251.61; 123.14,2
618c8d0ac419098c7411f37d70e374613d5c77d3807f60ed5e8161bb9f219e81,train_04149.png; train_05041.png,0; 1,292.02; 187.14,2
61ee9e96829e15cfd7663467d9c28c0e7caaf3cf33c59d62c7b4e55dbdc2228d,train_05951.png; train_07401.png,0; 1,290.77; 245.77,2
6200d333bdf4ada9eee117563f6e0d1182fb157db6a4baf307775a79a2044de2,train_01464.png; train_03492.png,0; 1,81.41; 121.29,2
6206ca29b31fd15dccb4aba4cd46b5b650d2b7e770b0487d4433939f82d99ba1,train_00685.png; train_06894.png,0; 1,87.52; 16.12,2
6207613b2334bdb406519f191c805537e0ebdd744f749f5b2a3de0e4ca874b95,train_01556.png; train_05863.png,0; 1,284.14; 85.20,2
621522829e1e2d082db17e05a9e067f2d1517d1c65b4dfc38860e89c15311d09,train_06683.png; train_07052.png,1; 0,150.88; 291.85,2
6230df86ea9cd66b0e5fc4eb395d2ec8c4e174b105c557492b987f23113f5004,train_02004.png; train_02570.png,1; 0,285.02; 347.70,2
627f83ad310f74baee47b1207e0bf8a5401d5b7491e13bbe070c11d5f8cbdf89,train_03512.png; train_06131.png,0; 1,314.40; 5.95,2
628832d55b3ec79d18268d945268cbc4029d144eea161fe988d3b1bf4cc5900c,train_00215.png; train_01938.png,1; 0,145.32; 306.05,2
6289d0aec5322b7ffbd66a841158aed230302c3bb2146949cec0444e96a04a06,train_04343.png; train_06606.png,1; 0,190.53; 275.07,2
62edaf1adc4d1ae495349f745ff5d9d974138dccb9f79382869d0d40ec3aae9c,train_02774.png; train_02843.png,1; 0,175.80; 336.40,2
62ef353b93f0be28d7dabe5aa4ba1393f857428ccf01455c27b913604759160d,train_00599.png; train_02390.png,0; 1,297.61; 105.42,2
63139e9dadeba4e4464f7f715b085b01822aa8b7d17610aa6506422921e50a25,train_01997.png; train_04130.png,0; 1,357.00; 265.66,2
6324ac9a8ed45c6edcc093a28f75ba6db1f5b7195cbf06840e6c4a745caae376,train_01161.png; train_05634.png,1; 0,46.16; 342.65,2
63a524fbac3c4dd8c0a3c3a34adfa36a8ca7483cbcfe4b2c4947ef25064c86e5,train_00683.png; train_02563.png,1; 0,52.52; 327.90,2
63b4d65f79aa096d4708532e5d25f899d2acb4260848da7223435d172c426bf8,train_00836.png; train_07238.png,1; 0,106.95; 270.42,2
63bf02fba7a265e671e9b3f9c54f3669cbfd43255b4e589d2b9a72723520eb10,train_02674.png; train_03476.png,0; 1,356.14; 186.00,2
63c8ba1b76a41ea4ecf3bc08067c19abd310e82c2731fe5169c425fd16df4610,train_00335.png; train_02840.png,0; 1,330.63; 320.55,2
63eb3d6eac32ddf58abf350ad2057d1a93aaf12785a4bddbecc61adfccdaed1b,train_00783.png; train_04117.png,1; 0,107.53; 355.69,2
641924bd8d6c0ae2bb5d1763b2bfaf46b81aa3f6e73527af302bec199a9e99c2,train_01907.png; train_03482.png,1; 0,249.65; 303.90,2
641b49e9e63ba76b3447a81525593ddaad978a99d355d3dcd767e7b0265f57ec,train_00794.png; train_07450.png,0; 1,287.21; 189.28,2
642ab5da6c41b8e311be93692423e6e10b9abb392458ea9d86700f2c9060407d,train_04068.png; train_05411.png,1; 0,269.74; 322.40,2
643e7a20139930e716cf8079a1216a1ad0d7ac2d92799d943394cb4ec1b9b5ac,train_00188.png; train_05117.png,1; 0,330.41; 293.74,2
64665912721d056c9bb9b8c1b8953ccda3dda44b902c30911ffc0f4219f5e7e4,train_00285.png; train_04603.png,1; 0,59.28; 314.18,2
64762108c3341e9dc7cf3e5f20fc7f8fc97004277dacb645e76a0e435a867404,train_00019.png; train_05198.png,0; 1,265.65; 343.52,2
64a73500a372fbf794bd2b5c8261cc35ff86199ca6f481de637705b2d4b472b6,train_01391.png; train_07312.png,0; 1,171.58; 269.86,2
64a99ee96cc58cd3451a0907aa34933c288c1a4eb91d72fb6e9a476a81898075,train_02495.png; train_03815.png,1; 0,221.70; 350.53,2
64b7d4448ffa14e166bf5330733fa678f058d8e79172a3d8eb1df822ccf68b94,train_00872.png; train_02268.png,1; 0,77.31; 313.86,2
64db93eff9f5e949316f4ee5a4d9d50307ad770cca9e9012845a49a09096be21,train_01475.png; train_03494.png,0; 1,285.43; 291.28,2
64ff373835998373f92be7425fc07bf66bbe43c5fefa794ea2ad5394c4ad3fc8,train_04249.png; train_05628.png,1; 0,70.50; 335.95,2
656cd0b11ae716d8912c8aa81410d5d2470301532cc272f7957db3383930f655,train_01822.png; train_05135.png,0; 1,315.75; 75.39,2
6593dca6b3bca135d32952d698f00f53c90aca96796e64a379d5645a05aaef0b,train_04414.png; train_06772.png,0; 1,297.53; 175.50,2
65a0fe4478b6178a47821e2e98648bb52acf727c42c5ffb9bde85be58a33ee87,train_00316.png; train_05160.png,1; 0,79.43; 341.30,2
65b21a4253177e54baf2b9f62ea9c391c35bdbeea54cc369d7ae932f324f2e92,train_04189.png; train_04556.png,1; 0,278.63; 346.39,2
65eb9da67c99f22be7bfd26b548af60c41122a1a751716420a63363add809ef5,train_03499.png; train_05838.png,1; 0,224.93; 303.63,2
661d03d2274530d162366928d63ac27b8370ac4e4ca26832f1012c4e93a1f80b,train_03207.png; train_07682.png,1; 0,262.40; 240.71,2
66642f32d925b19af8213c6fa22a741f83410f61f4b67ecd5838038b788b3350,train_00237.png; train_05867.png,0; 1,45.59; 12.63,2
66a5e2251940cf51ebb07bb38f178dcb00ab81f8d84e9082dfdd23f16d76b081,train_02376.png; train_05236.png,1; 0,147.03; 337.89,2
67115655bb96cf1f37e560571f0067b820a80093965f73c3ce39c51fa2d02873,train_03209.png; train_06190.png,1; 0,78.27; 294.47,2
67563741c82a87e7a463303c0bfb0f92d618f894b6de9ca0b7f79c9b87303134,train_00659.png; train_06696.png,1; 0,143.13; 304.16,2
6799a867333a0bff5cdda6dc56808a7a43c24a2af9fdc4113822f60a40ae1c65,train_01194.png; train_07844.png,1; 0,112.10; 327.04,2
680d05d900b5d29a00a82a7acb50de0e6252a31f2161efed69482f37df8ee286,train_00568.png; train_07540.png,1; 0,67.38; 315.05,2
683d08621c690a19bc0b0db16042adf617cd28b1ef1f3fefcf1395ed60a79386,train_01061.png; train_01746.png,1; 0,346.00; 352.97,2
68790e63a3fdaf3afa6b4dfbeb0583476172b51ea68660b9b455349a3177e733,train_05485.png; train_06218.png,0; 1,270.28; 207.44,2
6880b30dc584646ae60e7fa6640e3cb058ea69f737060783a77faf144a2d214e,train_04898.png; train_05388.png,0; 1,65.24; 225.94,2
68b2f2f6e0e85eb52c6961db90b3a17caa59481ef0345a9df6b5bf00aa8c0979,train_01116.png; train_05822.png,0; 1,298.17; 314.66,2
68d6bbf823c8f5572f8ad6a347c21f2b4960cc64ec872ef9348980e8eb270fb3,train_07406.png; train_07493.png,0; 1,309.13; 293.22,2
68e96ecfdac9153ffe28c1dff450583c33e973358bd361d5523dbf9ef2d7335d,train_02867.png; train_03696.png,0; 1,263.78; 257.50,2
6915d06c754c2a45ec2f176e96d1e7f2c625a108b61243953439ffdff0414568,train_02696.png; train_03877.png,1; 0,61.99; 335.57,2
693ad47b214aaa6448fabd6bf2e641abc03d3e39dc1b813db85d739c560788d1,train_04011.png; train_05464.png,1; 0,272.37; 277.79,2
69465aa2b5653038c68d67047e9be79709f78560bab565e027730037d6e5bf6d,train_05153.png; train_06485.png,1; 0,111.36; 294.61,2
696130cbe5c29d47f5e7e3c3095df7f3de9f063aa41695ff38b79ee5aad26677,train_00302.png; train_01198.png,1; 0,201.67; 326.69,2
6961af327e3528e42a306c32928e6f0f68f5c3865a604ecb4ac280a2b5c18ff0,train_00067.png; train_04504.png,1; 0,306.51; 319.90,2
696644c3a99ebc7dcf9999523fb5b54238d012b77196625d3d38c2afa996609d,train_00243.png; train_02809.png,0; 1,112.81; 272.06,2
69c0690d19fd056f2781fc5562692b1ce801cebda519884682b26c927b8618a1,train_00064.png; train_02158.png,1; 0,70.21; 351.28,2
69ce74ac8bf42b03a4a0a7a5e4e1ebc03af825251a47e732922a3654a68a6052,train_01633.png; train_05963.png,0; 1,345.73; 13.65,2
69e7a5520d74383c7aaa0d0488ca20fc2274334c946ed5e5e7b915b7bea18d4f,train_02548.png; train_03796.png,0; 1,309.42; 305.52,2
69ec2a76392695bdaef0ccf0cc80e2b04a40e352733236ddfc0f052dd3d0a0f2,train_00138.png; train_07593.png,0; 1,320.09; 264.35,2
6a22840031409c230da627c49981391502c259e90c532d51a15c81577021b16a,train_01699.png; train_02928.png,1; 0,19.49; 274.49,2
6a4208fa90e829ebd3e2075b4df5c31d5b84866711ae5839f8d57ae88209a742,train_01611.png; train_06666.png,1; 0,80.91; 337.26,2
6a607d50c5b660672e5d3be6d4ccedaff1521ddcf82a6c809012e7cd6874c2e6,train_02764.png; train_03116.png,1; 0,35.81; 301.12,2
6a650a2d87e79296f060d39fe1f7e3335903615e2593ae3a619a03a937a04305,train_02488.png; train_04510.png,0; 1,342.17; 265.75,2
6abfbfd2d43d2500c91c84742916594e2dc13ab6d75840f3b6685c3fbe365052,train_00165.png; train_04810.png,0; 1,279.32; 331.31,2
6b029062bb47288c7d594dd46b4af68617bd5eae9956aa39a5604a03d29c649b,train_06059.png; train_07207.png,1; 0,99.33; 58.29,2
6b04fcacee28b23e402b9d012c5da17591d1ce9ac012c355b0badc99771ad34d,train_00480.png; train_06723.png,0; 1,330.16; 173.21,2
6b443642fbe0a7287df11752cee0cc8d090c1fbc1ac97b3761544fe016184d36,train_01816.png; train_05142.png,0; 1,301.62; 340.79,2
6c0a65becce35b52c1f17a6c496c99e620a466c7facadfceae5b2bbcab7e61e9,train_02835.png; train_04310.png,1; 0,156.00; 267.86,2
6c232db8429705011d70f573108acfea54e9a8e6d7620237900a04c287a69b27,train_00884.png; train_07160.png,1; 0,180.25; 274.23,2
6cb3d8f923e0de051c7be2cea259ae4a57b722769aa19d86a53dce3648276558,train_01227.png; train_05945.png,0; 1,340.89; 323.77,2
6d3b955e093ca7e9af3060b9896de7df9fdd610e0a2d44554e395bac003c426a,train_02069.png; train_04431.png,1; 0,22.71; 342.86,2
6d6b3585f6191f41cdb5fe1f2e4660b21ee4f6c89b4ee3d3b5917aea86d5ca26,train_00588.png; train_03222.png,0; 1,90.09; 257.82,2
6d942dbbb0bc32d6838fc0d5a12921f0195e9cb9b33cc890696156ee696afba6,train_01865.png; train_06577.png,1; 0,341.98; 236.33,2
6decd31eb1508aca51634c1a0daf5089366a8c4d1e47ddcb9b3c79fd6c92f78e,train_03402.png; train_06885.png,0; 1,334.94; 89.60,2
6e0bb9b94c5c6ab5fccc0968193256c685bd8e79d7e8e22cfdd049e6fb5dd82d,train_02539.png; train_03584.png,0; 1,322.11; 203.57,2
6e4ed8b555162d673a3b4bb3a467aa66c47746a38930af97edffae3f04e1014b,train_00806.png; train_04761.png,0; 1,348.43; 37.44,2
6e8c7d68b1ee2a2c23a37a37374113331c9cf6578b9f2e898673fca8bc4a9c92,train_02625.png; train_06709.png,1; 0,321.07; 60.79,2
6f082462d0f21efd9ba35414484d085ffa5e8752c3cb5c03947866636448252c,train_01648.png; train_04582.png,0; 1,317.72; 333.95,2
6f25a7b2b3e08021f0362972559ed5fdc8f1408509f9c19ad2eeb0d260bc2577,train_03650.png; train_04345.png,0; 1,357.54; 233.58,2
6f38bf01a9fff5953d4d29f797e9ed96051b78414a381ce2214e779248fa5952,train_00660.png; train_07096.png,1; 0,22.01; 331.13,2
6f809d9d1a5d1af69736653a292254991a5f0113041a5131185e73fa94449ee0,train_02203.png; train_07056.png,1; 0,314.48; 285.85,2
6fdf3202ad353453c4779900b3cc68c70c04741b12affc4e8775ddaef866e1d2,train_00027.png; train_00321.png,1; 0,70.81; 355.45,2
6fe36bf19ec0f50918ccc20bbb20e060f0bef1e932a402a07cfcab063d685aaa,train_00898.png; train_03745.png,0; 1,340.12; 46.06,2
6fe45555ea899f1e9d981ac5ad1ad7171317b7ca508709762b84d8d258c86c7a,train_02405.png; train_04119.png,0; 1,315.51; 303.40,2
6ff392a44ff243c4e744e57f90e58edcd803b35b1e31359b0af3d903c96c2978,train_02225.png; train_07156.png,1; 0,68.66; 273.66,2
705fd6b1e9701f65441d664f58583d3bd17ddb29d906bf4e69d1fc9057c2b7dc,train_03552.png; train_07823.png,1; 0,229.87; 354.27,2
70a895d4195fd303dd3004101ac40c2e090dbf4d3d95fdeb3c5efd52e56eb518,train_05688.png; train_06872.png,1; 0,209.06; 358.92,2
70cfde9cf83dc0d7d81fe071d4f2e0facef89e56633d4c5d98751dca2bf282a0,train_04549.png; train_07289.png,1; 0,10.45; 270.66,2
718669c0a4ccf6e2fe0afb666dbe4860f71803ace41a0a15ccbd93cfb6425d62,train_01574.png; train_04897.png,1; 0,180.19; 41.02,2
71c4737ef83b5fab815b7a4c90d28795c374726ef6a38ac1bd6b3256b4cdeb27,train_05139.png; train_07533.png,1; 0,331.97; 340.45,2
71c8c8e8b1ac56ea871436015b55d169e03326ef66a530e19884233466add2eb,train_01070.png; train_05697.png,1; 0,296.29; 297.35,2
71d5170d5bb65d65810d8efeb28f5f54b42049a7552795995a4711000185f91b,train_06078.png; train_06730.png,1; 0,53.99; 357.13,2
71e96f78478c37e70fcd460d037b42396175ced7f3f502395ccfdffb5282add7,train_06847.png; train_06971.png,1; 0,46.87; 287.25,2
722046e3ab561dd68bad3714f8bc7b9a070d59275b9fc51c84a0bcad161aa17c,train_04937.png; train_06329.png,0; 1,303.46; 142.76,2
722c1dcdf84319f4a397c3018ffe505181a4513b0bfa10d2d64d74e0ba91d794,train_02862.png; train_04921.png,1; 0,198.55; 318.33,2
724a8cd8ba37284f87ec45ca2bf8a8d9c968816293337c486de957614493d3c6,train_00905.png; train_04974.png,0; 1,278.23; 244.14,2
724de837935d730003938bc08d5015e56ef3a440c67c48d5d67d3f33d86d25b1,train_06293.png; train_06565.png,0; 1,296.14; 114.02,2
7254978534a08929e8fe4a4a785a5294c02d6a8240f45d295c160def0ecb407a,train_00388.png; train_05034.png,1; 0,139.56; 305.30,2
7260e37b229a24a3cba0c78bce73163555ecf147e45e884d350e8622cdadbf74,train_03524.png; train_05687.png,0; 1,352.93; 294.15,2
7274520113bee75f70c661b90aaa428f821cf0ffd1304997ef6a0cd2fdc97070,train_03346.png; train_06234.png,0; 1,308.84; 307.97,2
727e09ba18806274e6cecb48b2ff339d057da6fd5845298b8889b3d7bc87abac,train_04374.png; train_04638.png,1; 0,286.67; 293.98,2
728fffb07f9abaf579c792f7c09181f07b221c30e90790740cbc1a9a81b451d3,train_03857.png; train_04781.png,1; 0,338.54; 290.04,2
72f05325989f73250a4e97e4dd07302a94907f5a021d1d9cebe7a3439334f3d4,train_00256.png; train_05648.png,1; 0,319.42; 296.27,2
734a916eee1809b65ed7fb75db6a6ea630477834bae860dff5c0925d7940b3b7,train_00559.png; train_07306.png,0; 1,314.43; 133.58,2
736e07ba3ca774ff9cd273f1ecf6ff9725b4436c64c4cbd5c4249900720e3007,train_03698.png; train_07467.png,1; 0,230.97; 337.26,2
7379e91133c5bf20729df7d83b49c27214443aecb3fbe35e5e34f309e9706979,train_01027.png; train_04099.png,1; 0,334.48; 346.68,2
73ea9e956de5cfff84616a70de9f5babb27ad8ec697295ed1ba2ae4b9de292c7,train_00040.png; train_06539.png,0; 1,256.77; 119.55,2
73f7245c9d9c34267460cdaa61266ef72512300ffdb58ace63612c3366413515,train_01453.png; train_03148.png,1; 0,335.48; 291.25,2
7419eb8bbbee2c9c7ee20cde7c6cc6e499590c94deeb6f0829d2e51f006425d6,train_02721.png; train_04025.png,1; 0,303.13; 165.35,2
746511023a08eb41c82f16ad39352bfc9ce5f97d9f20fea1ca849e6b86858738,train_06115.png; train_07011.png,1; 0,73.88; 341.17,2
746d6f44111c338df9f57d161ff00477d03c094cbeecbc51db7478754ced7990,train_04366.png; train_07408.png,0; 1,347.21; 285.20,2
748bcb745206bc5a280296e54ff133b3224bd75c8ee6c932a5a0127ec65b7f51,train_04496.png; train_07449.png,1; 0,249.28; 335.83,2
74bac480ef485beb4a096e85de502f70ea33e98675e19c421d0dba3e559d5a09,train_06075.png; train_06261.png,1; 0,160.13; 178.64,2
74d52637025e1483267b716b14702994456cc1339d25be06dc545d2a617a8707,train_00308.png; train_04907.png,0; 1,280.82; 192.48,2
74d82d5fd6a10a2293888035294f5695368b04750e9b375025fad523e74ea6c7,train_05102.png; train_06544.png,1; 0,216.53; 22.48,2
74f57d40df68910a140b7c28eef74e8904b6f2569ecdc282d52a84883474786c,train_01386.png; train_06025.png,1; 0,6.44; 351.31,2
74fe336d63471609292ba56ef76452b482c659c223d9de734e0f44151ac27c96,train_06840.png; train_07525.png,0; 1,270.98; 116.94,2
7549778945fd23cc78d4159886d67cee964835e108345260a1bc67f0609949bc,train_00412.png; train_04284.png,1; 0,320.14; 331.72,2
755472d1dbd9d0445460fc9e506fdc2ac02d53d9768a706c65721baeea0640ee,train_03308.png; train_06480.png,0; 1,242.43; 102.69,2
759c5e3488ed063c8a5f31e84370049f57763ff2c433092fd3a734c54b11a626,train_00020.png; train_03487.png,0; 1,106.18; 258.03,2
75b587cd9b7dc93f6ffdc911cb8ed3edf3c0b9dc8487aececc6a12daee440b24,train_02707.png; train_04805.png,1; 0,3.95; 335.78,2
75c295e56613f6015164b8c3a6beecf2a8efe76894606c8bf7dbbcccca397dcc,train_00696.png; train_00811.png,0; 1,329.26; 27.63,2
75cc2cf2f72fb4ea654159a4b9c94bd561f12e1cbd40b9f95aa2360da65a8db1,train_01641.png; train_05550.png,1; 0,136.09; 329.36,2
76513c5a82a55e333a96eadc1f3ef8a30ede62432ee96568bf5677e5da7b34de,train_01054.png; train_06825.png,0; 1,109.24; 251.89,2
76822f102b57fa1d9c0efae6a4daded8874c9d6838f6c053f20d1781d07bb627,train_01760.png; train_05643.png,0; 1,282.63; 40.26,2
768bb88afe8f235f5c6728f62c4948a8d3f52c3eb905d26c0bef1054d1f95c67,train_04040.png; train_07194.png,1; 0,349.95; 41.79,2
76ae8f8f08ed96a8d70c7f18a23ebf7530013059154182acae70e66e4708375c,train_00919.png; train_06555.png,0; 1,314.91; 55.99,2
76d259531b223339a9c16407ff9985d5c6b9028c97538339dbaa6f3669df2f5e,train_00140.png; train_01035.png,1; 0,86.26; 301.33,2
76d815a36f36a15b8150287a82a479a7117ff3b0329d1bf72cb5fa51ef389454,train_04456.png; train_04932.png,1; 0,309.24; 293.57,2
76f13e15ac39b9270a4a46e69c8677ffe56f9a34a7bb9c98e26ae11e8421ab6e,train_01765.png; train_06390.png,0; 1,299.57; 279.05,2
7712e6bc8047c72d20b97555e59d44c384067ce86692a21fe0afa442d3a27181,train_00419.png; train_01551.png,0; 1,346.63; 48.74,2
771b9b6076e9487ff16c1af00e4f0147b243f49903da3416c2b8c3fbe3846715,train_01608.png; train_04351.png,1; 0,74.43; 347.44,2
774c35c9c548320599eac52c0d2801cb677ab61bdc25a8c9f8d4a83653070484,train_00764.png; train_05906.png,0; 1,286.70; 347.98,2
774d9a90796e979277b40153f8f33a2c06b9e9315a82590dc4c8a4306517afc1,train_00746.png; train_04542.png,1; 0,258.28; 42.14,2
77678d4bb02e4c415614cb84db3986a59d52cfeb45fb12d2110a805828624077,train_01007.png; train_01085.png,1; 0,32.64; 336.20,2
77751914c0fe3c0cf72cbb50864ba28fcd0e771113c82761a67a022d8a40c3eb,train_00345.png; train_05540.png,1; 0,102.98; 183.09,2
77867fe721e46baaface2d310645c23407ae485748848b5b3bc18a1b22c3735a,train_00121.png; train_07730.png,1; 0,345.36; 308.22,2
7792a6e3e50e88b9b3af96befcafc6a25a67e1e4dc2a68ca7a8677b6fd5e8d94,train_01459.png; train_06295.png,0; 1,218.55; 342.58,2
77ac19bae183ba6f0cf4337af7e6dee6152372dff1e6071d0cc98f842872a021,train_00005.png; train_07435.png,0; 1,109.42; 357.61,2
77e39947d677e22b9f9f5c8b04c6525ffb53c4fee5c29009ad77efaba6c8d468,train_03523.png; train_03961.png,0; 1,320.37; 86.96,2
77ff5c623b753501c22598be48dbc1d78d7b7c16b3f89cb4211c0eff2f6f49f6,train_07542.png; train_07837.png,0; 1,205.63; 245.00,2
7887db5281b72a25ef31f5d584ce81e0709907f18464edaf8cc15fe1e5cd7bf0,train_06668.png; train_07545.png,1; 0,348.13; 309.23,2
78af50d72a35c192d3e64830e50d74009f4eab0151f1c2d1115665d3275e3407,train_02874.png; train_03051.png,0; 1,305.43; 187.66,2
79068450aa38817d801f38cfc1af79b26cb119516cf46ca8ad4b843812c51a8d,train_03363.png; train_06149.png,1; 0,345.91; 242.27,2
7909356d5f5e18335b057fb069689afda90d8b03a45add5f0d75dd259af7480d,train_00943.png; train_02273.png,0; 1,358.87; 140.24,2
790d5950630bbc7c7fce7ee65b842df32fcd45aa1beff6ef8efecd8ebc3758f8,train_00319.png; train_05723.png,1; 0,225.21; 357.41,2
793c20508e162a8ffa9f2d31d659306e54e6aa9265fa6ec6b890f8fa5f1da8be,train_02850.png; train_06286.png,0; 1,31.35; 344.81,2
79769c39ceedaefb3711d94cf64c41b6ce4aef1ff974aab8b42f5ec69cb4c8f0,train_01430.png; train_06271.png,0; 1,170.61; 189.23,2
79863c81e51b22cb9c4e77051a485e5f69a501a39448aa27fec742b73f446f5e,train_00282.png; train_02164.png,1; 0,207.79; 336.39,2
7991339f285340ce6f6c4d1f82f4ea725967d522c8c57283d3df542cbf5fd0d2,train_02551.png; train_07634.png,0; 1,341.67; 354.74,2
799fb818e6030c768b196b5e3c95eb042c0c0197063a3d43741cc0fd2409714b,train_01905.png; train_06256.png,1; 0,267.80; 48.79,2
7a1041bbe299ceb3837d3c601c2c10be7d72a70cd2fe1194d96b41524899b0ca,train_02897.png; train_03033.png,0; 1,335.35; 73.00,2
7a4ff20afd955173c87a68131ce45d169eb5cc225c958f093b833b53f1a2eb84,train_01160.png; train_02951.png,0; 1,306.92; 23.28,2
7a50ff01d4185c9fc3d99e32c82c0ba5c2cd52e5a6a520a97a174d31b2987e93,train_00277.png; train_02340.png,1; 0,174.73; 313.75,2
7a5c50cb437a70427499ec668611ef886fe334dd9045c345294b5c5efde436f7,train_02357.png; train_03849.png,0; 1,51.21; 144.32,2
7a6d9a9ef2f372bda05b5a32ff9005f87dfe5a53c08ba7c8fd7cdc63a43aefff,train_04670.png; train_05840.png,1; 0,12.08; 220.61,2
7a7fe7c07993bdefe4229d455a74fcb8d97aae256b4d4bb96b115629a3740ad5,train_03021.png; train_05940.png,1; 0,320.39; 316.07,2
7a989a6b67445c00f779954712894b423f64431cf4079ec182ec6b17c92e64d9,train_03456.png; train_04386.png,0; 1,297.91; 57.74,2
7aa0cb43811894263c2780ca2552a832659a2f3cb7ce8be3bfce481452be3962,train_02037.png; train_03566.png,0; 1,333.78; 162.92,2
7aa6a4e37328406db93de5288d3113893c516be351d48f763bc70c3c41eace8b,train_00579.png; train_03053.png,1; 0,255.01; 130.04,2
7b1ee03211c29d6f39ac62b96725b415845ca39424a4fac094e948c0569286fa,train_05049.png; train_05621.png,0; 1,346.11; 203.63,2
7b9535cb7bceeec9433ee1d96fb11dc560188507029595a2f9648f6ad5fade13,train_02935.png; train_06663.png,1; 0,159.58; 120.40,2
7bef729b37401eb088f3b2f21bcfc2de624872ea05669f84a0ca3a1cf932971f,train_03881.png; train_04836.png,0; 1,327.44; 36.70,2
7bf1fe66c53604e1e2111bdcb07ce1bc650e09cd016e63d4bc5c6af0b8a0e8ae,train_03184.png; train_03349.png,1; 0,165.45; 311.28,2
7c4db7e391753db17d0f5b39369ba5be058b5eaa2f03085ae1f2ab824f029513,train_02151.png; train_05222.png,0; 1,312.25; 244.70,2
7c5b4d91ff86c3f01c93fc0ebf91b571318e4703f4dbc356f4ce794fe62cc297,train_01432.png; train_05875.png,1; 0,229.95; 313.39,2
7c7fdb15a6405b7393522d855a3256886a27de6940991f9ced6732d2c63aa6cf,train_00911.png; train_03647.png,0; 1,224.89; 168.54,2
7c864bc7ebdb66cc5576b552dba8ecdeaee07080ebb9ad5fab729b615db9b853,train_04424.png; train_07331.png,0; 1,302.33; 37.39,2
7c8de3320185d2c0cad8025c05718c648732b4c5731a08458cb18d439215ad1c,train_01924.png; train_06760.png,1; 0,279.50; 284.66,2
7c91e556286c5d78c154c1a430e65168e0518611df5c19e6a9dea6326a0de81a,train_01670.png; train_02969.png,0; 1,336.74; 205.69,2
7caeb6464b8827e75f8e331d82d591c95e90c9ad48bffdf7be4dee8ce76b4fa7,train_04786.png; train_05078.png,0; 1,132.39; 302.59,2
7cf100af76f1b082693d6d2b85ebc80cc01f63ece679d0dbf1ebe06228e6979f,train_01366.png; train_02747.png,0; 1,270.22; 150.14,2
7d035657c574710aab8db117c3bc6373a9db99602f3959bf1c16c7c78dbbdb4f,train_02061.png; train_04417.png,0; 1,358.96; 337.51,2
7d1e148e86788c453301e1577a1ca94b16980f1af2ab5e718184f69c899cd2d4,train_01598.png; train_03839.png,1; 0,92.52; 325.91,2
7d1e1f7e2d3406db0a8710ab646c9afe9133ae13466219d62503fba12463e439,train_02247.png; train_06752.png,1; 0,262.28; 311.40,2
7d5652bc1820a8ec449afea036c6b3b552f39159c1e1b81df86305abb181bdf9,train_03567.png; train_06654.png,0; 1,350.97; 198.64,2
7d6c6ba27cab735432121ff0654ee80e114ebd3556f032b2287b3ff553523329,train_00031.png; train_04964.png,1; 0,177.89; 326.33,2
7d7f130cb15eae2054abf0462d61dd26b5158eb9fef7121c32f5396ff3d18f01,train_00231.png; train_05178.png,0; 1,315.77; 235.38,2
7dc4db3476b2e5b1412f3f68d4c8d0668c2bbaa0317b6693278c2b23be2c1213,train_05647.png; train_07179.png,0; 1,332.38; 80.41,2
7dcb5974604f85aaf10cf771e8590eee9833f70ff63473b5123c28e34c0bec36,train_00283.png; train_05576.png,1; 0,317.48; 304.28,2
7e1414b0797f59f33d92d8392e697d674fdad78bc796a34bdcd0aa6cf023f925,train_02705.png; train_03012.png,0; 1,295.43; 356.25,2
7e2f1fc257da59324f76ecdef2a8c0bc01d0d266cbe66a329dec146aaa368394,train_00803.png; train_03906.png,0; 1,305.12; 300.89,2
7e57e4728414d6bd5fa0306b3c8809c1037586b70a30b81451c1ed587d849ed4,train_00203.png; train_05721.png,1; 0,189.04; 348.88,2
7e5a4c94a6da1d31a32fdc842c25f39538df9140c046eef513394ae6d48cfded,train_01814.png; train_04595.png,0; 1,289.14; 321.27,2
7e60582b80541fcb52b2b19ff6e0f396142914027afd7986f532217d6f8b2f28,train_02283.png; train_07183.png,1; 0,118.12; 313.45,2
7e613c2184c288ae73981ac5c792c9d97a25bf874f94c92a33c291b949c68e36,train_00225.png; train_00590.png,1; 0,346.74; 341.18,2
7e66d24d4dc9464bacf17fb060d0477c5082f7ca01aaffe819deeff526c9dd4a,train_00123.png; train_03907.png,0; 1,302.08; 87.89,2
7e78ea7fab55870dfba38a83218f685bdae16b04b31b3808f6dbc9eb3982382d,train_02109.png; train_03772.png,0; 1,299.65; 244.23,2
7eae615f40d8be979cb8b9a71edb92f0555769077b93703b3fdabf9a7c68e582,train_03484.png; train_06496.png,0; 1,338.64; 110.69,2
7eb2e450e19027c037cdb678de0b5db76700c8312b4941ac3a5e7284c6bd9753,train_02820.png; train_03898.png,0; 1,25.39; 277.67,2
7ecb30e2d337b0302532f6842afda2dba36ce3408856603461af662f87f4690d,train_02384.png; train_07750.png,1; 0,13.74; 310.11,2
7ed6224a97ba0309e1d3cfe79693f4e5df3a8aa6590684290223a385bbe4a6bf,train_02745.png; train_04156.png,1; 0,73.54; 207.95,2
7ed9dab3ca52927bc3c2a0b1bed2d67d3316992353be76b803cf0713c9db7434,train_01891.png; train_07295.png,0; 1,258.70; 327.44,2
7edd3b4c4373dabfca35ec8f980c9f6bbe3d7473295a94b903988aececf86935,train_00890.png; train_01359.png,1; 0,255.74; 312.53,2
7eff6757af4423921e1bab4cb07b05082ef4d2359d1b694ea250001015f2c23e,train_02429.png; train_04550.png,1; 0,347.73; 355.83,2
7f43abc1c09c1ae434aa920719cee2710be7e8556a05811881b62886a56e4d30,train_00079.png; train_02391.png,1; 0,49.28; 311.60,2
7f857658ad148a0f09176921adc9fd253ca191c46da2d22fc051ee54b8f1fee4,train_00802.png; train_00899.png,0; 1,218.25; 36.25,2
7fdc2b2c472246f386236b6304f96ae2ed35942e06482ae4fb03fea073d72d1f,train_05656.png; train_05659.png,1; 0,177.86; 287.56,2
8000150fa6fed549aaaf7f88f1451177a3a80e76e87882175924e1c8110152dd,train_02064.png; train_07566.png,1; 0,227.92; 279.12,2
80423d53316752f6f6ad72f27677d2730801d976ddfa456f4cda6d3903c64881,train_02288.png; train_05521.png,0; 1,355.20; 132.61,2
80463fbb9987b841ebded940e3033f720b8cbf98b1d864186c56af2a776f2ddb,train_01206.png; train_03405.png,1; 0,238.29; 352.43,2
8047f119a7b1812e4ae3354f76c5559a7e5477da103e7e37dc100c2f4099046d,train_01073.png; train_03739.png,0; 1,229.06; 293.33,2
804c88595e1caab9c8c3e023f1aec0d1f1180adc3d898cb433d4182fbfd66721,train_03260.png; train_03550.png,1; 0,103.85; 312.12,2
8053575013feaeffc673d830b264f3723b465adf940e2798ca6644f21b9b2704,train_05232.png; train_06810.png,1; 0,312.71; 337.95,2
8074d025ae28eb78bf98e911a2edd016a42c203abf2dc800061d4b3383207fba,train_00921.png; train_07718.png,1; 0,5.77; 317.42,2
80b0f8758bb86b438d8384ac0ce10d5aa3b122acf3071d68e3ceaa53230a596d,train_03454.png; train_06162.png,0; 1,307.58; 354.95,2
8120058abdaad1fc9c971e2d09b2b021b4846f0cfa0e57b11bfecbd915482adf,train_03599.png; train_05003.png,1; 0,159.98; 89.98,2
81366a94b74c6f1a495118eaff3e5deaf4ade7a6202cb0d10a80a2eb6e21bb5b,train_00478.png; train_04264.png,0; 1,22.52; 194.77,2
81467dccf61cbb6409febe99a9aeba37963f8c46d2707d0a52d9807482acd0fa,train_00009.png; train_00265.png,0; 1,177.07; 239.59,2
817fb81defaf8c8f207b5549265123c225aa6a635471d64cfbf3cde363f7874e,train_01285.png; train_04690.png,1; 0,358.97; 158.71,2
818c286958a27b846296bd2c32d2569d5b4f9a52e8a5840d948642fb8ff7c78d,train_03551.png; train_07639.png,0; 1,332.39; 308.41,2
81a0399df77eeead8e05a98b96150e8d10bd24e99742a4941e54c298b28ae870,train_07272.png; train_07843.png,0; 1,277.35; 85.49,2
81befe63360baf0be59cb4ece3a13bffb13a071803a7f7a823e15a0470be81ad,train_01689.png; train_02566.png,1; 0,114.77; 304.15,2
826e868968799f83f2a8f54e54e1bc2fbdace92c3fee72e8b283412567983ea7,train_00647.png; train_07198.png,1; 0,75.67; 303.31,2
8275a8b29b58ce8202c3fc61a91a3f1e4c586003ee7c6c2088c3d53f96d499e6,train_04779.png; train_05654.png,1; 0,124.00; 332.78,2
8277043caa24434cb7978adeac57885750b1c946b156479b4122d9ee8c5accdd,train_04760.png; train_05031.png,1; 0,174.11; 295.31,2
82a0bdf6dc5a0d4a8e291fb4091a6d7fde6dba97ede81ac90e8cab21b404ba61,train_01937.png; train_04188.png,0; 1,270.65; 288.06,2
82ac9e2c28beb707c0f813cd3d0080f54246d056b6630942cbce2adfc503e0b1,train_00224.png; train_05663.png,1; 0,32.78; 328.97,2
82cd6d28e791eadd364ab03d2522339c73bcbd8893cbb7c073b3c87a7ce58024,train_03516.png; train_05668.png,1; 0,262.83; 290.03,2
831a06de52ff87d776d8ca0413babadca714c3165cfc70fd96dd98ecdf5f247c,train_01478.png; train_02925.png,0; 1,274.30; 246.16,2
8346712a9206f8123d0773b9db6ab7fbbdcb359dd4711f342339862dbe9f141d,train_00865.png; train_07147.png,0; 1,319.35; 203.56,2
835cddab2b276ec0765736220825fcd71e263330a29abc439c94cd8a85d47a0c,train_06170.png; train_06214.png,0; 1,316.74; 266.24,2
837cc751f3fb8e3b6e9d256fc7b60595219eeb241a62062636108a4b0b2eb647,train_01540.png; train_07797.png,0; 1,308.37; 56.68,2
8387a2ff9cc4e6fd5cd176e817aa006fdb11352b380dff274f1c9654eeaf4ed6,train_04489.png; train_05933.png,1; 0,188.36; 43.62,2
83e43c58ec3e279af6c859d0e612706bf51e5934e8c8e18b880ebbeb8be20dbd,train_03003.png; train_05050.png,0; 1,196.36; 122.30,2
83ee658d60c2e0d54727be3a3e99cdfea3ae50b073cb786e5deee9cf5a62c430,train_02680.png; train_03892.png,0; 1,336.35; 0.51,2
83ef217c005be56843681b258d01e5d3cc8e6f68c3888e1370431fbd93c16680,train_05784.png; train_07470.png,0; 1,359.43; 194.17,2
83fb25c7421f664dc4d573353c8c98c0925ab1750bfdf5f325702a897c1358a5,train_00073.png; train_03376.png,1; 0,168.74; 275.53,2
840a44b940c6a6009afe644b034d0ba3e3b8422cccd02b43d61478d5a384ad94,train_01238.png; train_04262.png,1; 0,92.72; 275.88,2
8456d0a13883326d43c340369ee62740975dfe638b82d9f39e89cb0b25dfe2c4,train_07079.png; train_07646.png,0; 1,304.91; 140.67,2
8488209ad33c71e32e7926c758282c68e863afe889e005ca263a5f36f5e1c557,train_00790.png; train_01536.png,0; 1,356.95; 183.52,2
84b14c36ad40634e245131d9ba4c01707ded67ee6bb752c6e06b1a8be3567b45,train_02999.png; train_06880.png,1; 0,101.40; 275.36,2
84faf3026c8aa4581a9c96c42479f49caaec6542e397c3b14d9d6a50217e47ad,train_00148.png; train_05514.png,1; 0,212.16; 189.72,2
853563fa5d02221f592cfdc0e2ff72a3a9c7e195a6c5e38d2509a6b4e6851b68,train_01534.png; train_02467.png,1; 0,226.52; 352.39,2
853ddbdbeedf67914b8a9dbfe341d0275c0ca2824dee3c99fa78b42f927ec3e5,train_00184.png; train_04004.png,1; 0,322.39; 141.28,2
855dcbd0b9353f765eb4a5537dcdfbc51fd1ba405f0f5d1f1b0f390fd03397a4,train_02514.png; train_05706.png,0; 1,343.67; 119.51,2
856145097c43d593257a178cdca649f46afddbe12be249fbfd450401366ab19c,train_03513.png; train_06800.png,0; 1,345.99; 193.16,2
856b6dfd194bbf34f8d0a6e2abb8b9297b7fa7fee703806a02e2781a24372578,train_03237.png; train_04996.png,0; 1,346.45; 296.13,2
8596b01bc3c4962a26824d8eb9b1463fb7a9f196ae07711e8d1ff8fcd47ec833,train_05029.png; train_05371.png,0; 1,333.43; 275.42,2
85b575f8f81c8cf10db14082759dc5cd50ebb02d1d2d9f879852915a5b145839,train_03953.png; train_05853.png,0; 1,127.36; 151.47,2
85eaf021fc21c85ea9f153f85fec2812815d3fec60fe9fd8887428bf3ffd76a3,train_02968.png; train_04231.png,0; 1,297.11; 46.01,2
8612ab050ec69b4db57bf68e1ae8baaa97e3dd85aedb7466fe9ba3db2f5bde7f,train_03339.png; train_05995.png,0; 1,271.85; 75.83,2
8691fddf2ebf032a271209446f9bf1975c789f81ef37b1aa1f20c63e67bf3e39,train_00006.png; train_04407.png,0; 1,303.84; 248.48,2
86d3a070ac159fea50328fdb8370be65fd2a9e9a7e5e0baac50e9fc56a50d8eb,train_01042.png; train_05219.png,1; 0,33.33; 340.55,2
86f32d1281b6fab8c72b51e2baec375e1c6d22a4f2e48f240e22fe5fa374dc57,train_00829.png; train_02453.png,0; 1,327.47; 62.84,2
87287350f7e44e855a0fb271a0e508d6d738e727f21984a8051526d05426ab70,train_00381.png; train_03110.png,0; 1,286.08; 87.93,2
879494c636ccf812e15940bc57f33020f610e1e762e10021738182715cd95fde,train_00354.png; train_05923.png,0; 1,337.52; 184.53,2
884892d863a74d6c21a85b5f9c5ba029d474c27b222e70f88949712353282eb0,train_03399.png; train_05028.png,0; 1,358.49; 273.95,2
884d0286124f64af8cefd478e0bd2e9bed033f55a01b371b7b818e2ca008a35f,train_01153.png; train_05058.png,0; 1,138.46; 67.21,2
886cd1c95c0c4b0be3f2b94144bb70cea3ac142807b1e8b318bd13ef19fbf667,train_01005.png; train_04453.png,1; 0,44.37; 168.37,2
88f7680c4516803a8e3a619db3365fb3a381dee7a8b6d04c5dbbe39bd6837b07,train_02908.png; train_05665.png,1; 0,87.61; 316.77,2
89622cf1ba941494ad1d3a7610a5b7a253b2393b4807802c2c2c59d6493183e0,train_03276.png; train_06194.png,0; 1,327.39; 148.14,2
896600e91e3c569c2a96300ddb8d0481dea95b1d45ec2d2aa1189ad6eafea582,train_01490.png; train_06183.png,1; 0,184.47; 315.84,2
8972787274e66c422776b289b4d05c9081263bac38131c70d25229c09fd72796,train_02531.png; train_02724.png,1; 0,7.98; 326.25,2
89972f0fcbd5c17062908af41de0ee4a11e38a42a97b22632561327a3a63ec42,train_00658.png; train_05333.png,1; 0,191.53; 18.84,2
89bed56c9cc2233e4bba0917e5979cafeeab02921a92cdf58abff871145f9d11,train_01846.png; train_02754.png,1; 0,234.48; 96.13,2
89c021212391b2811fc4667b208adbed1ba727bc27c93c72a02eddb80c8be980,train_03403.png; train_05999.png,1; 0,121.08; 304.76,2
89f5f170610f7df2d7829c9eab93d25df1c4823475a7dc6832c5dfee76e20596,train_02859.png; train_03223.png,0; 1,190.15; 27.39,2
89fabbdaf4e55563c3858d85654139cc1d37307bcb0154d791b9e3895a9b5458,train_01248.png; train_03561.png,0; 1,281.79; 21.44,2
8a5ad9181257e03aa7c308243643ae23edc3c1b6d63fed2720e8fb0bc259d375,train_01169.png; train_07114.png,0; 1,53.73; 293.12,2
8a60c478a0c2514e41627ec9a816b6039f6b128d680f8fc561920e89523f0d70,train_02425.png; train_07054.png,1; 0,318.68; 274.87,2
8a874b70c6e3bdc6df909ad9434bd5f29bbabc1d78f4cadd42030976cec91411,train_02208.png; train_06042.png,0; 1,304.38; 228.60,2
8b24743ad9aff96f48e17e23616680b9a9281466a1c2347995c6464d90d81452,train_00393.png; train_01050.png,0; 1,302.56; 197.06,2
8b3f6694be03424dc40ac621a8e694c8ffd9da35e22cf7f44106b6e132b32b20,train_02946.png; train_07400.png,0; 1,116.26; 353.86,2
8b4665951ffe123543a04bf84a59e87a4426466d61c710eaa0d022e3ae7a9d0c,train_02084.png; train_05535.png,1; 0,14.58; 324.42,2
8bae12e6a35f7769ecd11319e001f3a43c3340a28a64931515dea748cf977860,train_00815.png; train_05742.png,1; 0,118.46; 294.79,2
8bb86f134894ebb73ae0f00f4ae28bbadc97ec018213fb9fd50e7090b39c6ed0,train_00414.png; train_07748.png,0; 1,291.92; 84.09,2
8be4641c186d45a7d17bc1e30f8090574c1e61bf6d97f8e4858a9e1ba4e88ba7,train_02983.png; train_02990.png,1; 0,241.96; 61.11,2
8c4b2a4841a498cba7ef2f4e7f4dc0382b2b1a2ac2143b5828df71873f46f851,train_01486.png; train_05400.png,1; 0,129.07; 276.20,2
8cd3f1edc81a35a4017055d3c0162992f82b032820933f0381d7f214de01a8a3,train_00416.png; train_07469.png,1; 0,175.11; 238.92,2
8ce529b21aabc22c0e4f9b49aef1aa73210e68d2bdba462b1b2ca74d48eb5817,train_01004.png; train_04125.png,1; 0,221.54; 299.68,2
8cfade088d10dd97794ab64c40ca4b503d61c3e5bb9ee6c4b66957a622279b6c,train_01250.png; train_01652.png,0; 1,321.23; 278.52,2
8d1c631bfa8c5d311070e37c836f56577863fddafc3db9eaa444ca27c5a24c85,train_06477.png; train_06495.png,0; 1,273.35; 116.59,2
8dc9159f6d68112f5201b4618ebb19bfcef82341a45ea60826698bdbe9bb4b54,train_00241.png; train_06790.png,0; 1,297.29; 151.30,2
8dd5078f50f67aa938b819d83b94b235e90b8eff2227b4ece44313899b0c6370,train_03878.png; train_07270.png,1; 0,205.29; 286.58,2
8de8f9ace7f4d26c43926f71e5f3723c78eec7c522411b7ef3fcc7136dbeaa4c,train_01401.png; train_03709.png,0; 1,329.55; 50.70,2
8defe3e465782c9fd852ff72aa28f81123d322c526aac08cf05ebbff9605b1e5,train_03633.png; train_06873.png,1; 0,223.67; 317.33,2
8e373e79dd89afe8942f69c823fa791c9b001a17863156df9fc9ff03e9e548bc,train_06503.png; train_07587.png,1; 0,292.41; 322.24,2
8e4bfc8482a28514a67b9ae417b69600d7fa4eb9aa248c7e59de83d8080f7e21,train_02789.png; train_07039.png,1; 0,90.47; 294.20,2
8e6853d42c86f8c607b430b860efac7d98e79d6457737e15d0f2155f6c8f8248,train_06474.png; train_06528.png,1; 0,154.11; 310.96,2
8e87ae332cc29d75a88d27b18cf2c85a0e8b4f8746814296bcbcac8cdc5f8e26,train_02922.png; train_04575.png,1; 0,353.97; 91.58,2
8e8bc06471827f9b4d89801efb956ed0e94a93b71be775e47aa2e3d373093192,train_00022.png; train_01439.png,0; 1,276.76; 351.57,2
8e9042ac3705085407067dc1da6b3307e532111b94b3ba3461aa4eafaf71c1a9,train_02202.png; train_06248.png,1; 0,278.41; 276.86,2
8eff008ceb50238b4373c392ac14941b7c53d5f13451e6b6ba983ecbf9a3307f,train_03381.png; train_04450.png,1; 0,30.48; 331.56,2
8f0fdd08c82950fe34a214f03bb20152583f91e53fc5c8843c99a93162231182,train_02106.png; train_03016.png,1; 0,229.19; 291.52,2
8f4c643e743934145773ba74c095c55d40161bb8058559267b91db5378d76d53,train_04350.png; train_05873.png,1; 0,134.99; 340.10,2
8fd4e4a54e419f25dea362fcf39e436f13e73809efd5153acb405a569faa8a68,train_01950.png; train_07594.png,0; 1,328.41; 106.80,2
90186a051368c6dc62e2f279dea2ec620e924e0a599b3ae14afaee2a9d9061ac,train_00481.png; train_01737.png,1; 0,15.56; 321.82,2
901dd5ee0887ea54372e5524c8867845cc11c6997aec9ce3fe3d29dd3f7cbd08,train_00592.png; train_01000.png,1; 0,76.28; 340.43,2
902c892c554f540e45ed9ac6d059e4242abdee0d50762ee6582640dc352735fa,train_04828.png; train_05418.png,0; 1,313.71; 225.95,2
906ae9f67317f5aeb2d7b3ac7002d713ebb6cdf2d5b9af438d116a9dfe900504,train_02849.png; train_06672.png,1; 0,153.79; 294.04,2
906d3cadcbf7d27d200fa6da603000eeb129912c9b1e8064ecd9a68153453b78,train_01594.png; train_03334.png,1; 0,181.47; 316.12,2
912c3dd829d02b7dd1f1d441229dabf31e583009c1ba5ca9043edfb9d8d63f70,train_00146.png; train_05056.png,1; 0,314.64; 289.83,2
91c472d7919153479b3f67c8181c986dd29c5776bc98c4f9480f1857f37deab2,train_05010.png; train_05790.png,0; 1,334.52; 67.80,2
91db3f9e1698ee7880d29d456829ac77925691cd46e7dc40ea750482a6659d83,train_00715.png; train_01497.png,0; 1,38.38; 5.53,2
9214a6e49c59fb3ab323beeb09c02a944d6f3c1927b621c5dd336ecfe0ff394d,train_05729.png; train_07851.png,0; 1,302.11; 62.66,2
926b7f4682fca88787b50066d9565fc08f58d27183a80bfab465a06cfb041ec9,train_00029.png; train_00424.png,0; 1,278.81; 54.58,2
929693f9c2723c265fb3a4db1c873d0c4a014504c299fb025ff5c491e4680205,train_05669.png; train_06661.png,0; 1,281.94; 162.44,2
92a128ffa8072b8299c159889018929b9a57bee8b8e2b98144d1dc42cc196ed7,train_01680.png; train_07661.png,0; 1,287.07; 74.84,2
92c1bf2160b36281bcb64902bd3943a79565497faf6c5377389c15247ac669a5,train_01084.png; train_02212.png,0; 1,290.23; 69.89,2
92cddcbd6f597041646837173776dea956690aaf317153c449293ea1dbb34bbd,train_00471.png; train_02965.png,1; 0,231.38; 357.31,2
92d8f4d90ac5fd66f122ecc606aaffc7981f7e2a6a3b352b61e30e4d77d65a90,train_03375.png; train_06379.png,1; 0,297.72; 332.36,2
932fdeb324a58aa641309354b869fa8083d3162d940ab150a9d2c2b2e11809ba,train_01472.png; train_06050.png,1; 0,219.59; 289.37,2
933d8d6dd51f2c72ff495b38f763c5afcd641b96f66ffc33b3bae352bec45695,train_02443.png; train_04589.png,0; 1,326.51; 264.94,2
934740000f54cc66cf7621db5bc012d231dd7d396a60c3f0bb396d7a124f80f2,train_07084.png; train_07187.png,0; 1,299.58; 132.81,2
93a611b9c2a6ead5ca5fa8772e748bef2b192e687753db481e5016383efb72ef,train_02892.png; train_04143.png,1; 0,27.96; 359.84,2
93d13cae0897a8c295511eb45df41667b3845690b8a85e25a36388875fafbe58,train_05080.png; train_07353.png,1; 0,268.91; 331.21,2
93f03dbf7e8c0026f17b4193253f5ccb6cacea4ee26211785d0cca869aba3f87,train_03749.png; train_06288.png,0; 1,325.04; 114.10,2
947c7b19498401f101657b4d71174ef1b08a54fa98b9a16347c4a2d26f001cad,train_02632.png; train_03197.png,0; 1,274.90; 147.71,2
9480d2757b6031ecad21eda92befbb1e5db76770cf696c1ba8ebf636be3e84f1,train_04159.png; train_07512.png,0; 1,287.89; 322.51,2
94e48c71bb38e28f1a8cd9ed7c67ea20557fd38bccee9b2d0c629e58b29f250b,train_06064.png; train_06982.png,0; 1,278.81; 264.76,2
94ecc7ffcaea948a25aa899d8e479201fb9adc334d35d9f964d0b315d1ddb340,train_03220.png; train_06325.png,1; 0,69.96; 23.96,2
94fa4c55949a5ca40b41d75b16062a2efb29ba0c6f9a1914082d461624e04f5a,train_02056.png; train_06196.png,1; 0,168.55; 309.98,2
953a9c44e42978933f37d087e4488d5caa82ddc6a1d4c2671c3d1a8aee78f8b9,train_00491.png; train_03111.png,1; 0,178.69; 27.79,2
95480f61942e589abb267546b9149ff68a458e8172e587148b10daa21fc6fac3,train_02396.png; train_05419.png,1; 0,329.93; 334.15,2
9577ff5bf2f4f8e63b8239bb6f9418d210333634094f0f8626696f868e1722c6,train_00425.png; train_02666.png,1; 0,232.80; 313.84,2
958034027d670118b69529b194b6d840ba6a9a8437a236e530fedd40d96106ab,train_01941.png; train_04337.png,0; 1,304.47; 113.33,2
95b0a030911f81abd6398357480d12e808b56b4b83889d519ae4e06fe50597f4,train_01545.png; train_06811.png,0; 1,316.43; 207.69,2
95ef849b480385d2caab799657c6fb88fa4d0c82c707432f0bb9800e94c4a963,train_00301.png; train_04749.png,1; 0,133.46; 354.38,2
9614c4c7d6615e3b91d70157d7527da192b5b3854279821335020d755fbec8fb,train_02143.png; train_07659.png,0; 1,290.58; 105.24,2
9627bd8f7fadd21d7e345132358f386456576ecc69f5a82bef75fcb4b0427c5e,train_07068.png; train_07815.png,1; 0,270.47; 295.51,2
96c13807dc92c50df914472489f310dec3a95e77f090bd4d2f4866727f725927,train_01815.png; train_07570.png,0; 1,306.11; 323.53,2
96e0dc7cba571bbe9cd69dc2c33d9c4b80fff7ccc0cbaf2a85f80a0b043ef610,train_02720.png; train_04912.png,1; 0,81.97; 130.43,2
96ed32801b59fe733bb7ed469926e42a35bfb39d721135f648d36b019ec747a9,train_00777.png; train_07530.png,0; 1,290.86; 161.69,2
970cf3e067f5ac83c8e6b2caef1fc81e9eb31df1a1babf92a49c71255ef77791,train_06013.png; train_07549.png,0; 1,284.26; 61.40,2
97281af0d53312e7874d60d2e3e27b231a21cc8e8f8dc4ed70632a803188c96d,train_00769.png; train_02204.png,1; 0,38.38; 289.80,2
979c278cd26d30dc5845b65b593bb079e452a72198cc67fea1bd2c7c5fdc002e,train_01988.png; train_03966.png,0; 1,296.15; 204.44,2
97a610f59c0a07e988bdc959ffc83749b9d256203086e7df88049356ea323788,train_05837.png; train_06523.png,1; 0,61.91; 334.49,2
97dcf3fc36596810429864e8ec7884d9af4808ca1c74b02a89935871d76da4fa,train_01487.png; train_05677.png,1; 0,100.88; 289.25,2
985c40ba47151153cdfb7083a0648b97a13cc378ede64f08c484303c05c18e04,train_03123.png; train_06355.png,0; 1,346.23; 179.28,2
9875623638cbda2cf1d18dea810994ffbf8d7aa687d1aa4db5e5543ca6f45fda,train_04946.png; train_06365.png,0; 1,301.86; 177.77,2
9896d08c7eeb25a2ea766615ad6d248002983e89f09c129c97b641ef474942d0,train_05633.png; train_05847.png,1; 0,185.11; 279.65,2
98a5e05ddedff16da7c5973861f5125149124df02e842fc19f9ba44c9ba491be,train_01794.png; train_05432.png,0; 1,307.20; 129.54,2
98ae16949d0956e4b5c7268e0a845ad25a481774436a6fbd0952f9706cddbb26,train_01773.png; train_04773.png,0; 1,340.98; 141.57,2
9936941caa71adf71c4c457b07204d2bb0c71417cc5f8871ff25ad3c33497877,train_02360.png; train_07684.png,0; 1,296.64; 317.25,2
993ebd174aadcd0995f8438763f97adfcf68ac1d38aff87a615df8a3d769116d,train_01996.png; train_02397.png,0; 1,328.39; 162.67,2
99df6098fc4d50474649b4fd3dc65400b68a62cd9b8ed7da3d1b777bfcb6ea39,train_01065.png; train_01231.png,0; 1,296.90; 183.56,2
99fd0a2d3151bb78ac93674272a718d5e991b04294b69adc79bb4314adecadee,train_00603.png; train_04667.png,1; 0,195.66; 358.62,2
9ab0f19d3315a2143226a2c83be321397add5964df619bbf0204c5a050863dcf,train_01052.png; train_02776.png,1; 0,196.60; 320.81,2
9aba1aeee77a5fc969dd93c590e588e8550bf11ccdf62a55cce4c8d58b6cdee7,train_04297.png; train_07695.png,0; 1,311.51; 151.15,2
9b03ce11d6001bc8af9b786ce4bf9f002f62a36d33b632238cd1cf8210d3a4c8,train_01180.png; train_01624.png,0; 1,69.74; 230.26,2
9b09af857d6807906ee20e6a81f88f3e4318fab122e0dd4fea0f79d0d7239076,train_02804.png; train_04823.png,0; 1,14.16; 210.18,2
9b356ccf9fc96f66a924e5a6c4d101647f970fa6db73953b8ad65a22bcda11ed,train_03194.png; train_07106.png,0; 1,336.54; 65.87,2
9b4314b8f6fa0a1348bc9b855cf478c083e43116609a1a55a1e477ca04f8227c,train_02657.png; train_04599.png,0; 1,304.24; 160.55,2
9b810c52189b257e690c00921b0ae97069c096bb84dcea1d98b7f38717ae3867,train_01211.png; train_01985.png,1; 0,33.45; 309.36,2
9b901bffbdad2edc0408a0422fae12b466753f077cb721e3459beda4b6d64fb4,train_02655.png; train_07724.png,1; 0,158.86; 312.81,2
9c095f563605e924d8f3d94a0325eb7e998985acdebd6bd45626f0c94ff946d2,train_04893.png; train_07363.png,1; 0,62.74; 296.09,2
9c0c9cfb4dc4727fd6b26a715d4ceedb7eb26699fe30c959058abb7ba67f203f,train_02130.png; train_05444.png,0; 1,305.43; 59.45,2
9c21e2cb9e428425bed7464a67f02541f4778524c1afc4988715e304798b2899,train_03537.png; train_07148.png,0; 1,273.88; 55.78,2
9c46b73c055c18a297b15c6ff3dd33e568f8571c4775103331b49386f352a5ed,train_01665.png; train_03951.png,0; 1,273.96; 327.84,2
9c6bde556837e37584869c64265e3f16a9b699ff08a27dc1e5c7a8b2f93fb24c,train_03441.png; train_06560.png,1; 0,82.55; 308.42,2
9c6d1ca4312bb7a48e619ff2e6fbab4b2b77f0656fd9d68d718361c07a4d9972,train_00833.png; train_07073.png,0; 1,290.75; 334.00,2
9c8256d87880dcda5d06005aed1ef38faaf9c861ebc3075e55f26e8d814a7cd0,train_04312.png; train_06060.png,0; 1,338.37; 209.74,2
9c933ca7df8cd02f5ef2e4b4f3337c858a4dbbc357bb244fa30999c4786cc010,train_00326.png; train_03851.png,0; 1,310.67; 299.54,2
9cb1734bcdca6db6a0608e3211ba17d6840ba74296a6b53fac898d155120a695,train_01064.png; train_01877.png,1; 0,87.78; 317.67,2
9d73f20524ee6fd9c58a99a920ee347ff73547f8f16f56975a3ee984b8f1df0c,train_01720.png; train_07810.png,1; 0,102.02; 182.60,2
9d9f2df18d3277a47588ef8d9300d7ca234d8d5665690728f33ab82c4035629f,train_02577.png; train_07834.png,1; 0,210.10; 285.36,2
9e3196d03ffcd02348e533d8a31896726472beb5908d9b4c8bb574d5da0874f3,train_04255.png; train_05390.png,0; 1,145.92; 166.62,2
9e4f9ff9af2b0f8ef5991a722596bd45ae526a66964dc769382eb89b7afa88cd,train_05763.png; train_06561.png,1; 0,357.10; 309.40,2
9e713ace7ad726fb64c7b0d7358057c1fb79655612008f351b6a31f0c8e56a85,train_00317.png; train_07409.png,1; 0,299.83; 356.20,2
9f035345f4909747db38c5beb9d89a024169b351586859a09df6707b1e20b017,train_04746.png; train_06267.png,0; 1,274.00; 129.31,2
9f052784836cd54d72ef12bbd33bf1e414c561902168eb544bc78ccfb9d98401,train_02370.png; train_06812.png,0; 1,353.07; 133.71,2
9f4e623fbf747e977221bb8a486932af709c7efa8b78c462180532f7db22e700,train_00300.png; train_07546.png,0; 1,276.19; 46.29,2
9f6130d43fce8a843515ea999315652fbb0c69cf11ac5e4bf8a0c2267cb08804,train_00342.png; train_05751.png,0; 1,132.42; 182.30,2
9f7d94bbe553228214497170850b1b5e9592620229fe6fb190fe21570e1e4342,train_00597.png; train_03263.png,1; 0,23.70; 333.99,2
9fbb11d7fe82c39cfea7955d399df9bef6dd77c8de08a309210a2807cfb2271a,train_03401.png; train_04058.png,1; 0,90.69; 288.29,2
9fbfeefef4a766018eeaae6d61b60f24f65d980f9646c55a5ae3b50113903afb,train_01843.png; train_05286.png,0; 1,289.57; 212.76,2
9fd47e89c4a420cf3d9a6c04969d34f76a0c1f13a57b10bb0c48b0bc74fe0153,train_00452.png; train_02952.png,1; 0,289.68; 280.74,2
a0077e86da07c8d3ec182a650e7437f34eb0e4e9f2b5c0605053ebb64b83d2a4,train_01060.png; train_01631.png,1; 0,114.40; 295.02,2
a0168e84b7655f161fc0b9b222179f2e6457a5c02cde95ef430df9edcd1611de,train_01837.png; train_03630.png,1; 0,291.45; 131.43,2
a08b00ed75fd7ced1161d36fb7b645a56fe8e6547c5d55abac1eb6a8ae73f9c5,train_01278.png; train_03300.png,1; 0,35.73; 125.95,2
a099bf5562ad3867a6c8f03fc5889d8adaceb1cbf966711817c68b844ec92c4d,train_03764.png; train_04721.png,1; 0,48.74; 236.39,2
a0bbe6b1b7e93a08aefa97e658c4102ae0617c6d319ba8aafd945fe437993263,train_01984.png; train_02301.png,1; 0,13.05; 282.15,2
a0c801b1d0b59c771bcbb471968bcf6eec66a43af5667bb43935a473069558aa,train_02829.png; train_05872.png,1; 0,73.44; 43.11,2
a0ed64b71236c61003f0ed6f77d3b6383434b0cd146a507facb38e499c280ff0,train_02189.png; train_06415.png,1; 0,43.67; 296.38,2
a13876dbd41ea24260682a8c660c476bccb05db02b639349dbd1230bc1b9c986,train_01489.png; train_05332.png,0; 1,294.16; 351.21,2
a161c050f97c4297a8c5df6b7accda983a3bb1ea0d8eb3deadf867b77581f7ea,train_00145.png; train_06289.png,0; 1,337.02; 189.88,2
a16d22ec3832b207082ffc82cd53db33c2bde2b73547c5df92f19bdf358be311,train_02091.png; train_06386.png,0; 1,342.18; 84.92,2
a1a08eeaefc9f0efaf7fd62b338d8ea1267d7435ebea24796389e43127c8fca3,train_02687.png; train_03890.png,0; 1,356.98; 105.13,2
a1a84b58db9bdf11659af50a69750c9965b6063dbc5c55ce5dcc7731a1fca4a8,train_01364.png; train_03124.png,0; 1,310.26; 316.72,2
a1c19f87c01865dc1451f6978beda2b3ed6a861efb7d174230ad0727b25be101,train_00854.png; train_06766.png,0; 1,338.06; 154.71,2
a1de774b12888e3a744995996a364e7ba4cce3a090d9eac7dc4291dfd7d9a42c,train_01498.png; train_04394.png,0; 1,318.31; 217.05,2
a1ef6dcfd883312bf31914b0f8ca31cc148fc452b7239f7228727b932468eb5b,train_01541.png; train_04737.png,1; 0,110.07; 112.77,2
a1f5b962394fabe33c2f04685dd3bba8dbbf25f28e4583c42e8c98af0412e0d3,train_00819.png; train_04607.png,0; 1,263.20; 235.75,2
a20ebe14c8c4d3a82ab309820c4e5cbea8b5769457397eb7ddabc47e9bb385f4,train_00902.png; train_05454.png,0; 1,333.28; 202.92,2
a2143b125a34395d32be5f3aa897b2ab036a4b4b15abca582d8ee043add2c72a,train_01723.png; train_04335.png,1; 0,170.57; 213.27,2
a264501185b822de2a805fcbb233f5fea4597b9ffa0c63bdbc268a9765ddc818,train_01407.png; train_07728.png,0; 1,297.34; 116.45,2
a2b58103372192fe2113b1888851b43e5ed7e63d5e997de3675341e810b72972,train_02997.png; train_05908.png,1; 0,119.34; 277.19,2
a322f86290c204bd377f9dd2df1611d560aab10b136ad3ecd5acb18985049728,train_00093.png; train_01750.png,0; 1,285.82; 162.85,2
a35f9f3cee74631b704358f38e7dbf0eea2a370309f0712cc582949cfebdceee,train_01385.png; train_04807.png,1; 0,163.79; 342.51,2
a3612abc5b06d7a7b6c821201d02c1d93a0cbbc5d3a4d6aa444684519f2245f9,train_03915.png; train_05650.png,1; 0,320.30; 272.80,2
a3775374c7749029709a9c36987ba934b824326d9cf501d28b4ee66940e85631,train_00230.png; train_05769.png,0; 1,323.80; 5.44,2
a37c2e7a8f41bff45eb03c39d99847188a1bed6eae38349fdf8ebdf56bfc6f97,train_00781.png; train_06434.png,0; 1,277.10; 18.35,2
a393069828cd58955ed793a463962c7ab9bfeeb5cfe5cf4eab1da183c68ce1b4,train_02672.png; train_03706.png,1; 0,194.69; 276.51,2
a3c3497f3f7a2bef207b7be3f9794064d13f48d3c75524985ed079cfea975bd7,train_06128.png; train_07723.png,1; 0,84.39; 96.68,2
a3fd993b48a142a7c9af6beba3e2caa3735e8f9c9627f8bb05096570c89a63a5,train_00395.png; train_06724.png,0; 1,272.27; 14.78,2
a40886241854c019badef43b66c11f2e0763c24cc251436d42267904aa55cb28,train_00962.png; train_04219.png,1; 0,281.13; 355.09,2
a41abb18c56b6ea29b952b49bd8f376f65d7aaec7db047428440944c8b244e1d,train_00742.png; train_03957.png,0; 1,232.29; 16.72,2
a46efb75814a254933d68f3b226cf6fbd27460c5ac5622e920fa6e4c9bd1dfc2,train_03514.png; train_05098.png,0; 1,275.44; 117.98,2
a50bde765e219531876fe7b7156b8143dfd5dfe3ce0538ffc8f0d0f1a1481cdb,train_02755.png; train_03452.png,0; 1,334.19; 334.01,2
a523ef961d93ed48ad98c0708c114fe2e1416c642758566806bc71e1a12574d8,train_02138.png; train_02471.png,1; 0,181.15; 334.59,2
a53f4b43e4eb72a639c1f09a76a5230d8e480254329efb2c73360a90260206da,train_03176.png; train_04577.png,0; 1,294.21; 2.92,2
a54006a04cbadb227b2ceb72dca38a87d1ec2df0c921dc90b6e8e1a137c5d682,train_02808.png; train_02881.png,0; 1,274.39; 275.20,2
a547611ce76b2709aa113d3dad2b191cf7e756669b11e3ab57b6f75a3286ccf6,train_02006.png; train_04302.png,1; 0,303.20; 330.29,2
a56a94ea216e3b0a7830b75ddca3822ed06f632754910e1db91ceee08544fcc0,train_00258.png; train_07505.png,0; 1,349.10; 336.07,2
a5b0c770adea29da6a5cd276da240643ba3f4a2653af5ef4bc03327efd36f341,train_04857.png; train_04962.png,1; 0,94.48; 180.46,2
a5c37e7188d09d7893921fa7ccea1406eb1dadbe991985b28cff9ee130e9b132,train_02102.png; train_07313.png,0; 1,288.66; 58.62,2
a5e9cd730038b17889dd5f12f61014c94aed5fe14e456219a14830d2e075220e,train_01236.png; train_05773.png,0; 1,156.74; 31.44,2
a626ba3a57af6eb37d421d77bf552ee599a954a4e1a436fba4bdefe777e681e0,train_03606.png; train_03786.png,0; 1,344.45; 349.94,2
a6405c7bb7a64b12129f65e11a88050de0f5ac6f16094df049080f8a70af7654,train_00268.png; train_07014.png,1; 0,58.11; 343.75,2
a6b2b41bd7a78152003995f6daf88bdababf6974603bfaa5eafe1365459c38a7,train_00443.png; train_04401.png,1; 0,199.27; 279.51,2
a705e3785b356832d0f305442ee5a02b5aaf907932275efea5a6bfb299f60976,train_01168.png; train_03330.png,1; 0,100.33; 283.52,2
a76066af9aabc58bf016cb1c1119010a16c1f0fc681b241c593209b870e4cfba,train_03509.png; train_06015.png,0; 1,286.72; 356.11,2
a7cc8624b44cec4f6ebe35bc9dcece5a2c17b299ae3684a6eb8b2c8eee6e46b3,train_00520.png; train_02919.png,0; 1,339.61; 220.03,2
a842877d6f0d22c7e67072e132321109c1acc7e0e175b96f488952e9da8b8c73,train_01436.png; train_02939.png,1; 0,304.92; 199.57,2
a86533efd23d8259ded86fc6d3b719fa8f49ecb27851e48f1bb8776850847bf6,train_02320.png; train_03674.png,0; 1,276.63; 344.30,2
a8a6b98a8882ffb4e0c40e10ca9091d151c7013380b11fd9f573cfc3b3b4b384,train_01022.png; train_04406.png,0; 1,297.56; 124.93,2
a91c3d76315e9b07a367a269fc052b2e9e5de9fda3267b5b0c7f48251666482c,train_00507.png; train_05739.png,1; 0,278.26; 153.69,2
a94a5cc08e614bfea18353dbd7f56abe24195222f09a67267f9d8eb2b9cf4d07,train_01610.png; train_07511.png,0; 1,279.15; 75.06,2
a97dcdf6acaca81c61a242efb0a63323997b122b69c6a4a3c972c4990e9d4f05,train_02251.png; train_04641.png,0; 1,345.87; 267.92,2
a98b25d23e572fc1dfe69ca6bee1a53808cf07303bb83646beec3972d8908f4b,train_02094.png; train_02607.png,0; 1,281.05; 2.34,2
a9b359b03cf9c701c3b9419169e905e2cd3a655b8ae49572d2b2ca197719b9fb,train_00175.png; train_06898.png,0; 1,292.97; 138.31,2
a9c5f988eb3f833ee691254cc834c8a4be1f3e60fa16ed5e6135373e9498bef8,train_07116.png; train_07359.png,0; 1,326.29; 244.42,2
a9cc321f58f2ae4ca93a7caf350baf207e70c0229965620594fcba97853f49ec,train_00199.png; train_07761.png,0; 1,129.77; 347.36,2
a9eb32c1fe66a679c528d0ab549ce8c6cfa954e0dbfaff3fbaa967c2806e9270,train_01470.png; train_03290.png,1; 0,178.37; 341.74,2
a9f42b7d827fc93bf459e1896fb758e6a3dde62c33713979c5b741cf690839a0,train_01115.png; train_03681.png,0; 1,352.08; 28.88,2
aa81cf7439d64d68e973727a2dcb282162e5fe4757d4a3a27cd15b07c1d690ec,train_02637.png; train_06157.png,1; 0,4.38; 326.61,2
aae0bf2480d4c3d8f6149e6450a8ee4359182c8ae5fcc64962e1a6436b4c9fbc,train_00221.png; train_03359.png,1; 0,293.60; 351.39,2
aaea43a9f7d46205c930db4bd4f80dbefd66f919559dbbff2bf7c867a91960c9,train_03817.png; train_04232.png,0; 1,277.93; 110.56,2
ab139699576e643df4639f8444efb66fb82318b3693d1e25ffadeea41d34c010,train_04611.png; train_06652.png,0; 1,298.87; 155.36,2
ab452bec77ff820f899ac4b749434a549aaf697f212ee1e120edcf31e1cbb6d5,train_01447.png; train_01738.png,0; 1,293.21; 280.73,2
ab92833c1cf25f3aa5a33fb9e480ef6014ea214af321aebe26405e0e691e3e27,train_03867.png; train_07577.png,1; 0,305.83; 347.67,2
ab9ad4fb5da25aacc3efb80ecca07d3aa213d06e9b1711be6c6fe03febbd2889,train_01165.png; train_01522.png,0; 1,308.07; 32.70,2
abbab36c993604dff11c7116ca78b5ddbfa4345ff5477d4dbb079bcf6127405f,train_04724.png; train_05321.png,0; 1,288.95; 87.86,2
abfb6d10eb396422a61015f16a7da8ef7848c2294062707e1ac14bd9446a270a,train_01048.png; train_03430.png,0; 1,289.56; 288.32,2
ac1283cd57da92772bbf5b848f6c0bd2c75e8ad0fef6a939bcbc3040c6e344a1,train_00109.png; train_02431.png,0; 1,327.58; 245.79,2
ac26e112d0ecf7048562fe942cc05da08aa2421cde8291d489ceaab4c6e32019,train_02888.png; train_03256.png,0; 1,347.59; 53.93,2
ac26e8b55dff192b4f0974da405b5510c4701c9437f20ab1eab98f120249488b,train_03558.png; train_06762.png,1; 0,195.28; 77.37,2
ac454af47759a894bcd64073610de9b2389684e97f36e4b0a6a29064bdafabec,train_03596.png; train_05937.png,0; 1,310.56; 252.17,2
ac59c0b723c2d7526e2a0445476cb783190081dddc89debac1d4407fc0249c88,train_02464.png; train_06884.png,0; 1,321.83; 170.16,2
ac63e27d7aa50644647fa9825296ea99fbba499e86a87afec20c97fa2b95261b,train_03205.png; train_07835.png,1; 0,39.78; 295.38,2
ac892e478fd4caf8e070e9e9723177135434a00a6f2ffb7ea1983a086f2a90ab,train_01268.png; train_03652.png,0; 1,330.98; 171.11,2
ac9c8264dd19be9ca4bfcda99c8acb4fc74755f39b0315828826243d092465dc,train_04584.png; train_04874.png,0; 1,354.14; 320.51,2
acc034960f0f9a2602649a49d4791c6db0970af440ea82d54fb4f87e0edf2921,train_02532.png; train_07796.png,0; 1,332.10; 306.11,2
ad2024f850b55883ec858300ffb801232ff5db5d9b32ff9156a9a6e9e58dcfc7,train_00269.png; train_06360.png,0; 1,288.00; 76.80,2
ad32fda87d5f6f101264a06a0039bdf9b9d14693add8b2e5118b445ff079fc52,train_02700.png; train_07053.png,1; 0,257.48; 309.55,2
ad3c33e58ec72c0261ed9003f128c4828e2dd057fcf00d9d77848624b4fea842,train_03279.png; train_07765.png,0; 1,294.28; 65.34,2
ad54bb5d0ca8de57585e0e5dc2f70dda1a76c6205009c4d63437bd88295bdb2a,train_03369.png; train_05502.png,1; 0,143.69; 328.45,2
ad5864d210369311f2cbde306ad6e6aaf5eef851d6b77133340e3d41d4a9547c,train_06054.png; train_07226.png,1; 0,165.74; 349.05,2
ad598368546cf6a9a2876c4621c8068e90b40d55f7e29da83075c0b8705f339b,train_05385.png; train_07243.png,0; 1,325.94; 23.34,2
ae00634f8678cb1d84b04c72c3e532aeec51bf8ab61d51a4312a82e30ce623ba,train_06402.png; train_07442.png,1; 0,14.33; 356.52,2
ae69532858e3c85ba61e31f2e533ea4b4942f531740545752a07f1a2e7f43f12,train_03619.png; train_05707.png,1; 0,144.48; 275.95,2
ae75633bd86bafa479879915bd4be0ca7d52510f3f6a672e2aafc05d769a6842,train_03103.png; train_05874.png,1; 0,323.99; 349.70,2
ae8a2125f0ac4056d52f35e66cadf65a611ad6df242177077dcb8da1d4391daf,train_03865.png; train_05987.png,0; 1,343.96; 123.15,2
ae983ecca96fc1b17a2a3f3bd03aa46e6e855df38da6df6c74d69a0b823d044d,train_02569.png; train_04815.png,1; 0,312.24; 311.17,2
aea9f7c23b411ea7f3367d81d699057ef4caf7162d19bf7f556c63102b382a7c,train_01730.png; train_04220.png,0; 1,186.68; 61.36,2
aed9a65589550a31686b36b7704717c71457394282761147cd18bb4d1347f7fe,train_01290.png; train_03411.png,1; 0,3.95; 344.75,2
af65df420dd3d2f87c8f646b73de59dfb22ef782dff49b282b9995ad5b413a05,train_04821.png; train_07840.png,0; 1,357.17; 21.59,2
af798bbd9e04d100a9dfb9d7ab98f7dcc3070dcee76b06cf982e15c7c5c12a68,train_01796.png; train_04391.png,0; 1,338.59; 115.57,2
af9f56a9da39763b3614bf28eed25631890e2f05502f03ac8498831b3a6fa1c2,train_01331.png; train_01408.png,0; 1,300.81; 28.41,2
afe37bf2895470a5acff377b7ad3c2ef18e0681a6040caf1d76af15e26e02fed,train_04176.png; train_05696.png,0; 1,332.87; 289.23,2
b01b788148883b1876a3966b6205226ce2fb265570755327eb82859cb4a272d8,train_03545.png; train_05368.png,1; 0,15.02; 338.75,2
b0528aaa18028236caa1665bd969308c84e71f07614b963c8b0a3a9f91090c1e,train_03257.png; train_05974.png,1; 0,67.82; 278.20,2
b0c72643abb8cf264e51e2a392348faa3451fd6cae52de30e1b02142ba8d17a1,train_00719.png; train_04727.png,1; 0,6.74; 289.13,2
b0eba315e5a17e2b49a55dc6ae0c61676aa2cde9fb0ec58f3ecc604d42d03784,train_04793.png; train_06100.png,1; 0,220.89; 282.84,2
b10d83afd4b224f4f8e19d89211bc9b6ba09712f14a26b953bc608cc9a9d26f6,train_00324.png; train_00786.png,0; 1,282.56; 215.64,2
b1111b765fb0f8f782ab1813f6f209267d44fef2a66d40c893cf3ef2fee38ed5,train_04619.png; train_06246.png,0; 1,316.71; 54.87,2
b1253420776ad10f1a133d2030d44040db9cb17c1e2d00da744135a4f27ee8fd,train_01612.png; train_04151.png,0; 1,118.91; 45.55,2
b125969eca22e5b14c44ae5a848bc1517bf0fbf828639fbaa20928baaeedae97,train_01049.png; train_03114.png,0; 1,314.50; 100.38,2
b1389019bdf857295c272cc0ff65a5bf3377331f1af55b593a24a4527b097d5a,train_03546.png; train_03658.png,0; 1,323.26; 37.01,2
b15168c168e9902acaccb50fbf0c307c93ec3150d35ede866c83312eb8a285a5,train_04421.png; train_06927.png,0; 1,320.55; 108.51,2
b15aa9e4e1f4730d9fa6a9f380cc76dd7d04bc4b2f9ed0b771651906b003268c,train_03609.png; train_04481.png,1; 0,169.67; 322.23,2
b18f5c1432975b8328f8cbe14634185be4aabe2d23b66eed0edcb43d6fc32d62,train_04162.png; train_05671.png,1; 0,163.19; 267.69,2
b19253b9af0000a36b737e153312b7b31bbfac2f4148aace908901b7f714a93e,train_00106.png; train_02412.png,0; 1,277.60; 285.76,2
b19cbe2eb501d2f09bc724e1bc82cbee5dcb2e8c6d923e7932d3c01064e1d742,train_01291.png; train_06335.png,1; 0,355.00; 291.23,2
b19dc2077b7a1f6f55caa1aec0e41e718f202d7216e4be5ba141c1c3946b7013,train_03270.png; train_04924.png,1; 0,106.34; 296.48,2
b1daa4a23799bb2764b88ea0251ce5d4f05eb16f556de95403ab188e4d842200,train_03212.png; train_05021.png,1; 0,33.92; 308.34,2
b1efcdab007826652248fc8a20ffac0c17756fa739f40cac2e994f8f24508655,train_04532.png; train_06478.png,1; 0,235.18; 341.52,2
b209cd3ae0f1be0ca1d4eb4194b7734d3c733e3e34e1637fb4c2d660b32d45bf,train_02479.png; train_03414.png,0; 1,307.64; 165.29,2
b21854d090cd76e42d06162f2e59693fa42d58c1facf94cc280eff35d3cae5f3,train_05820.png; train_07805.png,1; 0,61.31; 244.28,2
b21ffe8e57f262351f447f4fb742bdee56b3fd9f3febd4f5548ce5b9ccc1a366,train_01400.png; train_07262.png,0; 1,324.87; 281.87,2
b272ae6878c88a91718c80a0798acbdaa6c932f6556f7db4553dedce49e8c683,train_01404.png; train_04865.png,0; 1,95.61; 245.35,2
b2c8e06379237a618a3adc2fffe65efcbca71c850cd52ff26284a74995ee5269,train_01554.png; train_04494.png,0; 1,353.03; 237.67,2
b2e8aba971c9ee31cde234445eeb6df55ac7b80d95c5e8d27f257345250cc40f,train_05630.png; train_06274.png,1; 0,46.11; 145.04,2
b333ae2b8ef96dc8468439e4699bf4bd40bccd1747ef40e517a69bf0370a77a2,train_05772.png; train_06612.png,0; 1,301.12; 156.98,2
b3b11c43346975f59e89212dde77a85af49118692f1a4220952053b6c9b28268,train_01288.png; train_05024.png,1; 0,106.51; 313.66,2
b3df08a17182726fc8a0c1adb7e6b3eb523233bedebfc47f8eda03327114a7b2,train_01499.png; train_05806.png,0; 1,307.43; 254.57,2
b40b72c3a677d0cbd817d1edbfd6bb1f0c642198999a34e5d5ff66ad6bb4aa89,train_02887.png; train_06353.png,1; 0,67.14; 337.16,2
b448c3f766ff58c54d79fd8ba4b9edcbcd6725062f171d55ef80da4f18e6e59f,train_01170.png; train_04855.png,0; 1,306.81; 235.55,2
b461cf64bcc5d049b09a640ac3a2c8c94f79691f9c5124df3187a7b2c1bef254,train_01431.png; train_03908.png,0; 1,344.15; 11.59,2
b4785517c40a6ca2723658563b15a7bdb674d98b6e5d4298514268ad8682aa62,train_02609.png; train_05083.png,1; 0,132.57; 313.55,2
b47c9a48388c813433b209565c0c407f07e94b45250097fb4467d841e7de78c8,train_01777.png; train_06712.png,0; 1,333.76; 121.85,2
b483de579575c0d67a7b91bcaafb916ae04d1c53dbab60354e87645595f92e50,train_00334.png; train_00653.png,0; 1,348.06; 262.38,2
b486337fb2700d96ced4c3490b1adeee10bb9f543ef815566f6f842e11e13dd4,train_02906.png; train_03254.png,1; 0,325.83; 180.92,2
b4d82500eeb46c22257fc73ffa2d0b36840c693031bec6995554838fd4cf071b,train_00768.png; train_05428.png,1; 0,232.84; 353.07,2
b4ecdcf62a07e241ae5445f3493fe53f78a0bb96a2bb222693aa0dd8b5f56878,train_02686.png; train_06534.png,1; 0,142.97; 294.62,2
b5173cffa605af9c873cc674bdca66f015b72f3e953fa797c24a4451646930ac,train_01976.png; train_03119.png,0; 1,270.86; 136.84,2
b52206da93a537296996688e052a27443c3e2a1bc29c2ab8c9c61d0fccabd55e,train_04116.png; train_04877.png,0; 1,308.05; 118.49,2
b55a2237ef2d4b885021474a39960ec0e79ac7ed512873891deef8ed337ca495,train_00709.png; train_06596.png,1; 0,0.43; 53.03,2
b59ebf03f004848618e3ecf8b179e0735993edc7f119e4d98d36264f5e809117,train_00135.png; train_06889.png,0; 1,271.64; 162.77,2
b5c5e289038b364be8c2e21e37a155513bf20529897ade5e9ee1e4858ff2f271,train_03707.png; train_06403.png,1; 0,335.89; 315.34,2
b61a7566844eaf66fa714900ecb1da8cb1c9014cfbaca2509c884935e53b2635,train_01685.png; train_05702.png,1; 0,117.71; 323.85,2
b63a2831b1b7ab13ca5323fb0f0acd5d01175275f2f9383e773112646902fccf,train_02753.png; train_03595.png,1; 0,37.77; 84.10,2
b63fcbc704c9dad6340fdbd4586b3a8dcf344b7ca0b1761590cf238cbbb23e9f,train_00858.png; train_04811.png,1; 0,128.10; 312.07,2
b68ff6d3ae7e0b97cd6887b60dcf350c15812481fe9e9baa9cc2cf1a75fade43,train_02092.png; train_07743.png,0; 1,346.90; 5.07,2
b6e02408b80fdb335dc5c6973addce9b78531ee59cbf2699033fdff28b6e5051,train_04229.png; train_04613.png,0; 1,156.98; 284.38,2
b6e7e14a101fda9a59fe045a63cf953fc3e60d39fa2eac7a94629ab0c30c5231,train_00183.png; train_07196.png,0; 1,329.24; 239.47,2
b6e93b4488e30420ca327919a23eab28d5cac0dde4c25818af72c04675389da6,train_01704.png; train_03125.png,1; 0,239.25; 336.09,2
b6fc7bb38b0eed34a0da3dbd358153a40c88e48955a1e3ceabfbbbbf2da46321,train_00010.png; train_01519.png,0; 1,326.32; 244.10,2
b71a64418d6a3610bd83ef648935bb1c1fac48a8cafa6310af407c586d91662e,train_06232.png; train_07132.png,1; 0,160.14; 290.12,2
b760c5a97670498bea8632e8fcab9fc5e78c57e6c21ed137ad93767e5dc955fe,train_01860.png; train_06012.png,1; 0,327.68; 272.97,2
b7774a978dab5ec01321e4c712cb47c36fc035a46b48a0c6d933079a9fb07fc9,train_00056.png; train_04368.png,1; 0,100.94; 279.09,2
b77f3a94cf3df46dfdb9424c67b6060001fe26ff2223cba1f8600edcd0a9a132,train_01523.png; train_02831.png,0; 1,306.53; 3.67,2
b7bcaadf263af13ab9b6db3f7c5134f788e262379f6871602b36f06842b90b51,train_00473.png; train_02634.png,1; 0,277.89; 349.64,2
b7e739baeddfc96d0a05a1ad44f067c2c26c5304b00ea78d3a1892ba75b25754,train_03831.png; train_05201.png,0; 1,298.24; 64.75,2
b7e8863166f4616c9bc91a6647a06a697fd8ff19c1a72607105e120a69e6fd95,train_00551.png; train_02135.png,1; 0,310.29; 352.82,2
b7e9bea46530afa66213616f545420dcc246c0aa6dcc5261c5c00b7bb8ed1ca7,train_02358.png; train_05212.png,0; 1,129.62; 17.73,2
b808080e047a6f275a85e44433aa539a6c9022227b3538e6d12b839e55d13709,train_04459.png; train_07321.png,1; 0,332.17; 323.11,2
b81286af2a7756e28e25fd6dd75392c5dad61c11771926f6175de9f0891fb994,train_00400.png; train_05194.png,0; 1,274.18; 191.49,2
b8accc5fa4c4ad50e50b86e0585bd631002097f4105fa16965b6630d68d9cd6f,train_01899.png; train_04012.png,1; 0,317.51; 237.19,2
b8ee3016ad917e88cdf8700ba695c64232c2762413149959ef962cf305e3563c,train_02529.png; train_06600.png,1; 0,109.80; 290.01,2
b9757878c5dcb54843a9b9eb811e9d10dfc87db6c6769fcdbe086dbf9f109fd1,train_01267.png; train_03163.png,0; 1,278.11; 216.21,2
b986de79db4541cb06b7d45bddb26be19b15c9997fa8e93d0788dcddb8905068,train_04195.png; train_07706.png,1; 0,268.61; 300.59,2
b9a8190244330148192949e84794a5b621daf8c4f97ca769171177e7df4d28cb,train_03017.png; train_04283.png,0; 1,321.32; 242.42,2
b9bd7729e5660d6ccf56a7c7a87b32721b827e05bcd3426c95933f93a4102fa2,train_03008.png; train_06563.png,0; 1,302.10; 187.42,2
b9c28a850dd237ba7487220afda3c9b0877f662741fd1afe93908bb3b1ca030d,train_07232.png; train_07379.png,1; 0,145.52; 294.45,2
b9d93da9b1d5132228402e142f6027f8793fd99fe347f88b423a35960544190a,train_02498.png; train_07426.png,1; 0,224.54; 111.95,2
ba71908ae92f2b6cdebacbedfda4d9e198dfda91d74160eb9d8c431bc49a4cfd,train_03621.png; train_07111.png,1; 0,230.24; 276.92,2
ba7fc4ef92f80e9e45733c98b717d7813e904b97314fa5dedaf4a4e824c7a5ee,train_01805.png; train_04104.png,1; 0,68.13; 275.85,2
ba84a48d6899b41e226425d0f4446fdd6826610862d82e7b6080ee93f39edbd4,train_00625.png; train_01449.png,0; 1,286.75; 335.26,2
ba9c266209d64c8353140199d1a5b6903f2f80d094c693403a4c96ba549061a7,train_03570.png; train_06977.png,1; 0,100.60; 316.27,2
bac9ef38b1728c48f0ce87016ac780d2adc68c1f39dc0cd5d1734ac72669d8d4,train_04663.png; train_07770.png,1; 0,89.55; 340.06,2
badb0315913d5c867afa55837144120b082eab93c2b328f84b635d9420c87dfd,train_03041.png; train_05254.png,0; 1,351.72; 144.25,2
bb42c9b275cf2ee648a10890a2888bf8e8e91ec485c4a76dd2b47579bbd69822,train_07519.png; train_07539.png,1; 0,353.49; 339.01,2
bbbca0de56c9b195e1c8330ca0ae833ad1d5c4cf29c80168ad7678ef56a9aa0a,train_01713.png; train_06841.png,1; 0,97.78; 344.80,2
bbc2d13b4411ebb524433df211123febb4bf0526e03a44d28792b2b64e64c492,train_03704.png; train_04818.png,0; 1,341.23; 336.10,2
bbc93a84bdbceaf4a52b8426d605dc3258d515382a14a3224853f62a3ada0aae,train_01233.png; train_07121.png,1; 0,299.21; 287.12,2
bbd671105a2c6bd9d7dbca21a70e2b2242f3e834cf68882ba42bedfc325623e8,train_00619.png; train_01416.png,1; 0,22.79; 282.39,2
bc2a33431e6335ca4697392b5ca09b2e37abf35a75dd604f388e1464fa5673e4,train_03697.png; train_04234.png,1; 0,250.65; 99.47,2
bc5584e09f450d11fc0eec7189af92b51afde501d06f2997e0effca062734c44,train_04934.png; train_05783.png,0; 1,297.91; 66.08,2
bc57037305074204381aaa1592417bcb1c67b7b8d91fcb5edd7422835be4de02,train_04167.png; train_06586.png,1; 0,2.60; 301.80,2
bca2069dac751e74dc94c7b583f0221093b0fe617b2deac8e83378811c762737,train_03992.png; train_05100.png,1; 0,340.81; 286.13,2
bcb60c0034b1e30173f63958fc3f11efe07351400a6ad8c89f604feb2870efcc,train_06820.png; train_07504.png,0; 1,348.63; 85.02,2
bcede9e2ec1db58bea13ca752d68dfd6f54f41d40233bd696e4e0077eb3c62b4,train_01904.png; train_07686.png,1; 0,169.69; 355.58,2
bcf0e7b872856550c5ed47d694db77e280ac66d02279d8b912781dfc98add2c5,train_04738.png; train_07746.png,0; 1,293.74; 314.61,2
bd4609d721f72a23208ba7b95becac1ee2d08c8fa4efb7e94ff48c0af476ccf5,train_01183.png; train_01756.png,0; 1,321.14; 308.76,2
bd79fff7f5d5f7b447d1ad4650531620219e81b453abcedf40fc9b28de5ecdb2,train_03243.png; train_06119.png,0; 1,336.10; 53.43,2
be1f41415a04025d3fe272ea9b9461bdaf105fa6a9fe745d177daf84d92ed373,train_00575.png; train_02270.png,0; 1,358.43; 243.05,2
be2e5c67d2f73fb579899e438872c9f912bd1d8ce985918830f734e60aa316c2,train_00561.png; train_03242.png,1; 0,87.00; 319.03,2
be3c1d67dcb5af60eab28bf608b561a99fbae123278424e52a7faa76b01902a0,train_00295.png; train_06268.png,1; 0,320.14; 44.58,2
be503498ab6b61d5101e864edb64efd84d53f1ab015f5685a5dc55dfe192c6d0,train_01093.png; train_07146.png,1; 0,51.79; 122.28,2
be65fd75a6f1e3c1989ff7f09161f9e6202d8bad416d35f35ede797970fce0c1,train_01445.png; train_06913.png,1; 0,354.10; 344.46,2
be7ded466bd1a59104d9383acf40fbc55ac6f255bdbc9d71ba9da215be67885a,train_02046.png; train_03590.png,0; 1,289.96; 273.15,2
be910597b6ad76c779071a26735ceed40be02aa10e0c40e1b7e3fe689b04b51f,train_02574.png; train_06188.png,1; 0,31.14; 354.82,2
bec3026d6be81f14d60acbd335b76570b1ddff017066049e74cfbd391c491650,train_05592.png; train_05690.png,1; 0,209.20; 335.95,2
bed04d1dd3b59eaf562cfc8a328f816e1fc226e4c1bf6f28dd0e8510c51f42a2,train_05316.png; train_05935.png,1; 0,165.92; 310.89,2
c031bcbdd4ddf48d6073e9ef4d8de519d9444077d47ea93b6455805e80ebaeb5,train_02493.png; train_02758.png,1; 0,307.07; 353.66,2
c03557a3c28388886fc3905f0c2f893258ce4d6dc85e1e1273d9174756cb2ff8,train_06527.png; train_07171.png,0; 1,309.69; 324.59,2
c050347abe80b47e22693f1994f591f8afc3c3466f9d5a4e5f0802cb120aa73e,train_01836.png; train_06851.png,0; 1,311.77; 315.72,2
c0882fe129f8252168fb219270df6eb758949bcbb1258c2a9f596cb80566fc65,train_05601.png; train_06836.png,0; 1,359.57; 81.35,2
c0ab65daa8b367327595ce15534e480f78c296b8003faa81918804fb54f7ddcb,train_04127.png; train_07669.png,0; 1,244.50; 176.55,2
c0bbedebe11f4839f809c029e3ecab9af1a70e5546877dcae90a97811fd5abad,train_02781.png; train_06582.png,1; 0,32.85; 339.76,2
c0d38b2ae05a0b43f3380dca46b70d3bd9e9e008319001ad8c22e214f4c9d353,train_01308.png; train_02953.png,0; 1,67.87; 345.54,2
c11fa29f81dc433ffe4944aad9082daa8780e0c930e19298e657a593fd2c02a1,train_00734.png; train_04002.png,1; 0,81.83; 330.58,2
c13c725dd91217eaac49b66b788186ace33244172de10ffef6e54c99e0619b31,train_02979.png; train_03005.png,0; 1,328.78; 284.02,2
c14d972f1d06f0de33e9e508732065aebdf7b8357b61c319b607a00651de27b3,train_02356.png; train_06073.png,1; 0,88.85; 283.72,2
c1542101207e841e387ef94cb10534b9cecd5124f08d01e1178e943ec5862fc3,train_00197.png; train_07853.png,0; 1,307.97; 121.59,2
c15a6d747e7f62244993ef6764f038dfd28e0bf985ce1cc302d5ada1a52b644f,train_00394.png; train_07513.png,0; 1,356.50; 328.01,2
c163b75a9943ba0fed7a3fa691956508df899769efa1d6d87f36e01b6812c226,train_02832.png; train_06602.png,0; 1,334.04; 39.11,2
c1c5f4e2a4dba0bb6387b15ce29cf7510cf2b6f619fcf79c59022cc687c47ca4,train_02132.png; train_03712.png,1; 0,310.41; 282.62,2
c1f54f80f47460d4bf2a1bd8e4cffff58cb302fe7f1650592bb0d65b8d9f3671,train_04446.png; train_04843.png,1; 0,329.33; 333.57,2
c20a82a4b63a8bcf7370e37aca02310511d9022b605c67257139bc7fdd76d38b,train_00367.png; train_03534.png,0; 1,291.25; 318.62,2
c23afeae3337815dfd805b6053ec1b2006432e86df0d9c9f771b6f5d095713e2,train_07788.png; train_07803.png,0; 1,306.41; 93.68,2
c2454f32afe7f65bfdaae006e63bf3c78ee304df922fc0f6413bfaebd8eba2cc,train_00337.png; train_05065.png,1; 0,296.14; 341.56,2
c258642624b06b1acae64382d4e57f8bffa9892a808f6f2b6b3993fa4fb589af,train_06374.png; train_07316.png,1; 0,343.23; 313.49,2
c264d19e7b2033d4d5d46bbef2e455869969515fe0b92486f82058615c92c716,train_01051.png; train_04059.png,1; 0,260.69; 237.37,2
c27c3e5e5ed17f62d6b8b8035c106b4ebbf7665fba385d7c22f2b22dd37db82f,train_05993.png; train_06029.png,0; 1,309.29; 323.50,2
c284224c761a765334a93d37b3c7d345ed9cff671abaa48550bad7ec73ffeec7,train_01451.png; train_05379.png,0; 1,227.46; 169.38,2
c2d97aae0d59683756c81530c84f5060e94705a0ad0c015a1b6e4a62a833eef4,train_01573.png; train_05878.png,0; 1,329.34; 129.21,2
c2ec08444d23c69258fb264c18ab4c50e2419fe1286897489fabee118f7b3480,train_00762.png; train_04798.png,0; 1,343.92; 299.79,2
c2ec3e289437d41d30d7f70332ac8c38d6071f6c9117ede60f64c60a57de553b,train_00336.png; train_07779.png,1; 0,91.21; 304.60,2
c322830d326eb9a2e03cac6cda03589f000d7e73f1a7ea084ac977ea7d10ebbf,train_02631.png; train_05389.png,1; 0,331.86; 345.60,2
c32e0789982334e150a9249b35e76c41139dcda4a55e4b786038c8a80ef52f77,train_05427.png; train_07386.png,1; 0,71.13; 343.86,2
c34396b6d4a4b6ba5a771b7bb5f299536b2dfe49113661821a950b9ed2620bc1,train_01166.png; train_07083.png,0; 1,324.59; 180.95,2
c34fcbb37fe4de9d5d3f48d6799e37a12e11c15dd32caa431526cb9a89b67840,train_01798.png; train_05519.png,0; 1,273.74; 265.92,2
c3521ac93586e5a93a1b7e225821d22af34edddd6ef131e10b5ea04bd00d83fc,train_02725.png; train_03864.png,1; 0,134.76; 335.70,2
c37e048b2e0f0db28a5eed43903a5fb04f7f98daed49324c3c60bedfa5d87e79,train_04285.png; train_04578.png,1; 0,358.08; 316.89,2
c38e33b93b8ec2e7361faac45050b332dcf2a7eb32191dd35fd82fb182245f8e,train_00503.png; train_01892.png,1; 0,242.71; 310.80,2
c3f19225aade3c53d24af0e1480ef8085ece959a6dda1fca40da3931cd2e164b,train_00470.png; train_03302.png,0; 1,338.54; 103.64,2
c41230976966bc993e9a8389ba4b2d50cbd37579c8a519a6b0afbafd9e619f30,train_02139.png; train_04197.png,1; 0,298.60; 297.48,2
c413b623154e53894b3d1c9026d0339a066c71b76b416242fafa50b180a1a22c,train_01817.png; train_04439.png,1; 0,15.96; 320.23,2
c4e6b6d997c884d636a3d2a4843077745015f4e99cc929ebc5905d8b2eb53709,train_00824.png; train_02170.png,0; 1,283.74; 263.43,2
c4fa0ff9b16263795dd952ebdad84ffedf5c6118e620dda56b405db1c855aac6,train_01015.png; train_05746.png,1; 0,30.62; 329.58,2
c56c038f67ac00b0f0769d7919e1afa8a23225fc5658f86483a6f54a20e9978d,train_02610.png; train_07291.png,0; 1,162.01; 176.29,2
c5c1e059e9014a76022bcda26d78b198538b665f0480574328d04f2c971964de,train_04878.png; train_05387.png,0; 1,248.00; 145.07,2
c5d19ee4014dbdea1aec00668f6e1a1f441aa8f78d051bbfdba68fab49dbf463,train_03458.png; train_07058.png,0; 1,285.19; 118.90,2
c68d43cee17f8f0116b6107d2d7e4dca7836462027774a5ceb308faf280848ee,train_01953.png; train_07617.png,0; 1,279.98; 166.94,2
c69288b52dbea7a20ed61e5654350b682b58dfc41fc6460ad66f0bac578044f8,train_02520.png; train_05606.png,0; 1,269.14; 98.46,2
c69a830b4424793665aff3f6d6122b074c1a173680a4a6f056f8b9daedc7fae1,train_05174.png; train_06716.png,1; 0,211.71; 290.56,2
c69e7344e02baf1c12705babe5ad8ef728340f05f585c50fa3ebe6904d79b4d4,train_06373.png; train_07709.png,0; 1,315.99; 109.51,2
c6e7d39800cfe7d17ecc0eaae4e6a50bb7dcdc71c95b9910a453d5f336cf5605,train_00931.png; train_06925.png,1; 0,149.60; 282.22,2
c74c5c75f3247ed3031d148b86d5539ccbbaccf0ac624942b154928ca0f29261,train_03968.png; train_05336.png,1; 0,45.85; 302.00,2
c7c42f0006c122a9e344e5f768104df9278a90e917defe8bf9796f7a30c0914f,train_03079.png; train_05536.png,1; 0,72.18; 295.65,2
c7e3624b5e1c6e2b28f14a3f08f253d9728aeeb7449601308eeb76e4f6046ee7,train_05386.png; train_07240.png,0; 1,189.73; 359.76,2
c8162d171124ffae22d29085034d34c40e07dbc24a59d6b7bbcfde46391af15b,train_02662.png; train_03158.png,1; 0,86.04; 339.51,2
c82cc132819cc83aec63158848acbf64252246cbcc26a3d5e40dbf3d1dd393bd,train_03959.png; train_07090.png,0; 1,193.46; 7.87,2
c873e9af81fdbbcf5adf349528968acefa9410be4fdac9e2c2e0a3787a6a9430,train_07210.png; train_07374.png,0; 1,332.72; 331.66,2
c88e8807ed199ca60216f6471eed6d05e741583a089b79bed2b3b6444df45d9d,train_01224.png; train_07733.png,0; 1,329.15; 34.65,2
c8bcecdd16ae69077dad7090095e3869c4f6225064b340bae0208c390dfb0476,train_06030.png; train_07150.png,0; 1,311.91; 355.10,2
c8c2672b92f104ef52e9934bf8f627f73f13937b59e6f5b44720b4e763c145ff,train_00727.png; train_07276.png,1; 0,230.80; 301.00,2
c8ea06d20c829e92b73c7f1b9c9f0248b55aaacaccb889171411b87c7e2307f4,train_01503.png; train_06868.png,1; 0,31.84; 337.27,2
c90ad393008f5055b432a4a2676d46f853419cbc47f969e00d5520077bef92ed,train_01762.png; train_02093.png,0; 1,316.54; 235.88,2
c990d0f4ba54a58ef3527bb59bfa3778aed42000c68da09c22b1e0f693d796a1,train_01176.png; train_07447.png,0; 1,351.36; 198.48,2
c9aec78bba66fb4aac9544b256bd42edb1c3168686ba9634bf9604737154ce07,train_04922.png; train_05060.png,0; 1,278.88; 31.33,2
c9e126b282dd0f3ab621027af0c41d191b58210e503fa148d9fc54af531fda73,train_01491.png; train_03077.png,0; 1,288.21; 32.03,2
ca060a46f94245c084d52086b3d52d9a32f420bf1c145a6e9354a14a2635adee,train_00211.png; train_03241.png,1; 0,284.55; 275.95,2
ca1917dd9458767a1a1c6da5fccdb48813aa14d9a287ee77cd1ac893a20eafdf,train_02618.png; train_05640.png,0; 1,304.10; 274.47,2
ca382a860c894a98a7bc14f7fa870c3f1b3c82e3872c5cb5f65f400eec616924,train_00054.png; train_01676.png,0; 1,272.23; 93.28,2
ca94eb2fcf0d9a639dd6cf37b08bf97e4f38b4f16899701b119d5fafcc03fe34,train_03897.png; train_06594.png,1; 0,162.22; 222.41,2
cabeb14aae4ff33c6c9f50ddc2f4cd839ac6dc42db605dd328419b8e64ccb5b7,train_02035.png; train_03144.png,1; 0,168.50; 340.95,2
cb5ff24d54152e81185935db3b6aaeabe5a606fdc759f431854c5ff0c02a77bb,train_07185.png; train_07349.png,1; 0,50.41; 259.36,2
cb6ae8bcefbb7ff77c7d353c922c7b15492fd5bd095eb5466a2fad62c3e56245,train_03989.png; train_07829.png,0; 1,351.83; 39.50,2
cb6dc5e4ab20b72ae1afe3c40e9789de9a29037a131c8f4a8a06c9e723c4b199,train_00637.png; train_06038.png,0; 1,344.87; 56.75,2
cb9809b610896c50dec4938125f6a2a9271f7b61dbf0dee16d8bb36c0e7e2625,train_02915.png; train_04318.png,1; 0,208.87; 282.89,2
cba02f1327f556de858aec82ded32a483dc2bcf8f515102aff6bc333376614d9,train_01571.png; train_03648.png,1; 0,83.97; 347.17,2
cc24c2461d0752a7602e128cad035c98f4d46b115393c6d840aa80db11f961ee,train_01343.png; train_01927.png,1; 0,297.22; 326.21,2
cc47cccb6745bcff8512ab20729dcea8bc3c70d242761ed2be15d3ffcc587aa2,train_00763.png; train_05183.png,0; 1,306.57; 156.70,2
cca8e93dfa271764d43c6f5b897bf2b685efa34317eb8fbfc30bd9dec19bd0b4,train_02533.png; train_06759.png,1; 0,141.46; 333.69,2
ccdc419cf4322fe828ea8a23b3d9435fb5a8daf4e9d461837235383afc1cfe0a,train_01190.png; train_03024.png,0; 1,289.48; 164.05,2
cd006c90da24c24e2a8554ea6221807415dcee74992df3573d8bef4fa56fbc4c,train_01305.png; train_05356.png,1; 0,177.39; 279.08,2
cd5616e372dcb2be4439dd8a90eaa5281571836a5feda093d5722e3647bbbd30,train_04060.png; train_04748.png,0; 1,322.65; 203.01,2
cd711c3bbe96516f01093b0e0421b50f2c5df746b9ddfdd39251d8be91df9b4d,train_00430.png; train_04801.png,1; 0,32.76; 313.96,2
cd978ce2230cfb3319daad1dbbc2c14e5266bf930cb3a3fbdc3ee4bcd633443e,train_00159.png; train_00733.png,1; 0,23.35; 342.10,2
cdb05efbbb9bebb983c113b3140562da21c4a6169dfe8d06132638a9b7d71389,train_06427.png; train_07399.png,1; 0,297.24; 284.10,2
cdbd3fd920b2207bb974355ea606abf096ae09a80cca49f004d2b211ef4fb682,train_01591.png; train_03453.png,0; 1,354.27; 306.66,2
ce18a6bdda0418d9e8b85df351295cc25e1dc215e6a2156a895a0b1de67bbde4,train_02339.png; train_05949.png,1; 0,259.08; 304.53,2
ce1b73e7cb6f0c66368394431bb09b84f69def3ac5c0f527256442cdce9506cf,train_03543.png; train_05811.png,1; 0,293.03; 290.41,2
ce4f45fa1091a9089676ef742a6fbbd56140b6205d6ae7c038e2d31b3af2f427,train_00377.png; train_02573.png,0; 1,141.91; 24.67,2
cec287a809c45597c3e7cd45977f969586d3e83faef4a220cdd05a515b43df39,train_01602.png; train_04327.png,0; 1,278.01; 88.18,2
cf09594db7e02f3eda49289d5ff5b67c187e732aef7691a9b9d04978b529dd83,train_00380.png; train_05459.png,0; 1,286.49; 83.57,2
cf135fbc384d2619923e545daebec5c485b54cd8bded519e1d4854702052b731,train_01859.png; train_06049.png,0; 1,335.42; 142.39,2
cf1cdd741d296735dfeeb7456985b2af2d92c5c6828cec4dd3170d074b7dfa33,train_03028.png; train_07158.png,1; 0,348.11; 348.95,2
cff539b8123bacfb5e3d7e248cd2c96d4e754111a779ffe56436d6fa1de86655,train_03876.png; train_07182.png,0; 1,284.45; 271.24,2
cffb89a190e95078ddbde691b3bad1e9d2113230b302409b35fb332fa66daa16,train_03100.png; train_03315.png,0; 1,54.96; 123.15,2
d028e4c67d6e67a4f6520e3191ccc9c7d800d67cafc5e54b2e1383e3e43af4d7,train_01298.png; train_06805.png,1; 0,47.06; 352.79,2
d02ef1e6512bd08421b51d63b4d98d5a7c14601fd21c9b888a47463e856e8e0b,train_02616.png; train_03903.png,0; 1,277.68; 321.13,2
d0665910577eb83e80fb9dbd7334fefcd54262b47c4aa25ea298607d72ef9919,train_02761.png; train_06902.png,0; 1,89.54; 118.47,2
d071b9c4cc16ed1e273c96673afe39ff81d12d095cb0b6f8f998477ce85ac8cd,train_00059.png; train_02258.png,0; 1,301.06; 181.92,2
d09087ef6df1e76ff99e70039a9c13346fef4f25891a463a6460fd56c5b9b9ca,train_00371.png; train_02440.png,0; 1,327.45; 317.81,2
d0dfca0bd5729b80ca2fe8a963a7452cd05fe3d3435e9385dd794789c06b5a2f,train_04968.png; train_06206.png,0; 1,295.96; 43.20,2
d0e8fd1ea1f767c30cb335eeec02639d51d0727db427e2af42ca0eac06389a8d,train_06036.png; train_07403.png,0; 1,323.05; 117.66,2
d0f001b02c447df25a311305b86d73d8b1046fb6f6259c2d64a0df2e2ab8f5c7,train_07165.png; train_07677.png,0; 1,334.58; 342.90,2
d135a280c5d8ce0fe84d480e84de4fb41d374b1404d12ac7f57536d680c16200,train_01962.png; train_04652.png,0; 1,292.30; 14.58,2
d146ed16abf8d376b34000b3bbfda89eb1faa230038bda0eb309ca033afc29ce,train_05170.png; train_07317.png,0; 1,307.81; 249.62,2
d164d4726dd4b4f9c963798e63b1ebc3cdb4d646d8a181c6f9a4c079879203bc,train_04180.png; train_04917.png,1; 0,298.10; 274.40,2
d16d464cc949e9187f9b0279e2d3130d9616a292fd61c4cc78befbe9248a9f22,train_03631.png; train_03986.png,0; 1,351.39; 339.33,2
d197fe3d1cbe3126f28f7ba47ef95062dae0bbc79c4d06411b9ce703c5160fe7,train_04892.png; train_04929.png,1; 0,53.26; 336.15,2
d1b5c56c732bab367ebafd02b24e8da79855c39e2e70fe19ad9f5f15de86ebe1,train_02421.png; train_03766.png,1; 0,143.11; 319.17,2
d1faf22008d266d0cdeec0a943c808a7111e613f4cceb24c37c67567aed4e7d2,train_03486.png; train_07129.png,0; 1,342.14; 346.13,2
d2307950f02fabf6b631d3265632649a539e795105b654df95ea3fa59681151d,train_02602.png; train_04776.png,0; 1,297.15; 35.66,2
d28bbea43650f37925c6cf9a3841b615e1c553ba28bacde563f07641875b2d50,train_01505.png; train_02047.png,1; 0,55.65; 300.99,2
d2b2a85cdc975d931ff9055a385113dded37e5714aaed1a8b04f0f23b14d0187,train_01310.png; train_06638.png,1; 0,113.42; 279.77,2
d2d625f1e8c3f43518e7199695889fdfaf95b0151c85b430144095f0eac7e0ca,train_02363.png; train_04250.png,0; 1,336.50; 91.56,2
d2df4318f8e990cf24b0251452b3e05daea417ac6bd3bf168c7f5ca692dfb87c,train_02586.png; train_06937.png,1; 0,315.00; 350.93,2
d308033ecb0844c2fed5ff04ea46a0f7a8d0372bdc2d0f59826583af0629a131,train_00369.png; train_06504.png,0; 1,19.38; 37.24,2
d3177ffbeb9708d39ad3ae288e67f301f5c1c87f17273f631a63d8674544955f,train_05468.png; train_07787.png,1; 0,241.13; 94.52,2
d3473271a3eefcab812c06f976716ae22d90f8918a9b7e5edab82819e32a243b,train_03367.png; train_05331.png,0; 1,292.57; 358.18,2
d34fa2215b0e6b44dc75196a74f759956c76f5f0a8adc0bfcdbfe6792072829d,train_02043.png; train_02516.png,0; 1,300.95; 200.50,2
d37e7982fbdf0942a8f33c51546eca15995df8ea90fe98864361cc497106cad7,train_01339.png; train_02034.png,1; 0,49.29; 302.89,2
d391fcd265b950855af739ba6da9f461347bd29f9cc138a4f347d41ddc9e5264,train_01249.png; train_04452.png,0; 1,342.34; 6.68,2
d3cf3ee17944568cf9d82dd7072d09a5e2f771dc93098cedab8e16db18a508d5,train_04998.png; train_05842.png,0; 1,284.05; 32.35,2
d3f145489c5db48795564021359618f0af6efa8630148bd02f98419ef6322487,train_01709.png; train_04808.png,1; 0,16.24; 321.67,2
d40d523d63aa6a7a9eef2b5c6e7deeda1fedc9aa1b3783a593b999a7bf011990,train_04146.png; train_05609.png,1; 0,52.08; 348.67,2
d40f7bd56d559542820949a92188a27009e15e6f06c10911488d922a199bd322,train_01835.png; train_04270.png,0; 1,306.54; 152.37,2
d4517c3e08ffed95e0a39ace75201a97fa29a8eccaf12aa5cecc01990f924b3e,train_00466.png; train_01607.png,0; 1,349.61; 48.08,2
d45a8e1f4d3acfeec6a8a43a04a3ed06d629e6abe99e0494a24c6e0644cbabb8,train_01525.png; train_04269.png,1; 0,95.45; 154.92,2
d50d0317f5aaaa6556aff35995a90b936ea42e522981f07e1b3bcbf281c16477,train_01974.png; train_07303.png,1; 0,175.66; 308.71,2
d526934514dca27acb9c90a7723228bd8f578aa9f09cbcbc9be9e30089886d91,train_00657.png; train_04628.png,0; 1,276.69; 47.17,2
d5348ad0feff68d76d1b0003ca7a5a217cd9e112f410fd219185675cc19e0843,train_04242.png; train_05147.png,1; 0,282.56; 341.60,2
d552244ca450f644b22efbca7987a4c35d534ce8815887a5d1cb6440abf3fce2,train_06533.png; train_07334.png,0; 1,312.70; 287.85,2
d5bc708cd943427e136d73d02bae8c7046b5a7636a08ffccc99059e7b4346d31,train_00893.png; train_02894.png,1; 0,155.75; 292.00,2
d5bff293606a31812dc9139516a419ca8440a9a6143490c1f104680bbe512b1a,train_01751.png; train_05642.png,1; 0,38.49; 342.54,2
d6063c5581b2f26d3fcaa7cdf46fef55cc8a7003a9982183deba2e267f423b0e,train_03983.png; train_06101.png,0; 1,281.86; 59.60,2
d656219b517277cf152f15fc42346b491b7b327299d23726cb9de3163fa07280,train_01965.png; train_06907.png,1; 0,66.12; 347.64,2
d67415948a6d23d4eceacddc016eb8f6c7be32342c4e37d3addae6165a734537,train_01506.png; train_03502.png,1; 0,320.09; 295.55,2
d6a528ead12ed3c10999d41246f073d4753e22b677c288cd955abcca128f077b,train_03840.png; train_04211.png,1; 0,53.14; 343.68,2
d6d3139d01fd072f296aebbbd8dd76682ec101b410ddfc318056e094fbb40581,train_00944.png; train_05238.png,0; 1,343.12; 333.39,2
d74928b79ae67439de8aa9da6afedb718a8637b5af5ac18e00ca45bcfb8ac133,train_02257.png; train_06177.png,0; 1,304.60; 188.34,2
d751f22184fcb32f76bc3fec4bc5cb06716ca16283b833905f7521963e570d0e,train_05504.png; train_06045.png,0; 1,337.14; 130.73,2
d75c0fe93b4f3b88c392d124db8d814e687512fbcb405b51e2eec6bc167c0233,train_04581.png; train_06788.png,1; 0,197.70; 76.55,2
d76a5e6b1d4e0efbe64a0db2d8abe794b44e79eba3b298cc9efd2472244e5a3b,train_00757.png; train_02049.png,1; 0,180.35; 316.48,2
d78771f353f8a597da6c656db21cf17a736923ffe2a1b44ef4afaa96616edf64,train_03773.png; train_07492.png,1; 0,257.02; 323.03,2
d7a0f76a408f5b2d645b1255fc3596e0418ebe054407cbc6f477865711a7b2ff,train_06378.png; train_07651.png,0; 1,209.01; 74.79,2
d7ba2986ac3aadde4901a119e7dea74a9fa0629e1fc75d4b915fc75016e5e8f2,train_02297.png; train_02692.png,1; 0,93.38; 171.34,2
d7d990ea75cd30e441f4cf7349fdb9bf0b7755be6a666a383a945ffdaf18e772,train_03175.png; train_04349.png,1; 0,282.88; 319.29,2
d7e95704c254ecfa669a6373ff5ef44089433ac6a263b25c11cdac7493523e85,train_00827.png; train_05538.png,0; 1,297.52; 186.80,2
d7f423814f759a0a08a52dc65d02d4b0010a92bd6a5d02a38a9809a369872239,train_00595.png; train_04206.png,1; 0,256.53; 273.14,2
d8190f0395d68f0a8a0d7f41ae8370d5522c563f0703d85cbaebeea1941ae712,train_07327.png; train_07681.png,0; 1,336.94; 7.16,2
d81d410d1ae21fb4600e3e2150477b6840827b0f6794512462a57a6feac60bd9,train_02060.png; train_03282.png,0; 1,283.89; 209.72,2
d89234bbc675935c5c7730a7b885423ded79fa52bda72e85b1adf856ff4c638b,train_04223.png; train_05675.png,0; 1,323.42; 209.72,2
d8fb0bd48e115975227855869650c2c428c3bc59a67597e5654bb28cebf4890d,train_00948.png; train_04862.png,1; 0,34.44; 298.25,2
d94a6a300bafa11b63e25c041cbb8b2dabc2bcde678035cdc757e7190e9f9f38,train_00638.png; train_06745.png,1; 0,117.28; 326.13,2
d9a36ddfa4d279148e7740df3cfc2eb5ca8a3fa4d266804701ecaae671a7498e,train_05231.png; train_07382.png,0; 1,328.08; 26.34,2
d9b69c096c11de23935b6e755226b7a389f7d475da3ba20e449c270a75c72e36,train_05558.png; train_06308.png,0; 1,333.10; 104.93,2
da4ddc33a44c1a92a58658952ac8daf62213886e9568b9e11de09aa22a956362,train_00101.png; train_00512.png,0; 1,355.42; 38.92,2
dab485f2b4a97933623482c03f00c3bbfdb05758596b33df4a46a7dc2666f1a5,train_00945.png; train_05815.png,1; 0,325.83; 333.57,2
daf52e5760f83b437c5a6fa25e9c58d270280cd381db8f4468908b53d98d431a,train_05276.png; train_07142.png,0; 1,70.65; 274.40,2
daf5c1315ca809f0281ae6d1bf25b7df7e0541559f45856487b3892ab2671d3b,train_04906.png; train_06957.png,0; 1,177.08; 82.39,2
db656026f635cc0a41dd54cd258b23049fde86a42bee554a83d971eae3b53a2e,train_00567.png; train_04460.png,0; 1,277.86; 273.27,2
db6c7673a508ec9910977082f9fd84e08f9fd728602f22899ee9f675797d0b5b,train_00510.png; train_06630.png,0; 1,318.95; 272.70,2
dbabf789f6680324ca6e1bc8881a52f0d6fbd2ed5ecc92e1bcd0f97fae000de0,train_06607.png; train_06808.png,0; 1,292.63; 102.76,2
dbea0a8dc4e4de637a1e01f0ac7a4eea439333b345fb7b667aaf7f5d32d777fa,train_06305.png; train_07836.png,0; 1,338.80; 71.81,2
dc298d3cf785fd6ce65b5b95b2b12fee8492fa76c54695f836b134fbbe662683,train_00976.png; train_07120.png,0; 1,346.65; 183.20,2
dc414914a9dd8a49fd84b7de36abcb194e53e8e9ae79aebf565aae4bcc7b10c4,train_01156.png; train_04634.png,1; 0,273.42; 329.35,2
dc68b7967e64aafec4df740de1e64075fd908687d5179500967a1522998745ed,train_01415.png; train_01460.png,0; 1,218.42; 60.25,2
dc7fedaec4a916a4fc28287c773f4ac8953fa915e2008de35e95960c72d02dcc,train_02146.png; train_06483.png,1; 0,63.97; 31.12,2
dce8aa3ef8da9c8086610066515fc35046acfd4e388b4cd437a5a0d806c303ed,train_00617.png; train_01900.png,0; 1,338.58; 103.98,2
dcf6de555079892ddc413621da0ea57a73d02c7c49d68db670f87a2f3bc4b1f5,train_01553.png; train_03909.png,0; 1,296.67; 90.47,2
dd14ac11b346c936d62d0fae43ce05ccaa7dbd2f1aa3709f5e6c8df30cae1c2a,train_03391.png; train_06583.png,0; 1,294.40; 224.51,2
dd71a309bdfe8da3f4b464f5e5190ce79ba950d589a18a92b28cc92ba9c7a728,train_03934.png; train_04237.png,0; 1,22.09; 113.21,2
ddb3319705fb388b3daeb05b38388f5f908567ccbad1ae22a3da6a65c4fe26a5,train_01840.png; train_06949.png,1; 0,324.10; 178.05,2
ddc0004c03db109e45fb03bfe28bd16a160dc624aa5217c05f912db270365fac,train_05778.png; train_07575.png,0; 1,348.13; 62.35,2
de196b6bdefaa9d59ba5513382ca5b8388032f60425577ae850caa726ea403e0,train_00958.png; train_02710.png,0; 1,322.84; 319.59,2
de34e7dabdf8c2c7e7027ef40a2ab81bb3d8a444e49889bb3534df7e561c0d16,train_04630.png; train_05549.png,0; 1,344.27; 297.01,2
de5a25d65118bfe06e78fe672ffbd8a48ffb7c9e5dd598d8c17f3fa544f97cca,train_01874.png; train_05414.png,0; 1,97.90; 39.73,2
dea0bd19fb2b7e0cc633c9b165778f35decc583a0b09d6357abc8c10e4b71613,train_04733.png; train_05357.png,1; 0,218.50; 11.22,2
dec30d334ff4c2b0d6d7789f8c4af75161ce40dbce817ad89311ced0977c3997,train_03870.png; train_07231.png,1; 0,37.74; 341.02,2
ded3508c2bc4ea62a34a2b7cce39815f0e656f10adbae19cefd23c4e31976635,train_01223.png; train_06855.png,1; 0,292.00; 281.35,2
dede93a24c6b723496f29ac8d4be99e7c5260a088c6bea91e0cf01789fb96322,train_00426.png; train_05700.png,1; 0,53.40; 319.02,2
df1243195b6d04e06ab0c1033bf3f625b2ff8272151f10451b0be58bf4253b2c,train_04851.png; train_07099.png,0; 1,355.28; 320.41,2
df1a13966d1203b1fc623b55a622002fe164ee8f2b58a1af7fba0785cf0253e5,train_05275.png; train_07069.png,0; 1,307.18; 122.96,2
df533e600378a7d11ea89a0386c04752f954a7486d75e2c50d7c8fcd93a6ba77,train_01853.png; train_07622.png,1; 0,180.37; 348.82,2
df61d9563b5afae9500063946823ab8c084faf6d6d08c4ee65aee7c3344d320f,train_05042.png; train_06837.png,0; 1,339.23; 49.66,2
dfad1726ff2a8eacefe367d00680b9aced7932f7486093388301f8b6a3a2d471,train_00878.png; train_03410.png,0; 1,110.80; 102.18,2
dfc604de6452dcd420fea31fd01e11eb2c96c7fd73e2818b1e7ff75ba94cb6e6,train_02055.png; train_05986.png,1; 0,183.96; 326.59,2
dfed3a4d3ee49b8e49aab66bceea6144bc38f6e488ef4f64b3824595426f1df7,train_03099.png; train_07093.png,1; 0,246.75; 335.68,2
dff5ef9ddf6106f7d5853ae848312023d07f1e95d763d0fe8fa64642da5688f0,train_03563.png; train_07404.png,1; 0,315.21; 319.26,2
e086a6a03bf1c21a324e6b50fe1b625e57bd46930ce062af20aa7d9be8b7c9a9,train_00848.png; train_02160.png,1; 0,67.21; 190.73,2
e09bf532bca1a005106763cc9f604e79ffc363c45a16b5f4d85c24243a68c52f,train_00157.png; train_00185.png,0; 1,345.19; 88.18,2
e0a07de67a8fc68fb6a7de9fb98826ed4199c15b24846d6acac8b21abf4d184a,train_05626.png; train_06826.png,0; 1,327.24; 204.00,2
e0b096bfbe02323c117a81e92cbfbc075e4758a93ec944807aca56f28d65f737,train_03956.png; train_06362.png,0; 1,330.23; 81.67,2
e106837ca3e88db327df22c99a27085e2ce93406c476d5b31ca5acaed030c88e,train_05144.png; train_05523.png,1; 0,15.49; 342.31,2
e12ac6c74fabdac77de4ddfd93b8ba182caf3cff3e97fda40fb9523fa278ca3c,train_03902.png; train_04723.png,1; 0,188.67; 295.29,2
e17a1c58eefab75dcc3d0e11efdf4f5c3460a7b540e088ba9cd216012f6d64da,train_05429.png; train_06747.png,0; 1,310.24; 345.40,2
e223f1128ce01522651026cf0186bf185b02913ff2b16fd017cae7c4ad527c6c,train_00979.png; train_06255.png,0; 1,276.32; 156.39,2
e22cec6974966fee5848ea6883edc771c77983e859c891140ccfbabe843f04ae,train_00785.png; train_05727.png,1; 0,332.00; 296.11,2
e296224fc1eb37b94843909f867cf855aa85df6e2d6940ce311bda338ff41a55,train_00725.png; train_07557.png,1; 0,115.20; 280.74,2
e29f6d80cd680316c51c932f8d5a7d0cd8070169d601a138ed20d118b9700c74,train_00695.png; train_02263.png,0; 1,305.06; 114.15,2
e2a8e49d1822553c69a878f51e3a2254eef5927d7a5b3bd1582d5b3910aa9b93,train_00402.png; train_05522.png,0; 1,352.49; 142.43,2
e2e7406d7790a7efb4e2a5c8a646b6b115d2ed756fcb2e517b5b55bd3723e781,train_00386.png; train_07354.png,1; 0,353.61; 169.14,2
e2f5da6342e734144177f21a0beca70eda48cbc43b144d4171165b2b679aa526,train_01792.png; train_04153.png,0; 1,349.16; 299.31,2
e374fb62676140a4d03cc5e9831196e4f5f525bb05938e8b085db8cfab288534,train_00509.png; train_01530.png,0; 1,348.17; 143.26,2
e3779c1bce10beae5c83a1bf8922c9b87d985a05a6df902565a9c819e9c6bf44,train_00830.png; train_07034.png,0; 1,340.63; 94.62,2
e3bc931a8b344249a4ef044a7e5e706b371a7a3c6293c92538f529199ab5234c,train_00023.png; train_01787.png,0; 1,288.13; 212.20,2
e3bd968cf0049eaac714314588227580e34476ddd45fe660263630105b13422b,train_03030.png; train_03548.png,0; 1,335.62; 327.41,2
e3de01e47cbc5ce02056779c3cc7fb21fbaa8156d44edb5498bb4d943f963e2d,train_02077.png; train_02482.png,1; 0,296.44; 274.25,2
e433f6523fa6e472c9624bd0f3dc091d9a3183a808a1a3c3dc63809971a39bcf,train_07237.png; train_07481.png,1; 0,143.78; 301.49,2
e439994a7b352fc2a67c9ded5c9393480faef3aa104f01fae2d5b4a25c99bb60,train_02660.png; train_04013.png,0; 1,293.46; 193.35,2
e43d5988a9a9faf459a078c0487924ec49b7c47dda1d4c5b9a4df5f865f607fa,train_01253.png; train_03186.png,1; 0,27.89; 352.48,2
e43dced149fa083d12c35000d66b9d3d487868c3ed6c34608f8e3bdaee746370,train_00767.png; train_05527.png,0; 1,337.22; 91.26,2
e43ffca8b9b6a52a147f0ded4144ce31e2e0e2dd82f42e6ea3f0bae644d94454,train_05447.png; train_07596.png,1; 0,65.84; 273.60,2
e46dd615d9b9c76a8cf41a1bda5475bf545cd3986d2f02acc28d0efc2d9741f3,train_03527.png; train_04803.png,0; 1,288.93; 351.81,2
e473a30a6950b50b834330d17f7a22c72440676b918367e91eaffbdcac2507f4,train_00901.png; train_05989.png,1; 0,219.06; 340.44,2
e503b7631fe20d4cb6e699cd13b0b35fb71a4528c5327afb60d65c67265fe370,train_00305.png; train_05529.png,1; 0,186.00; 277.11,2
e5151767fb375c6ca6c3d4cae053784e4576e6f8a44cfd87dbeb992558255ee2,train_02386.png; train_04691.png,1; 0,215.15; 250.25,2
e5760afc7f29bcec480fd03a472ec90851c2ea2cc018a1ee62ace365a6707189,train_01177.png; train_03636.png,0; 1,222.98; 290.07,2
e59684e64bc235f1981315175e351491c5925ce3776aede35616c61b70d6eb70,train_01097.png; train_02185.png,0; 1,126.19; 65.18,2
e5dbe834bb16098c422267111e39b44341e9d59592ef8425f9b778d4eecef5e9,train_00310.png; train_05672.png,0; 1,270.34; 156.59,2
e64361dfe02f65c3543183a827123cf3848a9867e2933291974176b024196532,train_04649.png; train_05373.png,0; 1,299.98; 184.35,2
e6b276f7879cf5e7932f014ca8b9dd3dd804c99786a72e354944b31cd7105412,train_05450.png; train_06122.png,1; 0,239.95; 323.94,2
e6c3a12dc190d27de5d6c84e354d581c4b59d8da4f01c90e551d432907dee4ec,train_00686.png; train_01889.png,1; 0,333.36; 299.02,2
e6d1b9c71263aeb8d34f8ea17e88651454f2916d63bca37ad8b25eee2767c12f,train_03835.png; train_04084.png,1; 0,238.84; 347.07,2
e6d1e23749b3269a3fe7ae0f41e4c81987516cd181bcca23f08940347a90f2af,train_05612.png; train_07263.png,1; 0,17.18; 351.52,2
e71f1e2bfd51edb1932f70e49e085eede94170206c6f51d64a31dd6fa58b53d6,train_03601.png; train_07582.png,1; 0,254.52; 352.70,2
e77de4d51353a872ea06f9334e0746d081264d664a53e87fd65982814fbdc976,train_00273.png; train_07328.png,1; 0,315.96; 306.96,2
e78543810959f8ef0c5dfbf13f059bc297a53018400a4f0e323b64996b89c127,train_02476.png; train_03250.png,1; 0,106.49; 317.49,2
e79077b6cd9b77198fa7f2a8cb264682245524729f9d115087e720630a1dc7ea,train_07333.png; train_07819.png,0; 1,354.08; 52.28,2
e79c6a7235e13216b506fbfbf43b0007782c1580c7721fcbfdea1fcf720a44c7,train_02525.png; train_04370.png,0; 1,303.12; 25.69,2
e7a143046b83014bdae7b8541846183de428ab5f915d8bcf0e0c218769e2b4d8,train_03153.png; train_04816.png,1; 0,289.93; 302.40,2
e7a8223f972f691ec77598fac1f4fcb860ca93cbd8bae55b0b94c2840a44b51e,train_01758.png; train_06857.png,1; 0,244.74; 275.17,2
e81a2d4827d13ab4058b99a8fb9b026f3d2d765231439533bd9ea531c8dc51ad,train_00107.png; train_02552.png,1; 0,24.64; 291.19,2
e81ba56edfdba19ec5fd23a15c48d8432e5cf6abd6d2a3b347aa865d9f4d4fd8,train_01182.png; train_03507.png,0; 1,285.12; 33.59,2
e81d35facaf59e0ea13c65783cf4288f7d8c1c86da36a2f879b7911ce42fee00,train_02062.png; train_07269.png,1; 0,257.06; 299.41,2
e8594a558a7a7b5f6f35cddd7a112143a32c451f75b2230347446925b92edb63,train_01422.png; train_04152.png,1; 0,127.78; 319.75,2
e8694e9652733ddaf2fea38779dc76281e5a84130f6216e2a8273709393a270c,train_01881.png; train_05613.png,1; 0,188.28; 319.47,2
e8f0f79d5ea54f8eed794c4474f51881cff6d8956a0c07b8912e9f8d49001903,train_03292.png; train_04355.png,0; 1,302.35; 112.94,2
e91dbca726eaa19abcc549e010318801a513e169bd84d69a7f13d818da29977d,train_01297.png; train_02823.png,0; 1,359.41; 311.28,2
e95d27550e4d9e80ac5fd1c33b16c96162d871528c913fd142bb9a55b6753845,train_05405.png; train_07170.png,0; 1,289.28; 69.31,2
e96d249f30eaa60c4898b626d1a71061b6a09e728f7b5c33aeed6beae9296606,train_03694.png; train_06393.png,1; 0,14.56; 293.28,2
e9926ce028f73a2d939237bfc7f7b7596f1f073c8b16a58e01a3fc1e564d0183,train_00147.png; train_06895.png,1; 0,203.46; 278.60,2
e9edf0ea565c49c30ccf4f70a9edb4943ea57363a22c1b5d96a113e3a2943ae0,train_01006.png; train_05594.png,0; 1,325.93; 14.20,2
ea0df63991be8ae83747eb1a1c03209905b592f3261401c1e36499bd542ab33a,train_01382.png; train_01584.png,0; 1,290.40; 139.44,2
ea10fbebb2212f9743a00d63f97d57a5712bc0f93838b42917b50fdfcaeeebd6,train_05983.png; train_07428.png,0; 1,131.89; 91.03,2
ea3fb5d6a51cc613b8cd30a6da6474a4bbf8e8555b15002d271c7c84b7864699,train_01311.png; train_03277.png,0; 1,346.61; 51.06,2
ea9acbcc24892f63d3104e14b0da4e9a7d9c75212c60e8d6ee45ce7a2540da96,train_02601.png; train_04936.png,1; 0,300.24; 98.93,2
eaaac28ceff37b358090df91848d229e910fd0025beca2d3b50f45ab0f531816,train_00117.png; train_07679.png,0; 1,317.70; 333.74,2
eab3953f88c2bb05d04eb2530de9895fdabdf4c118c83b0c7357886ea0128d65,train_00646.png; train_02295.png,0; 1,307.14; 11.02,2
eab6e46386f862e9204111d38e9ee9eff2458ee8076f15118b28cbbf8bb35a0e,train_00483.png; train_07432.png,0; 1,270.06; 71.23,2
eb036a774229c33b59fca0883e1dd457f31a7453a0085f164334c2853a3bc5cb,train_04209.png; train_06783.png,1; 0,346.93; 337.94,2
eb5c912e2bcb94f60c896e54b33280cac3ef1a986de6f3ff62387c25a5c8929a,train_00613.png; train_01646.png,0; 1,295.73; 9.52,2
eb7e541724a03ad97d225187b46497ee2323234c7166b85b8dedf3860840c86e,train_00086.png; train_05776.png,0; 1,296.83; 143.27,2
eba1385ca82323fe0c069dc7e08f0e9751bfa0e8eb87a920d32870f3ae0d16fd,train_01786.png; train_04395.png,0; 1,303.05; 87.26,2
ebc5add6bb3aa660b61017f8d1a2a74a779c727cbee8cec19a904df99ce32ce8,train_02749.png; train_07155.png,1; 0,159.33; 324.01,2
ebca658ed58fbbcd70445d4c1299bb5f4352e314500021753c0bd9ed2f25685b,train_06509.png; train_06878.png,1; 0,42.29; 283.90,2
ebec349359497f25ce71e0f6d007e74da3f018ed7f82a1fde7ee830aff95be27,train_01098.png; train_05328.png,0; 1,324.92; 179.33,2
ebf486d9cb8f3bf7cf098142d961a55652c528ead8be268119bd73429c194769,train_05666.png; train_07559.png,0; 1,290.61; 121.72,2
ec0c9f73b0d59138a307fdd6e75827f7589eb144eabeb956fead4a2923f2aa68,train_00524.png; train_07244.png,0; 1,339.19; 12.89,2
ecad28017317580ea80188babe5c6622b55c73e6bb2895f9a9d32eb476645d11,train_03412.png; train_06861.png,0; 1,315.18; 298.63,2
ed54a2d8dba51808ad3d4ea329ee6f91f774d467794f3799c183a2bf3c6a9f68,train_00065.png; train_06559.png,1; 0,168.25; 47.74,2
edbe4fbca3f2f7e46658a57a34aea64ed4892d2e5df6403f86bb4720b2597fa8,train_02433.png; train_06417.png,0; 1,261.53; 219.13,2
edcf7a69149cf9a060af4af77f011eb16e997b4b06984826517cf6b18856cd64,train_04717.png; train_05899.png,0; 1,295.87; 57.47,2
edd1f1b79ffcb40988c046bd030820ebccd0b9035f67ecc177a2879f0eccc375,train_02161.png; train_04050.png,0; 1,174.70; 65.19,2
edeb3ba65c4e36e2e9d4d855dfe800d6f56740bd7f59c72e6118f7911c32a851,train_01797.png; train_07298.png,1; 0,67.34; 338.93,2
ee44c060db69d33d018ee3e300a95c449254893915db94ee592739e597eb9ab5,train_04112.png; train_05479.png,0; 1,278.21; 123.46,2
ee67c390f7491c385b80797bd3f3563a451c2231a789e9b7a312699212cb8802,train_02726.png; train_04953.png,1; 0,348.78; 58.64,2
ee6d0c8b117b453419fd4478c53ddce0a48d08a345b540e9bb9b9e6f42eec519,train_06799.png; train_07212.png,1; 0,20.46; 28.24,2
ee83aa8c46d156d437f6e5ee0f2fdc2490e8666ee75b7bfc146d7282e8a3c24e,train_02871.png; train_03422.png,0; 1,266.99; 192.10,2
eeae496263d8ef542341abd74880d553a88b456aa692565f599b58a5b15008af,train_01074.png; train_02766.png,0; 1,340.98; 214.54,2
eeb74f6ffc8945fbe0994861be1f35fa877bf2a7fc7eaa22360a27e9b680389d,train_00489.png; train_02907.png,1; 0,171.35; 309.97,2
eebf0b20a8665249ec93f1bf97bac90e32803b697de4225dd35307d1f7f5ce18,train_00362.png; train_00608.png,0; 1,350.00; 55.93,2
eee09b5c3142d14032b31646ad9f3d385e3a97a569127d5d4faf608ae709de79,train_00472.png; train_02716.png,0; 1,304.84; 98.39,2
ef079ec1b9e6a0d24177c0d0b01fe8db4b219c6fe834a5cd47cb3449c7d8a2bc,train_02588.png; train_02759.png,1; 0,120.24; 310.18,2
ef280cd2e5d53e66c9f944e644f07bdd6e4a1f38c5fafbf0c0d8d8dc16f54bbf,train_05093.png; train_05136.png,1; 0,237.79; 339.70,2
ef2c428dcdd6bce7c08858e8c3f3aa7b5d1cc88c14e52bc323946f107d39a731,train_02695.png; train_04731.png,0; 1,337.30; 339.09,2
ef2e12b268d34021ffcbb7c89726c6f086b8370f2d477161c5909c7a9c3bb4f9,train_00839.png; train_02308.png,0; 1,23.47; 113.13,2
ef32d6c23c32d5058105d42027ba8de97bd91d08cb4b8926d50f0314848d6a0c,train_00598.png; train_06871.png,1; 0,18.01; 273.68,2
ef69557c2e5c117cce2791ead267e7b82189c52bf1f7775dae4442a65e56284c,train_03628.png; train_07609.png,0; 1,342.82; 294.33,2
efc8ced58eb8bb95c88fd00c780c122689b9d2eca86901c235ce767601b32968,train_00318.png; train_00352.png,1; 0,304.24; 331.82,2
f012fd5d36ae613e1a3a7d367ad4713b7ee5c74f12c2335899c80d34767b9002,train_04419.png; train_07274.png,1; 0,349.67; 50.13,2
f020b2124104e094c2176c957c86279110b872a3c34a2a99d93db72d65fa2dc5,train_02743.png; train_07567.png,0; 1,339.45; 147.17,2
f0425a139bdbf1605d4c856efb50e8d3b46b1c349f736dd2e881f3249f60b45a,train_00900.png; train_06629.png,1; 0,285.44; 280.94,2
f04a99507c65b3457004dd8e883fc12c3e39881b4a86331bc1e093ab2c38d266,train_00988.png; train_01575.png,0; 1,344.17; 317.54,2
f06a559bae74a597301ffdfdde244d4f4af1880d387b80d481e87fb475f9a013,train_01144.png; train_03366.png,1; 0,193.46; 306.74,2
f08de62881924b13f0531ecbbf5faf0e52763e4f5ed2e3b7a8298aafbe825ae1,train_00289.png; train_00799.png,1; 0,53.86; 273.61,2
f0be7f6feb28e31ac2a86e3907e325063bd289098540d5e83088301632d7b37b,train_02194.png; train_06720.png,1; 0,62.41; 304.04,2
f13d16c5a08252867f1f3055057aaefc37e624c75fe812e3b018a8fa40fcc94c,train_03210.png; train_07654.png,0; 1,310.72; 132.36,2
f189f07bf63b65be5ab30cf9191f17327cb646e7418756b39e3bd83611b390ef,train_00390.png; train_01915.png,0; 1,287.07; 320.44,2
f1954f72d641e68809673a88ecf3738e2278ea00da0b4cd0f3d7988e93e0bac2,train_00810.png; train_01068.png,1; 0,267.04; 299.37,2
f199a6d5c862d2e1c8d79f121bb09bb94e6866480696fa1e1c0def07d646d403,train_03262.png; train_07739.png,0; 1,352.03; 10.39,2
f1b1386f375cc2400add98e1628afabd83dfdced066edebe41d698b1614e8f5b,train_03350.png; train_07277.png,1; 0,41.96; 322.32,2
f23a8cebe62677d2dcac9fe916c580e1d66b1769ffe7aa64cbf8770ae258a59b,train_02584.png; train_04036.png,0; 1,316.31; 72.89,2
f295fa09866c5415456827298161cc42ec68086f86b3388e646056e3a3b2e743,train_00583.png; train_07457.png,0; 1,319.78; 228.41,2
f2c0f14c9237e6791fc286f0a46227610db6d84f612e73305babd7a116d019a7,train_03782.png; train_04511.png,1; 0,275.82; 292.58,2
f2f20ce204677805126e5e17c1e56798e5646594541f57d5dda33dc39a6436d5,train_05561.png; train_07454.png,0; 1,287.21; 168.68,2
f2f6d0fb4550fd91a191a55f2e2815800a31b589be461f79f3176c71354be18c,train_04729.png; train_07438.png,1; 0,124.36; 121.98,2
f323f9b7888482cce5d2e6e887224e5c8a4d4dae7ece5b03c9339f4c52244e3f,train_00574.png; train_06719.png,1; 0,59.92; 351.19,2
f33d7aa4dd54a84dd757d8bc3871ccb9155d98143c9ebedcd8316df8881fb1fb,train_02612.png; train_07220.png,0; 1,311.12; 191.84,2
f37a9bbccbbdf5ee0fd77e64ca57733e43d43ece4385db7952a9b28e9f55656a,train_02664.png; train_04726.png,1; 0,232.78; 314.23,2
f38f1bd48d6e59d038c387188b5026680f695e0e3c2449c1d55a41e279c83f3f,train_02187.png; train_02599.png,0; 1,261.13; 122.51,2
f3a3a6735c6d57c30656e8ccec86605b80ce8ac282781f2a3f2f34af3d83e617,train_03451.png; train_03858.png,1; 0,340.79; 332.87,2
f3bac3e1882cabd742bae7b77f58bf482de3d8159c1a072ba927372f3bfd787a,train_00963.png; train_05725.png,0; 1,317.03; 30.74,2
f3f89615030c3370ac74774a37ae14f3dc7b8999b0e2ba8982a4281f9ee59e92,train_01443.png; train_04490.png,1; 0,143.95; 355.98,2
f402c56a4fe68709b87815162dd89d361eae6323dadf534c20d717daa8c88680,train_01361.png; train_02145.png,0; 1,305.56; 350.39,2
f443fe682b94f0f0f01f25a437cc5b88853057ef1062a2ebc0c8f174693df85f,train_02910.png; train_05789.png,0; 1,289.37; 172.67,2
f45206b804c7707b0ac71bc8cd196ec79c844d0e26c1ad78b0c054b64aa93d6f,train_02727.png; train_04708.png,0; 1,325.10; 2.86,2
f47a3b7d7926fe16d6a59a3e849243d3664b14564c433cd2a5f574c5ba191663,train_00986.png; train_01146.png,0; 1,283.22; 307.59,2
f4afb0771c59c89227ba3a1a4370bf9c56d3b845d26297fe5447e6cc0a8cb3b7,train_02005.png; train_06085.png,1; 0,14.09; 134.03,2
f4b2f1f368be7c7e69739c5f2db65ba4530f4f94e6b451eb13f753982e1649aa,train_05917.png; train_07015.png,1; 0,219.49; 359.79,2
f4e13309752ffd1e1a4b73b1d0fc7c780feb69e077ba2a880deae37fc75b0dfa,train_00750.png; train_05655.png,1; 0,275.13; 321.80,2
f4f4f4b444833a0ff29874f0f80be258892802e2a75a19ed8712b6db6f31e3b7,train_02639.png; train_07030.png,0; 1,278.62; 119.13,2
f4f825149abe34462a1cca2045ef16b6950a318975e308eee0488101fbcb5e31,train_00700.png; train_01576.png,1; 0,47.44; 330.91,2
f54e257b769a22100ac25e43acfaffc3f08529b45e574aba7a38bfbc0e165cbb,train_00885.png; train_03061.png,1; 0,344.34; 339.14,2
f562180be7d6e59d1ac94203db366cb43674f3f53d67777a59621adf2e942881,train_00245.png; train_05453.png,1; 0,304.43; 358.79,2
f5660c817b0e0ab70930da8fdee9b28dce8a1ae900e72f6bfb7cd810af67d762,train_00554.png; train_04592.png,0; 1,347.05; 198.00,2
f56ac41c8158955a30b7516b6a610f572cf9da98f9b206abc72c06843a3a167c,train_03275.png; train_03409.png,0; 1,274.33; 123.31,2
f5c30677a9c6ab8a6883c355316efba0776495879d41f37a626eada9db087529,train_01479.png; train_07152.png,1; 0,349.49; 314.51,2
f64c196e7c23deec97a1dffed62571f740075e2bdc9572e8d7a8f66534dad3c2,train_02783.png; train_03813.png,0; 1,126.33; 334.54,2
f67416926528270b74b5b5d51a0ad4c83d34ef7d4797b6bac11c7db25d7ee46d,train_00072.png; train_05211.png,1; 0,80.61; 217.62,2
f68f6b18effe97a106c45a74e75bbad45215ba537def63a1fc2689b1e62a3fca,train_03120.png; train_03233.png,1; 0,9.38; 292.73,2
f6b56199c60baaf4bb8232f903d254d1de622162c9b8b2f3b8328c2a99eaf941,train_00105.png; train_01276.png,1; 0,15.56; 289.16,2
f6ceaf92db36935236cc3f81cf92f3eefa4c2778ec02d1de1954fc247df12783,train_03327.png; train_06601.png,0; 1,289.50; 252.54,2
f6fb188cc004e2ab58e72432397d69627ee381aa4e662faade9ff3f57bd57223,train_04710.png; train_05710.png,1; 0,343.95; 340.00,2
f6fd93e26bba12e23093f57ac58b61f240969628d1ae2912f04546ed393a0567,train_04248.png; train_04501.png,1; 0,152.24; 290.92,2
f733e17cf4d4f7e747c08a0c4920649be86114a3abe853302a5c87bd5729236d,train_01466.png; train_06494.png,0; 1,346.16; 231.84,2
f77aab02d7fbd31b70d7e1551cba650e8c4ddd445a90fe5a9b77196269884d64,train_03273.png; train_07832.png,1; 0,206.40; 273.02,2
f7a4b1efd2957ddc0475da4f1699defdd04fcab188441a77cb4bb607b6d35260,train_01845.png; train_06636.png,1; 0,125.65; 280.83,2
f7ac33e980138e61264ea0af5fe81ff943ae0365be16fedea239f08b68e8da97,train_03743.png; train_04471.png,0; 1,323.06; 6.26,2
f7ca423c0ab86eae13531f59910dcf8295e602e9ccc6899f6b3a6dd533b8a01f,train_00091.png; train_06129.png,1; 0,116.85; 272.89,2
f7e2bc97881cbaaa1a1a881cac2fe3427714466a2eb4de1ab10cc82d282bf20e,train_06156.png; train_06956.png,0; 1,310.04; 302.35,2
f82930d6c93a8e683caccff5762bef3634ae302832bb92e0783de88d9e92cf44,train_02455.png; train_06635.png,0; 1,72.05; 310.05,2
f85b083007a6bfc2e0d717a48d5775a9da29aee234599a7c75780c511876f6cc,train_05234.png; train_07427.png,1; 0,23.98; 320.54,2
f85e5fd212066e0f0cf5d84b22331b065691c37dbdf8288e79fc06323554413f,train_01318.png; train_05965.png,0; 1,331.59; 38.29,2
f8904b5958c4282efc4d90967ace27cd0ffbc7ea728e7a81193c73ad67d1d462,train_04689.png; train_06992.png,1; 0,61.01; 279.18,2
f8f517e00ac941761d9f30c46e647f3f8116a24729b329016c4228501e6c1134,train_00535.png; train_01858.png,0; 1,344.42; 106.62,2
f93a5236eccd4f0eb09f5d510d3eccfae1780ffb9af0f5edb18f621c1c89d3c4,train_04541.png; train_07022.png,1; 0,333.56; 314.49,2
f9560f9783f982cc27e63aef654b69edcfae9d61bfe12535e9e68cc1cda2f62a,train_01341.png; train_02353.png,1; 0,77.50; 315.00,2
f96c21aef1bd2e32e88850d97f7f6911d820b18f5c054b7028efe16e5913dc7b,train_01273.png; train_02970.png,0; 1,280.97; 344.09,2
f9ae82c5d58f23d4f8eaca492eb4d7d2a362a8e302572b0d87126b062ec122b8,train_04144.png; train_05343.png,1; 0,264.75; 330.57,2
f9af5abc461b3c3196d81a4bcf3e15481fb4604cb69e33068ad81cdcfc46c685,train_01972.png; train_06929.png,1; 0,50.50; 296.14,2
f9fe04d709927a2a2b41cd45170449fd803ee733fc8d967e879cf258bc81142d,train_04564.png; train_04881.png,0; 1,358.68; 78.58,2
fa22b124e37f184f35fb87a7562c3b827fe72af4a6dcf82127f95fdc13c69bc1,train_02007.png; train_06048.png,1; 0,214.38; 281.33,2
fa5ffc31f229fb4499cf699c981f358290b21663b282d91abd7b73d2ec5c84d3,train_03800.png; train_06165.png,0; 1,281.66; 190.48,2
fa63716ea709171ecfc43335f823a4d9f752c7a4a81898305cbd22b37280cbda,train_05132.png; train_06936.png,0; 1,317.12; 298.58,2
facc31f9105f11414fdea32842feae76cb78fcd546ab636fb27d78faa693dc69,train_01360.png; train_02872.png,0; 1,301.27; 196.27,2
faf21246ab1aa15a85920601640843a74880344de73f67ab3131016a2ee16140,train_05210.png; train_05850.png,0; 1,328.08; 268.23,2
fb0c126f13055fabf6472eacc893e25f26d1f3a539a72b49ace337bafa1480ae,train_01108.png; train_03685.png,0; 1,333.20; 326.14,2
fb17ab5e83c2d4fc75ec692e3acf4ab315fb16131279487f299716faa9d136fa,train_01246.png; train_06739.png,0; 1,351.58; 177.48,2
fb4f2802e5405509285be070f6e08940ce2321b01d1505ccb776f9d3f57a1a34,train_00699.png; train_02927.png,1; 0,64.33; 270.87,2
fb8e5eb840dcdd765cec9fde7ee1c067f3a5a7c67414ecd19c02bda9b515062e,train_02490.png; train_03380.png,1; 0,184.91; 315.89,2
fba5fcb339891eff73786ce9c67ce13dec0b5f526dcb53868acaa039e6860dc1,train_02387.png; train_04736.png,1; 0,68.87; 351.88,2
fc158c29ed67df1f2ea06d60afbfb687eb55056ae04e3dbd18d874ecfa2d0db9,train_00033.png; train_01629.png,0; 1,295.85; 286.77,2
fc1e60b02b97e8948300710975eb77e7fa0ccdbe99967ff87d6f8fa4e8651d6d,train_01448.png; train_05360.png,0; 1,327.45; 206.62,2
fc247576d39b9957022ddf939b22777daf46d08bad095291e8a5f3fe00837244,train_03265.png; train_05397.png,0; 1,309.51; 14.45,2
fc35481f0da7db576b7998e3719b41aba7309087f66dfa15dfcec8a5ce61a83a,train_02284.png; train_07177.png,0; 1,335.43; 149.43,2
fc44f06a98167d37a72397e140ca49d2aa333d8b5485fd4b83a8d0f0bb1b5eac,train_02230.png; train_04070.png,0; 1,260.21; 69.81,2
fcb46706d54153f7164c11d8923fb0d3987c5eb5a13ce95a2ecb04b78d79cc88,train_01357.png; train_05378.png,0; 1,313.76; 356.08,2
fcb83fdfc87ee14c2b7214a8c6f5acace214eef2ad2e110dec9943680cdec019,train_00842.png; train_05249.png,0; 1,304.76; 234.76,2
fcc1a5d3d569448b19b4f48dfd8bb708b29ea5028070f6959bceb8cba0f0246b,train_07019.png; train_07035.png,0; 1,271.22; 326.29,2
fcc8461bac54ffc9660cdb8d60876c0e42b064940d809996902c57b626c61c8c,train_00923.png; train_01651.png,0; 1,303.10; 2.01,2
fd5149fa68570413633888cf17a8ca7d2ed2f3a34c9524b32c206f615e796d1e,train_05938.png; train_06942.png,0; 1,120.67; 359.20,2
fdd720abfa6ab4f53da9cde05535f2139bf271e0c3914148e4388f1bda1d13b3,train_00457.png; train_04457.png,1; 0,352.24; 242.23,2
fddcfff9568c0f3443658153f3b53ac57336aaa2c9717fc35862110c0c370642,train_00001.png; train_06657.png,1; 0,77.69; 120.29,2
febd3ba69a65289f0af22cf0870d4454c82247c5dfe7e1eef9f65ce667e6c6de,train_01850.png; train_06159.png,1; 0,128.51; 277.53,2
febfd5a02deb402ec3904298bbe75c2b1718d5c0b134f9d8bac159ceafdada8e,train_04554.png; train_05911.png,1; 0,211.47; 341.99,2
ff086f072a914237e66792f08fb4048ff144e9e0f882b34e3ea25d83284cce46,train_01800.png; train_02854.png,0; 1,284.35; 132.08,2
ff1091f8f7bccbd6407331f74b30bcdbed4bc288b7dad701c3b3fac97c6ea8c4,train_02364.png; train_04183.png,1; 0,199.83; 336.25,2
ff8df67ecc87fb2924b4b6b4277afe47369739dde20ccf6947531c08f9e022e4,train_04833.png; train_05555.png,1; 0,236.14; 290.98,2
ffc15364359b87af693fdcd83fdef1b045a6d06d9cbfd7f56f7cafa058158d40,train_05129.png; train_07527.png,1; 0,33.57; 307.22,2
ffc8a207cc0b901e7ffdc0e17164da2a6f3cd550d5f1651ce077fc3336278420,train_02603.png; train_07410.png,0; 1,340.47; 220.56,2
