tree
version=v4
num_class=1
num_tree_per_iteration=1
label_index=0
max_feature_idx=1
objective=binary sigmoid:1
feature_names=Column_0 Column_1
feature_infos=[-1:0.99999993907651663] [-0.99999961922824943:0.99999986292216425]
tree_sizes=970 1000 994 998 992 992 883 996 995 994 997 999 995 1000 995 997 996 895 999 1000 999 999 997 893 998 995 994 893 991 996 997 889 997 997 995 995 896 994 998 996 1003 998 1006 999 999 1004 1001 998 1000 997 998 1001 1004 992 1009 904 905 1005 1004 896 893 1006 898 1001 994 1004 886 891 1004 897 1001 998 999 995 883 901 897 997 1005 997 995 999 1003 998 890 995 890 994 896 899 998 1001 1008 690 1004 1001 996 987 902 990 895 785 1001 896 893 985 995 1001 795 1007 891 899 984 1006 783 999 999 999 997 896

Tree=0
num_leaves=8
num_cat=0
split_feature=1 0 0 1 1 1 1
split_gain=897.96 934.501 5.24936 4.27478 3.10584 2.80694 2.26116
threshold=1.0000000180025095e-35 1.0000000180025095e-35 -0.98482286917517203 0.97710127869177843 0.69972568468818352 -0.10661115265147945 -0.29270549577837618
decision_type=2 2 2 2 2 2 2
left_child=2 4 5 -3 -2 -1 -4
right_child=1 3 6 -5 -6 -7 -8
leaf_value=0.57201397285536471 0.4969717906532074 0.61061447047746742 0.61374029559170029 0.63081356613579431 0.50383671340100089 0.60529210897396324 0.6236051394437786
leaf_weight=10.410095080733301 322.94428294897079 226.94007275998592 433.05995535850525 29.610937118530273 336.36173883080482 16.193481236696243 67.087279409170151
leaf_count=45 1396 981 1872 128 1454 70 290
internal_value=0.561896 0.53198 0.613912 0.612946 0.500474 0.59227 0.615064
internal_weight=1442.61 915.857 526.751 256.551 659.306 26.6036 500.147
internal_count=6236 3959 2277 1109 2850 115 2162
is_linear=0
shrinkage=1


Tree=1
num_leaves=8
num_cat=0
split_feature=1 0 0 1 1 1 1
split_gain=823.103 828.564 10.2147 3.08637 2.36492 2.38961 1.0969
threshold=1.0000000180025095e-35 1.0000000180025095e-35 -0.96526770028239761 0.95151390187225904 -0.75396481649341152 -0.72699378543397741 -0.99784747784285266
decision_type=2 2 2 2 2 2 2
left_child=4 2 -2 -3 6 -6 -1
right_child=1 3 -4 -5 5 -7 -8
leaf_value=0.044477130064159591 -0.042901417289351679 0.047143269766921736 -0.059356648572331375 0.061231338839436926 0.024593124645713685 0.048943842216291639 0.055966837196597952
leaf_weight=23.013908535242081 113.12040714919567 201.61567658185959 567.13780969381332 48.163406908512115 10.481582105159758 259.71046955883503 213.27740979194641
leaf_count=101 481 884 2414 212 46 1140 936
internal_value=-9.2888e-05 -0.0280231 -0.0566203 0.0498598 0.0511943 0.0479992 0.0548478
internal_weight=1436.52 930.037 680.258 249.779 506.483 270.192 236.291
internal_count=6214 3991 2895 1096 2223 1186 1037
is_linear=0
shrinkage=0.05


Tree=2
num_leaves=8
num_cat=0
split_feature=1 0 1 1 1 1 1
split_gain=778.651 762.049 4.44662 2.98298 4.3731 2.0157 1.82726
threshold=1.0000000180025095e-35 1.0000000180025095e-35 0.9973905644678126 -0.75396481649341152 -0.72699378543397741 0.95696564962992847 -0.99784747784285266
decision_type=2 2 2 2 2 2 2
left_child=3 2 -2 6 -5 -3 -1
right_child=1 5 -4 4 -6 -7 -8
leaf_value=0.04099361304992831 -0.054304932178606935 0.045532922648875339 -0.034988332230411957 0.016888475124032319 0.048064717868956081 0.057022212445132482 0.055850608792068206
leaf_weight=22.92588284611702 667.58698950707912 207.47894297540188 31.184264853596687 11.760728597640989 258.08439514040947 46.782913714647293 212.74101808667183
leaf_count=102 2804 923 131 52 1150 210 950
internal_value=0.000133929 -0.0264729 -0.0534429 0.0502954 0.046706 0.0476469 0.0544053
internal_weight=1458.55 953.033 698.771 505.512 269.845 254.262 235.667
internal_count=6322 4068 2935 2254 1202 1133 1052
is_linear=0
shrinkage=0.05


Tree=3
num_leaves=8
num_cat=0
split_feature=0 1 0 1 1 0 1
split_gain=714.148 674.145 5.13173 3.43664 1.37183 1.30332 0.00466785
threshold=1.0000000180025095e-35 1.0000000180025095e-35 -0.96250253845109668 -0.74121476340003822 -0.99784747784285266 0.3046149507861477 -0.99941493269467208
decision_type=2 2 2 2 2 2 2
left_child=1 3 -3 -1 6 -6 -2
right_child=4 2 -4 -5 5 -7 -8
leaf_value=0.051960854946770364 0.031904655934246774 -0.040703811898432168 -0.052165080935434621 0.04016044151737487 0.054761833116390157 0.048052799822032859 0.029757445585340339
leaf_weight=120.83069743216038 4.6572054326534271 117.50672140717506 578.38863809406757 126.07784639298916 88.320645555853844 401.30093377828598 5.5442921817302686
leaf_count=549 21 489 2402 570 403 1816 25
internal_value=0.000569067 -0.0250453 -0.0502298 0.0459353 0.0488849 0.049263 0.0307377
internal_weight=1442.63 942.804 695.895 246.909 499.823 489.622 10.2015
internal_count=6275 4010 2891 1119 2265 2219 46
is_linear=0
shrinkage=0.05


Tree=4
num_leaves=8
num_cat=0
split_feature=1 0 1 1 0 1 1
split_gain=645.767 628.731 6.03911 2.44708 2.37873 3.20368 1.37636
threshold=1.0000000180025095e-35 1.0000000180025095e-35 0.9973905644678126 0.95151390187225904 -0.98668570375849662 -0.10661115265147945 -0.052074508894441894
decision_type=2 2 2 2 2 2 2
left_child=4 2 -2 -3 5 -1 -6
right_child=1 3 -4 -5 6 -7 -8
leaf_value=0.0067366573644924354 -0.049231457806723028 0.042755261247427866 -0.02691681895829617 0.055734317019086599 0.046463248831525812 0.04519054686851004 0.06710191554489138
leaf_weight=8.8409978151321429 684.10737219452858 196.22882369160652 31.726451233029366 44.56391841173172 454.780228048563 13.982831954956053 8.224184036254881
leaf_count=40 2816 901 131 208 2098 64 38
internal_value=-0.000891638 -0.0247328 -0.0482425 0.0451573 0.0460531 0.0302951 0.0468298
internal_weight=1442.45 956.627 715.834 240.793 485.828 22.8238 463.004
internal_count=6296 4056 2947 1109 2240 104 2136
is_linear=0
shrinkage=0.05


Tree=5
num_leaves=8
num_cat=0
split_feature=1 0 1 1 1 1 1
split_gain=568.018 541.388 5.54482 2.3899 4.1781 2.0588 1.7451
threshold=1.0000000180025095e-35 1.0000000180025095e-35 0.99868377805908637 -0.160053463284729 -0.036033245695462866 0.97710127869177843 -0.2790748798438481
decision_type=2 2 2 2 2 2 2
left_child=3 2 -2 6 -5 -3 -1
right_child=1 5 -4 4 -6 -7 -8
leaf_value=0.044443433321147835 -0.044659171929439578 0.042417856388302783 -0.019106156832302101 0.025448371579141989 0.062023673090091741 0.056882343325836485 0.055869897031627237
leaf_weight=397.55311328172684 696.67788968980312 202.56755942106247 21.896917372941971 35.897936403751373 9.9784475415945035 28.001396328210831 36.480788365006447
leaf_count=1866 2846 946 90 167 47 134 171
internal_value=-7.48115e-05 -0.0224899 -0.0438805 0.0442567 0.0334038 0.0441745 0.0454038
internal_weight=1429.05 949.144 718.575 479.91 45.8764 230.569 434.034
internal_count=6267 4016 2936 2251 214 1080 2037
is_linear=0
shrinkage=0.05


Tree=6
num_leaves=7
num_cat=0
split_feature=0 1 1 0 1 0
split_gain=516.11 496.152 3.2652 2.6794 1.84931 1.51977
threshold=1.0000000180025095e-35 1.0000000180025095e-35 0.9973905644678126 -0.6045295999101411 0.9973905644678126 0.95353307846626734
decision_type=2 2 2 2 2 2
left_child=1 3 -3 -1 5 -2
right_child=4 2 -4 -5 -6 -7
leaf_value=0.037825533700996401 0.041795606469215936 -0.041848126800443218 -0.025203005446074081 0.048601472216929308 0.069996904659345674 0.049049357339527151
leaf_weight=135.83417312800884 372.54409335553646 688.3221515417099 30.780466198921204 100.26627074182034 6.5301785469055167 89.57029789686203
leaf_count=644 1778 2795 126 481 32 427
internal_value=0.000598027 -0.0204874 -0.0411356 0.0424018 0.043575 0.0432016
internal_weight=1423.85 955.203 719.103 236.1 468.645 462.114
internal_count=6283 4046 2921 1125 2237 2205
is_linear=0
shrinkage=0.05


Tree=7
num_leaves=8
num_cat=0
split_feature=1 0 0 1 1 1 1
split_gain=487.718 467.806 3.59399 2.39403 2.56299 1.72804 1.59095
threshold=1.0000000180025095e-35 1.0000000180025095e-35 -0.99586060280620492 -0.79668817137030945 -0.81638949801497029 0.97317881348764146 -0.036033245695462866
decision_type=2 2 2 2 2 2 2
left_child=3 2 -2 4 -1 -3 -5
right_child=1 5 -4 6 -6 -7 -8
leaf_value=0.043630929728632271 -0.027186471322226742 0.039169286372295109 -0.04193354694530424 0.036880865100272005 0.070104615532679659 0.051760523088993739 0.056295899462014347
leaf_weight=186.68570709228516 43.949742317199707 196.673982411623 689.10887822508812 259.10568033158779 9.6131151020526868 31.632161170244217 10.99958825111389
leaf_count=912 178 950 2786 1253 47 158 54
internal_value=-0.00123008 -0.0215847 -0.0410494 0.0407253 0.0449274 0.0409138 0.0376715
internal_weight=1427.77 961.365 733.059 466.404 196.299 228.306 270.105
internal_count=6338 4072 2964 2266 959 1108 1307
is_linear=0
shrinkage=0.05


Tree=8
num_leaves=8
num_cat=0
split_feature=1 0 0 1 0 0 0
split_gain=459.758 420.997 2.85791 1.94476 1.93719 1.88196 1.17105
threshold=1.0000000180025095e-35 1.0000000180025095e-35 0.22197395808246814 -0.75396481649341152 -0.9991482202594798 -0.96250253845109668 0.2355661662725517
decision_type=2 2 2 2 2 2 2
left_child=3 5 -3 6 -5 -2 -1
right_child=1 2 -4 4 -6 -7 -8
leaf_value=0.04159725030497026 -0.03341507100868818 0.054017837874783481 0.037036196610402604 0.069556966277889529 0.036970199087519272 -0.04014550870598467 0.049631085286050758
leaf_weight=144.55208796262741 125.66066293418407 28.322245627641678 197.86878786981106 4.6479460299015036 242.88625061511993 598.77732212841511 66.102362081408501
leaf_count=720 507 145 972 23 1193 2411 329
internal_value=-0.00055537 -0.0203854 0.0391625 0.0405871 0.0375821 -0.0389781 0.0441182
internal_weight=1408.82 950.629 226.191 458.189 247.534 724.438 210.654
internal_count=6300 4035 1117 2265 1216 2918 1049
is_linear=0
shrinkage=0.05


Tree=9
num_leaves=8
num_cat=0
split_feature=1 0 1 0 1 0 0
split_gain=380.315 370.246 3.01249 2.22169 3.77311 2.03924 1.39773
threshold=1.0000000180025095e-35 1.0000000180025095e-35 0.98180989089889092 -0.98668570375849662 -0.036033245695462866 -0.96526770028239761 -0.97576421655225842
decision_type=2 2 2 2 2 2 2
left_child=3 5 -3 4 -1 -2 -5
right_child=1 2 -4 6 -6 -7 -8
leaf_value=0.013863026569998478 -0.027996800181447137 0.038223352632991404 0.057869961426606803 0.058807408605203705 0.068149978650587487 -0.035274807293996957 0.039686653782517602
leaf_weight=17.687282845377926 114.57254698872566 197.45037457346916 21.650985330343246 9.782364293932913 3.9079108834266654 601.71207268536091 416.1371676325798
leaf_count=86 461 987 114 49 20 2416 2098
internal_value=0.00142389 -0.0167127 0.0401648 0.0393325 0.0236869 -0.0341107 0.0401258
internal_weight=1382.9 935.386 219.101 447.515 21.5952 716.285 425.92
internal_count=6231 3978 1101 2253 106 2877 2147
is_linear=0
shrinkage=0.05


Tree=10
num_leaves=8
num_cat=0
split_feature=1 0 1 1 1 1 1
split_gain=348.502 328.133 3.03103 2.77896 2.70077 2.39323 1.70245
threshold=1.0000000180025095e-35 1.0000000180025095e-35 0.9973905644678126 -0.79668817137030945 -0.81638949801497029 0.97317881348764146 -0.036033245695462866
decision_type=2 2 2 2 2 2 2
left_child=3 2 -2 4 -1 -3 -5
right_child=1 5 -4 6 -6 -7 -8
leaf_value=0.040351471937927305 -0.033717330333623188 0.035320952997061207 -0.018100508767034132 0.032985226557356841 0.067204236658108804 0.050779618473681301 0.055481747481429533
leaf_weight=171.62198366224766 689.55916652083397 185.64668390154839 32.53624264895916 249.52949297428131 9.9041003584861738 28.939868405461311 8.703084856271742
leaf_count=888 2764 943 131 1268 52 156 46
internal_value=0.000357591 -0.0168811 -0.0330137 0.0370759 0.0418166 0.0374058 0.0337434
internal_weight=1376.44 936.682 722.095 439.759 181.526 214.587 258.233
internal_count=6248 3994 2895 2254 940 1099 1314
is_linear=0
shrinkage=0.05


Tree=11
num_leaves=8
num_cat=0
split_feature=1 0 0 1 1 1 1
split_gain=344.021 299.199 4.0705 3.40526 2.43416 1.74424 1.3833
threshold=1.0000000180025095e-35 1.0000000180025095e-35 -0.98668570375849662 0.98180989089889092 -0.091414717593549896 0.70451034504544052 -0.10661115265147945
decision_type=2 2 2 2 2 2 2
left_child=2 5 6 -3 -4 -2 -1
right_child=1 3 4 -5 -6 -7 -8
leaf_value=0.00074554335572245452 -0.034202826752559055 0.034117980118687802 0.037845593377732537 0.055582000940331437 0.062161788677833452 -0.029275431704658322 0.026483319296349742
leaf_weight=8.6260853707790393 355.37665899097919 188.83180917799473 406.02460266649723 20.482952535152435 10.559624016284941 363.11529667675495 13.223411560058592
leaf_count=42 1423 977 2121 114 56 1454 68
internal_value=0.000860081 -0.0163872 0.0373586 0.0362184 0.038462 -0.0317126 0.0163222
internal_weight=1366.24 927.807 438.434 209.315 416.584 718.492 21.8495
internal_count=6255 3968 2287 1091 2177 2877 110
is_linear=0
shrinkage=0.05


Tree=12
num_leaves=8
num_cat=0
split_feature=1 0 0 1 1 1 0
split_gain=306.687 281.093 5.56206 1.79956 1.72201 2.69625 1.85
threshold=1.0000000180025095e-35 1.0000000180025095e-35 -0.063922702098096543 0.95151390187225904 -0.79668817137030945 -0.81638949801497029 0.93494951819409144
decision_type=2 2 2 2 2 2 2
left_child=4 2 -2 -3 5 -1 -6
right_child=1 3 -4 -5 6 -7 -8
leaf_value=0.037435549732448489 -0.03194269384517414 0.03277073603870892 -0.0093672425399540776 0.044949089241201334 0.030281431484650647 0.065487092530843213 0.041279667025344351
leaf_weight=167.40564328432083 692.59604229032993 171.09151734411716 28.402555480599403 36.871071323752403 198.67671494185925 9.0281349718570691 47.347415402531624
leaf_count=900 2771 897 114 206 1042 50 253
internal_value=-0.000219378 -0.016282 -0.0310534 0.0349299 0.0351014 0.038871 0.032398
internal_weight=1351.42 928.961 720.999 207.963 422.458 176.434 246.024
internal_count=6233 3988 2885 1103 2245 950 1295
is_linear=0
shrinkage=0.05


Tree=13
num_leaves=8
num_cat=0
split_feature=1 0 0 0 1 1 1
split_gain=323.524 256.671 2.44576 2.43578 2.06279 1.97809 1.63202
threshold=1.0000000180025095e-35 1.0000000180025095e-35 -0.99794367700819697 0.076545008425780103 -0.75396481649341152 -0.72699378543397741 -0.99784747784285266
decision_type=2 2 2 2 2 2 2
left_child=4 2 -2 -3 6 -6 -1
right_child=1 3 -4 -5 5 -7 -8
leaf_value=0.026359444930327471 -0.016263977929810249 0.063637887592183237 -0.030619862967706538 0.032678664724606371 0.011403093970345821 0.034364129003746961 0.041874691357319749
leaf_weight=18.753949403762817 30.990583896636963 6.5665145069360724 695.36425140500069 195.65307766199112 9.8003959655761701 218.68464361131191 176.12531712651253
leaf_count=101 124 39 2782 1053 51 1170 968
internal_value=0.000378546 -0.016137 -0.0300074 0.033684 0.0366025 0.0333793 0.0403816
internal_weight=1351.94 928.574 726.355 202.22 423.364 228.485 194.879
internal_count=6288 3998 2906 1092 2290 1221 1069
is_linear=0
shrinkage=0.05


Tree=14
num_leaves=8
num_cat=0
split_feature=0 1 0 1 1 1 1
split_gain=258.015 219.142 2.37739 1.73385 2.41183 1.49948 0.442549
threshold=1.0000000180025095e-35 1.0000000180025095e-35 -0.54507807891751481 0.97710127869177843 0.86365958913410468 0.9973905644678126 0.99808650896223472
decision_type=2 2 2 2 2 2 2
left_child=1 2 -1 4 -2 -3 -5
right_child=3 5 -4 6 -6 -7 -8
leaf_value=0.02803733457765999 0.034878074311376121 -0.026703684032179948 0.039134575148875028 0.044506903681935772 0.022244696666292228 -0.015787331636615148 0.062768528770217144
leaf_weight=129.61501114070415 346.23036243021488 692.69812196493149 76.894558027386665 18.323783785104755 42.405926644802094 32.954237654805183 4.0510445833206168
leaf_count=702 1900 2772 431 109 232 132 25
internal_value=0.00127639 -0.0132751 0.0321694 0.0342788 0.0334996 -0.0262079 0.0478132
internal_weight=1343.17 932.162 206.51 411.011 388.636 725.652 22.3748
internal_count=6303 4037 1133 2266 2132 2904 134
is_linear=0
shrinkage=0.05


Tree=15
num_leaves=8
num_cat=0
split_feature=1 0 0 0 1 1 0
split_gain=234.841 205.408 3.20098 2.29552 2.00585 3.03105 2.62191
threshold=1.0000000180025095e-35 1.0000000180025095e-35 -0.96250253845109668 0.22197395808246814 -0.75396481649341152 -0.99784747784285266 0.9582976069625716
decision_type=2 2 2 2 2 2 2
left_child=4 2 -2 -3 5 -1 -6
right_child=1 3 -4 -5 6 -7 -8
leaf_value=0.016827514007718813 -0.019005851047735209 0.044948312052674681 -0.027820865648029287 0.028779811908020904 0.026043170124685468 0.037631284503795381 0.040566291185596189
leaf_weight=19.581365093588829 124.46669039130211 25.06997375190258 596.73155653476715 176.52916732430458 190.14763014018536 165.39462004601955 37.148193687200546
leaf_count=109 498 154 2390 974 1045 948 211
internal_value=0.00018926 -0.0138274 -0.0262995 0.0307905 0.031563 0.035429 0.0284168
internal_weight=1335.07 922.797 721.198 201.599 412.272 184.976 227.296
internal_count=6329 4016 2888 1128 2313 1057 1256
is_linear=0
shrinkage=0.05


Tree=16
num_leaves=8
num_cat=0
split_feature=0 1 0 0 0 1 0
split_gain=217.376 182.467 3.14892 3.0886 2.75042 2.09627 1.13624
threshold=1.0000000180025095e-35 1.0000000180025095e-35 0.9582976069625716 -0.6045295999101411 -0.99794367700819697 -0.99784747784285266 0.99986109005760893
decision_type=2 2 2 2 2 2 2
left_child=1 3 5 -1 -3 -2 -4
right_child=2 4 6 -5 -6 -7 -8
leaf_value=0.024930249096610815 0.0053223422975575037 -0.0095706201603495619 0.041965091067836996 0.037818369366040744 -0.025090782348642628 0.029580596052716169 0.014773576593314958
leaf_weight=114.65236473083496 9.1634436100721341 29.744533106684685 68.216498553752899 78.187044486403465 708.46104845404625 316.64288997650146 4.0711515843868247
leaf_count=636 51 119 389 457 2840 1812 24
internal_value=6.9832e-05 -0.0131522 0.030993 0.0301558 -0.0244654 0.0288983 0.0404337
internal_weight=1329.14 931.045 398.094 192.839 738.206 325.806 72.2877
internal_count=6328 4052 2276 1093 2959 1863 413
is_linear=0
shrinkage=0.05


Tree=17
num_leaves=7
num_cat=0
split_feature=0 1 0 1 1 1
split_gain=206.378 171.463 2.58802 2.33417 1.96171 1.69088
threshold=1.0000000180025095e-35 1.0000000180025095e-35 -0.96250253845109668 -0.74121476340003822 0.99808650896223472 -0.62707976250810582
decision_type=2 2 2 2 2 2
left_child=1 3 -3 -1 5 -2
right_child=4 2 -4 -5 -6 -7
leaf_value=0.034869249358047597 0.034884606650798754 -0.01759033405243798 -0.025571144985959773 0.023790159701418873 0.06113046512195678 0.027650388813967881
leaf_weight=90.35655888915062 115.04400725662708 122.08891542255878 604.74932895600796 100.32688957452774 5.0634542703628531 271.15332888066769
leaf_count=537 674 489 2428 563 34 1568
internal_value=-0.000194049 -0.0131596 -0.0242306 0.0290401 0.0302108 0.0298054
internal_weight=1308.78 917.522 726.838 190.683 391.261 386.197
internal_count=6293 4017 2917 1100 2276 2242
is_linear=0
shrinkage=0.05


Tree=18
num_leaves=8
num_cat=0
split_feature=1 0 1 0 1 1 0
split_gain=176.323 156.875 3.01337 2.8056 2.59393 2.2557 1.18015
threshold=1.0000000180025095e-35 1.0000000180025095e-35 -0.99784747784285266 -0.96250253845109668 0.021029666406450733 -0.75396481649341152 -0.0084647454929479785
decision_type=2 2 2 2 2 2 2
left_child=2 3 6 -2 -3 -4 -1
right_child=1 4 5 -5 -6 -7 -8
leaf_value=0.022684392484698866 -0.015628687664758282 -0.024239922938622316 0.03382587226220015 -0.023931346321407317 0.029699682268123213 0.025886424676678201 -0.0040820149200120909
leaf_weight=7.2937609106302288 122.25112743675709 2.256412371993064 155.48936016857624 606.72344307601452 182.52000135183334 210.6796045601368 9.4582706987857801
leaf_count=43 490 13 946 2440 1074 1219 54
internal_value=-0.000172821 -0.0121086 0.0283091 -0.022539 0.029041 0.0292578 0.00757196
internal_weight=1296.67 913.751 382.921 728.975 184.776 366.169 16.752
internal_count=6279 4017 2262 2930 1087 2165 97
is_linear=0
shrinkage=0.05


Tree=19
num_leaves=8
num_cat=0
split_feature=0 1 1 1 1 0 0
split_gain=159.509 141.57 3.45884 2.85092 5.86248 2.70688 0.553144
threshold=1.0000000180025095e-35 1.0000000180025095e-35 0.9973905644678126 0.95696564962992847 0.9451771086531392 -0.053555969754869266 0.059044994974993874
decision_type=2 2 2 2 2 2 2
left_child=1 5 -3 4 -2 -1 -5
right_child=3 2 -4 6 -6 -7 -8
leaf_value=0.028950866870503047 0.026970174068350367 -0.021727483615810495 -0.0043834733525313623 0.060164039795448557 -0.038994611408051133 -0.0033675860524891425 0.039502358819819762
leaf_weight=180.09859707951546 340.31927964091301 696.78342799842358 29.982538282871246 3.6503602862358084 3.4018644690513602 6.7207747697830191 28.763734206557274
leaf_count=1073 2031 2806 120 26 20 40 184
internal_value=0.000249877 -0.0110328 -0.021012 0.0276541 0.0263173 0.0277882 0.0418292
internal_weight=1289.72 913.585 726.766 376.135 343.721 186.819 32.4141
internal_count=6300 4039 2926 2261 2051 1113 210
is_linear=0
shrinkage=0.05


Tree=20
num_leaves=8
num_cat=0
split_feature=0 1 0 1 1 1 1
split_gain=143.604 122.734 2.71692 2.11103 2.05365 4.90683 0.905694
threshold=1.0000000180025095e-35 1.0000000180025095e-35 -0.81945214357872331 -0.88360211680910539 0.95696564962992847 0.9451771086531392 0.99808650896223472
decision_type=2 2 2 2 2 2 2
left_child=1 3 -3 -1 5 -2 -6
right_child=4 2 -4 -5 6 -7 -8
leaf_value=0.033605374122239282 0.025943357058950723 -0.023687571647826512 -0.017429081171436347 0.022070465909918929 0.035204563437678402 -0.027511782798991233 0.05957669624627409
leaf_weight=57.356156289577484 332.83210195600986 286.57528460025787 439.14770404994488 128.59519390761852 26.513709709048275 4.3491095453500739 4.4518758654594413
leaf_count=361 2017 1155 1772 765 174 25 33
internal_value=2.90504e-05 -0.0106141 -0.0199004 0.0256284 0.0263856 0.0252539 0.0387085
internal_weight=1279.82 911.674 725.723 185.951 368.147 337.181 30.9656
internal_count=6302 4053 2927 1126 2249 2042 207
is_linear=0
shrinkage=0.05


Tree=21
num_leaves=8
num_cat=0
split_feature=1 0 1 0 1 1 1
split_gain=133.562 120.844 2.86896 2.562 2.06585 3.30368 3.02911
threshold=1.0000000180025095e-35 1.0000000180025095e-35 0.97710127869177843 -0.96250253845109668 -0.75396481649341152 -0.99784747784285266 -0.72699378543397741
decision_type=2 2 2 2 2 2 2
left_child=4 3 -3 -2 5 -1 -6
right_child=1 2 -4 -5 6 -7 -8
leaf_value=0.0076097855900132379 -0.013471604932086498 0.02329757298026177 0.043172474122131661 -0.021355594416079843 -0.0097491882855396915 0.03144510078360957 0.022805623760088208
leaf_weight=16.089461162686348 124.30285462737083 161.77654284238815 20.453051939606667 602.54603651165962 7.4295109808444968 150.73800507187843 186.82883223891258
leaf_count=96 500 981 145 2437 43 968 1132
internal_value=-0.00066098 -0.0108795 0.0255283 -0.0200073 0.0250653 0.0291463 0.0215605
internal_weight=1270.16 909.078 182.23 726.849 361.086 166.827 194.258
internal_count=6302 4063 1126 2937 2239 1064 1175
is_linear=0
shrinkage=0.05


Tree=22
num_leaves=8
num_cat=0
split_feature=1 0 0 0 0 0 0
split_gain=138.206 104.161 2.26799 3.47121 2.97529 2.18057 1.44548
threshold=1.0000000180025095e-35 1.0000000180025095e-35 -0.46723556032877711 -0.38131239580665482 -0.50294452059522154 0.22197395808246814 -0.99586060280620492
decision_type=2 2 2 2 2 2 2
left_child=2 6 4 -4 -1 -3 -2
right_child=1 5 3 -5 -6 -7 -8
leaf_value=0.022109611367019257 -0.01041576764495257 0.038841016075366892 0.056699892869016846 0.027416820719643645 -0.014151296591557278 0.021782366965032426 -0.01971361000792262
leaf_weight=116.98031079769135 44.531371995806694 21.342404812574387 10.594846755266188 225.87681266665459 5.9445510357618323 153.25791822373867 681.77391619980335
leaf_count=712 179 155 70 1438 39 941 2762
internal_value=-0.000349881 -0.0108078 0.0258651 0.0287288 0.0203561 0.0238675 -0.0191435
internal_weight=1260.3 900.906 359.397 236.472 122.925 174.6 726.305
internal_count=6296 4037 2259 1508 751 1096 2941
is_linear=0
shrinkage=0.05


Tree=23
num_leaves=7
num_cat=0
split_feature=0 1 0 1 0 0
split_gain=125.862 103.702 1.89064 1.49081 1.41735 0.864519
threshold=1.0000000180025095e-35 1.0000000180025095e-35 -0.053555969754869266 0.99808650896223472 -0.55477180463038622 0.9582976069625716
decision_type=2 2 2 2 2 2
left_child=1 2 -1 5 -3 -2
right_child=3 4 -4 -5 -6 -7
leaf_value=0.02471511893044407 0.023367555901154531 -0.017317323365411894 -0.0018658953629146768 0.058313540029149048 -0.0219001126686654 0.029882665088704536
leaf_weight=170.16640995442867 280.97665737569332 451.380371555686 6.9634547531604758 3.3004721626639357 269.42129078507423 62.187494114041328
leaf_count=1078 1792 1832 43 27 1093 398
internal_value=-0.000729541 -0.010607 0.0236701 0.0248699 -0.0190303 0.0245482
internal_weight=1244.4 897.932 177.13 346.465 720.802 343.164
internal_count=6263 4046 1121 2217 2925 2190
is_linear=0
shrinkage=0.05


Tree=24
num_leaves=8
num_cat=0
split_feature=1 0 1 0 0 0 1
split_gain=113.698 92.2162 2.94369 1.71642 1.9811 1.93286 1.50576
threshold=1.0000000180025095e-35 1.0000000180025095e-35 0.010646307149161269 -0.92084546611574747 -0.94617003771780606 -0.88917690192508625 0.46816116574051853
decision_type=2 2 2 2 2 2 2
left_child=3 6 -3 4 -1 -5 -2
right_child=1 2 -4 5 -6 -7 -8
leaf_value=0.020182018895091039 -0.020888894238253884 -0.051292192216748106 0.023887666152715755 0.047311499628778848 -0.0064960684425061036 0.024751714664076222 -0.015921195536878593
leaf_weight=35.044414386153221 221.5055148601532 1.3120561838150013 170.83967089653015 9.8086160868406278 8.683037191629408 296.43386425077915 489.93755044043064
leaf_count=215 899 8 1105 61 54 1936 1995
internal_value=3.1157e-05 -0.00952216 0.0233147 0.0241511 0.0148845 0.0254743 -0.0174679
internal_weight=1233.56 883.595 172.152 349.97 43.7275 306.242 711.443
internal_count=6273 4007 1113 2266 269 1997 2894
is_linear=0
shrinkage=0.05


Tree=25
num_leaves=8
num_cat=0
split_feature=0 1 1 1 1 0 1
split_gain=96.5538 79.2787 3.21324 2.95575 4.58329 2.21406 0.651512
threshold=1.0000000180025095e-35 -0.160053463284729 -0.99986681660808341 0.95696564962992847 0.9451771086531392 -0.99485421447020628 0.99808650896223472
decision_type=2 2 2 2 2 2 2
left_child=1 2 -1 4 -2 -3 -5
right_child=3 5 -4 6 -6 -7 -8
leaf_value=-0.040804329615871153 0.020789692325286217 -0.0070505621407570725 0.024072223792770242 0.034152445271198734 -0.031834843260680062 -0.017298576983372654 0.057657079702627803
leaf_weight=1.9332891702651966 310.63392713665962 57.133750185370445 149.25795763731003 25.142884105443958 4.1933835893869391 679.90937379002571 3.3398056775331488
leaf_count=12 2028 252 981 182 25 2785 29
internal_value=-0.00103485 -0.00973865 0.0232426 0.0214842 0.0200888 -0.0165042 0.0369085
internal_weight=1231.54 888.234 151.191 343.31 314.827 737.043 28.4827
internal_count=6294 4030 993 2264 2053 3037 211
is_linear=0
shrinkage=0.05


Tree=26
num_leaves=8
num_cat=0
split_feature=0 1 1 0 0 0 0
split_gain=85.1706 66.995 3.7583 2.93291 1.63687 1.87208 1.07652
threshold=1.0000000180025095e-35 1.0000000180025095e-35 0.71800482713004354 -0.6045295999101411 0.9582976069625716 0.64499098842574787 0.96621882186239627
decision_type=2 2 2 2 2 2 2
left_child=1 3 -3 -1 5 -2 -6
right_child=4 2 -4 -5 6 -7 -8
leaf_value=0.015013515467574632 0.023679636966702982 -0.01843756583652505 -0.011162047089337259 0.028574797659353182 0.047153671433827898 0.015406193155096466 0.026490918423663967
leaf_weight=101.67233696579933 147.61132308840752 359.24418027698994 350.86257277429104 65.588671922683716 7.1490677744150153 127.37485937774181 53.297867506742477
leaf_count=646 1011 1468 1434 456 48 828 357
internal_value=5.56298e-05 -0.00813717 -0.0148427 0.0203314 0.0214849 0.0198473 0.0289347
internal_weight=1212.8 877.368 710.107 167.261 335.433 274.986 60.4469
internal_count=6248 4004 2902 1102 2244 1839 405
is_linear=0
shrinkage=0.05


Tree=27
num_leaves=7
num_cat=0
split_feature=1 0 0 1 0 0
split_gain=92.4946 62.8395 4.11876 1.90993 1.90035 5.88028
threshold=1.0000000180025095e-35 -0.044578383040352103 0.97019007187955908 0.90258527060270077 -0.99948718233423473 -0.99861579520848454
decision_type=2 2 2 2 2 2
left_child=4 3 -3 -2 -1 -6
right_child=1 2 -4 -5 5 -7
leaf_value=0.061094221312609567 -0.014810983917431811 0.01384361453501925 0.036155476627851658 -0.020682521369021285 -0.06575185697870238 0.021446579154088322
leaf_weight=2.9723274707794181 501.24400593340397 154.78636155277491 23.87434458732605 191.38407850265503 1.9447783082723606 330.31705333292484
leaf_count=20 2054 997 159 784 12 2232
internal_value=-0.00102637 -0.00961361 0.0168251 -0.0164334 0.0212923 0.0209362
internal_weight=1206.52 871.289 178.661 692.628 335.234 332.262
internal_count=6258 3994 1156 2838 2264 2244
is_linear=0
shrinkage=0.05


Tree=28
num_leaves=8
num_cat=0
split_feature=1 0 1 1 0 0 0
split_gain=83.3804 64.0128 2.90176 1.90029 1.75866 4.1113 1.91081
threshold=1.0000000180025095e-35 1.0000000180025095e-35 0.010646307149161269 0.9973905644678126 0.9582976069625716 0.90134175701226849 0.99021941275323322
decision_type=2 2 2 2 2 2 2
left_child=4 3 -3 -2 5 -1 -6
right_child=1 2 -4 -5 6 -7 -8
leaf_value=0.02237610968732057 -0.014491476424443157 -0.053899752990057004 0.021466097789579024 -0.0020629164464439453 0.046619700052446714 -0.0034714234394168176 0.020733317046117423
leaf_weight=289.18159383535385 665.42628562450409 1.2873361110687245 161.86760315299034 32.245556697249413 14.60174982249737 16.248840346932411 13.929218694567679
leaf_count=1975 2734 8 1103 130 103 109 99
internal_value=0.000903616 -0.00732348 0.0208714 -0.013917 0.02211 0.021001 0.0339816
internal_weight=1194.79 860.827 163.155 697.672 333.961 305.43 28.531
internal_count=6261 3975 1111 2864 2286 2084 202
is_linear=0
shrinkage=0.05


Tree=29
num_leaves=8
num_cat=0
split_feature=0 1 0 0 1 0 1
split_gain=72.1267 60.9501 2.19876 1.68553 4.25887 1.49219 0.368549
threshold=1.0000000180025095e-35 1.0000000180025095e-35 -0.074195516126569397 0.038998216718191196 -0.99784747784285266 -0.6045295999101411 -0.99941493269467208
decision_type=2 2 2 2 2 2 2
left_child=1 5 -3 6 -5 -1 -2
right_child=3 2 -4 4 -6 -7 -8
leaf_value=0.016197155086988917 0.034856911210511259 -0.014291419697445447 -0.00097212942748101626 -0.040172883474276576 0.02027508377265165 0.025906074121563701 0.058702834521765106
leaf_weight=98.168317168951035 3.7098737955093384 674.93762291967869 32.4761843085289 2.9408800303935996 317.32994110882282 66.305255085229874 2.8768561780452719
leaf_count=647 24 2780 131 19 2207 484 24
internal_value=0.000203805 -0.00730557 -0.01368 0.0202349 0.01972 0.0201112 0.045272
internal_weight=1198.74 871.887 707.414 326.858 320.271 164.474 6.58673
internal_count=6316 4042 2911 2274 2226 1131 48
is_linear=0
shrinkage=0.05


Tree=30
num_leaves=8
num_cat=0
split_feature=0 1 0 0 0 0 0
split_gain=58.1183 49.5536 2.70922 2.27692 4.16077 3.14653 1.7032
threshold=1.0000000180025095e-35 1.0000000180025095e-35 -0.43782202132645381 0.9582976069625716 0.94771259676284914 0.98855975881510272 -0.99948718233423473
decision_type=2 2 2 2 2 2 2
left_child=1 6 -3 4 -2 -5 -1
right_child=3 2 -4 5 -6 -7 -8
leaf_value=0.060041802304021542 0.017875680318536615 -0.0098593850691078219 -0.01669366904894979 0.040050881855140989 -0.022302844176145677 0.016604487936456885 0.018497834507421759
leaf_weight=2.506957232952117 254.87277802079916 496.32549606263638 204.86506290733814 27.527105137705803 6.6106882542371741 29.80048656463623 155.26757998764515
leaf_count=18 1795 2048 844 198 45 212 1079
internal_value=0.000607175 -0.00615948 -0.0118561 0.0188384 0.0168599 0.0278628 0.0191579
internal_weight=1177.78 858.965 701.191 318.811 261.483 57.3276 157.775
internal_count=6239 3989 2892 2250 1840 410 1097
is_linear=0
shrinkage=0.05


Tree=31
num_leaves=7
num_cat=0
split_feature=0 1 0 0 1 1
split_gain=63.2786 48.7364 3.65112 3.10544 1.59662 1.57697
threshold=1.0000000180025095e-35 -0.160053463284729 -0.96786293715941929 -0.55477180463038622 0.99808650896223472 -0.69289860921230317
decision_type=2 2 2 2 2 2
left_child=1 2 -1 -3 5 -2
right_child=4 3 -4 -5 -6 -7
leaf_value=0.050334889978030997 0.025177590804541135 -0.0092947347482377398 0.018379756476763074 -0.016127070163387696 0.056393964357609752 0.017120451241392002
leaf_weight=9.6036786586046201 82.07413575053215 458.14856748282909 129.13599303364754 261.09135773777962 2.9144591242074958 233.52277773618698
leaf_count=66 597 1929 923 1079 29 1649
internal_value=0.000524171 -0.00654109 0.0205917 -0.0117749 0.019556 0.0192158
internal_weight=1176.49 857.98 138.74 719.24 318.511 315.597
internal_count=6272 3997 989 3008 2275 2246
is_linear=0
shrinkage=0.05


Tree=32
num_leaves=8
num_cat=0
split_feature=1 0 1 1 0 0 1
split_gain=49.7448 41.3509 5.85126 3.51098 2.68368 2.66404 1.47775
threshold=-0.160053463284729 1.0000000180025095e-35 0.95696564962992847 -0.99784747784285266 0.73757204564663359 0.038998216718191196 0.99868377805908637
decision_type=2 2 2 2 2 2 2
left_child=3 6 -3 5 -5 -1 -2
right_child=1 2 -4 4 -6 -7 -8
leaf_value=0.0051486128881838332 -0.011922963711562895 0.012142209638256863 0.039069933757649639 0.021542029005124003 0.0094087315278344342 -0.046065889011338859 0.00056251501043876452
leaf_weight=11.678224474191664 708.95432162284851 147.01034343242645 23.382646560668945 211.52055637538433 58.089362636208534 3.2446694523096076 24.518630281090736
leaf_count=80 2974 1031 194 1547 414 21 99
internal_value=-0.000611469 -0.006351 0.0158374 0.0176211 0.0189278 -0.0059869 -0.0115056
internal_weight=1188.4 903.866 170.393 284.533 269.61 14.9229 733.473
internal_count=6360 4298 1225 2062 1961 101 3073
is_linear=0
shrinkage=0.05


Tree=33
num_leaves=8
num_cat=0
split_feature=1 0 1 1 0 0 0
split_gain=46.8716 39.5609 4.83736 3.43116 2.11347 2.10477 0.638635
threshold=-0.14133319298015526 1.0000000180025095e-35 -0.10661115265147945 -0.2790748798438481 -0.43782202132645381 0.73757204564663359 0.96252608682722995
decision_type=2 2 2 2 2 2 2
left_child=3 4 -3 5 -2 -1 -5
right_child=1 2 -4 6 -6 -7 -8
leaf_value=0.017717266060783957 -0.0094903056631826365 -0.037897307469488828 0.017114210468786882 0.027280695843742056 -0.015460787082302974 0.0060681388937146507 0.04268123658982978
leaf_weight=203.72325657308102 521.23732191324234 4.0963920950889579 163.29511918872595 15.005909428000452 207.12349404394627 47.890884712338448 12.20825472474098
leaf_count=1507 2195 30 1189 105 860 337 94
internal_value=-0.000578169 -0.00615077 0.015768 0.0173241 -0.0111881 0.0155 0.0341894
internal_weight=1174.58 895.752 167.392 278.828 728.361 251.614 27.2142
internal_count=6317 4274 1219 2043 3055 1844 199
is_linear=0
shrinkage=0.05


Tree=34
num_leaves=8
num_cat=0
split_feature=0 1 0 1 1 1 1
split_gain=39.0103 29.9613 2.2099 2.15915 1.68345 1.39033 0.618102
threshold=1.0000000180025095e-35 -0.160053463284729 -0.99794367700819697 0.98180989089889092 -0.22410066709536425 0.84800184551875224 0.99006032692114965
decision_type=2 2 2 2 2 2 2
left_child=1 4 -3 5 -1 -2 -5
right_child=3 2 -4 6 -6 -7 -8
leaf_value=0.015282998231439228 0.016453016286129201 0.0030554942276057651 -0.0096340523369897874 0.057547263077835656 0.039675906997503729 0.0060890619874619523 0.030558692596762083
leaf_weight=128.51102547347546 254.89597305655479 36.147397041320801 674.97163020074368 2.7347745895385733 7.4851330369710913 37.065522193908691 9.4601774141192418
leaf_count=954 1867 162 2830 24 55 268 89
internal_value=0.000638182 -0.00487685 -0.00898902 0.0159983 0.0166256 0.0151373 0.036611
internal_weight=1151.27 847.115 711.119 304.156 135.996 291.961 12.195
internal_count=6249 4001 2992 2248 1009 2135 113
is_linear=0
shrinkage=0.05


Tree=35
num_leaves=8
num_cat=0
split_feature=1 0 1 0 0 0 0
split_gain=46.4114 30.0513 4.8134 2.1377 2.0851 4.35285 0.601112
threshold=1.0000000180025095e-35 1.0000000180025095e-35 0.010646307149161269 -0.96250253845109668 -0.99485421447020628 -0.99373866855194171 -0.99861579520848454
decision_type=2 2 2 2 2 2 2
left_child=4 3 -3 -2 6 -6 -1
right_child=1 2 -4 -5 5 -7 -8
leaf_value=0.02714682389140461 -0.0036942593190193184 -0.097665156532076261 0.015894125224197083 -0.010958186876105856 -0.067711849501742846 0.01708452546372586 0.052505283685993123
leaf_weight=4.4081769436597824 122.6511235833168 0.93914338946342368 145.97846278548241 581.41573548316956 1.5212992429733265 292.11231427639723 4.9737132191658002
leaf_count=30 505 6 1081 2429 9 2187 31
internal_value=0.000582769 -0.00540067 0.0151682 -0.00969278 0.0173866 0.0166452 0.0405904
internal_weight=1154 850.984 146.918 704.067 303.016 293.634 9.38189
internal_count=6278 4021 1087 2934 2257 2196 61
is_linear=0
shrinkage=0.05


Tree=36
num_leaves=7
num_cat=0
split_feature=0 1 0 1 1 0
split_gain=38.4117 27.0914 2.97008 2.31237 1.97521 1.66861
threshold=-0.044578383040352103 1.0000000180025095e-35 -0.88583934976042245 -0.99986681660808341 0.99958031225199584 -0.1145036950049505
decision_type=2 2 2 2 2 2
left_child=1 5 -3 -2 -5 -1
right_child=3 2 -4 4 -6 -7
leaf_value=0.012823577843430521 -0.025805107298089981 -0.01468132586786209 -0.0075713684674556733 0.01611939749003289 -0.0023039490027334597 0.040752252677686431
leaf_weight=140.81401660293341 3.4704380631446829 215.80972507596016 459.89756935834885 301.83076193183661 15.28521493077278 5.5591582506895056
leaf_count=1048 24 897 1927 2260 69 44
internal_value=0.000107135 -0.00561762 -0.00984217 0.0147871 0.0152314 0.0138843
internal_weight=1142.67 822.08 675.707 320.586 317.116 146.373
internal_count=6269 3916 2824 2353 2329 1092
is_linear=0
shrinkage=0.05


Tree=37
num_leaves=8
num_cat=0
split_feature=1 0 1 0 0 0 0
split_gain=32.4161 27.7954 3.54977 2.00164 1.18756 4.66279 1.39595
threshold=0.021029666406450733 -0.0184994336074519 0.031846872962284771 0.93494951819409144 0.92773840103469396 0.73757204564663359 0.99021941275323322
decision_type=2 2 2 2 2 2 2
left_child=4 2 -2 -3 5 -1 -6
right_child=1 3 -4 -5 6 -7 -8
leaf_value=0.015473272116883799 -0.049751670154894991 0.011490266581418345 -0.0089613035523221016 0.025702858854796836 0.03070517558936189 -0.0033971691070784193 0.010507204513863465
leaf_weight=236.39814100414515 5.3761704564094535 119.80326481163502 674.37722752988338 31.231069222092628 21.241572789847851 37.997501254081726 14.322452224791048
leaf_count=1774 22 883 2824 236 166 278 109
internal_value=0.000175333 -0.00497296 -0.00928391 0.0144292 0.0139743 0.0128601 0.022571
internal_weight=1140.75 830.788 679.753 151.034 309.96 274.396 35.564
internal_count=6292 3965 2846 1119 2327 2052 275
is_linear=0
shrinkage=0.05


Tree=38
num_leaves=8
num_cat=0
split_feature=1 0 0 1 0 0 0
split_gain=30.1044 24.2642 3.90633 2.68613 1.63321 5.01725 2.61545
threshold=1.0000000180025095e-35 -0.074195516126569397 -0.10392090555882531 0.99977516269339839 0.73757204564663359 0.83819491037813754 0.69359044171007156
decision_type=2 2 2 2 2 2 2
left_child=4 2 -2 -3 6 -6 -1
right_child=1 3 -4 -5 5 -7 -8
leaf_value=0.014380876000975285 -0.0091721194118666565 0.01267542265330359 -0.03842410430674234 -0.013808623413925908 -0.01637836848735939 0.014309838910675507 0.045191986297716202
leaf_weight=216.70836625993252 652.56798766553402 166.7417658418417 11.616104066371916 10.157315179705618 17.736145466566086 53.47540970146656 7.1137640178203574
leaf_count=1676 2739 1190 49 45 130 410 54
internal_value=-0.000480434 -0.00530091 -0.00968372 0.0111547 0.0132618 0.00666655 0.0153601
internal_weight=1136.12 841.083 664.184 176.899 295.034 71.2116 223.822
internal_count=6293 4023 2788 1235 2270 540 1730
is_linear=0
shrinkage=0.05


Tree=39
num_leaves=8
num_cat=0
split_feature=1 0 1 0 1 1 0
split_gain=27.3021 21.3403 3.8582 3.75793 2.27034 2.05257 1.98664
threshold=-0.160053463284729 -0.074195516126569397 -0.99784747784285266 0.038998216718191196 -0.2790748798438481 -0.10661115265147945 -0.063922702098096543
decision_type=2 2 2 2 2 2 2
left_child=2 5 3 -1 -4 -2 -3
right_child=1 6 4 -5 -6 -7 -8
leaf_value=0.0019960784850242435 -0.037336558073572314 0.051741021484951424 0.014548823450795651 -0.061888623215110676 0.031860325327241139 -0.0078722245488651622 0.010132104623728022
leaf_weight=12.093077346682547 5.963258132338523 2.9129758775234214 224.20530108362436 2.843141481280326 20.686694018542767 671.72561429440975 188.76700836420059
leaf_count=88 36 12 1754 19 168 2850 1351
internal_value=0.000285064 -0.00396528 0.0145065 -0.0101645 0.0160112 -0.00813149 0.0107644
internal_weight=1129.2 869.369 259.828 14.9362 244.892 677.689 191.68
internal_count=6278 4249 2029 107 1922 2886 1363
is_linear=0
shrinkage=0.05


Tree=40
num_leaves=8
num_cat=0
split_feature=1 0 1 0 1 0 1
split_gain=21.1819 14.4533 9.02172 8.48726 6.75383 2.47159 1.52027
threshold=0.26463052105861468 -0.81945214357872331 0.60049000640440997 -0.98939937747367457 0.096801210755589964 -0.93510428483909014 -0.99941493269467208
decision_type=2 2 2 2 2 2 2
left_child=3 5 -3 4 -1 -2 -5
right_child=1 2 -4 6 -6 -7 -8
leaf_value=0.0024683966191145577 -0.028433526176853359 0.018463361809897869 -0.0029660077823367792 -0.010246224179767532 -0.032709531971490256 -0.014267191592575832 0.013107087912686397
leaf_weight=58.830638885498047 42.938576638698578 54.466222733259201 499.863421022892 7.1097975224256507 17.764188557863235 108.81797452270985 351.68486458808184
leaf_count=277 182 356 2409 51 74 461 2575
internal_value=0.000745074 -0.00460339 -0.000860443 0.00941887 -0.00569021 -0.0182755 0.0126443
internal_weight=1141.48 706.086 554.33 435.389 76.5948 151.757 358.795
internal_count=6385 3408 2765 2977 351 643 2626
is_linear=0
shrinkage=0.05


Tree=41
num_leaves=8
num_cat=0
split_feature=1 0 1 0 0 0 0
split_gain=19.3615 15.8628 3.90743 3.33432 2.9923 2.38993 0.47726
threshold=-0.14133319298015526 1.0000000180025095e-35 -0.073325221975133456 0.96252608682722995 -0.13459151705760455 0.90952645085413153 0.97019007187955908
decision_type=2 2 2 2 2 2 2
left_child=3 4 -3 5 -2 -1 -5
right_child=1 2 -4 6 -6 -7 -8
leaf_value=0.011373347815570867 -0.0065214307734905372 -0.028470942361390573 0.011744743460166993 0.057435540744562023 -0.018639108409944535 -0.010122859738601697 0.032763205439380071
leaf_weight=233.17723269015551 647.2886039763689 6.2931102216243735 150.19945260882378 2.5918836146593085 55.297773718833923 13.689185343682764 8.0409890636801702
leaf_count=1852 2763 49 1173 23 229 104 70
internal_value=-0.00066392 -0.0042686 0.0101275 0.0113622 -0.00747516 0.0101813 0.0387774
internal_weight=1116.58 859.079 156.493 257.499 702.586 246.866 10.6329
internal_count=6263 4214 1222 2049 2992 1956 93
is_linear=0
shrinkage=0.05


Tree=42
num_leaves=8
num_cat=0
split_feature=1 0 0 1 0 0 0
split_gain=21.9367 15.2048 3.43886 4.78508 2.53809 2.35834 1.2612
threshold=1.0000000180025095e-35 -0.053555969754869266 -0.6045295999101411 -0.70146923098604519 0.87457736621725668 -0.50294452059522154 -0.13459151705760455
decision_type=2 2 2 2 2 2 2
left_child=2 6 3 -1 -3 -4 -2
right_child=1 4 5 -5 -6 -7 -8
leaf_value=-0.023562457848556793 -0.0065183486823253397 0.0060803640333365735 0.041035910938316135 0.0090505943699829942 0.019896232137987767 0.014790729700941741 -0.016965287666722433
leaf_weight=13.297162868082522 644.58807735145092 119.27472534030676 8.9608330950140935 72.957783438265324 46.086727261543274 191.10857339948416 30.245346263051033
leaf_count=102 2723 852 77 541 359 1554 128
internal_value=0.000416117 -0.00365699 0.0123683 0.00402293 0.00993089 0.0159662 -0.00698657
internal_weight=1126.52 840.195 286.324 86.2549 165.361 200.069 674.833
internal_count=6336 4062 2274 643 1211 1631 2851
is_linear=0
shrinkage=0.05


Tree=43
num_leaves=8
num_cat=0
split_feature=1 0 1 1 0 0 0
split_gain=20.3131 16.8608 4.52028 2.10281 1.91231 2.6264 0.682646
threshold=-0.160053463284729 1.0000000180025095e-35 -0.10661115265147945 0.70451034504544052 0.94771259676284914 0.73757204564663359 0.97448770046964117
decision_type=2 2 2 2 2 2 2
left_child=4 3 -3 -2 5 -1 -6
right_child=1 2 -4 -5 6 -7 -8
leaf_value=0.014321162359110013 -0.0091830136866299875 -0.040201385486670189 0.013404172404553234 -0.0036903800487119325 0.040136094266222284 0.00023985412998797073 0.016697812376229641
leaf_weight=197.35269704461098 355.32020606100559 4.0411746427416793 146.4481977596879 341.94629077613354 8.3688945174217206 39.790851339697838 4.9405589327216139
leaf_count=1614 1536 32 1162 1445 71 301 45
internal_value=0.000482594 -0.0032135 0.0119647 -0.00648937 0.0129935 0.0119584 0.0314356
internal_weight=1098.21 847.756 150.489 697.266 250.453 237.144 13.3095
internal_count=6206 4175 1194 2981 2031 1915 116
is_linear=0
shrinkage=0.05


Tree=44
num_leaves=8
num_cat=0
split_feature=0 1 0 0 0 0 1
split_gain=23.5719 11.1448 4.87005 2.15043 1.66443 3.07962 2.122
threshold=0.076545008425780103 -0.160053463284729 0.038998216718191196 -0.074195516126569397 0.86528268282914389 0.80240098721210051 -0.41572527964702605
decision_type=2 2 2 2 2 2 2
left_child=1 2 -1 -3 5 -2 -6
right_child=4 3 -4 -5 6 -7 -8
leaf_value=0.010667757074343283 0.012381517917601722 -0.0073203982127675593 -0.047364229555449805 0.0054742031578470171 0.041799512645824523 -0.0081210677867085083 0.015795564916924298
leaf_weight=129.77227519452572 152.94602470844984 674.49300700426102 3.718851536512374 34.521429613232613 8.6385390013456327 20.807239636778831 85.432180374860764
leaf_count=1058 1245 2898 27 163 66 159 692
internal_value=-9.4637e-05 -0.00420216 0.00905108 -0.00669744 0.0128266 0.0099263 0.0181835
internal_weight=1110.33 842.506 133.491 709.014 267.824 173.753 94.0707
internal_count=6308 4146 1085 3061 2162 1404 758
is_linear=0
shrinkage=0.05


Tree=45
num_leaves=8
num_cat=0
split_feature=1 0 1 0 0 1 0
split_gain=16.9512 7.98651 5.14647 8.23253 4.55794 4.40578 0.00224728
threshold=1.0000000180025095e-35 1.0000000180025095e-35 -0.036033245695462866 -0.99861579520848454 -0.13459151705760455 0.010646307149161269 0.99933471320869738
decision_type=2 2 2 2 2 2 2
left_child=2 4 3 -1 -2 -3 -4
right_child=1 5 6 -5 -6 -7 -8
leaf_value=-0.092094269590830183 -0.0036854054795124498 -0.10051940732676493 0.059337755357373782 0.011322242229144946 -0.018916190706573788 0.0090025493769643281 0.057359107232929613
leaf_weight=1.9380455017089833 630.702491953969 0.92439544200897117 2.6492336839437476 273.15462134033442 53.269350200891495 138.09409727156162 3.1310390532016754
leaf_count=12 2677 6 20 2223 222 1114 28
internal_value=0.000968657 -0.00265103 0.0115747 0.0105937 -0.00487162 0.00827429 0.058266
internal_weight=1103.86 822.99 280.873 275.093 683.972 139.018 5.78027
internal_count=6302 4019 2283 2235 2899 1120 48
is_linear=0
shrinkage=0.05


Tree=46
num_leaves=8
num_cat=0
split_feature=0 1 0 0 1 1 1
split_gain=20.8433 9.32533 3.32954 2.92517 1.92797 1.83347 0.837121
threshold=0.076545008425780103 1.0000000180025095e-35 -0.98939937747367457 -0.99948718233423473 0.98087030751326465 0.57006846047694559 0.98717805421088245
decision_type=2 2 2 2 2 2 2
left_child=1 3 -3 -1 5 -2 -6
right_child=4 2 -4 -5 6 -7 -8
leaf_value=0.058710969658782031 0.013269637719956312 -0.018290278726220733 -0.0060973903511232705 0.0057330326127107735 0.056529939224609194 0.0038194151139599379 0.023736966510958322
leaf_weight=2.6534902006387702 181.11159026622772 61.415910586714745 633.75845070183277 144.25937632471323 2.8567236363887769 71.621781319379807 6.1051995754241943
leaf_count=21 1498 256 2719 1161 28 557 60
internal_value=-0.00092546 -0.00475575 -0.00717458 0.0066899 0.0113997 0.0105916 0.0341901
internal_weight=1103.78 842.087 695.174 146.913 261.695 252.733 8.96192
internal_count=6300 4157 2975 1182 2143 2055 88
is_linear=0
shrinkage=0.05


Tree=47
num_leaves=8
num_cat=0
split_feature=0 1 1 1 1 0 1
split_gain=18.1119 8.87653 4.39657 3.08838 2.64672 2.63365 0.50051
threshold=0.076545008425780103 0.04980852291115468 0.98087030751326465 0.69972568468818352 0.57006846047694559 0.038998216718191196 0.99134203679145239
decision_type=2 2 2 2 2 2 2
left_child=1 5 4 -3 -2 -1 -4
right_child=2 3 6 -5 -6 -7 -8
leaf_value=0.0071598829247906601 0.0128643606024209 -0.010329073820406863 0.056210435346301449 -0.0035277359458771272 0.0015060544596901262 -0.032536131142334855 0.03259941743930752
leaf_weight=162.98040914535522 182.27226405590773 315.77646651864052 4.8107839822769147 354.05063471198082 71.371527351438999 4.2882824018597594 4.2076341658830643
leaf_count=1236 1527 1345 49 1527 556 30 42
internal_value=-0.000566844 -0.00416115 0.0108881 -0.00673409 0.00966831 0.00614219 0.0451945
internal_weight=1099.76 837.096 262.662 669.827 253.644 167.269 9.01842
internal_count=6312 4138 2174 2872 2083 1266 91
is_linear=0
shrinkage=0.05


Tree=48
num_leaves=8
num_cat=0
split_feature=1 0 1 1 1 0 0
split_gain=11.9658 7.31087 3.74021 2.39377 2.93815 1.51725 0.425402
threshold=-0.160053463284729 -0.074195516126569397 -0.052074508894441894 -0.2790748798438481 -0.79668817137030945 -0.10392090555882531 -0.98141008213715508
decision_type=2 2 2 2 2 2 2
left_child=3 5 -3 4 -1 -2 -5
right_child=1 2 -4 6 -6 -7 -8
leaf_value=0.014630207685965194 -0.0046397092668620209 -0.026496547619908696 0.0079848961985377817 0.01079054466362212 0.0031922685844226538 -0.023346748103869101 0.030897319335885805
leaf_weight=107.0454463288188 654.88509966433048 8.2416286244988424 171.81227998435497 3.1824813559651401 118.07946252077818 11.021382808685301 15.169515959918497
leaf_count=943 2827 67 1281 27 940 48 138
internal_value=0.000278873 -0.00253234 0.00640657 0.0100464 0.00863094 -0.00494933 0.0274105
internal_weight=1089.44 845.96 180.054 243.477 225.125 665.906 18.352
internal_count=6271 4223 1348 2048 1883 2875 165
is_linear=0
shrinkage=0.05


Tree=49
num_leaves=8
num_cat=0
split_feature=0 1 0 0 1 0 1
split_gain=15.0919 12.8956 7.04172 6.52868 4.56909 2.20107 1.60411
threshold=0.53972611865019704 0.26463052105861468 -0.87351745866257535 0.61971054241781232 0.21754704627925284 0.86528268282914389 0.82967141999638383
decision_type=2 2 2 2 2 2 2
left_child=1 4 -3 6 -1 -5 -2
right_child=3 2 -4 5 -6 -7 -8
leaf_value=0.0041373199518120211 0.04809323058286244 -0.018501670497701971 -0.0044780107685835164 0.0030746727149117367 0.030236201189367193 0.015009350777887285 0.0077219640088515874
leaf_weight=280.8775953873992 15.226726137101652 109.00589056313038 500.62684254348278 67.412608437240124 17.834538459777832 90.489618055522442 2.934770166873931
leaf_count=1939 130 471 2338 535 75 761 23
internal_value=-0.000218412 -0.00281531 -0.00698552 0.0131795 0.00569555 0.00991412 0.0415695
internal_weight=1084.41 908.345 609.633 176.064 298.712 157.902 18.1615
internal_count=6272 4823 2809 1449 2014 1296 153
is_linear=0
shrinkage=0.05


Tree=50
num_leaves=8
num_cat=0
split_feature=1 0 1 0 1 0 1
split_gain=7.54895 6.45037 4.48245 3.64771 3.31482 1.71631 1.11531
threshold=-0.160053463284729 0.53972611865019704 -0.052074508894441894 0.43515252842385976 -0.2790748798438481 0.73757204564663359 -0.26294701887839328
decision_type=2 2 2 2 2 2 2
left_child=4 3 -3 -2 5 -1 -6
right_child=1 2 -4 -5 6 -7 -8
leaf_value=0.0088557134530335407 -0.0029031316240651266 -0.023350619272697788 0.013300786331760454 -0.030350675368822463 0.057227936368469137 -0.0023323818529328026 0.023530388694673866
leaf_weight=175.42437119036913 735.82866130024195 9.1613613218069059 93.283462174236774 12.30714790523052 2.9393806308507946 42.603670671582222 14.916159018874167
leaf_count=1507 3332 74 766 95 27 338 139
internal_value=0.000451391 -0.00174342 0.0100232 -0.00335466 0.00836573 0.00666951 0.0290777
internal_weight=1086.46 850.581 102.445 748.136 235.884 218.028 17.8555
internal_count=6278 4267 840 3427 2011 1845 166
is_linear=0
shrinkage=0.05


Tree=51
num_leaves=8
num_cat=0
split_feature=1 0 1 0 0 1 1
split_gain=9.90054 7.0344 3.64515 5.49964 1.72818 1.71162 0.205893
threshold=1.0000000180025095e-35 0.87457736621725668 -0.036033245695462866 -0.99861579520848454 -0.98939937747367457 0.43358044748125985 -0.015969078935540889
decision_type=2 2 2 2 2 2 2
left_child=2 4 3 -1 -2 -3 -4
right_child=1 5 6 -5 -6 -7 -8
leaf_value=-0.083425493729795575 -0.013048936588817062 0.011687911327796662 0.037767365496363642 0.0068610210664614675 -0.0043749982876191331 0.040883259386809763 0.057373389288567216
leaf_weight=1.6976218223571766 62.526718840003014 37.811749637126923 2.5864570140838623 261.27735374122858 703.72910148650408 5.788733482360839 2.7765496820211402
leaf_count=10 262 321 24 2208 3370 48 25
internal_value=-0.00121326 -0.00397122 0.00711039 0.00627818 -0.00508279 0.0155641 0.0479178
internal_weight=1078.19 809.856 268.338 262.975 766.256 43.6005 5.36301
internal_count=6268 4001 2267 2218 3632 369 49
is_linear=0
shrinkage=0.05


Tree=52
num_leaves=8
num_cat=0
split_feature=1 0 1 0 1 1 1
split_gain=11.9354 7.54779 6.46288 2.90834 1.44528 1.61114 1.26579
threshold=-0.14133319298015526 1.0000000180025095e-35 0.95151390187225904 -0.96250253845109668 -0.99784747784285266 -0.95287327198696559 -0.99898237732433104
decision_type=2 2 2 2 2 2 2
left_child=4 3 -3 -2 6 -6 -1
right_child=1 2 -4 -5 5 -7 -8
leaf_value=0.0027064989933853144 0.0018577446548418471 0.003367697304450037 0.033257161919789502 -0.0063828289290357226 0.019977532477653603 0.0089702320361459611 -0.033578576579759135
leaf_weight=9.7187061160802823 132.3163670822978 124.35547725111246 21.163322001695633 561.17068630456924 40.444715693593025 186.71953066438437 3.1932169049978247
leaf_count=74 590 1013 204 2408 373 1592 23
internal_value=0.000174741 -0.00263815 0.00771463 -0.00481054 0.0100051 0.01093 -0.00626708
internal_weight=1079.08 839.006 145.519 693.487 240.076 227.164 12.9119
internal_count=6277 4215 1217 2998 2062 1965 97
is_linear=0
shrinkage=0.05


Tree=53
num_leaves=8
num_cat=0
split_feature=0 1 1 0 0 0 0
split_gain=13.0845 6.54594 2.76458 1.99784 4.11511 3.36183 1.83016
threshold=-0.1145036950049505 -0.160053463284729 -0.10661115265147945 0.9582976069625716 0.90952645085413153 0.96621882186239627 -0.18952386725078768
decision_type=2 2 2 2 2 2 2
left_child=1 6 -3 4 -2 -5 -1
right_child=3 2 -4 5 -6 -7 -8
leaf_value=0.0097546049881119725 0.0091047069181403022 -0.03939331828424289 -0.0048169920894137533 0.056767326821268976 -0.012560100647829099 0.013709460047930822 -0.018776659439815171
leaf_weight=101.95138905197382 253.06985203921795 5.8343667834997168 633.35258976370096 5.0965754240751258 23.996927112340927 41.014235071837902 5.9486003518104544
leaf_count=879 1936 35 2742 49 197 364 56
internal_value=0.00042647 -0.00320965 -0.0051326 0.00883206 0.0072283 0.0184686 0.00818166
internal_weight=1070.26 747.087 639.187 323.178 277.067 46.1108 107.9
internal_count=6258 3712 2777 2546 2133 413 935
is_linear=0
shrinkage=0.05


Tree=54
num_leaves=8
num_cat=0
split_feature=0 1 0 1 1 1 0
split_gain=11.3198 6.33266 5.70216 2.58893 1.70174 3.36087 2.16109
threshold=0.059044994974993874 -0.052074508894441894 0.038998216718191196 0.70451034504544052 -0.67982534974896147 -0.29270549577837618 0.67738968708450231
decision_type=2 2 2 2 2 2 2
left_child=1 2 -1 -3 6 -6 -2
right_child=4 3 -4 -5 5 -7 -8
leaf_value=0.0081729818581953839 0.012768478425746478 -0.0083936253792192949 -0.064229519197783275 -0.0021895079441496502 -0.0064072402594944587 0.0098495007583030009 0.042862539684870991
leaf_weight=129.94428280740976 53.106991469860077 336.46216864138842 2.7775214910507193 336.14242177456617 40.020926758646965 154.63049466907978 6.720488727092742
leaf_count=1100 494 1458 18 1455 321 1318 58
internal_value=-0.000418689 -0.00332349 0.00665779 -0.00529304 0.00877386 0.00650707 0.016149
internal_weight=1059.81 805.326 132.722 672.605 254.479 194.651 59.8275
internal_count=6222 4031 1118 2913 2191 1639 552
is_linear=0
shrinkage=0.05


Tree=55
num_leaves=7
num_cat=0
split_feature=1 0 0 0 1 1
split_gain=7.00586 6.78004 1.92421 1.55477 1.28683 1.62685
threshold=0.040742157973925948 1.0000000180025095e-35 0.059044994974993874 -0.98939937747367457 -0.99986681660808341 -0.98861237812618163
decision_type=2 2 2 2 2 2
left_child=4 3 -3 -2 -1 -6
right_child=1 2 -4 -5 5 -7
leaf_value=-0.025798546550627435 -0.012919772836643218 0.054909731479082236 0.0077157662516257972 -0.0034101627015379861 0.020036312626039079 0.0063373293346689133
leaf_weight=2.9336184859275809 46.266569048166275 2.1977736428380004 125.10469352453947 605.32241997122765 23.661685630679131 257.80584771186113
leaf_count=22 196 27 1058 2603 204 2147
internal_value=0.000429013 -0.00202344 0.00853053 -0.0040854 0.00714558 0.00748894
internal_weight=1063.29 778.891 127.302 651.589 284.401 281.468
internal_count=6257 3884 1085 2799 2373 2351
is_linear=0
shrinkage=0.05


Tree=56
num_leaves=7
num_cat=0
split_feature=0 1 0 0 1 0
split_gain=7.35005 3.98402 3.35698 3.14661 2.04642 1.45701
threshold=-0.18077663678189468 0.92033424567587241 -0.17141327208753035 -0.66874136419089414 0.98717805421088245 -0.29345640856206007
decision_type=2 2 2 2 2 2
left_child=1 3 -2 -1 -4 -3
right_child=2 5 4 -5 -6 -7
leaf_value=-0.0027368995418592173 0.049372888072760517 -0.017108684772437745 0.0083110311247559868 0.0050642366583181758 -0.00096185281920241306 -0.0053063484439309638
leaf_weight=437.41072057187557 4.5796984136104575 50.296568810939789 272.22752755880356 183.48213005810976 76.139720886945724 54.468634426593781
leaf_count=2149 23 217 2336 1006 388 235
internal_value=0.000925157 -0.00195339 0.00684343 -0.00043156 0.00628433 -0.0109725
internal_weight=1078.61 725.658 352.947 620.893 348.367 104.765
internal_count=6354 3607 2747 3155 2724 452
is_linear=0
shrinkage=0.05


Tree=57
num_leaves=8
num_cat=0
split_feature=1 0 1 0 0 1 0
split_gain=9.74589 4.5388 3.01616 2.02741 3.7761 1.40373 1.24278
threshold=1.0000000180025095e-35 1.0000000180025095e-35 0.98180989089889092 -0.6045295999101411 -0.71514395443244705 0.031846872962284771 -0.50294452059522154
decision_type=2 2 2 2 2 2 2
left_child=3 5 -3 4 -1 -2 -5
right_child=1 2 -4 6 -6 -7 -8
leaf_value=0.006233085381180373 -0.020709354612930778 0.0032335342380427042 0.031358036275381168 0.030694163835986124 -0.023347831645899812 -0.0044066146861180952 0.010180762438355917
leaf_weight=67.288361065089703 13.472357347607611 119.31022234261036 10.360712669789789 7.7198871150612822 12.848517663776873 662.69941537082195 169.41980918496847
leaf_count=536 56 999 117 75 105 2850 1533
internal_value=-0.000383186 -0.00308817 0.00548068 0.00808938 0.00149031 -0.00473144 0.0110748
internal_weight=1063.12 805.843 129.671 257.277 80.1369 676.172 177.14
internal_count=6271 4022 1116 2249 641 2906 1608
is_linear=0
shrinkage=0.05


Tree=58
num_leaves=8
num_cat=0
split_feature=1 1 0 0 1 0 0
split_gain=3.80998 7.45034 4.60048 1.99858 6.9465 1.8823 1.58339
threshold=0.2842663436459465 0.36642001852195233 -0.063922702098096543 -0.98939937747367457 0.096801210755589964 -0.98802727309901062 -0.95040721271361883
decision_type=2 2 2 2 2 2 2
left_child=3 6 -3 4 -1 -5 -2
right_child=1 2 -4 5 -6 -7 -8
leaf_value=0.0051495848590539664 -0.0060892478277552505 -0.0031665960514213006 0.0074251430823573583 0.035032134496773136 -0.028867752799790394 0.0050099694925682852 -0.027162436659314993
leaf_weight=60.38993912935257 12.031957879662512 485.57647264003754 129.95803989470005 5.3070944547653189 19.970144599676132 321.38818003982306 34.396506957709789
leaf_count=284 53 2100 982 24 86 2607 176
internal_value=-4.64653e-05 -0.00238718 -0.000930358 0.00376006 -0.003304 0.00549767 -0.0217013
internal_weight=1069.02 661.963 615.535 407.055 80.3601 326.695 46.4285
internal_count=6312 3311 3082 3001 370 2631 229
is_linear=0
shrinkage=0.05


Tree=59
num_leaves=7
num_cat=0
split_feature=1 1 0 0 0 0
split_gain=3.91157 5.93547 4.43323 1.93568 1.90268 2.26361
threshold=-0.74121476340003822 -0.71178080739492688 0.65783544628988466 0.87457736621725668 -0.63574145321253706 -0.59811481003370792
decision_type=2 2 2 2 2 2
left_child=4 2 -2 -3 -1 -6
right_child=1 3 -4 -5 5 -7
leaf_value=0.038446943909112963 -0.088687098827662778 -0.0016920639358498383 -0.0012966593946484983 0.0064325545405883675 -0.029988855214310762 0.0083294787411929191
leaf_weight=5.0175457000732413 3.3829468041658393 851.75056803971529 2.5414524003863335 80.214861914515495 3.994109444320201 109.98441248387098
leaf_count=41 26 4388 22 714 35 1038
internal_value=-0.000226425 -0.00130991 -0.0511983 -0.000992773 0.00831324 0.0069867
internal_weight=1056.89 937.89 5.9244 931.965 118.996 113.979
internal_count=6264 5150 48 5102 1114 1073
is_linear=0
shrinkage=0.05


Tree=60
num_leaves=7
num_cat=0
split_feature=1 1 1 0 0 0
split_gain=5.7179 4.83208 4.13635 2.72874 2.45677 2.09889
threshold=-0.74121476340003822 -0.72699378543397741 -0.82535992994212604 -0.29345640856206007 -0.063922702098096543 -0.61256222282284889
decision_type=2 2 2 2 2 2
left_child=2 -2 4 -3 -1 -4
right_child=1 3 5 -5 -6 -7
leaf_value=0.016765279293833698 -0.05996666547830392 -0.001681502839218499 0.011397913213124382 0.0040009414726929525 0.00036355009391427189 0.044775021652898012
leaf_weight=40.235016264021397 3.3448412641882888 626.03743746876717 7.4786790609359768 318.87741649150848 52.781578794121742 12.723441153764723
leaf_count=394 25 2968 62 2226 489 125
internal_value=0.0012918 2.37774e-05 0.0119121 0.000236134 0.00745824 0.0324191
internal_weight=1061.48 948.26 113.219 944.915 93.0166 20.2021
internal_count=6289 5219 1070 5194 883 187
is_linear=0
shrinkage=0.05


Tree=61
num_leaves=8
num_cat=0
split_feature=1 0 0 1 1 1 0
split_gain=7.21928 6.47762 2.67191 1.00716 2.10049 0.8018 0.00380883
threshold=0.2842663436459465 -0.063922702098096543 -0.88583934976042245 -0.99941493269467208 -0.98861237812618163 0.84800184551875224 1.0000000180025095e-35
decision_type=2 2 2 2 2 2 2
left_child=3 2 -2 6 -5 -3 -1
right_child=1 5 -4 4 -6 -7 -8
leaf_value=-0.016287307413809071 -0.014038855121768707 0.010662087989774388 -0.0044094843013864687 0.021896501970648879 0.0045422511941504914 0.002831436172696127 -0.013774802847456018
leaf_weight=3.3239878788590422 86.33654348552227 60.114732094109058 434.99823126196861 18.288001425564289 374.28650688380003 71.654525734484196 2.7615996301174164
leaf_count=26 381 503 1881 168 2756 510 22
internal_value=-0.000264302 -0.00350074 -0.00600417 0.00503779 0.0053507 0.00640387 -0.0151471
internal_weight=1051.76 653.104 521.335 398.66 392.575 131.769 6.08559
internal_count=6247 3275 2262 2972 2924 1013 48
is_linear=0
shrinkage=0.05


Tree=62
num_leaves=7
num_cat=0
split_feature=0 1 0 0 0 1
split_gain=5.56007 3.07824 2.16083 1.61575 1.62876 1.07992
threshold=-0.1145036950049505 -0.38630852551583145 -0.90538361745050977 -0.10392090555882531 0.97019007187955908 0.70451034504544052
decision_type=2 2 2 2 2 2
left_child=1 2 -1 -2 -5 -3
right_child=3 5 -4 4 -6 -7
leaf_value=0.044419871565959793 0.036835164598483697 -0.0049851554749553023 0.005258643364154888 0.0041796563148887985 0.015488944607791122 -0.00091517765055214653
leaf_weight=3.6834295913577071 4.1705018132925025 366.77117685228586 80.614409364759922 271.96916019171476 36.057544693350792 293.33735185861588
leaf_count=31 24 1705 732 2206 337 1267
internal_value=0.000321336 -0.00202756 0.00696981 0.00592206 0.00550352 -0.00317655
internal_weight=1056.6 744.406 84.2978 312.197 308.027 660.109
internal_count=6302 3735 763 2567 2543 2972
is_linear=0
shrinkage=0.05


Tree=63
num_leaves=8
num_cat=0
split_feature=1 0 1 1 1 0 1
split_gain=5.90433 3.95844 4.70256 2.30028 1.20247 2.22059 1.41602
threshold=-0.75396481649341152 0.87457736621725668 0.021029666406450733 -0.72699378543397741 -0.99784747784285266 0.038998216718191196 -0.99385497471156414
decision_type=2 2 2 2 2 2 2
left_child=4 3 -3 -2 5 -1 -6
right_child=1 2 -4 -5 6 -7 -8
leaf_value=0.0072979448607115877 -0.033614145860311494 -0.0025436637364265849 0.021763074426133001 -0.0023687146024672606 0.034518931592727807 -0.042022474151893585 0.010996725103590304
leaf_weight=10.763620570302008 5.9310042932629576 41.691304296255112 38.06744822114706 861.17102698236704 6.8999742195010176 2.8963076025247565 87.970836736261845
leaf_count=88 46 380 346 4474 70 19 870
internal_value=-0.000335804 -0.00160194 0.00905751 -0.00258243 0.0107105 -0.00315944 0.0127075
internal_weight=1055.39 946.861 79.7588 867.102 108.531 13.6599 94.8708
internal_count=6293 5246 726 4520 1047 107 940
is_linear=0
shrinkage=0.05


Tree=64
num_leaves=8
num_cat=0
split_feature=1 1 0 0 0 0 1
split_gain=6.92624 6.3554 5.55898 2.81548 3.22811 2.64598 0.371863
threshold=0.30577838228418036 0.35722709327443519 0.52584283541633436 0.9582976069625716 0.96621882186239627 0.90952645085413153 0.33133788846257106
decision_type=2 2 2 2 2 2 2
left_child=3 6 -3 5 -5 -1 -2
right_child=1 2 -4 4 -6 -7 -8
leaf_value=0.0045417343808819939 -0.031634845550608325 -0.0035594250651504972 0.01313892936725905 0.055960126901869772 0.012432196804340712 -0.019063764396152382 -0.020374727099316765
leaf_weight=352.14264059811831 14.406208500266077 565.85296311229467 54.655226744711399 4.811061978340148 37.148798577487469 12.285520128905771 14.932192921638487
leaf_count=2528 73 2656 462 51 356 101 77
internal_value=3.80799e-05 -0.00316379 -0.00208861 0.00515812 0.0174231 0.00374595 -0.0259038
internal_weight=1056.23 649.847 620.508 406.388 41.9599 364.428 29.3384
internal_count=6304 3268 3118 3036 407 2629 150
is_linear=0
shrinkage=0.05


Tree=65
num_leaves=8
num_cat=0
split_feature=1 1 1 0 0 1 1
split_gain=4.33605 2.42561 2.37178 1.4115 4.29944 2.40342 0.539802
threshold=0.27505009364492894 0.36642001852195233 0.39770843938445405 0.73757204564663359 0.43515252842385976 -0.5020391325726169 0.30577838228418036
decision_type=2 2 2 2 2 2 2
left_child=3 6 -3 4 -1 -5 -2
right_child=1 2 -4 5 -6 -7 -8
leaf_value=0.0037164456333204964 -0.0051954541544620035 0.015526132414652611 -0.0023496366980528759 -0.016612154819129494 0.024730585422483676 0.0031528512135951961 -0.016418541209295531
leaf_weight=284.37986675649881 15.220799215137957 19.168772384524345 580.49224399030209 20.666436947882175 26.618758819997311 60.136378534138203 36.183822728693485
leaf_count=1982 78 102 2919 168 259 558 186
internal_value=-0.000170709 -0.00267176 -0.00177822 0.00398535 0.00551507 -0.00190232 -0.0130954
internal_weight=1042.87 651.066 599.661 391.801 310.999 80.8028 51.4046
internal_count=6252 3285 3021 2967 2241 726 264
is_linear=0
shrinkage=0.05


Tree=66
num_leaves=7
num_cat=0
split_feature=0 0 0 1 0 1
split_gain=2.7544 2.77725 2.53397 6.77891 3.22652 1.67544
threshold=0.93494951819409144 0.94173483270131852 0.90952645085413153 0.36642001852195233 0.87457736621725668 0.30577838228418036
decision_type=2 2 2 2 2 2
left_child=2 -2 4 -4 -1 -3
right_child=1 5 3 -5 -6 -7
leaf_value=-0.00023895072527573948 0.058154712892826803 0.010998114556597443 -0.054784324177122791 0.01986473394958347 0.024296978175361958 -0.028197893741484098
leaf_weight=965.46429870277643 3.0128956586122504 46.862496212124825 7.062765568494795 5.3411641642451286 13.587468028068541 2.8947888612747184
leaf_count=5522 25 450 57 48 121 24
internal_value=0.000409484 0.0115403 -0.000182955 -0.0226402 0.000101564 0.00871776
internal_weight=1044.23 52.7702 991.456 12.4039 979.052 49.7573
internal_count=6247 499 5748 105 5643 474
is_linear=0
shrinkage=0.05


Tree=67
num_leaves=7
num_cat=0
split_feature=0 1 0 0 1 1
split_gain=4.53019 3.10787 3.79476 3.55402 1.05682 0.267842
threshold=0.99761852538809215 -0.160053463284729 -0.71110631733009655 -0.71514395443244705 0.010646307149161269 -0.015969078935540889
decision_type=2 2 2 2 2 2
left_child=1 3 -3 -1 5 -2
right_child=4 2 -4 -5 -6 -7
leaf_value=0.016891617769721725 0.02987257140869853 -0.0051205938204441697 0.0017850953642516518 0.0020370857548023973 0.056753373282895793 0.0071175397380766866
leaf_weight=52.455416642129421 3.7752537876367569 345.21175475418568 469.48371568322182 173.28500740975142 3.5593737363815308 1.9669716060161571
leaf_count=447 38 1533 2612 1623 34 18
internal_value=0.000607981 0.000297411 -0.00114106 0.00548884 0.0353469 0.0220779
internal_weight=1049.74 1040.44 814.695 225.74 9.3016 5.74223
internal_count=6305 6215 4145 2070 90 56
is_linear=0
shrinkage=0.05


Tree=68
num_leaves=8
num_cat=0
split_feature=1 0 1 0 0 1 0
split_gain=5.20357 6.63993 2.88857 2.52889 2.51342 4.08509 2.95276
threshold=0.26463052105861468 -0.93510428483909014 0.30577838228418036 -0.55477180463038622 -0.98939937747367457 0.096801210755589964 -0.98802727309901062
decision_type=2 2 2 2 2 2 2
left_child=4 2 -2 -3 5 -1 -6
right_child=1 3 -4 -5 6 -7 -8
leaf_value=0.0033051465819598893 -0.0064824440798894184 0.0026089874537274012 -0.033506052141266639 -0.0038550627114478861 0.043299707671797111 -0.023717180509592425 0.0062738044526271346
leaf_weight=58.167782865464687 17.172366514801979 260.4681311994791 23.313820734620094 361.03401836752892 5.483190029859542 18.413525253534317 299.60151486098766
leaf_count=277 76 1137 106 2028 25 80 2534
internal_value=0.00025667 -0.0024241 -0.0220439 -0.00114601 0.00490638 -0.00319221 0.00693926
internal_weight=1043.65 661.988 40.4862 621.502 381.666 76.5813 305.085
internal_count=6263 3347 182 3165 2916 357 2559
is_linear=0
shrinkage=0.05


Tree=69
num_leaves=7
num_cat=0
split_feature=0 0 1 0 1 0
split_gain=5.39907 2.8995 1.90627 3.84724 3.77411 1.38755
threshold=-0.1145036950049505 -0.10392090555882531 0.82967141999638383 -0.53884429874411122 0.81563299105156284 -0.093847672226255716
decision_type=2 2 2 2 2 2
left_child=2 -2 4 -4 -1 -3
right_child=1 5 3 -5 -6 -7
leaf_value=-0.00086673705322707739 0.043859696255138587 -0.021465755378368465 -0.035634326778500834 -0.0044578742981471976 0.034980961079043381 0.0057753837821077278
leaf_weight=525.99029619246721 4.9673904106020919 4.7495454475283614 10.432458519935606 192.24074557423592 7.446244239807128 295.90692622959614
leaf_count=2795 27 24 45 835 32 2509
internal_value=0.00038468 0.00597104 -0.00193471 -0.00606266 -0.000366339 0.00534505
internal_weight=1041.73 305.624 736.11 202.673 533.437 300.656
internal_count=6267 2560 3707 880 2827 2533
is_linear=0
shrinkage=0.05


Tree=70
num_leaves=8
num_cat=0
split_feature=0 1 0 1 1 1 0
split_gain=2.81903 2.86397 1.93827 0.972506 1.71146 0.637735 0.499427
threshold=0.87457736621725668 0.36642001852195233 0.90952645085413153 -0.99784747784285266 -0.94061440241552918 0.46035466768559646 0.038998216718191196
decision_type=2 2 2 2 2 2 2
left_child=3 2 -2 6 -5 -3 -1
right_child=1 5 -4 4 -6 -7 -8
leaf_value=-0.0084474988404281935 0.032395644393821227 0.039314075950763375 0.0025483000037677984 0.0096709695923178768 -0.00078640429141936356 0.013920571352740236 -0.03090759443537891
leaf_weight=10.514322079718111 5.9853345900773993 8.4533118009567243 59.623855449259281 40.855813696980476 923.84616785496473 3.4946337640285483 3.2370889335870734
leaf_count=88 53 78 564 418 5074 33 21
internal_value=0.000195593 0.00937141 0.00527119 -0.000531729 -0.000343527 0.0318868 -0.0137346
internal_weight=1056.01 77.5571 65.6092 978.453 964.702 11.9479 13.7514
internal_count=6329 728 617 5601 5492 111 109
is_linear=0
shrinkage=0.05


Tree=71
num_leaves=8
num_cat=0
split_feature=0 0 0 0 1 1 1
split_gain=2.53156 3.78707 3.18266 4.62839 1.92408 1.81929 0.174959
threshold=0.87457736621725668 0.8847843602432095 0.73757204564663359 0.74993791002949861 -0.052074508894441894 -0.38630852551583145 0.46816116574051853
decision_type=2 2 2 2 2 2 2
left_child=2 6 5 -4 -3 -1 -2
right_child=1 4 3 -5 -6 -7 -8
leaf_value=0.00552185074074179 0.057122038210896148 -0.0028562394027282028 -0.073019066380203293 -0.0089644651923720571 0.013593631268982241 -0.00046743739059669888 0.039706817796788266
leaf_weight=151.5613883882761 2.8364477008581153 32.415754832327366 3.0465127602219573 37.951271764934063 39.360993839800358 775.83680231124163 2.9339110255241394
leaf_count=1438 26 300 25 313 379 3777 28
internal_value=0.000604784 0.00929747 -9.13078e-05 -0.0137243 0.00616455 0.000511371 0.0482674
internal_weight=1045.94 77.5471 968.396 40.9978 71.7767 927.398 5.77036
internal_count=6286 733 5553 338 679 5215 54
is_linear=0
shrinkage=0.05


Tree=72
num_leaves=8
num_cat=0
split_feature=1 1 1 0 0 1 1
split_gain=5.10179 4.37075 2.2935 1.92099 1.80565 1.66886 0.443753
threshold=-0.75396481649341152 -0.8574367389609725 -0.72699378543397741 -0.46723556032877711 0.99021941275323322 -0.74121476340003822 -0.76216010411481883
decision_type=2 2 2 2 2 2 2
left_child=1 3 5 -1 -4 -2 -3
right_child=2 6 4 -5 -6 -7 -8
leaf_value=-0.027426446589987521 -0.0035712144011679661 0.032407258242893325 -3.9857470182112965e-05 0.0074007999419344831 -0.015478523650830881 -0.053332714977926403 0.0079839837171077569
leaf_weight=4.1704610958695403 3.22113136947155 21.054784387350086 916.84010385721922 78.228846848011017 19.33835443854332 3.5328548550605765 2.040034905076026
leaf_count=41 26 218 5003 774 185 26 19
internal_value=0.000598419 0.0110261 -0.000568219 0.00563809 -0.000358769 -0.0296003 0.0302499
internal_weight=1048.43 105.494 942.932 82.3993 936.178 6.75399 23.0948
internal_count=6292 1052 5240 815 5188 52 237
is_linear=0
shrinkage=0.05


Tree=73
num_leaves=8
num_cat=0
split_feature=1 1 0 1 1 1 1
split_gain=1.41295 3.00534 5.69544 3.0834 2.17935 6.32623 0.963605
threshold=0.82967141999638383 0.88072545139545644 -0.44596348927061141 0.86910671702686981 0.70451034504544052 0.65408094794705118 0.77145802912030936
decision_type=2 2 2 2 2 2 2
left_child=4 3 -3 -2 5 -1 -6
right_child=1 2 -4 -5 6 -7 -8
leaf_value=0.0030921307651875975 -0.0062927854947469192 0.036532784714616073 -0.00048320951948429744 -0.038034712924989063 0.014387065920156709 -0.018825235333979781 0.0045096281727058287
leaf_weight=607.23643834143877 40.092561818659306 10.86747759580612 237.38809677958488 9.4549915790557844 53.850768707692623 34.811114907264709 45.60040020942688
leaf_count=4104 202 47 1200 48 256 173 229
internal_value=0.00180229 -0.00110677 0.00113718 -0.01235 0.00297064 0.0019038 0.00985806
internal_weight=1039.3 297.803 248.256 49.5476 741.499 642.048 99.4512
internal_count=6259 1497 1247 250 4762 4277 485
is_linear=0
shrinkage=0.05


Tree=74
num_leaves=7
num_cat=0
split_feature=0 1 1 0 1 0
split_gain=3.0669 3.11806 1.95716 1.82946 1.63593 0.527609
threshold=0.95353307846626734 -0.160053463284729 0.99977516269339839 0.73757204564663359 0.25645806886585287 0.96252608682722995
decision_type=2 2 2 2 2 2
left_child=2 5 3 -1 -3 -2
right_child=1 4 -4 -5 -6 -7
leaf_value=0.0003989435121739168 0.021191801743957114 0.0026741410999044368 -0.023202323827174395 -0.0076294372382285439 0.04048828434377149 0.047299445946151875
leaf_weight=908.82133442908525 2.797837018966673 30.482671335339546 9.3579326570034009 76.968537025153637 3.1563619896769515 6.2761154547333717
leaf_count=5145 27 294 45 653 32 73
internal_value=0.000119163 0.0132386 -0.000443938 -0.000227897 0.00622226 0.0392495
internal_weight=1037.86 42.713 995.148 985.79 33.639 9.07395
internal_count=6269 426 5843 5798 326 100
is_linear=0
shrinkage=0.05


Tree=75
num_leaves=7
num_cat=0
split_feature=0 0 1 0 1 1
split_gain=3.12764 4.52956 2.36578 8.57084 2.16517 0.901604
threshold=-0.1145036950049505 -0.10392090555882531 0.096801210755589964 -0.98939937747367457 0.076893044319713721 0.57006846047694559
decision_type=2 2 2 2 2 2
left_child=2 -2 4 -4 -1 -3
right_child=1 5 3 -5 -6 -7
leaf_value=0.0014867926167884231 0.057303151615223827 0.00507155008328286 -0.038153907868414119 -0.0029414359965447808 0.027759910523607441 -0.00055472312699466676
leaf_weight=150.9519584402442 3.8643910586833945 177.87170940637589 17.837054133415222 554.40808917582035 8.2713505476713163 118.73927070200443
leaf_count=1187 21 1680 78 2414 35 849
internal_value=-0.000774852 0.00351995 -0.00253909 -0.00403902 0.00285163 0.00281924
internal_weight=1031.94 300.475 731.468 572.245 159.223 296.611
internal_count=6264 2550 3714 2492 1222 2529
is_linear=0
shrinkage=0.05


Tree=76
num_leaves=7
num_cat=0
split_feature=0 1 1 1 1 1
split_gain=2.63984 2.37766 1.80848 1.47793 1.15106 0.626807
threshold=0.095845751060409864 -0.99986681660808341 0.060874331219807239 0.97710127869177843 0.96923085065783121 0.98717805421088245
decision_type=2 2 2 2 2 2
left_child=1 -1 -3 4 -2 -5
right_child=3 2 -4 5 -6 -7
leaf_value=-0.046329407630688907 0.0049771242819255171 0.0043388953362756806 -0.0016967363409850283 0.041773082821440669 -0.026239638994567382 0.014167843279363809
leaf_weight=2.8475735336542121 219.55222540348768 152.88400805741549 659.44333747774363 3.5774651169776899 2.9932589381933203 4.8361024111509323
leaf_count=22 2009 1253 2898 39 27 54
internal_value=0.000616246 -0.00072068 -0.000560801 0.00533495 0.00455726 0.0259056
internal_weight=1046.13 815.175 812.327 230.959 222.545 8.41357
internal_count=6302 4173 4151 2129 2036 93
is_linear=0
shrinkage=0.05


Tree=77
num_leaves=8
num_cat=0
split_feature=1 1 1 1 1 1 0
split_gain=2.60056 4.63655 2.01809 1.28396 3.43081 1.25334 4.31025e-05
threshold=-0.79668817137030945 -0.81638949801497029 -0.99986681660808341 0.99646357428573085 0.9973905644678126 0.95379563902639652 0.56856185073426413
decision_type=2 2 2 2 2 2 2
left_child=1 2 -1 5 -5 -2 -3
right_child=3 6 -4 4 -6 -7 -8
leaf_value=-0.034250926372985289 -0.001700155905046064 0.055300362769165702 0.0061593266514530388 -0.05057456528680232 -0.0047843165593019904 0.0039640318321252418 0.05499813057580788
leaf_weight=3.2023551762104026 794.21941336989403 2.0793692618608466 87.716592215001583 4.6561304330825797 33.68135192990303 111.35686541348696 2.7264372110366821
leaf_count=24 4572 24 894 24 160 576 33
internal_value=-0.000586712 0.00726594 0.00473599 -0.00138307 -0.0103456 -0.00100364 0.0551289
internal_weight=1039.64 95.7248 90.9189 943.914 38.3375 905.576 4.80581
internal_count=6307 975 918 5332 184 5148 57
is_linear=0
shrinkage=0.05


Tree=78
num_leaves=8
num_cat=0
split_feature=1 0 0 0 0 0 0
split_gain=2.43469 2.84803 2.67263 2.4966 2.17724 1.26066 0.281327
threshold=0.30577838228418036 -0.93510428483909014 -0.98939937747367457 -0.96786293715941929 -0.91716440378817887 -0.99241774431615615 -0.94111700899444073
decision_type=2 2 2 2 2 2 2
left_child=2 6 5 -4 -3 -1 -2
right_child=1 4 3 -5 -6 -7 -8
leaf_value=-0.0023337127567493419 -0.014731388555541272 0.015077302622846352 0.015105130016591389 0.0033346132293378891 -0.0015833905721011716 -0.020164341632733819 -0.026196949283380424
leaf_weight=66.206222958862782 14.520336002111437 20.282950714230537 54.205790527164936 266.72327424585819 590.31149756163359 11.658590227365492 8.4714176058769208
leaf_count=312 67 90 271 2410 3004 55 39
internal_value=0.000245935 -0.00168045 0.0033065 0.00532269 -0.00102995 -0.00500347 -0.0189559
internal_weight=1032.38 633.586 398.794 320.929 610.594 77.8648 22.9918
internal_count=6248 3200 3048 2681 3094 367 106
is_linear=0
shrinkage=0.05


Tree=79
num_leaves=8
num_cat=0
split_feature=1 0 1 0 1 0 0
split_gain=4.08572 2.10808 1.7274 1.1814 1.13956 1.52745 0.424691
threshold=-0.94061440241552918 -0.99794367700819697 -0.91858434084919272 -0.99861579520848454 -0.96535883935952194 -0.23259672224129233 -0.30345105529762945
decision_type=2 2 2 2 2 2 2
left_child=4 3 -3 -2 5 -1 -6
right_child=1 2 -4 -5 6 -7 -8
leaf_value=-0.028467950914271647 0.0075992256740475446 -0.024571630108774965 -0.00038511413597253216 0.031430754924296617 0.0084559750728196159 0.012922853083474441 0.033443739722637908
leaf_weight=2.3697154596447936 28.167469717562199 7.4396197646856299 956.75946798920631 6.3778401166200629 2.1034904867410651 37.520557790994644 8.8741030991077405
leaf_count=25 130 77 5579 29 22 366 93
internal_value=0.000567093 -0.000136926 -0.000571734 0.0119991 0.0143899 0.010464 0.0286557
internal_weight=1049.61 998.744 964.199 34.5453 50.8679 39.8903 10.9776
internal_count=6321 5815 5656 159 506 391 115
is_linear=0
shrinkage=0.05


Tree=80
num_leaves=8
num_cat=0
split_feature=1 1 0 1 0 1 0
split_gain=1.17458 4.65717 4.26715 1.2008 5.91335 2.96015 3.46317e-05
threshold=-0.79668817137030945 -0.81638949801497029 -0.0084647454929479785 -0.29270549577837618 0.94173483270131852 -0.160053463284729 0.56856185073426413
decision_type=2 2 2 2 2 2 2
left_child=1 2 -1 4 -2 -5 -3
right_child=3 6 -4 5 -6 -7 -8
leaf_value=0.012982158196362205 -0.0051263090449812686 0.0550049124222892 -0.0089523939453496314 0.018314868385116988 -0.076707091190887797 -0.0019204564160367763 0.0547167330711959
leaf_weight=41.744699507951736 101.53265698999166 1.8191989362239827 47.292116820812225 18.474328942596912 2.96961735934019 832.23568710684776 2.4419257938861847
leaf_count=434 870 22 474 193 25 4291 31
internal_value=-0.00157934 0.00377541 0.00133157 -0.00210236 -0.0071604 -0.00148102 0.0548398
internal_weight=1048.51 93.2979 89.0368 955.212 104.502 850.71 4.26112
internal_count=6340 961 908 5379 895 4484 53
is_linear=0
shrinkage=0.05


Tree=81
num_leaves=8
num_cat=0
split_feature=1 0 1 1 1 1 0
split_gain=3.13253 3.64286 3.61017 5.22474 2.72472 2.37359 1.83056
threshold=0.82967141999638383 -0.0184994336074519 0.70451034504544052 0.64118179157337818 0.90678664547764398 0.71276093754636782 -0.47585448241419531
decision_type=2 2 2 2 2 2 2
left_child=2 6 3 -1 -3 -4 -2
right_child=1 4 5 -5 -6 -7 -8
leaf_value=0.0012106531409750603 -0.017826616575329701 -0.010439231369627391 0.041164871993676966 -0.01678359077500895 0.01413730947473104 0.008268477890658453 -0.0054964217295649029
leaf_weight=597.77119943499565 35.087643936276436 15.887470275163649 5.8180706351995459 43.259453296661377 38.868521817028522 95.320223748683929 211.80971737205982
leaf_count=4065 153 125 28 219 331 472 918
internal_value=-0.000364763 -0.00466113 0.00138149 -3.67437e-06 0.00700642 0.0101609 -0.00724872
internal_weight=1043.82 301.653 742.169 641.031 54.756 101.138 246.897
internal_count=6311 1527 4784 4284 456 500 1071
is_linear=0
shrinkage=0.05


Tree=82
num_leaves=8
num_cat=0
split_feature=1 1 1 0 0 0 0
split_gain=2.09634 3.74333 6.94067 4.28242 3.30841 4.76479 3.10512
threshold=0.89512896351986304 0.95379563902639652 0.9451771086531392 -0.28527018334115506 -0.67649044707850214 -0.62823466792402027 -0.75944162757913791
decision_type=2 2 2 2 2 2 2
left_child=4 2 -2 -3 6 -6 -1
right_child=1 3 -4 -5 5 -7 -8
leaf_value=-0.00095061780666314075 -0.0067038805976241678 0.039930353081892155 -0.04358698543383209 -0.0018909371294285678 0.021202573015828011 0.0019596913471551392 -0.013389362708737078
leaf_weight=357.8331761136651 74.521818138659 6.3969867825508109 15.389203980565069 141.96912530809641 35.503924146294594 342.52440442889929 58.35440357029438
leaf_count=1788 370 28 75 733 181 2795 284
internal_value=-0.000853129 -0.00496638 -0.0130168 -8.77609e-05 0.000380911 0.00376696 -0.00269468
internal_weight=1032.49 238.277 89.911 148.366 794.216 378.028 416.188
internal_count=6254 1206 445 761 5048 2976 2072
is_linear=0
shrinkage=0.05


Tree=83
num_leaves=8
num_cat=0
split_feature=1 1 1 1 0 0 1
split_gain=1.5635 5.61611 6.00601 2.84387 2.62721 4.343 1.4754
threshold=0.92033424567587241 0.95151390187225904 0.9451771086531392 0.96923085065783121 -0.87840036513621966 -0.88917690192508625 0.88072545139545644
decision_type=2 2 2 2 2 2 2
left_child=4 2 -2 -3 5 -1 -6
right_child=1 3 -4 -5 6 -7 -8
leaf_value=-0.00087718807751536651 -0.0095039378903135924 0.014007011009166676 -0.054312127157823888 -0.002040426788963004 0.0028848649151963211 -0.029740714557080702 0.012023001094613399
leaf_weight=247.1231674849987 41.411251470446587 35.507775641977787 9.1266107112169248 124.09609029442072 522.40325367450714 13.758177220821379 48.250542774796486
leaf_count=1220 207 174 46 642 3700 73 240
internal_value=0.000783468 -0.00306987 -0.0175958 0.00152972 0.00175727 -0.00239937 0.00365752
internal_weight=1041.68 210.142 50.5379 159.604 831.535 260.881 570.654
internal_count=6302 1069 253 816 5233 1293 3940
is_linear=0
shrinkage=0.05


Tree=84
num_leaves=7
num_cat=0
split_feature=0 1 0 0 1 0
split_gain=1.28326 4.3604 2.94112 1.10302 0.70042 0.576943
threshold=0.99021941275323322 -0.10661115265147945 0.95353307846626734 0.90952645085413153 0.25645806886585287 0.99986109005760893
decision_type=2 2 2 2 2 2
left_child=2 -2 3 -1 -4 -3
right_child=1 5 4 -5 -6 -7
leaf_value=8.4566608136645564e-05 -0.071988645641052215 0.0013907528098116657 0.014578999701694568 -0.01175863033609947 0.040065624970289766 -0.025246923085962904
leaf_weight=975.61588839441538 2.6863290667533901 12.720820516347883 19.369158893823627 20.06440395116806 3.1315511167049399 2.4193294644355765
leaf_count=5709 22 127 210 170 33 23
internal_value=1.70374e-05 -0.0132822 0.000249882 -0.000154091 0.0181261 -0.00286583
internal_weight=1036.01 17.8265 1018.18 995.68 22.5007 15.1401
internal_count=6294 172 6122 5879 243 150
is_linear=0
shrinkage=0.05


Tree=85
num_leaves=8
num_cat=0
split_feature=1 1 0 0 1 0 0
split_gain=2.30693 4.54524 1.47264 1.90618 1.90333 0.911746 0.455514
threshold=-0.93222900743366965 -0.91858434084919272 0.16444508688879403 0.038998216718191196 -0.97724961501543606 -0.75944162757913791 -1.0000000180025095e-35
decision_type=2 2 2 2 2 2 2
left_child=2 6 3 -1 -4 -3 -2
right_child=1 5 4 -5 -6 -7 -8
leaf_value=0.01308047713390903 -0.030699155959648838 0.003329519699551526 0.055960087055797553 -0.011952501462459939 0.014163202826449547 0.00015218636556130183 -0.059596814612839756
leaf_weight=31.098331525921822 2.8823894262313843 359.3624247610569 3.8065010309219351 10.066201165318487 9.5755131840705854 607.40213541686535 2.5882037580013266
leaf_count=314 30 1803 40 95 101 3827 26
internal_value=0.00163745 0.00107608 0.0116432 0.00695902 0.0260523 0.00133325 -0.044371
internal_weight=1026.78 972.235 54.5465 41.1645 13.382 966.765 5.47059
internal_count=6236 5686 550 409 141 5630 56
is_linear=0
shrinkage=0.05


Tree=86
num_leaves=7
num_cat=0
split_feature=0 1 0 1 0 1
split_gain=2.63971 2.38297 3.18692 2.32381 1.32023 0.246691
threshold=0.99875429742768385 0.98087030751326465 -0.18952386725078768 0.96923085065783121 0.99986109005760893 0.010646307149161269
decision_type=2 2 2 2 2 2
left_child=1 3 -3 -1 5 -2
right_child=4 2 -4 -5 -6 -7
leaf_value=-0.0006570023393392344 0.055625954048026206 0.049066872072395518 0.0052299427436597185 -0.015228212551422518 0.0013076736016078962 0.032745908855250909
leaf_weight=914.07233720272779 2.6235812902450553 4.3472840636968604 89.552624084055424 28.206497080624104 2.6473281383514404 2.1382509917020798
leaf_count=5632 29 19 464 147 24 22
internal_value=-0.000123611 -0.000336254 0.00725946 -0.00109318 0.0296147 0.0453519
internal_weight=1043.59 1036.18 93.8999 942.279 7.40916 4.76183
internal_count=6337 6262 483 5779 75 51
is_linear=0
shrinkage=0.05


Tree=87
num_leaves=8
num_cat=0
split_feature=0 0 0 1 1 0 0
split_gain=1.34395 4.22412 3.27194 2.33993 2.2446 1.5961 0.645993
threshold=0.87457736621725668 0.73757204564663359 0.89341059200381456 0.25645806886585287 0.57006846047694559 0.69359044171007156 0.88035312353079342
decision_type=2 2 2 2 2 2 2
left_child=1 5 6 -4 -3 -1 -2
right_child=2 4 3 -5 -6 -7 -8
leaf_value=-0.00027244481435388391 0.01605059799989686 -0.0095486874898883887 -0.0024261120723841735 0.019444026693909048 -0.036330132598997665 0.018447147876981051 0.047110259166083857
leaf_weight=909.68715774267912 2.4670371711254111 30.201539605855942 52.244004726409912 15.968616358935831 10.558954983949659 11.531273134052752 5.2083016037940979
leaf_count=5118 24 247 508 150 86 103 50
internal_value=-0.000229709 -0.000735062 0.00617629 0.0026937 -0.0164864 -3.81239e-05 0.0371269
internal_weight=1037.87 961.979 75.888 68.2126 40.7605 921.218 7.67534
internal_count=6286 5554 732 658 333 5221 74
is_linear=0
shrinkage=0.05


Tree=88
num_leaves=7
num_cat=0
split_feature=1 0 1 0 0 0
split_gain=2.60598 4.81902 3.13648 2.64185 1.17989 0.172248
threshold=-0.60237234664312955 -0.75944162757913791 -0.58729094006010241 -0.72861008838847718 -0.88583934976042245 -0.78380180837608904
decision_type=2 2 2 2 2 2
left_child=1 5 -2 -3 -4 -1
right_child=2 3 4 -5 -6 -7
leaf_value=0.040518116546038548 -0.052582359819881686 -0.044312457059072885 -0.0056541713274295786 0.0036523798645465965 -0.0015593885151892817 0.057742894722894157
leaf_weight=2.9027950018644333 3.1575866639614096 2.9360752552747718 240.73631244152784 129.1240548491478 653.40986294299364 2.9027950018644324
leaf_count=25 26 25 1201 1281 3710 25
internal_value=-0.00185417 0.004546 -0.00283752 0.00258598 -0.00266185 0.0491305
internal_weight=1035.17 137.866 897.304 132.06 894.146 5.80559
internal_count=6293 1356 4937 1306 4911 50
is_linear=0
shrinkage=0.05


Tree=89
num_leaves=7
num_cat=0
split_feature=1 1 0 0 0 0
split_gain=2.08362 2.27019 2.06839 1.38774 0.617322 0.48492
threshold=-0.99784747784285266 -0.99544618599074208 -0.93861348309441761 0.038998216718191196 0.059044994974993874 1.0000000180025095e-35
decision_type=2 2 2 2 2 2
left_child=3 4 -3 5 -2 -1
right_child=1 2 -4 -5 -6 -7
leaf_value=-0.020494087076111941 0.055156896766921037 -0.0052455201278361506 0.00064273130969141185 -0.053160856072533208 0.018606367047856787 0.0024787666153995441
leaf_weight=6.3748696297407133 2.0339920073747626 181.34890966117382 839.78962118923664 2.6117628514766684 2.6738478243350983 3.5911091864109039
leaf_count=55 24 883 5263 17 28 30
internal_value=-0.000491283 -0.000243283 -0.000402992 -0.0207183 0.0343978 -0.0122161
internal_weight=1038.42 1025.85 1021.14 12.5777 4.70784 9.96598
internal_count=6300 6198 6146 102 52 85
is_linear=0
shrinkage=0.05


Tree=90
num_leaves=8
num_cat=0
split_feature=1 1 1 0 0 1 0
split_gain=1.6431 3.3277 3.01314 2.06135 5.36989 2.33707 2.6039e-05
threshold=-0.79668817137030945 -0.81638949801497029 -0.83709864146772184 -0.96786293715941929 -0.97576421655225842 0.44111429283938092 0.56856185073426413
decision_type=2 2 2 2 2 2 2
left_child=1 2 -1 4 -2 -5 -3
right_child=3 6 -4 5 -6 -7 -8
leaf_value=0.0070320590274417574 0.0019284514053525292 0.05469655002913118 -0.035440365335276725 -0.0051985632083337728 0.033462354820611745 0.00062846718460803249 0.054422664935340703
leaf_weight=83.133476927876472 117.69653327763081 1.5694432854652398 4.3967045322060576 249.18639549612999 15.24973690509796 556.05740058422089 1.9411872029304502
leaf_count=854 565 20 49 1858 74 2815 26
internal_value=0.000399894 0.00681306 0.00489864 -0.000222432 0.00554558 -0.00117473 0.0545451
internal_weight=1029.23 91.0408 87.5302 938.19 132.946 805.244 3.51063
internal_count=6261 949 903 5312 639 4673 46
is_linear=0
shrinkage=0.05


Tree=91
num_leaves=8
num_cat=0
split_feature=0 0 1 0 0 0 0
split_gain=1.78571 3.59524 3.7345 3.07585 4.36564 2.51061 1.56882
threshold=-0.96526770028239761 -0.93510428483909014 0.32416509042826347 -0.98939937747367457 -0.99373866855194171 -0.98802727309901062 -0.91014212484509949
decision_type=2 2 2 2 2 2 2
left_child=3 2 -2 4 -1 -5 -3
right_child=1 6 -4 5 -6 -7 -8
leaf_value=0.0051351486241487283 -0.0042085343509037105 0.010298272489064607 -0.034120256166863733 0.044882836347083177 -0.023701247837075445 0.010517330384557131 -0.00039693056346780582
leaf_weight=59.402993947267532 31.40396337211132 35.801472321152687 15.627695277333258 5.8876256644725791 16.847743675112724 54.61067657917738 810.72984904050827
leaf_count=278 166 180 73 27 80 274 5180
internal_value=0.000122144 -0.000692168 -0.0141476 0.00544313 -0.00123631 0.0138617 5.53906e-05
internal_weight=1030.31 893.563 47.0317 136.749 76.2507 60.4983 846.531
internal_count=6258 5599 239 659 358 301 5360
is_linear=0
shrinkage=0.05


Tree=92
num_leaves=8
num_cat=0
split_feature=0 0 1 0 1 1 1
split_gain=1.85211 3.19177 2.03819 1.51194 1.07029 1.02517 0.628116
threshold=-0.87840036513621966 -0.91014212484509949 0.021029666406450733 -0.85291357510979127 0.92033424567587241 0.44111429283938092 0.50881605463522028
decision_type=2 2 2 2 2 2 2
left_child=1 2 -1 6 -5 -3 -2
right_child=3 5 -4 4 -6 -7 -8
leaf_value=0.0073728951624754645 0.0071762119323579695 -0.025742955519654734 -0.0043741257643398843 0.0014711582950164698 -0.0027706946714749678 -0.0089783004372972885 0.023924291010666787
leaf_weight=46.753971204161644 16.691537484526638 19.343365117907524 175.65917131304741 549.20000826567411 203.92182110249996 17.251991927623749 8.4233532994985563
leaf_count=333 89 116 765 3842 1036 77 37
internal_value=-0.000493839 -0.0041562 -0.00190476 0.000725049 0.000322597 -0.0178397 0.0127934
internal_weight=1037.25 259.008 222.413 778.237 753.122 36.5954 25.1149
internal_count=6295 1291 1098 5004 4878 193 126
is_linear=0
shrinkage=0.05


Tree=93
num_leaves=5
num_cat=0
split_feature=0 1 0 1
split_gain=1.88299 1.40774 3.45617 2.71329
threshold=-0.99994050119265843 0.92033424567587241 -0.30345105529762945 0.70451034504544052
decision_type=2 2 2 2
left_child=-1 3 -3 -2
right_child=1 2 -4 -5
leaf_value=0.031011269063490273 -0.00038740967484001017 -0.016210637387083903 -0.00010080643220307531 0.0062757551885214398
leaf_weight=5.0221906304359427 625.7825428545475 41.832012504339218 163.10014193505049 202.13300887495279
leaf_count=25 4221 186 857 1008
internal_value=0.000469502 0.000320994 -0.00338924 0.00123938
internal_weight=1037.87 1032.85 204.932 827.916
internal_count=6297 6272 1043 5229
is_linear=0
shrinkage=0.05


Tree=94
num_leaves=8
num_cat=0
split_feature=1 0 1 0 0 1 0
split_gain=1.50412 7.35223 1.96429 1.84651 1.45847 1.19936 0.0290446
threshold=0.65408094794705118 -0.73656941139652632 0.59405086336161295 -0.074195516126569397 -0.79542059233321949 0.26463052105861468 -0.74460273336568927
decision_type=2 2 2 2 2 2 2
left_child=2 6 5 -3 -4 -1 -2
right_child=1 3 4 -5 -6 -7 -8
leaf_value=0.0029420254788807103 -0.04046745093636251 -0.0025663325308379909 0.035046920216360924 0.0051821569723955923 0.0087079000886086545 -0.0020549120744740392 -0.045717822560373537
leaf_weight=373.87038524448872 5.6273072957992554 323.8954568952322 6.2017079740762702 100.82129056751728 34.458159640431404 176.90130626410246 4.952030420303343
leaf_count=2931 25 1411 27 732 174 923 22
internal_value=0.000478177 -0.00175253 0.00211999 -0.000726959 0.0127253 0.00133707 -0.0429251
internal_weight=1026.73 435.296 591.432 424.717 40.6599 550.772 10.5793
internal_count=6245 2190 4055 2143 201 3854 47
is_linear=0
shrinkage=0.05


Tree=95
num_leaves=8
num_cat=0
split_feature=1 1 1 0 1 1 0
split_gain=3.1127 2.78296 2.48798 2.46249 0.838045 0.618147 0.470098
threshold=-0.160053463284729 -0.10661115265147945 -0.24775999869614843 0.9582976069625716 -0.22410066709536425 -0.14133319298015526 -0.98939937747367457
decision_type=2 2 2 2 2 2 2
left_child=2 5 3 -1 -4 -2 -3
right_child=1 6 4 -5 -6 -7 -8
leaf_value=0.0038818382370709443 -0.0077559604832055477 -0.0045208893458085165 0.05579094479876559 0.054683100871611906 0.021806551560104893 -0.034869058851374903 -0.00031878627785439373
leaf_weight=200.93853698670864 2.9645316228270531 73.058290235698223 2.2860377877950659 2.4140773937106124 8.7861239463090879 7.2269366234540922 747.95925706624985
leaf_count=1899 23 339 25 31 94 48 3893
internal_value=0.00037053 -0.00101505 0.00574167 0.00448492 0.0288232 -0.0269823 -0.000692711
internal_weight=1045.63 831.209 214.425 203.353 11.0722 10.1915 821.018
internal_count=6352 4303 2049 1930 119 71 4232
is_linear=0
shrinkage=0.05


Tree=96
num_leaves=8
num_cat=0
split_feature=1 1 0 0 1 0 0
split_gain=2.68875 5.89496 3.39373 1.70077 4.71444 4.38889 0.720836
threshold=0.7551674003713017 0.77145802912030936 0.52584283541633436 0.90952645085413153 -0.36788111255014594 0.87457736621725668 -0.64037780300925828
decision_type=2 2 2 2 2 2 2
left_child=3 6 -3 5 -5 -1 -2
right_child=1 2 -4 4 -6 -7 -8
leaf_value=-0.002032767045285138 0.043822957550079859 0.00091115903261007386 0.028182739442505489 -0.058348766827090753 -0.0061703987907604854 0.028139554164858135 0.021142001909170368
leaf_weight=586.14089082181454 8.4588375091552717 338.66664860397577 11.805310301482676 4.6835504174232474 57.188585706055164 12.305529646575449 5.9793905690312377
leaf_count=3688 36 1678 101 36 563 120 35
internal_value=-0.000324785 0.00311965 0.00182978 -0.00222828 -0.0101202 -0.00141235 0.03443
internal_weight=1025.23 364.91 350.472 660.319 61.8721 598.446 14.4382
internal_count=6257 1850 1779 4407 599 3808 71
is_linear=0
shrinkage=0.05


Tree=97
num_leaves=8
num_cat=0
split_feature=0 1 1 1 0 1 1
split_gain=2.37695 1.0519 2.63965 1.84785 0.963107 3.09799 0.383129
threshold=0.97019007187955908 0.99868377805908637 0.99958031225199584 0.91632778554003924 0.98855975881510272 0.11944373424272814 0.21754704627925284
decision_type=2 2 2 2 2 2 2
left_child=1 3 -3 -1 6 -6 -2
right_child=4 2 -4 -5 5 -7 -8
leaf_value=0.0010522242424762631 0.031342977616099603 0.030270142124589262 -0.0025928307943340681 -0.00452071958595366 0.01569159549293362 -0.037439024909779392 0.0071699993996271931
leaf_weight=791.98511645942926 8.3001504763960821 10.036179408431055 15.621360138058661 183.13918963074684 19.286242276430134 3.1987091377377501 2.0425493046641341
leaf_count=4885 95 50 72 945 182 32 21
internal_value=0.00070277 0.000268508 0.0102618 5.56341e-06 0.0139417 0.00813323 0.0265691
internal_weight=1033.61 1000.78 25.6575 975.124 32.8277 22.485 10.3427
internal_count=6282 5952 122 5830 330 214 116
is_linear=0
shrinkage=0.05


Tree=98
num_leaves=7
num_cat=0
split_feature=1 0 0 1 1 0
split_gain=1.75205 2.55257 5.25305 1.35155 1.40998 0.0730477
threshold=-0.62707976250810582 -0.74460273336568927 -0.66874136419089414 -0.58729094006010241 0.99646357428573085 -0.78380180837608904
decision_type=2 2 2 2 2 2
left_child=1 -1 -3 5 -5 -2
right_child=3 2 -4 4 -6 -7
leaf_value=0.044924501320972782 -0.014680868004698616 -0.035472148698584657 0.0066105625177609543 -0.00043999907954433759 -0.010305177344937088 -0.023475373427594756
leaf_weight=3.9173489511013022 4.1462771594524384 7.9194026142358771 116.55916627496481 856.18798239529133 37.819448307156563 5.4841952547430974
leaf_count=34 36 61 1196 4728 186 44
internal_value=-0.000281468 0.00518387 0.00393323 -0.00105803 -0.000857328 -0.019689
internal_weight=1032.03 128.396 124.479 903.638 894.007 9.63047
internal_count=6285 1291 1257 4994 4914 80
is_linear=0
shrinkage=0.05


Tree=99
num_leaves=8
num_cat=0
split_feature=0 0 1 0 0 0 1
split_gain=2.10336 2.18378 3.20316 2.63103 1.28595 2.84976 1.70982
threshold=0.95353307846626734 0.90952645085413153 0.36642001852195233 0.87457736621725668 0.99021941275323322 0.99266264647725155 0.21754704627925284
decision_type=2 2 2 2 2 2 2
left_child=1 3 -3 -1 6 -6 -2
right_child=4 2 -4 -5 5 -7 -8
leaf_value=0.0001137467562050952 0.028139500651988759 -0.026642577840146398 0.02197900413592219 0.023518965645269133 -0.043277721622049077 0.0098856947178453149 -0.0014519272144697484
leaf_weight=951.30909772962332 16.353963464498523 15.818552136421205 4.3103626593947402 12.160657055675982 2.9578743278980282 17.05529472976923 6.9586910605430594
leaf_count=5540 185 126 41 121 25 167 73
internal_value=0.000543552 6.86305e-05 -0.0162309 0.000409161 0.0113254 0.00202833 0.0193066
internal_weight=1026.92 983.599 20.1289 963.47 43.3258 20.0132 23.3127
internal_count=6278 5828 167 5661 450 192 258
is_linear=0
shrinkage=0.05


Tree=100
num_leaves=7
num_cat=0
split_feature=1 0 1 0 1 1
split_gain=0.860758 1.38945 0.962741 1.47888 0.775833 0.361745
threshold=-0.99784747784285266 0.038998216718191196 -0.99544618599074208 0.059044994974993874 0.30577838228418036 -0.99941493269467208
decision_type=2 2 2 2 2 2
left_child=1 5 3 -2 -4 -1
right_child=2 -3 4 -5 -6 -7
leaf_value=-0.0093948820427332269 0.054776129565548816 -0.039553527426095386 0.0022723113614116519 -0.0018626442708464766 -0.00058774428145554221 0.010928856617328578
leaf_weight=6.6289126053452483 2.0693146213889113 3.4441575855016699 378.0020853728056 2.6013274267315865 636.1840740814805 3.269242785871028
leaf_count=54 26 22 2880 28 3238 31
internal_value=0.000417314 -0.0122001 0.000582544 0.023231 0.00047824 -0.00268219
internal_weight=1032.2 13.3423 1018.86 4.67064 1014.19 9.89816
internal_count=6279 107 6172 54 6118 85
is_linear=0
shrinkage=0.05


Tree=101
num_leaves=6
num_cat=0
split_feature=1 1 1 0 1
split_gain=1.29968 2.72862 1.21336 1.00472 0.110785
threshold=0.99958031225199584 0.99914812895209537 0.99646357428573085 -0.0184994336074519 0.99994238978379391
decision_type=2 2 2 2 2
left_child=1 2 -1 -2 -5
right_child=3 -3 -4 4 -6
leaf_value=0.00025332148574261994 -0.030230598999533211 0.036717778802519405 -0.012561281325850646 0.0020254584912326829 -0.0092308427951575591
leaf_weight=994.39754095673561 6.1199231147766104 5.0894196927547446 18.821915321052074 4.2056829184293729 4.5515884906053543
leaf_count=6100 25 27 94 22 22
internal_value=-1.56394e-05 0.000198709 1.5273e-05 -0.0146873 -0.003825
internal_weight=1033.19 1018.31 1013.22 14.8772 8.75727
internal_count=6290 6221 6194 69 44
is_linear=0
shrinkage=0.05


Tree=102
num_leaves=8
num_cat=0
split_feature=0 1 0 0 0 0 1
split_gain=2.48947 5.27561 3.87359 2.10571 1.44809 1.44459 0.0565753
threshold=-0.30345105529762945 0.9451771086531392 -0.28527018334115506 -0.29345640856206007 -0.37290677666983357 0.79138357613531352 0.94821260613983571
decision_type=2 2 2 2 2 2 2
left_child=1 4 3 -2 -1 -4 -3
right_child=2 6 5 -5 -6 -7 -8
leaf_value=-0.00014534402594513699 0.0096299078614627207 -0.039393544470623001 0.0047944857114506148 0.054866751969793619 -0.012245834689441874 -0.0022383343091599383 -0.03215460217866746
leaf_weight=596.89528109878302 4.7784322202205658 4.3663677573204023 283.75288214534521 5.5724456906318647 25.792960837483406 98.317101486027241 7.0685100555419922
leaf_count=3019 27 20 2061 29 143 921 32
internal_value=0.000672389 -0.00126459 0.0038024 0.0339834 -0.00064657 0.00298475 -0.0349188
internal_weight=1026.54 634.123 392.421 10.3509 622.688 382.07 11.4349
internal_count=6252 3214 3038 56 3162 2982 52
is_linear=0
shrinkage=0.05


Tree=103
num_leaves=7
num_cat=0
split_feature=0 0 1 0 1 0
split_gain=0.847921 2.20223 1.82212 1.24384 0.802736 0.00207291
threshold=-0.98939937747367457 -0.98802727309901062 0.11944373424272814 -0.98668570375849662 0.076893044319713721 -0.99108812279006775
decision_type=2 2 2 2 2 2
left_child=2 -2 4 -3 -1 -4
right_child=1 3 5 -5 -6 -7
leaf_value=-0.0052451709286692998 0.033834983205886994 -0.024941006512337577 -0.024866923593101522 0.00012557705460959065 0.0075220374735219218 -0.023478427356378562
leaf_weight=51.37033636868 4.8320687264204016 4.9748787432909003 5.9934899210929871 949.5047211125493 16.192618563771248 4.8738964796066266
leaf_count=252 23 24 27 5921 70 22
internal_value=-0.000243283 0.00016538 -0.0052418 -5.07342e-06 -0.00218529 -0.0242442
internal_weight=1037.74 959.312 78.4303 954.48 67.563 10.8674
internal_count=6339 5968 371 5945 322 49
is_linear=0
shrinkage=0.05


Tree=104
num_leaves=7
num_cat=0
split_feature=1 0 1 0 1 0
split_gain=2.5999 2.08339 3.5526 1.59993 0.55274 0.786013
threshold=-0.99784747784285266 0.87457736621725668 -0.44408793539100461 0.73757204564663359 -0.99986681660808341 0.038998216718191196
decision_type=2 2 2 2 2 2
left_child=4 3 -3 -2 -1 -6
right_child=1 2 -4 -5 5 -7
leaf_value=-0.042654866153461868 -0.0010638647649791838 0.056349277505518769 0.0047323494625119335 -0.01099806220369679 -0.0072373472190514895 -0.036786545265076749
leaf_weight=2.9381842017173758 890.94463399797678 3.4956426694989196 71.872588038444519 42.46155808120966 6.2274510785937292 3.5240187346935272
leaf_count=22 5066 35 703 343 58 22
internal_value=-0.00115302 -0.000870102 0.00712639 -0.00151578 -0.023644 -0.0179159
internal_weight=1021.46 1008.77 75.3682 933.406 12.6897 9.75147
internal_count=6249 6147 738 5409 102 80
is_linear=0
shrinkage=0.05


Tree=105
num_leaves=8
num_cat=0
split_feature=1 1 1 0 1 0 1
split_gain=2.70017 2.15455 2.3371 1.87782 0.743241 1.33169 1.11642
threshold=0.9973905644678126 0.99134203679145239 0.98358721659021853 0.059044994974993874 0.99958031225199584 -0.0184994336074519 0.99914812895209537
decision_type=2 2 2 2 2 2 2
left_child=1 2 -1 -3 6 -6 -2
right_child=4 3 -4 -5 5 -7 -8
leaf_value=-0.00027807372856460485 0.014474503662109256 -0.021325687774800376 0.015756922351787741 0.016756422467874618 -0.010258284132312698 0.02062125700554536 0.044293546138746878
leaf_weight=961.48026821762323 13.053307481110101 19.905447155237201 23.273751519620419 3.8657132014632216 6.5779589414596558 7.4407944455742818 4.1326927095651618
leaf_count=5943 65 88 123 43 27 40 21
internal_value=0.00019004 -0.000258161 0.000100899 -0.0151327 0.0146757 0.00613178 0.021645
internal_weight=1039.73 1008.53 984.754 23.7712 31.2048 14.0188 17.186
internal_count=6350 6197 6066 131 153 67 86
is_linear=0
shrinkage=0.05


Tree=106
num_leaves=8
num_cat=0
split_feature=1 1 0 0 1 1 1
split_gain=1.96195 4.32511 2.20913 1.44059 1.29565 1.11494 0.923523
threshold=-0.93222900743366965 -0.91858434084919272 0.095845751060409864 0.14409712509410319 -0.79668817137030945 -0.98602488840164015 -0.92662709087250728
decision_type=2 2 2 2 2 2 2
left_child=2 6 5 -4 -3 -1 -2
right_child=1 4 3 -5 -6 -7 -8
leaf_value=0.0097997338776399587 -0.068867164089608926 0.010587702234109693 0.055629889669905945 0.018071990836352938 0.00021026729536191937 -0.0091317314109572948 -0.025233856805904516
leaf_weight=20.968282140791416 2.396009586751461 31.081694453954697 3.0923482477664974 14.642649158835409 931.29767452925444 12.362474910914896 2.4554993957281104
leaf_count=200 24 345 34 161 5270 137 25
internal_value=0.000812316 0.000308031 0.0103639 0.0246207 0.000545424 0.002778 -0.046783
internal_weight=1018.3 967.231 51.0658 17.735 962.379 33.3308 4.85151
internal_count=6196 5664 532 195 5615 337 49
is_linear=0
shrinkage=0.05


Tree=107
num_leaves=8
num_cat=0
split_feature=1 0 0 1 1 0 0
split_gain=2.4944 2.82231 3.29767 2.27488 2.27721 1.86745 0.997421
threshold=0.18943819971568152 -0.88583934976042245 -0.85291357510979127 0.140296408472358 0.11944373424272814 -0.89458363926856355 -0.98802727309901062
decision_type=2 2 2 2 2 2 2
left_child=3 5 -3 4 -1 -2 -5
right_child=1 2 -4 6 -6 -7 -8
leaf_value=0.0033450033387947518 -0.0067611375395336196 0.016429924346096036 -0.00086223850369985242 0.033512831738463505 -0.020460507180038986 -0.033107654191834077 0.011821294433468252
leaf_weight=301.49983949959278 119.03873254358768 29.012217923998833 554.90475362539291 7.3152843862772015 10.392139472067354 7.1285547614097586 19.232348591089249
leaf_count=2568 528 128 2926 31 55 32 99
internal_value=0.00021531 -0.00146833 -3.06841e-06 0.00374778 0.00255181 -0.00824974 0.0177985
internal_weight=1048.52 710.084 583.917 338.44 311.892 126.167 26.5476
internal_count=6367 3614 3054 2753 2623 560 130
is_linear=0
shrinkage=0.05


Tree=108
num_leaves=6
num_cat=0
split_feature=1 1 1 0 0
split_gain=1.80605 2.63767 2.38017 1.48559 1.42436
threshold=0.98087030751326465 0.98180989089889092 0.97870647232072716 1.0000000180025095e-35 -0.98314330918098158
decision_type=2 2 2 2 2
left_child=2 -2 4 -3 -1
right_child=1 3 -4 -5 -6
leaf_value=0.0052578443698569318 0.046738170295885763 0.0025504088456333933 -0.037855790171319494 0.023539354272001985 -0.0011841628923206626
leaf_weight=95.625523418188095 3.9477809965610495 74.654576182365417 4.2889934778213492 9.5038323700427991 835.61127445101738
leaf_count=457 22 319 24 114 5324
internal_value=-4.92884e-05 0.00679437 -0.000693812 0.00492065 -0.000522655
internal_weight=1023.63 88.1062 935.526 84.1584 931.237
internal_count=6260 455 5805 433 5781
is_linear=0
shrinkage=0.05


Tree=109
num_leaves=8
num_cat=0
split_feature=0 1 1 1 0 1 0
split_gain=1.78024 2.25367 2.00163 3.19438 1.49953 1.34641 0.781914
threshold=-0.98939937747367457 0.04980852291115468 0.27505009364492894 0.37476840611179169 -0.71514395443244705 0.031846872962284771 -0.99586060280620492
decision_type=2 2 2 2 2 2 2
left_child=1 5 4 -4 -2 -1 -3
right_child=2 6 3 -5 -6 -7 -8
leaf_value=-0.0040727007954633569 0.0086377042561656143 -0.0085076059381396594 -0.012676255638114956 -4.5006375360892239e-05 0.0012160951906959924 0.017832616709351844 -0.022433568217133874
leaf_weight=27.897704899311066 105.52279236167669 19.738653793931007 54.582272678613663 603.25093672424555 191.71609973162413 9.3712504059076291 20.598587080836296
leaf_count=148 672 83 283 3069 1911 39 92
internal_value=-0.000146186 -0.00742896 0.00044559 -0.00109306 0.00385084 0.00143537 -0.015619
internal_weight=1032.68 77.6062 955.072 657.833 297.239 37.269 40.3372
internal_count=6297 362 5935 3352 2583 187 175
is_linear=0
shrinkage=0.05


Tree=110
num_leaves=7
num_cat=0
split_feature=0 0 0 1 0 1
split_gain=2.94141 2.36228 2.06828 2.46191 1.68816 1.32768
threshold=0.93494951819409144 0.94173483270131852 0.90952645085413153 0.35722709327443519 0.7600653944251673 -0.31457236716994724
decision_type=2 2 2 2 2 2
left_child=2 -2 4 -4 -1 -3
right_child=1 5 3 -5 -6 -7
leaf_value=-0.00036737151458239033 0.057815152710750051 -0.027254784728911748 -0.039989254783076425 0.0042315266714415033 0.0094088634939451521 0.011521785866426288
leaf_weight=915.69147281348705 2.6878721788525572 2.3197789937257758 7.027645140886305 5.7005208134651184 46.395495854318142 45.593060672283173
leaf_count=5239 23 18 52 54 400 468
internal_value=0.000449291 0.0122032 -0.000160829 -0.0201842 0.000104076 0.00964435
internal_weight=1025.42 50.6007 974.815 12.7282 962.087 47.9128
internal_count=6254 509 5745 106 5639 486
is_linear=0
shrinkage=0.05


Tree=111
num_leaves=7
num_cat=0
split_feature=0 1 0 0 0 1
split_gain=1.87407 2.64994 2.3091 1.31118 1.20709 0.00834605
threshold=-0.99948718233423473 0.021029666406450733 -0.99794367700819697 -0.98939937747367457 -0.99861579520848454 0.010646307149161269
decision_type=2 2 2 2 2 2
left_child=1 5 4 -4 -2 -1
right_child=2 -3 3 -5 -6 -7
leaf_value=-0.0010608895803496776 0.0095682283236101194 -0.045249556778599098 -0.0086431939714895645 0.00031923946357811825 0.038128266977226648 -0.0039314658218975035
leaf_weight=6.0645119249820691 12.124728605151178 5.4666835963726035 42.635385170578957 952.34161879867315 5.3242802768945685 4.3471914678812027
leaf_count=35 54 23 204 5934 25 18
internal_value=-1.59026e-05 -0.0170603 0.000251413 -6.48064e-05 0.0182829 -0.00225944
internal_weight=1028.3 15.8784 1012.43 994.977 17.449 10.4117
internal_count=6293 76 6217 6138 79 53
is_linear=0
shrinkage=0.05


Tree=112
num_leaves=8
num_cat=0
split_feature=1 1 1 1 1 0 1
split_gain=1.33216 6.89959 5.88289 2.1809 1.73443 1.3139 1.12048
threshold=0.95379563902639652 0.9451771086531392 0.96923085065783121 0.97538069091883017 0.94243740063342818 -0.26025173858352052 0.95151390187225904
decision_type=2 2 2 2 2 2 2
left_child=1 4 5 -4 -1 -2 -3
right_child=2 6 3 -5 -6 -7 -8
leaf_value=-0.0017731240475636224 0.014455057302025679 -0.045474350729654417 -0.019987624889508906 0.0004253585635302301 0.028838747075838517 0.035829276958381805 -0.016970043988075598
leaf_weight=857.66990981996059 19.389953732490543 9.9301072359085065 14.908144518733023 106.97467067092657 4.652279019355773 11.42712579667568 5.281271666288375
leaf_count=5423 84 51 80 547 23 71 25
internal_value=-0.0014468 -0.00219681 0.00286335 -0.00207146 -0.00160797 0.0223807 -0.0355779
internal_weight=1030.23 877.534 152.7 121.883 862.322 30.8171 15.2114
internal_count=6304 5522 782 627 5446 155 76
is_linear=0
shrinkage=0.05


Tree=113
num_leaves=8
num_cat=0
split_feature=1 0 0 0 1 0 0
split_gain=1.34557 6.59204 7.00865 2.55109 2.05177 1.08397 0.973387
threshold=-0.40562017787206023 -0.71514395443244705 -0.66874136419089414 -0.8304014623363285 -0.36788111255014594 -0.91716440378817887 1.0000000180025095e-35
decision_type=2 2 2 2 2 2 2
left_child=1 3 -3 -1 5 -2 -6
right_child=4 2 -4 -5 6 -7 -8
leaf_value=0.011172380761791645 -0.053525951099743896 -0.05334889162281075 0.0010855724134641689 0.039889807881091123 -0.00209684700791296 -0.012749302119114937 0.0023497910991363193
leaf_weight=17.198057480156425 2.6937285289168358 6.1752501577138892 139.37304709851742 14.052456527948378 705.40072031319141 4.1264098137617102 149.08380724489689
leaf_count=149 23 45 1394 122 3195 30 1387
internal_value=-0.000723478 0.00324974 -0.00122395 0.0240858 -0.00153905 -0.0288547 -0.00132103
internal_weight=1038.1 176.799 145.548 31.2505 861.305 6.82014 854.485
internal_count=6345 1710 1439 271 4635 53 4582
is_linear=0
shrinkage=0.05


Tree=114
num_leaves=6
num_cat=0
split_feature=1 1 1 1 0
split_gain=1.64636 1.1411 1.23379 1.16014 0.841232
threshold=-0.99898237732433104 0.99914812895209537 0.99994238978379391 0.96923085065783121 -1.0000000180025095e-35
decision_type=2 2 2 2 2
left_child=4 3 -3 -2 -1
right_child=1 2 -4 -5 -6
leaf_value=0.0076115353542289587 0.0015554450721130522 0.021149855768267882 -0.0077669330925810619 -0.0040298912397562043 0.037246616904368923
leaf_weight=4.924084834754467 894.38621775060892 13.772888623178007 5.0381356403231612 103.7570748180151 4.6617260128259641
leaf_count=41 5577 64 24 543 38
internal_value=0.00139918 0.00120478 0.0134051 0.000974849 0.0220235
internal_weight=1026.54 1016.95 18.811 998.143 9.58581
internal_count=6287 6208 88 6120 79
is_linear=0
shrinkage=0.05


Tree=115
num_leaves=8
num_cat=0
split_feature=1 0 0 0 0 1 0
split_gain=1.6793 4.21746 1.25299 5.49839 1.67587 1.15244 0.139951
threshold=-0.98602488840164015 -0.063922702098096543 -0.63574145321253706 -0.64758807926624062 -0.61256222282284889 -0.99898237732433104 -0.12273544932954296
decision_type=2 2 2 2 2 2 2
left_child=1 6 3 -2 -4 -3 -1
right_child=2 5 4 -5 -6 -7 -8
leaf_value=0.055470939255627329 0.0014282674775550411 0.014406113475663737 -0.017609938522806678 0.037684767060058869 -0.00079849987722326998 -0.0099521958028636059 0.040912806678864495
leaf_weight=3.0220074281096458 441.20183184742928 9.1193227097392118 15.24502135068178 10.710776209831236 537.02448642998934 10.386283785104748 3.6383711174130466
leaf_count=34 2221 77 79 52 3684 102 47
internal_value=0.000660948 0.0131658 0.000335108 0.00228758 -0.00126257 0.00143588 0.0475183
internal_weight=1030.35 26.166 1004.18 451.913 552.27 19.5056 6.66038
internal_count=6296 260 6036 2273 3763 179 81
is_linear=0
shrinkage=0.05


Tree=116
num_leaves=8
num_cat=0
split_feature=0 1 1 0 1 0 1
split_gain=1.89175 6.45892 4.51418 2.32867 1.22442 0.875337 0.248165
threshold=0.53972611865019704 0.78935203918752028 0.73933736465838329 0.37598168418916161 0.99868377805908637 0.39153426566819965 0.82298752563135114
decision_type=2 2 2 2 2 2 2
left_child=3 2 -2 4 -1 -5 -3
right_child=1 6 -4 5 -6 -7 -8
leaf_value=-0.00068702759017461664 0.0048318462375035037 0.057279871829501429 -0.036618611120086707 -0.043245428172982457 0.010961342627055283 -0.012121749916072282 0.038010540289745501
leaf_weight=819.67343013733625 138.26895652711391 4.8813768029212943 6.8959963247179976 2.4690605252981213 23.198623187839985 26.564709290862083 2.5404947325587273
leaf_count=4468 1298 44 60 21 113 241 22
internal_value=5.28127e-05 0.0051888 0.00286276 -0.000846005 -0.000366426 -0.0147685 0.050684
internal_weight=1024.49 152.587 145.165 871.906 842.872 29.0338 7.42187
internal_count=6267 1424 1358 4843 4581 262 66
is_linear=0
shrinkage=0.05


Tree=117
num_leaves=8
num_cat=0
split_feature=1 1 1 1 0 1 1
split_gain=2.46634 3.74044 3.55191 3.52317 2.7248 2.2991 1.71758
threshold=0.70451034504544052 0.65408094794705118 0.82967141999638383 0.67172049724498584 -0.53884429874411122 0.79351268344958215 0.59405086336161295
decision_type=2 2 2 2 2 2 2
left_child=1 6 5 -3 -4 -2 -1
right_child=2 3 4 -5 -6 -7 -8
leaf_value=-0.0013472553835969067 0.0066744195849125568 -0.043713641374698457 -0.024308980268179476 -0.007688792441494334 0.0016662496724335252 0.023181297017224236 0.0093707583635734264
leaf_weight=547.81003803014755 70.411660149693489 9.4098284244537336 10.460562288761137 24.347663357853889 289.8142025321722 30.117157012224197 40.11646430939436
leaf_count=3851 343 47 46 124 1481 155 198
internal_value=0.000426478 -0.00154526 0.00348482 -0.0177306 0.00076136 0.0116197 -0.000615924
internal_weight=1022.49 621.684 400.804 33.7575 300.275 100.529 587.927
internal_count=6245 4220 2025 171 1527 498 4049
is_linear=0
shrinkage=0.05


Tree=118
num_leaves=8
num_cat=0
split_feature=1 1 1 1 1 0 0
split_gain=1.59316 6.42737 4.59747 3.95378 3.7782 3.68153 2.08966
threshold=0.89512896351986304 0.95151390187225904 0.9451771086531392 0.88072545139545644 0.86910671702686981 1.0000000180025095e-35 0.43515252842385976
decision_type=2 2 2 2 2 2 2
left_child=3 2 -2 4 -1 -3 -5
right_child=1 5 -4 6 -6 -7 -8
leaf_value=0.0005972813611146683 -0.010942603504525715 -0.00098769625664875795 -0.047484526827539369 0.036211036788507477 -0.02938509191705807 0.021824170201674792 -0.006332670026447571
leaf_weight=764.22952120751143 72.483698680996895 134.22162662446499 9.7673600912094098 11.667912453413008 10.653822585940359 20.371015571057796 3.8349929451942435
leaf_count=4932 359 580 50 50 54 217 30
internal_value=-0.000392639 -0.00398976 -0.015282 0.000685257 0.000185056 0.00201827 0.0256869
internal_weight=1027.23 236.844 82.2511 790.386 774.883 154.593 15.5029
internal_count=6272 1206 409 5066 4986 797 80
is_linear=0
shrinkage=0.05


Tree=119
num_leaves=7
num_cat=0
split_feature=1 1 1 0 0 1
split_gain=1.55197 2.39846 1.3355 0.561413 0.66001 0.304004
threshold=-0.99784747784285266 -0.99544618599074208 0.98717805421088245 0.038998216718191196 1.0000000180025095e-35 -0.99689672486320224
decision_type=2 2 2 2 2 2
left_child=3 5 -3 4 -1 -2
right_child=1 2 -4 -5 -6 -7
leaf_value=-0.022139170860430723 0.055385905223990867 -0.00087372415290535113 -0.0078819445111024261 -0.035294123826209778 0.0043798217777548734 0.025572792170873677
leaf_weight=6.256398491561411 1.7186057716608047 925.47133959829807 73.366732060909271 3.5676346719264975 3.7541272789239883 1.7017814591526976
leaf_count=55 20 5711 377 22 33 21
internal_value=-0.00147283 -0.00124536 -0.00138849 -0.0182636 -0.0121941 0.0405527
internal_weight=1015.84 1002.26 998.838 13.5782 10.0105 3.42039
internal_count=6239 6129 6088 110 88 41
is_linear=0
shrinkage=0.05


end of trees

feature_importances:
Column_1=415
Column_0=388

parameters:
[boosting: gbdt]
[objective: binary]
[metric: binary_logloss]
[tree_learner: serial]
[device_type: cpu]
[data_sample_strategy: bagging]
[data: ]
[valid: ]
[num_iterations: 120]
[learning_rate: 0.05]
[num_leaves: 31]
[num_threads: 2]
[seed: 42]
[deterministic: 0]
[force_col_wise: 0]
[force_row_wise: 0]
[histogram_pool_size: -1]
[max_depth: 3]
[min_data_in_leaf: 20]
[min_sum_hessian_in_leaf: 0.001]
[bagging_fraction: 0.8]
[pos_bagging_fraction: 1]
[neg_bagging_fraction: 1]
[bagging_freq: 1]
[bagging_seed: 400]
[bagging_by_query: 0]
[feature_fraction: 0.8]
[feature_fraction_bynode: 1]
[feature_fraction_seed: 30056]
[extra_trees: 0]
[extra_seed: 12879]
[early_stopping_round: 0]
[early_stopping_min_delta: 0]
[first_metric_only: 0]
[max_delta_step: 0]
[lambda_l1: 0]
[lambda_l2: 0]
[linear_lambda: 0]
[min_gain_to_split: 0]
[drop_rate: 0.1]
[max_drop: 50]
[skip_drop: 0.5]
[xgboost_dart_mode: 0]
[uniform_drop: 0]
[drop_seed: 17869]
[top_rate: 0.2]
[other_rate: 0.1]
[min_data_per_group: 100]
[max_cat_threshold: 32]
[cat_l2: 10]
[cat_smooth: 10]
[max_cat_to_onehot: 4]
[top_k: 20]
[monotone_constraints: ]
[monotone_constraints_method: basic]
[monotone_penalty: 0]
[feature_contri: ]
[forcedsplits_filename: ]
[refit_decay_rate: 0.9]
[cegb_tradeoff: 1]
[cegb_penalty_split: 0]
[cegb_penalty_feature_lazy: ]
[cegb_penalty_feature_coupled: ]
[path_smooth: 0]
[interaction_constraints: ]
[verbosity: -1]
[saved_feature_importance_type: 0]
[use_quantized_grad: 0]
[num_grad_quant_bins: 4]
[quant_train_renew_leaf: 0]
[stochastic_rounding: 1]
[linear_tree: 0]
[max_bin: 255]
[max_bin_by_feature: ]
[min_data_in_bin: 3]
[bin_construct_sample_cnt: 200000]
[data_random_seed: 175]
[is_enable_sparse: 1]
[enable_bundle: 1]
[use_missing: 1]
[zero_as_missing: 0]
[feature_pre_filter: 1]
[pre_partition: 0]
[two_round: 0]
[header: 0]
[label_column: ]
[weight_column: ]
[group_column: ]
[ignore_column: ]
[categorical_feature: ]
[forcedbins_filename: ]
[precise_float_parser: 0]
[parser_config_file: ]
[objective_seed: 16083]
[num_class: 1]
[is_unbalance: 0]
[scale_pos_weight: 1]
[sigmoid: 1]
[boost_from_average: 1]
[reg_sqrt: 0]
[alpha: 0.9]
[fair_c: 1]
[poisson_max_delta_step: 0.7]
[tweedie_variance_power: 1.5]
[lambdarank_truncation_level: 30]
[lambdarank_norm: 1]
[label_gain: ]
[lambdarank_position_bias_regularization: 0]
[eval_at: ]
[multi_error_top_k: 1]
[auc_mu_weights: ]
[num_machines: 1]
[local_listen_port: 12400]
[time_out: 120]
[machine_list_filename: ]
[machines: ]
[gpu_platform_id: -1]
[gpu_device_id: -1]
[gpu_device_id_list: ]
[gpu_use_dp: 0]
[num_gpu: 1]

end of parameters

pandas_categorical:null
